Customer_ID,Customer_Name,Age,Age_Group,Gender,Occupation,Annual_Income,Marital_Status,State,City,Customer_Segment,Registration_Date
CUST00001,Manoj Iyer,28,26-35,Male,IT Professional,688066,Married,Punjab,Jalandhar,Touring / Adventure,2021-09-26
CUST00002,Deepak Rao,33,26-35,Male,Student,549114,Married,Karnataka,Bengaluru,Daily Commuter,2021-09-22
CUST00003,Dev Kumar,41,36-45,Male,Engineer,904677,Married,Uttar Pradesh,Varanasi,Daily Commuter,2021-07-05
CUST00004,Amit Das,25,18-25,Male,IT Professional,1329105,Single,Andhra Pradesh,Guntur,First-time Buyer,2026-03-21
CUST00005,Karthik Chowdhury,22,18-25,Male,Government Employee,1244911,Single,Tamil Nadu,Chennai,Daily Commuter,2024-01-31
CUST00006,Rohan Iyer,34,26-35,Male,Defense Personnel,561618,Married,Andhra Pradesh,Tirupati,Daily Commuter,2023-08-12
CUST00007,Arjun Verma,28,26-35,Male,IT Professional,1797499,Married,Kerala,Thrissur,Touring / Adventure,2025-11-23
CUST00008,Sachin Verma,23,18-25,Male,Student,521900,Single,Haryana,Karnal,First-time Buyer,2020-09-05
CUST00009,Lokesh Joshi,40,36-45,Male,Healthcare Professional,1026884,Single,Kerala,Kochi,Enthusiast,2022-08-04
CUST00010,Pranav Reddy,35,26-35,Male,IT Professional,1939292,Married,Tamil Nadu,Coimbatore,Touring / Adventure,2024-10-15
CUST00011,Meera Pandey,34,26-35,Female,Engineer,1758114,Married,Gujarat,Bhavnagar,Premium Collector,2026-03-03
CUST00012,Vivek Joshi,32,26-35,Other,IT Professional,2205806,Married,Maharashtra,Nashik,Premium Collector,2025-01-27
CUST00013,Harish Sharma,18,18-25,Male,Banker / Finance,563775,Single,Delhi,New Delhi,First-time Buyer,2023-07-13
CUST00014,Sanjay Bhat,20,18-25,Male,Business Owner,3241738,Single,Maharashtra,Nashik,Enthusiast,2021-01-11
CUST00015,Rahul Agarwal,43,36-45,Male,Government Employee,649992,Married,Bihar,Muzaffarpur,Enthusiast,2026-06-18
CUST00016,Anand Mishra,42,36-45,Male,IT Professional,1968977,Single,Delhi,West Delhi,Touring / Adventure,2024-04-15
CUST00017,Amit Iyer,20,18-25,Male,Government Employee,1273934,Married,Maharashtra,Mumbai,Daily Commuter,2022-06-28
CUST00018,Harish Kumar,37,36-45,Male,Engineer,1050623,Married,Assam,Silchar,Daily Commuter,2021-06-18
CUST00019,Ramesh Bhat,21,18-25,Male,Government Employee,966414,Single,Haryana,Panipat,Daily Commuter,2023-08-17
CUST00020,Deepak Singh,32,26-35,Male,Government Employee,500765,Single,Gujarat,Rajkot,Premium Collector,2024-12-16
CUST00021,Naveen Verma,21,18-25,Male,IT Professional,1902336,Married,Karnataka,Mysuru,First-time Buyer,2021-03-31
CUST00022,Ramesh Sharma,29,26-35,Male,Defense Personnel,975458,Married,Telangana,Karimnagar,Touring / Adventure,2020-03-16
CUST00023,Amit Nair,26,26-35,Male,Engineer,517478,Married,Haryana,Panipat,Touring / Adventure,2024-01-15
CUST00024,Ananya Menon,54,46-60,Female,Engineer,1752222,Married,Kerala,Kollam,Enthusiast,2025-02-18
CUST00025,Aditya Verma,34,26-35,Male,IT Professional,1327250,Married,Gujarat,Bhavnagar,Touring / Adventure,2022-08-25
CUST00026,Vijay Nair,60,46-60,Other,Student,409135,Married,Assam,Dibrugarh,Touring / Adventure,2020-12-25
CUST00027,Rajesh Deshmukh,52,46-60,Male,Business Owner,3074293,Married,Punjab,Chandigarh,Touring / Adventure,2022-04-08
CUST00028,Ritu Shah,56,46-60,Female,Business Owner,3137654,Married,Punjab,Patiala,Premium Collector,2021-08-19
CUST00029,Vivek Deshmukh,24,18-25,Male,IT Professional,875871,Single,Haryana,Panipat,Daily Commuter,2022-08-03
CUST00030,Rajesh Mehta,18,18-25,Male,Healthcare Professional,2666136,Single,Bihar,Gaya,Premium Collector,2024-05-06
CUST00031,Karan Patel,52,46-60,Male,Student,408341,Single,Telangana,Hyderabad,Touring / Adventure,2020-09-27
CUST00032,Naveen Gowda,31,26-35,Male,Defense Personnel,1037460,Single,Uttar Pradesh,Varanasi,Touring / Adventure,2024-06-02
CUST00033,Amit Banerjee,43,36-45,Male,IT Professional,1727993,Married,Delhi,North Delhi,Touring / Adventure,2025-10-15
CUST00034,Anand Reddy,42,36-45,Male,Business Owner,1498295,Married,Assam,Guwahati,Touring / Adventure,2021-08-05
CUST00035,Naveen Gupta,19,18-25,Male,Business Owner,2691152,Single,Tamil Nadu,Coimbatore,Touring / Adventure,2022-04-07
CUST00036,Divya Nair,37,36-45,Female,Government Employee,628900,Married,Kerala,Thrissur,Touring / Adventure,2025-09-26
CUST00037,Manish Kulkarni,26,26-35,Male,Government Employee,764760,Married,Telangana,Karimnagar,Enthusiast,2020-07-29
CUST00038,Vikram Agarwal,47,46-60,Male,IT Professional,2205151,Married,Tamil Nadu,Coimbatore,Touring / Adventure,2025-08-04
CUST00039,Aarav Gowda,29,26-35,Male,Engineer,1760842,Married,West Bengal,Kolkata,First-time Buyer,2023-02-13
CUST00040,Rahul Verma,20,18-25,Male,Healthcare Professional,1951754,Single,Karnataka,Hubballi,First-time Buyer,2024-09-03
CUST00041,Manish Mehta,22,18-25,Other,Engineer,1714180,Single,Madhya Pradesh,Jabalpur,First-time Buyer,2023-05-10
CUST00042,Dinesh Gupta,24,18-25,Male,Government Employee,1025497,Single,Punjab,Ludhiana,Daily Commuter,2022-05-06
CUST00043,Dev Pillai,33,26-35,Male,Healthcare Professional,1789093,Married,Gujarat,Bhavnagar,Premium Collector,2026-04-23
CUST00044,Suresh Das,57,46-60,Male,IT Professional,650303,Married,Punjab,Patiala,Touring / Adventure,2022-04-29
CUST00045,Lokesh Deshmukh,18,18-25,Male,IT Professional,1190614,Single,Maharashtra,Pune,First-time Buyer,2025-09-06
CUST00046,Aarav Singh,31,26-35,Male,IT Professional,968320,Married,Kerala,Kozhikode,Premium Collector,2025-05-16
CUST00047,Anita Shetty,38,36-45,Female,Engineer,1202775,Married,Punjab,Ludhiana,Premium Collector,2020-08-17
CUST00048,Ritu Pillai,34,26-35,Female,Business Owner,2283087,Married,Gujarat,Surat,Premium Collector,2020-05-07
CUST00049,Dinesh Shetty,35,26-35,Male,Banker / Finance,1196512,Married,Odisha,Cuttack,Touring / Adventure,2023-01-17
CUST00050,Suresh Rao,33,26-35,Male,IT Professional,2246146,Married,Telangana,Hyderabad,Enthusiast,2024-12-22
CUST00051,Ramesh Banerjee,41,36-45,Male,Engineer,1186477,Married,Haryana,Faridabad,First-time Buyer,2025-10-15
CUST00052,Karan Reddy,18,18-25,Male,Business Owner,984675,Single,Karnataka,Hubballi,First-time Buyer,2020-07-07
CUST00053,Vikram Sharma,29,26-35,Male,Engineer,1425086,Married,Haryana,Panipat,Enthusiast,2023-01-25
CUST00054,Vijay Singh,34,26-35,Male,Student,560764,Married,West Bengal,Kolkata,Enthusiast,2023-06-29
CUST00055,Yash Bhat,46,46-60,Male,IT Professional,1404466,Married,Karnataka,Belagavi,Daily Commuter,2024-12-31
CUST00056,Vikram Iyer,34,26-35,Male,IT Professional,2282650,Single,Andhra Pradesh,Guntur,Premium Collector,2023-06-25
CUST00057,Prakash Das,29,26-35,Male,Business Owner,1569038,Married,Jharkhand,Ranchi,Touring / Adventure,2023-08-23
CUST00058,Aditya Gupta,41,36-45,Male,Business Owner,2262199,Married,Jharkhand,Dhanbad,Touring / Adventure,2024-07-19
CUST00059,Dev Iyer,30,26-35,Male,IT Professional,1111057,Married,Maharashtra,Nagpur,Daily Commuter,2023-10-27
CUST00060,Manoj Pandey,24,18-25,Male,Government Employee,1470537,Single,Andhra Pradesh,Guntur,First-time Buyer,2021-02-03
CUST00061,Meera Menon,45,36-45,Female,Business Owner,2873224,Married,Karnataka,Bengaluru,Premium Collector,2021-07-23
CUST00062,Radhika Pandey,28,26-35,Female,Government Employee,1387762,Married,Odisha,Cuttack,Daily Commuter,2023-06-01
CUST00063,Tanvi Shah,65,60+,Female,Business Owner,1335007,Single,Karnataka,Bengaluru,Daily Commuter,2026-02-26
CUST00064,Ananya Shah,23,18-25,Female,Defense Personnel,813420,Single,Uttar Pradesh,Varanasi,First-time Buyer,2024-11-17
CUST00065,Nikhil Das,44,36-45,Male,IT Professional,2005230,Married,Delhi,West Delhi,Premium Collector,2020-03-05
CUST00066,Suresh Mehta,37,36-45,Male,Banker / Finance,1817580,Single,Kerala,Kollam,Daily Commuter,2024-10-03
CUST00067,Naveen Kulkarni,23,18-25,Male,Engineer,996500,Single,Haryana,Panipat,First-time Buyer,2026-02-15
CUST00068,Amit Verma,55,46-60,Male,IT Professional,2131309,Single,Rajasthan,Jaipur,Touring / Adventure,2020-11-16
CUST00069,Deepak Rao,27,26-35,Male,IT Professional,1320468,Married,Delhi,West Delhi,Daily Commuter,2025-09-30
CUST00070,Nidhi Agarwal,32,26-35,Female,IT Professional,1853334,Single,Tamil Nadu,Salem,Daily Commuter,2025-04-22
CUST00071,Anand Mehta,22,18-25,Male,Engineer,1082691,Single,Rajasthan,Jaipur,First-time Buyer,2022-11-18
CUST00072,Ganesh Gowda,35,26-35,Male,IT Professional,2241079,Married,Rajasthan,Udaipur,Premium Collector,2025-11-30
CUST00073,Riya Gupta,38,36-45,Female,Business Owner,2407118,Married,Goa,Panaji,Touring / Adventure,2021-11-16
CUST00074,Abhishek Verma,27,26-35,Male,Business Owner,3033554,Married,Kerala,Thrissur,Touring / Adventure,2021-08-17
CUST00075,Manoj Sharma,56,46-60,Male,Government Employee,536020,Married,Telangana,Nizamabad,Touring / Adventure,2024-11-03
CUST00076,Sanjay Iyer,30,26-35,Male,Defense Personnel,1185478,Married,Kerala,Thiruvananthapuram,Daily Commuter,2022-01-06
CUST00077,Aarav Mehta,27,26-35,Male,Government Employee,1187183,Married,Karnataka,Mysuru,Daily Commuter,2020-05-19
CUST00078,Deepak Verma,21,18-25,Male,Government Employee,1238441,Single,Tamil Nadu,Salem,Enthusiast,2022-01-26
CUST00079,Sunita Patel,30,26-35,Female,Student,422452,Single,Andhra Pradesh,Tirupati,Daily Commuter,2020-10-30
CUST00080,Anand Kulkarni,24,18-25,Male,IT Professional,1020833,Single,Karnataka,Mangaluru,Daily Commuter,2021-03-20
CUST00081,Manoj Reddy,19,18-25,Male,Engineer,1025538,Single,Tamil Nadu,Chennai,Enthusiast,2021-09-01
CUST00082,Aarav Verma,57,46-60,Male,Engineer,1580836,Married,Rajasthan,Udaipur,Daily Commuter,2024-07-12
CUST00083,Divya Bhat,21,18-25,Female,Engineer,1252706,Single,Bihar,Muzaffarpur,First-time Buyer,2021-01-06
CUST00084,Yash Gupta,25,18-25,Male,Business Owner,1601125,Single,Kerala,Thrissur,Enthusiast,2024-01-11
CUST00085,Naveen Agarwal,36,36-45,Male,Government Employee,1475995,Married,Chhattisgarh,Raipur,Touring / Adventure,2025-08-08
CUST00086,Naveen Sharma,31,26-35,Male,IT Professional,1971222,Married,Tamil Nadu,Coimbatore,Premium Collector,2026-01-06
CUST00087,Rajesh Gupta,28,26-35,Male,Banker / Finance,646053,Married,Jharkhand,Dhanbad,Enthusiast,2020-07-23
CUST00088,Isha Chowdhury,20,18-25,Female,Government Employee,912574,Single,Telangana,Hyderabad,First-time Buyer,2024-07-04
CUST00089,Karan Iyer,21,18-25,Male,Business Owner,2541283,Single,Bihar,Gaya,Touring / Adventure,2024-12-01
CUST00090,Amit Kumar,19,18-25,Male,Engineer,513316,Single,Karnataka,Hubballi,Daily Commuter,2023-03-08
CUST00091,Ramesh Shah,29,26-35,Male,Business Owner,1532111,Married,Madhya Pradesh,Jabalpur,Touring / Adventure,2025-08-09
CUST00092,Deepak Shetty,22,18-25,Male,IT Professional,1711907,Married,Madhya Pradesh,Gwalior,Enthusiast,2026-01-19
CUST00093,Prakash Mishra,36,36-45,Male,Government Employee,1444915,Married,Tamil Nadu,Madurai,Touring / Adventure,2020-06-25
CUST00094,Ashok Menon,40,36-45,Male,Defense Personnel,445421,Married,Assam,Guwahati,Premium Collector,2021-12-21
CUST00095,Aditya Das,27,26-35,Male,Business Owner,1633623,Single,Andhra Pradesh,Tirupati,Enthusiast,2021-03-27
CUST00096,Dev Rao,24,18-25,Male,Government Employee,563957,Married,Telangana,Karimnagar,First-time Buyer,2025-02-06
CUST00097,Ashok Kumar,29,26-35,Male,IT Professional,1792578,Married,Punjab,Chandigarh,Enthusiast,2025-03-21
CUST00098,Manish Mishra,40,36-45,Male,Government Employee,806380,Married,Chhattisgarh,Bhilai,First-time Buyer,2020-12-20
CUST00099,Suresh Reddy,40,36-45,Male,IT Professional,1286389,Married,Delhi,New Delhi,First-time Buyer,2021-09-02
CUST00100,Ananya Deshmukh,18,18-25,Female,Engineer,1505100,Single,Haryana,Faridabad,First-time Buyer,2022-09-12
CUST00101,Aarav Shah,24,18-25,Male,Self-Employed / Freelancer,433407,Single,Chhattisgarh,Bilaspur,First-time Buyer,2025-02-24
CUST00102,Vaishnavi Pillai,43,36-45,Female,Business Owner,2353656,Married,Andhra Pradesh,Visakhapatnam,Enthusiast,2020-10-16
CUST00103,Yash Banerjee,30,26-35,Male,Government Employee,884417,Single,Haryana,Karnal,Touring / Adventure,2023-10-07
CUST00104,Anand Banerjee,26,26-35,Male,IT Professional,1368465,Married,Maharashtra,Thane,Touring / Adventure,2026-04-15
CUST00105,Rahul Kumar,44,36-45,Male,Defense Personnel,1313447,Single,Odisha,Rourkela,Touring / Adventure,2022-07-12
CUST00106,Sanjay Banerjee,30,26-35,Male,Engineer,1604533,Single,Punjab,Jalandhar,Touring / Adventure,2025-12-22
CUST00107,Pooja Gowda,23,18-25,Female,Business Owner,1549991,Single,Jharkhand,Jamshedpur,First-time Buyer,2023-02-04
CUST00108,Karthik Das,29,26-35,Male,Student,491933,Single,Punjab,Jalandhar,Daily Commuter,2024-12-23
CUST00109,Aditya Menon,36,36-45,Male,Engineer,1204385,Married,Kerala,Kozhikode,Touring / Adventure,2023-08-29
CUST00110,Naveen Chowdhury,22,18-25,Male,Business Owner,2831062,Single,Karnataka,Mysuru,Touring / Adventure,2020-07-12
CUST00111,Siddharth Chowdhury,35,26-35,Male,Self-Employed / Freelancer,721880,Married,West Bengal,Durgapur,Enthusiast,2023-07-20
CUST00112,Naveen Nair,28,26-35,Male,Self-Employed / Freelancer,710261,Married,Chhattisgarh,Raipur,Premium Collector,2025-12-25
CUST00113,Aditya Kulkarni,25,18-25,Male,Self-Employed / Freelancer,1545350,Married,Jharkhand,Ranchi,Daily Commuter,2023-04-25
CUST00114,Siddharth Mishra,43,36-45,Male,Banker / Finance,842391,Married,West Bengal,Durgapur,Daily Commuter,2024-07-03
CUST00115,Rajesh Chowdhury,27,26-35,Male,Government Employee,915869,Single,Rajasthan,Jaipur,Enthusiast,2020-12-08
CUST00116,Naveen Mehta,34,26-35,Male,Government Employee,567540,Single,Madhya Pradesh,Gwalior,Daily Commuter,2024-10-17
CUST00117,Ashok Sharma,41,36-45,Male,IT Professional,2126419,Single,Uttar Pradesh,Lucknow,Enthusiast,2023-03-28
CUST00118,Manoj Agarwal,24,18-25,Male,Business Owner,3003272,Married,Maharashtra,Pune,Enthusiast,2024-03-19
CUST00119,Lokesh Shetty,38,36-45,Male,Defense Personnel,543578,Married,Uttar Pradesh,Varanasi,Daily Commuter,2025-07-02
CUST00120,Vikram Pillai,22,18-25,Male,Healthcare Professional,1346023,Single,Punjab,Jalandhar,First-time Buyer,2023-03-24
CUST00121,Suresh Shah,26,26-35,Male,Self-Employed / Freelancer,1158664,Married,Tamil Nadu,Salem,Daily Commuter,2022-11-22
CUST00122,Ramesh Shah,19,18-25,Male,Business Owner,3239635,Single,Odisha,Cuttack,Touring / Adventure,2021-07-08
CUST00123,Anand Nair,32,26-35,Male,Government Employee,611117,Married,Kerala,Kollam,Touring / Adventure,2021-11-15
CUST00124,Vivek Mehta,30,26-35,Male,Healthcare Professional,754096,Married,Karnataka,Mysuru,Daily Commuter,2025-06-09
CUST00125,Manish Singh,44,36-45,Male,Engineer,1602373,Single,Chhattisgarh,Bhilai,Touring / Adventure,2021-04-11
CUST00126,Arjun Singh,26,26-35,Male,IT Professional,1526810,Single,Kerala,Kochi,Touring / Adventure,2023-11-02
CUST00127,Vikram Sharma,29,26-35,Male,Business Owner,1680136,Married,Haryana,Karnal,Daily Commuter,2021-04-02
CUST00128,Ramesh Mishra,39,36-45,Male,Engineer,624288,Married,Maharashtra,Nashik,Enthusiast,2023-05-20
CUST00129,Dev Pandey,19,18-25,Male,Business Owner,1180756,Single,Rajasthan,Jaipur,Enthusiast,2023-11-25
CUST00130,Vijay Mishra,45,36-45,Male,Defense Personnel,954527,Married,Kerala,Thiruvananthapuram,Premium Collector,2021-12-04
CUST00131,Lakshmi Sharma,29,26-35,Female,Government Employee,1372046,Married,Gujarat,Ahmedabad,Enthusiast,2023-12-24
CUST00132,Tanvi Reddy,21,18-25,Female,IT Professional,885028,Single,Madhya Pradesh,Gwalior,Daily Commuter,2026-04-01
CUST00133,Deepak Iyer,27,26-35,Male,Business Owner,2662085,Married,Punjab,Ludhiana,Premium Collector,2024-10-18
CUST00134,Arjun Pandey,31,26-35,Male,Business Owner,2992204,Married,Haryana,Karnal,Premium Collector,2024-06-05
CUST00135,Dev Agarwal,20,18-25,Male,Healthcare Professional,2395711,Single,Karnataka,Belagavi,Touring / Adventure,2023-02-14
CUST00136,Sanjay Mishra,56,46-60,Male,Self-Employed / Freelancer,1472513,Married,Tamil Nadu,Coimbatore,Enthusiast,2022-10-23
CUST00137,Rajesh Shetty,37,36-45,Male,Engineer,556096,Single,Uttar Pradesh,Varanasi,Touring / Adventure,2023-09-01
CUST00138,Dev Mishra,19,18-25,Male,Government Employee,1478129,Single,Chhattisgarh,Raipur,First-time Buyer,2026-01-23
CUST00139,Amit Deshmukh,32,26-35,Male,IT Professional,970921,Married,Bihar,Muzaffarpur,First-time Buyer,2021-11-03
CUST00140,Karan Menon,33,26-35,Male,Government Employee,1435280,Married,Tamil Nadu,Madurai,Daily Commuter,2024-05-22
CUST00141,Dinesh Gowda,30,26-35,Male,IT Professional,1368417,Married,Gujarat,Vadodara,Enthusiast,2023-10-29
CUST00142,Manoj Joshi,23,18-25,Male,Government Employee,628135,Married,Maharashtra,Pune,Enthusiast,2021-04-13
CUST00143,Aditya Bhat,26,26-35,Male,Banker / Finance,1109140,Married,Punjab,Jalandhar,Touring / Adventure,2023-07-20
CUST00144,Dinesh Iyer,33,26-35,Male,Engineer,1212065,Married,Bihar,Muzaffarpur,Daily Commuter,2024-11-20
CUST00145,Arjun Bhat,63,60+,Male,Business Owner,1747434,Married,Karnataka,Hubballi,Touring / Adventure,2026-06-26
CUST00146,Yash Nair,19,18-25,Male,Healthcare Professional,1966038,Single,Bihar,Muzaffarpur,First-time Buyer,2026-01-20
CUST00147,Lokesh Kulkarni,22,18-25,Male,IT Professional,2074993,Single,Kerala,Kollam,Touring / Adventure,2022-05-22
CUST00148,Prakash Nair,35,26-35,Male,IT Professional,915564,Single,Bihar,Muzaffarpur,First-time Buyer,2024-08-07
CUST00149,Arjun Shetty,32,26-35,Male,Business Owner,3321750,Married,Maharashtra,Aurangabad,Premium Collector,2022-02-25
CUST00150,Vikram Chowdhury,25,18-25,Male,Business Owner,922229,Single,Rajasthan,Jaipur,Daily Commuter,2021-12-21
CUST00151,Amit Agarwal,26,26-35,Male,Business Owner,1066680,Single,Punjab,Ludhiana,First-time Buyer,2021-01-04
CUST00152,Karan Rao,35,26-35,Male,Healthcare Professional,1756159,Married,Karnataka,Hubballi,Enthusiast,2021-05-15
CUST00153,Vivek Iyer,24,18-25,Male,IT Professional,1175767,Single,Maharashtra,Nashik,Enthusiast,2020-08-17
CUST00154,Ashok Shah,31,26-35,Male,Student,580538,Single,Telangana,Karimnagar,Daily Commuter,2024-02-15
CUST00155,Ananya Shetty,26,26-35,Female,Government Employee,1210962,Single,Punjab,Patiala,Daily Commuter,2022-08-26
CUST00156,Swati Sharma,30,26-35,Female,Healthcare Professional,1372041,Single,Odisha,Cuttack,First-time Buyer,2024-07-22
CUST00157,Sanjay Gupta,42,36-45,Male,Banker / Finance,760544,Single,Haryana,Gurugram,Daily Commuter,2023-12-12
CUST00158,Vivek Chowdhury,38,36-45,Male,IT Professional,1440248,Married,Chhattisgarh,Bilaspur,Daily Commuter,2020-12-02
CUST00159,Rohan Banerjee,35,26-35,Male,Banker / Finance,829990,Married,Andhra Pradesh,Tirupati,Touring / Adventure,2022-03-24
CUST00160,Ashok Patel,49,46-60,Male,Student,519635,Married,Bihar,Patna,Premium Collector,2025-03-09
CUST00161,Manish Verma,24,18-25,Male,Student,394596,Married,Punjab,Patiala,First-time Buyer,2025-11-23
CUST00162,Prakash Mehta,25,18-25,Male,Banker / Finance,1108267,Single,Rajasthan,Jodhpur,First-time Buyer,2024-11-01
CUST00163,Preeti Reddy,42,36-45,Female,IT Professional,1149033,Married,Madhya Pradesh,Indore,Premium Collector,2024-02-23
CUST00164,Prakash Gupta,59,46-60,Male,Business Owner,1690105,Married,Karnataka,Belagavi,Touring / Adventure,2022-11-15
CUST00165,Anand Verma,63,60+,Male,Student,560304,Married,Delhi,North Delhi,Enthusiast,2025-08-28
CUST00166,Vikram Kulkarni,23,18-25,Male,IT Professional,1633560,Married,Andhra Pradesh,Guntur,First-time Buyer,2023-07-23
CUST00167,Manoj Kumar,27,26-35,Male,Self-Employed / Freelancer,989301,Single,Uttar Pradesh,Noida,Daily Commuter,2022-12-14
CUST00168,Sachin Banerjee,38,36-45,Male,IT Professional,2388941,Single,Goa,Panaji,Premium Collector,2021-08-31
CUST00169,Nikhil Verma,30,26-35,Male,Self-Employed / Freelancer,1437903,Married,Gujarat,Bhavnagar,Premium Collector,2026-04-16
CUST00170,Suresh Singh,41,36-45,Male,IT Professional,952940,Single,Haryana,Panipat,Touring / Adventure,2022-05-19
CUST00171,Aarav Banerjee,32,26-35,Male,Banker / Finance,604446,Married,Punjab,Patiala,Daily Commuter,2021-03-10
CUST00172,Kavya Sharma,33,26-35,Female,IT Professional,691953,Married,Madhya Pradesh,Indore,Daily Commuter,2026-05-20
CUST00173,Anand Pandey,31,26-35,Male,Government Employee,644093,Married,Karnataka,Mangaluru,Enthusiast,2024-06-21
CUST00174,Rahul Patel,24,18-25,Male,Engineer,1406721,Single,Chhattisgarh,Bilaspur,Enthusiast,2021-06-21
CUST00175,Dev Joshi,33,26-35,Male,Engineer,1387243,Married,Karnataka,Belagavi,First-time Buyer,2022-02-02
CUST00176,Manoj Gupta,34,26-35,Male,Defense Personnel,1375875,Married,Odisha,Bhubaneswar,Enthusiast,2025-04-01
CUST00177,Ramesh Menon,28,26-35,Male,Business Owner,1000186,Married,Delhi,North Delhi,Daily Commuter,2025-09-22
CUST00178,Dev Chowdhury,40,36-45,Male,IT Professional,2152974,Married,Karnataka,Mangaluru,Touring / Adventure,2024-05-28
CUST00179,Lokesh Shah,45,36-45,Male,Engineer,1055901,Married,Kerala,Kollam,Enthusiast,2020-11-16
CUST00180,Sachin Mehta,32,26-35,Male,IT Professional,1975314,Married,Uttar Pradesh,Kanpur,First-time Buyer,2025-06-16
CUST00181,Ashok Shah,24,18-25,Male,IT Professional,633313,Single,Kerala,Thiruvananthapuram,Enthusiast,2022-05-07
CUST00182,Karthik Shetty,32,26-35,Male,Engineer,1494027,Married,West Bengal,Durgapur,Enthusiast,2021-09-16
CUST00183,Naveen Das,25,18-25,Male,Engineer,1321524,Single,Delhi,West Delhi,First-time Buyer,2024-11-03
CUST00184,Aishwarya Agarwal,26,26-35,Female,Defense Personnel,1380713,Married,Rajasthan,Udaipur,Enthusiast,2020-09-05
CUST00185,Manoj Pillai,37,36-45,Male,IT Professional,1905889,Single,Delhi,South Delhi,Daily Commuter,2024-11-21
CUST00186,Siddharth Agarwal,33,26-35,Male,Government Employee,1161255,Single,Andhra Pradesh,Guntur,Enthusiast,2023-04-16
CUST00187,Dinesh Deshmukh,33,26-35,Male,Defense Personnel,1099459,Married,Karnataka,Mangaluru,Enthusiast,2025-07-08
CUST00188,Lokesh Das,61,60+,Male,Business Owner,1893908,Married,Tamil Nadu,Madurai,Enthusiast,2025-08-24
CUST00189,Arjun Iyer,27,26-35,Male,Engineer,1213711,Single,Delhi,North Delhi,Touring / Adventure,2026-03-31
CUST00190,Karthik Shah,58,46-60,Male,Defense Personnel,511035,Single,Gujarat,Ahmedabad,First-time Buyer,2020-06-20
CUST00191,Manish Shetty,41,36-45,Male,Defense Personnel,922600,Single,Haryana,Faridabad,Enthusiast,2024-01-29
CUST00192,Karan Singh,21,18-25,Male,Healthcare Professional,2131600,Single,Gujarat,Rajkot,Premium Collector,2024-03-05
CUST00193,Lokesh Joshi,21,18-25,Male,Business Owner,2516767,Married,Kerala,Kochi,Touring / Adventure,2024-01-21
CUST00194,Pooja Kumar,34,26-35,Female,Self-Employed / Freelancer,744613,Married,Assam,Dibrugarh,Touring / Adventure,2021-09-10
CUST00195,Anita Shetty,42,36-45,Female,Defense Personnel,728933,Single,Delhi,West Delhi,First-time Buyer,2025-12-01
CUST00196,Karthik Shah,33,26-35,Male,Government Employee,1377242,Married,Uttar Pradesh,Kanpur,Touring / Adventure,2023-05-20
CUST00197,Yash Kulkarni,20,18-25,Male,Engineer,1593320,Single,Tamil Nadu,Madurai,First-time Buyer,2026-01-20
CUST00198,Rohan Mishra,44,36-45,Male,Business Owner,2928606,Married,Assam,Guwahati,Touring / Adventure,2021-05-25
CUST00199,Aarav Chowdhury,45,36-45,Male,IT Professional,1227471,Married,Maharashtra,Mumbai,Touring / Adventure,2024-03-26
CUST00200,Rohan Singh,34,26-35,Male,IT Professional,1492741,Single,Haryana,Karnal,Enthusiast,2024-10-06
CUST00201,Aishwarya Reddy,27,26-35,Female,Engineer,1327918,Single,Gujarat,Vadodara,Daily Commuter,2024-09-30
CUST00202,Sneha Das,28,26-35,Other,Engineer,1576227,Single,Punjab,Patiala,Touring / Adventure,2025-02-08
CUST00203,Manish Bhat,23,18-25,Male,Business Owner,2014630,Single,Gujarat,Surat,Premium Collector,2023-06-02
CUST00204,Vikram Menon,26,26-35,Other,Student,429996,Single,Madhya Pradesh,Bhopal,Enthusiast,2025-06-25
CUST00205,Abhishek Gupta,32,26-35,Male,Banker / Finance,1341267,Married,Jharkhand,Dhanbad,Touring / Adventure,2025-08-29
CUST00206,Naveen Mehta,28,26-35,Male,Business Owner,1776527,Single,Kerala,Kozhikode,Daily Commuter,2024-12-19
CUST00207,Deepak Patel,35,26-35,Male,IT Professional,1897516,Married,Assam,Guwahati,Premium Collector,2025-11-07
CUST00208,Ramesh Banerjee,27,26-35,Male,IT Professional,2339987,Married,Gujarat,Vadodara,Touring / Adventure,2025-12-25
CUST00209,Harish Pillai,18,18-25,Male,IT Professional,1707090,Single,Maharashtra,Nashik,First-time Buyer,2021-02-10
CUST00210,Siddharth Kumar,48,46-60,Male,Government Employee,573551,Married,Andhra Pradesh,Tirupati,Enthusiast,2020-08-27
CUST00211,Dev Iyer,50,46-60,Male,Banker / Finance,658796,Married,Maharashtra,Aurangabad,Daily Commuter,2025-08-28
CUST00212,Ganesh Nair,18,18-25,Male,IT Professional,1928632,Single,Tamil Nadu,Chennai,First-time Buyer,2021-02-19
CUST00213,Karan Menon,24,18-25,Male,Student,447859,Single,Gujarat,Rajkot,Daily Commuter,2026-01-10
CUST00214,Lakshmi Chowdhury,26,26-35,Female,Self-Employed / Freelancer,401138,Married,Maharashtra,Nagpur,Daily Commuter,2022-10-24
CUST00215,Swati Joshi,21,18-25,Female,Engineer,646664,Single,Assam,Dibrugarh,Daily Commuter,2021-07-26
CUST00216,Sanjay Deshmukh,44,36-45,Male,Student,516505,Married,Madhya Pradesh,Indore,Daily Commuter,2023-08-10
CUST00217,Prakash Gowda,26,26-35,Male,IT Professional,620087,Married,Punjab,Ludhiana,Touring / Adventure,2025-06-25
CUST00218,Deepak Pandey,34,26-35,Male,Business Owner,2378637,Single,Gujarat,Bhavnagar,Premium Collector,2020-02-04
CUST00219,Ashok Reddy,39,36-45,Male,Government Employee,1200405,Married,Bihar,Muzaffarpur,First-time Buyer,2022-06-24
CUST00220,Suresh Joshi,18,18-25,Male,IT Professional,2322020,Single,West Bengal,Durgapur,Enthusiast,2026-05-20
CUST00221,Manish Bhat,21,18-25,Male,IT Professional,736418,Single,Tamil Nadu,Salem,Enthusiast,2025-11-12
CUST00222,Sanjay Reddy,45,36-45,Male,IT Professional,1495723,Married,Assam,Guwahati,First-time Buyer,2023-08-16
CUST00223,Lokesh Nair,34,26-35,Male,IT Professional,2112508,Married,Rajasthan,Jaipur,Enthusiast,2025-12-20
CUST00224,Aarav Kulkarni,37,36-45,Male,Self-Employed / Freelancer,873176,Single,Karnataka,Belagavi,Premium Collector,2022-10-20
CUST00225,Yash Menon,36,36-45,Male,Government Employee,1151083,Single,West Bengal,Kolkata,Enthusiast,2022-09-03
CUST00226,Anita Iyer,45,36-45,Female,Government Employee,711779,Married,Karnataka,Bengaluru,Premium Collector,2024-03-25
CUST00227,Arjun Pandey,26,26-35,Male,Engineer,713547,Married,Maharashtra,Thane,Enthusiast,2024-04-11
CUST00228,Lokesh Rao,42,36-45,Male,Government Employee,1162227,Married,Andhra Pradesh,Vijayawada,Daily Commuter,2023-09-06
CUST00229,Dev Singh,55,46-60,Male,IT Professional,1667236,Married,Uttar Pradesh,Lucknow,Daily Commuter,2024-12-26
CUST00230,Karan Pandey,26,26-35,Male,Student,547754,Married,Gujarat,Vadodara,First-time Buyer,2021-08-19
CUST00231,Vikram Gowda,30,26-35,Male,Government Employee,570203,Married,Maharashtra,Thane,First-time Buyer,2024-09-24
CUST00232,Pranav Shetty,27,26-35,Male,Self-Employed / Freelancer,1094462,Single,Tamil Nadu,Salem,Premium Collector,2023-05-12
CUST00233,Manish Singh,26,26-35,Male,Government Employee,1428398,Married,Maharashtra,Aurangabad,Daily Commuter,2023-09-19
CUST00234,Dinesh Reddy,24,18-25,Male,IT Professional,841569,Single,Goa,Panaji,First-time Buyer,2024-01-14
CUST00235,Aditya Reddy,38,36-45,Male,Business Owner,3125762,Married,Telangana,Hyderabad,Premium Collector,2022-12-08
CUST00236,Ananya Mehta,32,26-35,Female,IT Professional,2297618,Married,Gujarat,Rajkot,Enthusiast,2024-11-11
CUST00237,Divya Singh,28,26-35,Female,Business Owner,3314691,Married,West Bengal,Kolkata,Enthusiast,2022-02-13
CUST00238,Ritu Pandey,39,36-45,Female,Healthcare Professional,2750975,Married,Haryana,Karnal,Touring / Adventure,2020-09-22
CUST00239,Dinesh Mishra,33,26-35,Male,Business Owner,2827094,Married,Rajasthan,Jodhpur,Touring / Adventure,2024-06-30
CUST00240,Amit Reddy,29,26-35,Male,Business Owner,2381600,Married,Bihar,Gaya,Premium Collector,2020-12-13
CUST00241,Deepak Menon,25,18-25,Male,Engineer,1205427,Single,Andhra Pradesh,Guntur,First-time Buyer,2024-02-14
CUST00242,Vivek Nair,26,26-35,Male,IT Professional,772844,Married,Assam,Silchar,Daily Commuter,2020-11-16
CUST00243,Rajesh Singh,19,18-25,Male,IT Professional,1290469,Single,Rajasthan,Jaipur,First-time Buyer,2021-07-18
CUST00244,Aishwarya Shah,40,36-45,Other,Business Owner,2501874,Single,Delhi,West Delhi,Touring / Adventure,2025-09-30
CUST00245,Kavya Kulkarni,29,26-35,Female,Healthcare Professional,2666031,Single,Andhra Pradesh,Guntur,Premium Collector,2020-12-17
CUST00246,Pranav Deshmukh,24,18-25,Male,IT Professional,869160,Single,Delhi,West Delhi,First-time Buyer,2023-12-23
CUST00247,Lokesh Deshmukh,24,18-25,Male,Healthcare Professional,1283573,Single,Jharkhand,Ranchi,Daily Commuter,2026-06-08
CUST00248,Swati Reddy,27,26-35,Female,Business Owner,2693876,Married,Bihar,Muzaffarpur,Premium Collector,2021-03-03
CUST00249,Nikhil Verma,49,46-60,Male,Business Owner,1663574,Married,Odisha,Bhubaneswar,Enthusiast,2020-08-23
CUST00250,Aarav Patel,23,18-25,Male,Business Owner,1088412,Single,Odisha,Rourkela,First-time Buyer,2022-04-22
CUST00251,Ramesh Patel,35,26-35,Male,IT Professional,899246,Married,Uttar Pradesh,Kanpur,Touring / Adventure,2022-10-08
CUST00252,Suresh Chowdhury,35,26-35,Male,Banker / Finance,1506944,Married,Bihar,Muzaffarpur,Daily Commuter,2021-12-18
CUST00253,Nikhil Gowda,33,26-35,Male,IT Professional,2065164,Single,Maharashtra,Aurangabad,Enthusiast,2021-10-08
CUST00254,Siddharth Mehta,19,18-25,Male,Business Owner,1241343,Single,Andhra Pradesh,Tirupati,First-time Buyer,2021-11-06
CUST00255,Vijay Verma,26,26-35,Male,Defense Personnel,1297343,Married,Madhya Pradesh,Jabalpur,Enthusiast,2021-04-14
CUST00256,Karan Iyer,33,26-35,Male,IT Professional,1517973,Married,Rajasthan,Jaipur,First-time Buyer,2021-11-29
CUST00257,Preeti Singh,20,18-25,Female,Government Employee,473510,Single,Gujarat,Surat,First-time Buyer,2021-12-29
CUST00258,Amit Mehta,33,26-35,Male,Defense Personnel,1340583,Married,Chhattisgarh,Bilaspur,Daily Commuter,2020-01-20
CUST00259,Dinesh Mishra,21,18-25,Male,IT Professional,658603,Married,Kerala,Kozhikode,Enthusiast,2020-09-15
CUST00260,Dev Pandey,20,18-25,Male,Business Owner,3157425,Single,Odisha,Rourkela,Enthusiast,2024-06-06
CUST00261,Isha Rao,21,18-25,Female,Government Employee,475126,Single,Tamil Nadu,Coimbatore,First-time Buyer,2023-02-14
CUST00262,Ashok Verma,29,26-35,Male,Self-Employed / Freelancer,1524454,Single,Tamil Nadu,Salem,Enthusiast,2021-01-23
CUST00263,Dinesh Mehta,56,46-60,Male,Government Employee,591586,Married,Gujarat,Vadodara,Daily Commuter,2025-09-24
CUST00264,Rajesh Banerjee,29,26-35,Male,Defense Personnel,1194029,Married,Haryana,Karnal,Enthusiast,2024-03-14
CUST00265,Pranav Kumar,65,60+,Male,Engineer,1189312,Married,Odisha,Cuttack,Touring / Adventure,2020-06-11
CUST00266,Lokesh Shetty,26,26-35,Male,IT Professional,713401,Single,West Bengal,Kolkata,First-time Buyer,2022-06-30
CUST00267,Dinesh Banerjee,23,18-25,Male,Engineer,903629,Single,Telangana,Karimnagar,Enthusiast,2021-05-29
CUST00268,Rahul Rao,43,36-45,Male,IT Professional,970012,Married,Bihar,Muzaffarpur,Daily Commuter,2025-01-10
CUST00269,Neha Nair,25,18-25,Female,Engineer,1559675,Single,Uttar Pradesh,Noida,Daily Commuter,2025-05-28
CUST00270,Dinesh Deshmukh,30,26-35,Male,IT Professional,1397861,Married,Tamil Nadu,Coimbatore,Daily Commuter,2026-04-21
CUST00271,Arjun Iyer,20,18-25,Male,Banker / Finance,1334875,Single,Uttar Pradesh,Lucknow,Enthusiast,2024-03-08
CUST00272,Vikram Shetty,32,26-35,Male,Engineer,907326,Single,Maharashtra,Nashik,Touring / Adventure,2023-11-28
CUST00273,Suresh Shetty,42,36-45,Male,IT Professional,672367,Single,Madhya Pradesh,Gwalior,Touring / Adventure,2020-04-25
CUST00274,Karthik Nair,28,26-35,Male,Government Employee,788537,Married,Karnataka,Hubballi,Touring / Adventure,2024-04-23
CUST00275,Deepak Banerjee,32,26-35,Male,Business Owner,3036408,Married,Uttar Pradesh,Varanasi,Touring / Adventure,2024-08-12
CUST00276,Deepak Singh,57,46-60,Male,Business Owner,2092266,Married,Gujarat,Rajkot,Enthusiast,2020-01-07
CUST00277,Lokesh Banerjee,30,26-35,Male,Defense Personnel,607639,Married,Assam,Silchar,Premium Collector,2025-01-19
CUST00278,Rahul Patel,26,26-35,Male,Banker / Finance,1407299,Married,Gujarat,Ahmedabad,First-time Buyer,2021-11-11
CUST00279,Deepak Kulkarni,30,26-35,Male,Engineer,711412,Married,Haryana,Panipat,Touring / Adventure,2020-01-30
CUST00280,Amit Singh,34,26-35,Male,Student,419687,Single,Punjab,Jalandhar,Touring / Adventure,2024-10-25
CUST00281,Yash Iyer,21,18-25,Male,Business Owner,2185190,Single,Andhra Pradesh,Visakhapatnam,Touring / Adventure,2024-07-03
CUST00282,Karan Sharma,34,26-35,Male,Government Employee,1446565,Married,Kerala,Thiruvananthapuram,Enthusiast,2023-08-12
CUST00283,Ashok Verma,33,26-35,Male,Government Employee,620643,Married,Punjab,Jalandhar,Premium Collector,2021-02-15
CUST00284,Siddharth Gowda,44,36-45,Male,Defense Personnel,433287,Married,Karnataka,Hubballi,Daily Commuter,2026-02-25
CUST00285,Pooja Patel,25,18-25,Female,IT Professional,2179685,Married,Karnataka,Hubballi,Premium Collector,2020-04-29
CUST00286,Vivek Kulkarni,56,46-60,Male,Government Employee,734701,Single,Rajasthan,Udaipur,Enthusiast,2023-09-25
CUST00287,Nidhi Mishra,31,26-35,Female,Healthcare Professional,2532752,Single,Delhi,New Delhi,Premium Collector,2023-04-06
CUST00288,Deepak Iyer,45,36-45,Male,Student,501235,Single,Chhattisgarh,Bilaspur,Enthusiast,2026-01-02
CUST00289,Dinesh Deshmukh,31,26-35,Male,IT Professional,619269,Married,Tamil Nadu,Coimbatore,Daily Commuter,2023-04-30
CUST00290,Aishwarya Mehta,45,36-45,Female,Healthcare Professional,844048,Married,Chhattisgarh,Bilaspur,Daily Commuter,2021-05-20
CUST00291,Ramesh Shetty,21,18-25,Male,Healthcare Professional,1340479,Single,Odisha,Rourkela,Enthusiast,2022-07-10
CUST00292,Anand Mishra,62,60+,Male,Engineer,1207600,Married,Punjab,Jalandhar,Premium Collector,2024-05-22
CUST00293,Siddharth Menon,34,26-35,Male,Healthcare Professional,927009,Single,Bihar,Muzaffarpur,Daily Commuter,2021-11-01
CUST00294,Naveen Shah,38,36-45,Male,IT Professional,1965745,Married,Maharashtra,Mumbai,Enthusiast,2021-08-27
CUST00295,Manoj Mehta,20,18-25,Male,IT Professional,1680945,Single,Uttar Pradesh,Noida,Enthusiast,2024-07-12
CUST00296,Ganesh Rao,57,46-60,Male,Government Employee,1237211,Single,Karnataka,Hubballi,Touring / Adventure,2024-04-14
CUST00297,Naveen Joshi,27,26-35,Male,Government Employee,921722,Married,Maharashtra,Mumbai,Premium Collector,2025-05-18
CUST00298,Dev Pandey,32,26-35,Male,IT Professional,1282054,Married,Telangana,Nizamabad,Enthusiast,2020-03-21
CUST00299,Suresh Gupta,29,26-35,Male,IT Professional,1537915,Single,Punjab,Patiala,Enthusiast,2026-06-13
CUST00300,Manish Gupta,26,26-35,Male,Student,394984,Married,Andhra Pradesh,Visakhapatnam,Enthusiast,2020-07-08
CUST00301,Deepika Pandey,34,26-35,Female,Business Owner,2276886,Married,Madhya Pradesh,Ujjain,Premium Collector,2021-02-09
CUST00302,Amit Rao,50,46-60,Male,Government Employee,903068,Married,Rajasthan,Jaipur,Enthusiast,2024-09-24
CUST00303,Sachin Nair,53,46-60,Male,Government Employee,750404,Married,Jharkhand,Jamshedpur,Touring / Adventure,2023-01-08
CUST00304,Sneha Shetty,31,26-35,Other,Business Owner,1443789,Married,Uttar Pradesh,Noida,Daily Commuter,2022-10-10
CUST00305,Ganesh Bhat,34,26-35,Male,Business Owner,2198873,Single,Telangana,Karimnagar,Enthusiast,2022-07-13
CUST00306,Dev Kulkarni,21,18-25,Male,Defense Personnel,721440,Single,Rajasthan,Udaipur,First-time Buyer,2023-11-30
CUST00307,Siddharth Bhat,22,18-25,Male,Student,452121,Single,Telangana,Nizamabad,Daily Commuter,2024-07-07
CUST00308,Karan Nair,18,18-25,Male,Engineer,1060715,Single,Bihar,Gaya,Daily Commuter,2022-10-17
CUST00309,Lokesh Shah,28,26-35,Male,Business Owner,2594176,Married,Bihar,Patna,Premium Collector,2020-12-22
CUST00310,Tanvi Mishra,47,46-60,Female,IT Professional,720400,Married,Karnataka,Mysuru,Touring / Adventure,2025-07-11
CUST00311,Aarav Deshmukh,33,26-35,Male,Business Owner,3384893,Married,Andhra Pradesh,Visakhapatnam,Touring / Adventure,2025-12-28
CUST00312,Rohan Agarwal,48,46-60,Male,IT Professional,1369761,Single,Madhya Pradesh,Ujjain,Daily Commuter,2020-07-27
CUST00313,Dinesh Patel,41,36-45,Male,Healthcare Professional,1194363,Married,Maharashtra,Nagpur,Daily Commuter,2022-05-22
CUST00314,Harish Reddy,36,36-45,Male,Healthcare Professional,941158,Married,Tamil Nadu,Coimbatore,Daily Commuter,2023-12-20
CUST00315,Abhishek Agarwal,32,26-35,Male,IT Professional,1709595,Married,Gujarat,Surat,Daily Commuter,2025-06-19
CUST00316,Sachin Rao,32,26-35,Male,IT Professional,2301930,Married,Goa,Panaji,Touring / Adventure,2024-12-04
CUST00317,Abhishek Agarwal,24,18-25,Male,Business Owner,1360695,Single,Jharkhand,Ranchi,Enthusiast,2021-10-18
CUST00318,Ramesh Mehta,27,26-35,Male,Government Employee,717248,Married,Uttar Pradesh,Kanpur,Daily Commuter,2024-05-11
CUST00319,Dev Pandey,18,18-25,Male,Government Employee,559135,Single,Kerala,Kozhikode,First-time Buyer,2020-02-02
CUST00320,Siddharth Menon,25,18-25,Male,Engineer,1023169,Single,West Bengal,Durgapur,Enthusiast,2022-10-10
CUST00321,Manoj Reddy,25,18-25,Male,Healthcare Professional,1323802,Single,Jharkhand,Dhanbad,First-time Buyer,2023-01-26
CUST00322,Karthik Deshmukh,35,26-35,Other,Engineer,985338,Married,Karnataka,Belagavi,Daily Commuter,2025-09-19
CUST00323,Anand Menon,41,36-45,Male,IT Professional,699732,Married,Andhra Pradesh,Visakhapatnam,Enthusiast,2023-08-10
CUST00324,Ramesh Nair,32,26-35,Male,Business Owner,1206374,Married,Chhattisgarh,Bhilai,Touring / Adventure,2021-06-17
CUST00325,Ashok Agarwal,29,26-35,Male,Banker / Finance,823647,Married,Punjab,Patiala,Enthusiast,2022-02-19
CUST00326,Naveen Singh,45,36-45,Male,Self-Employed / Freelancer,823622,Married,Gujarat,Surat,Enthusiast,2022-02-24
CUST00327,Sachin Mishra,56,46-60,Male,IT Professional,1478715,Married,Assam,Silchar,Touring / Adventure,2021-11-14
CUST00328,Karan Menon,36,36-45,Male,Business Owner,3033340,Single,Jharkhand,Jamshedpur,Premium Collector,2025-09-17
CUST00329,Dinesh Kulkarni,29,26-35,Male,Government Employee,468583,Single,Madhya Pradesh,Ujjain,Daily Commuter,2025-11-20
CUST00330,Rajesh Menon,22,18-25,Male,IT Professional,681979,Single,Rajasthan,Jaipur,Enthusiast,2023-01-12
CUST00331,Anita Shetty,29,26-35,Female,Government Employee,1224080,Married,Chhattisgarh,Bhilai,Daily Commuter,2021-07-01
CUST00332,Siddharth Iyer,18,18-25,Male,Self-Employed / Freelancer,1526985,Single,Gujarat,Vadodara,First-time Buyer,2024-04-13
CUST00333,Priya Shetty,21,18-25,Female,Government Employee,1279346,Single,Bihar,Patna,Daily Commuter,2024-11-12
CUST00334,Ramesh Gupta,25,18-25,Male,Engineer,878340,Single,Tamil Nadu,Chennai,First-time Buyer,2021-12-28
CUST00335,Pranav Gupta,49,46-60,Male,Self-Employed / Freelancer,610205,Single,Punjab,Chandigarh,Touring / Adventure,2020-02-18
CUST00336,Dinesh Kulkarni,18,18-25,Male,Defense Personnel,680658,Single,Delhi,West Delhi,Daily Commuter,2020-02-08
CUST00337,Isha Bhat,39,36-45,Female,Banker / Finance,892138,Married,Maharashtra,Nagpur,Enthusiast,2020-08-16
CUST00338,Sanjay Shetty,26,26-35,Male,Engineer,1370915,Married,Delhi,New Delhi,Enthusiast,2024-10-15
CUST00339,Abhishek Shetty,29,26-35,Male,Self-Employed / Freelancer,870857,Married,Karnataka,Mysuru,Daily Commuter,2023-09-28
CUST00340,Deepak Verma,28,26-35,Male,Government Employee,765034,Single,Bihar,Muzaffarpur,Touring / Adventure,2023-03-21
CUST00341,Dev Nair,40,36-45,Male,Banker / Finance,861726,Single,Telangana,Karimnagar,Daily Commuter,2024-05-18
CUST00342,Ramesh Gupta,19,18-25,Male,Business Owner,1334923,Single,Kerala,Thrissur,First-time Buyer,2025-07-17
CUST00343,Lokesh Gowda,28,26-35,Male,Engineer,1533060,Married,Bihar,Patna,Daily Commuter,2024-09-23
CUST00344,Rajesh Shah,62,60+,Male,IT Professional,1770996,Married,Punjab,Chandigarh,Premium Collector,2020-09-01
CUST00345,Sneha Mishra,48,46-60,Female,Banker / Finance,1058553,Married,Delhi,New Delhi,Enthusiast,2021-07-18
CUST00346,Karthik Kulkarni,32,26-35,Male,IT Professional,2356233,Married,Tamil Nadu,Madurai,Premium Collector,2024-02-05
CUST00347,Rohan Gupta,35,26-35,Male,IT Professional,1706142,Married,Bihar,Muzaffarpur,Daily Commuter,2023-10-13
CUST00348,Aarav Menon,28,26-35,Male,IT Professional,936275,Married,Karnataka,Belagavi,Touring / Adventure,2025-02-03
CUST00349,Sachin Pillai,29,26-35,Male,IT Professional,1391801,Single,Jharkhand,Dhanbad,Touring / Adventure,2024-06-28
CUST00350,Rajesh Kulkarni,45,36-45,Male,Engineer,1156806,Married,Uttar Pradesh,Kanpur,First-time Buyer,2021-11-06
CUST00351,Ashok Shetty,24,18-25,Male,Government Employee,1153535,Single,Karnataka,Mysuru,First-time Buyer,2021-03-12
CUST00352,Aarav Mishra,22,18-25,Male,IT Professional,1795634,Single,Tamil Nadu,Salem,Enthusiast,2025-06-04
CUST00353,Vivek Gupta,58,46-60,Male,Engineer,1159496,Single,Gujarat,Bhavnagar,Premium Collector,2021-02-02
CUST00354,Vijay Singh,26,26-35,Male,Banker / Finance,628450,Married,Gujarat,Surat,Touring / Adventure,2020-11-18
CUST00355,Divya Shah,62,60+,Female,Engineer,1776618,Married,Kerala,Kozhikode,Daily Commuter,2021-06-21
CUST00356,Ashok Gowda,62,60+,Male,Government Employee,769608,Married,Rajasthan,Jodhpur,Enthusiast,2020-03-02
CUST00357,Vikram Bhat,19,18-25,Male,Business Owner,1085891,Single,Madhya Pradesh,Gwalior,First-time Buyer,2020-10-18
CUST00358,Prakash Nair,56,46-60,Male,Self-Employed / Freelancer,1423953,Married,Karnataka,Mysuru,Daily Commuter,2021-06-12
CUST00359,Vijay Gowda,31,26-35,Male,Business Owner,978994,Married,Karnataka,Bengaluru,Touring / Adventure,2022-09-29
CUST00360,Aarav Kumar,30,26-35,Male,IT Professional,1414162,Single,Karnataka,Hubballi,Daily Commuter,2025-04-02
CUST00361,Prakash Singh,37,36-45,Male,IT Professional,1289377,Married,Kerala,Kozhikode,Premium Collector,2025-06-14
CUST00362,Ramesh Singh,54,46-60,Male,IT Professional,1047679,Married,Madhya Pradesh,Jabalpur,Premium Collector,2024-04-06
CUST00363,Ashok Pandey,39,36-45,Male,Student,529220,Married,Maharashtra,Nashik,Touring / Adventure,2020-12-08
CUST00364,Sanjay Kulkarni,30,26-35,Male,Government Employee,994100,Married,Assam,Guwahati,Enthusiast,2024-10-21
CUST00365,Vikram Patel,31,26-35,Male,Healthcare Professional,2532004,Married,Maharashtra,Mumbai,Premium Collector,2020-02-10
CUST00366,Pranav Gupta,41,36-45,Male,Student,480926,Single,West Bengal,Durgapur,Touring / Adventure,2024-07-22
CUST00367,Aarav Chowdhury,20,18-25,Male,Self-Employed / Freelancer,1281173,Single,Gujarat,Rajkot,Daily Commuter,2022-06-04
CUST00368,Pranav Mehta,41,36-45,Male,Engineer,761609,Married,Tamil Nadu,Coimbatore,Daily Commuter,2023-12-11
CUST00369,Manoj Banerjee,27,26-35,Male,Engineer,841116,Married,Uttar Pradesh,Varanasi,Daily Commuter,2024-11-26
CUST00370,Dev Gupta,19,18-25,Male,Defense Personnel,1054128,Married,Haryana,Faridabad,Daily Commuter,2025-08-23
CUST00371,Amit Mehta,32,26-35,Male,IT Professional,2395880,Married,Punjab,Patiala,Premium Collector,2025-03-15
CUST00372,Harish Sharma,44,36-45,Male,Business Owner,2539447,Married,Andhra Pradesh,Visakhapatnam,Enthusiast,2024-08-25
CUST00373,Aditya Kumar,23,18-25,Male,Engineer,1401816,Single,Assam,Dibrugarh,First-time Buyer,2024-05-30
CUST00374,Nidhi Deshmukh,32,26-35,Female,Engineer,708830,Married,Jharkhand,Dhanbad,Daily Commuter,2026-06-21
CUST00375,Sachin Bhat,20,18-25,Male,IT Professional,2214874,Single,Andhra Pradesh,Vijayawada,Touring / Adventure,2026-02-04
CUST00376,Divya Pillai,24,18-25,Female,Government Employee,915054,Single,Telangana,Nizamabad,Enthusiast,2024-03-28
CUST00377,Anand Nair,36,36-45,Male,IT Professional,1849681,Married,Telangana,Karimnagar,Daily Commuter,2022-01-09
CUST00378,Suresh Joshi,32,26-35,Male,Engineer,660039,Married,Uttar Pradesh,Lucknow,Daily Commuter,2023-07-08
CUST00379,Naveen Pandey,28,26-35,Male,Government Employee,515956,Married,Kerala,Kozhikode,Premium Collector,2025-06-05
CUST00380,Meera Bhat,57,46-60,Other,IT Professional,661981,Married,Kerala,Kochi,Daily Commuter,2021-09-16
CUST00381,Ashok Singh,21,18-25,Male,Government Employee,715458,Single,Maharashtra,Nagpur,First-time Buyer,2021-01-11
CUST00382,Siddharth Chowdhury,32,26-35,Male,IT Professional,2374265,Single,Rajasthan,Jaipur,Enthusiast,2021-02-25
CUST00383,Vikram Patel,33,26-35,Male,Defense Personnel,1255524,Married,Gujarat,Ahmedabad,Touring / Adventure,2024-10-24
CUST00384,Abhishek Joshi,60,46-60,Male,Business Owner,2518860,Married,Odisha,Bhubaneswar,Premium Collector,2020-05-02
CUST00385,Vivek Deshmukh,31,26-35,Male,Business Owner,2118911,Married,Odisha,Cuttack,Touring / Adventure,2023-09-09
CUST00386,Vivek Rao,32,26-35,Male,IT Professional,1183109,Married,Jharkhand,Jamshedpur,Touring / Adventure,2024-09-23
CUST00387,Manoj Iyer,29,26-35,Male,Self-Employed / Freelancer,1283398,Married,Madhya Pradesh,Indore,Enthusiast,2023-08-31
CUST00388,Rohan Pillai,65,60+,Male,Banker / Finance,1146358,Married,Uttar Pradesh,Kanpur,Enthusiast,2025-12-25
CUST00389,Anita Iyer,43,36-45,Female,Business Owner,2250492,Married,Maharashtra,Thane,Touring / Adventure,2025-07-15
CUST00390,Harish Menon,59,46-60,Male,IT Professional,1069792,Married,Delhi,West Delhi,Enthusiast,2023-08-15
CUST00391,Vaishnavi Deshmukh,37,36-45,Female,Engineer,510362,Single,Assam,Guwahati,Daily Commuter,2020-06-25
CUST00392,Vikram Gupta,31,26-35,Male,IT Professional,888910,Married,Punjab,Patiala,Enthusiast,2021-08-29
CUST00393,Lokesh Shetty,27,26-35,Male,Government Employee,1038338,Married,Maharashtra,Nagpur,Enthusiast,2022-12-16
CUST00394,Deepak Joshi,21,18-25,Male,IT Professional,1053268,Single,Kerala,Thrissur,First-time Buyer,2021-03-04
CUST00395,Vijay Iyer,22,18-25,Male,IT Professional,1362616,Single,Madhya Pradesh,Indore,Enthusiast,2025-10-04
CUST00396,Harish Reddy,48,46-60,Male,Engineer,714044,Married,Gujarat,Ahmedabad,Touring / Adventure,2022-09-12
CUST00397,Prakash Patel,26,26-35,Male,Business Owner,3108143,Married,Uttar Pradesh,Noida,Premium Collector,2024-06-13
CUST00398,Vijay Iyer,18,18-25,Male,Business Owner,2572464,Single,Kerala,Thiruvananthapuram,Touring / Adventure,2023-02-04
CUST00399,Suresh Banerjee,56,46-60,Male,IT Professional,711437,Single,Maharashtra,Mumbai,Daily Commuter,2020-09-26
CUST00400,Sanjay Rao,42,36-45,Male,Banker / Finance,1112596,Married,Gujarat,Rajkot,Touring / Adventure,2023-11-24
CUST00401,Siddharth Agarwal,27,26-35,Male,Business Owner,1800842,Married,Maharashtra,Pune,Enthusiast,2023-09-22
CUST00402,Kavya Sharma,46,46-60,Female,Banker / Finance,908036,Married,Delhi,West Delhi,Touring / Adventure,2025-04-24
CUST00403,Suresh Rao,27,26-35,Male,Self-Employed / Freelancer,878753,Married,Gujarat,Rajkot,Touring / Adventure,2021-01-19
CUST00404,Yash Chowdhury,31,26-35,Male,Engineer,1239511,Married,Jharkhand,Ranchi,First-time Buyer,2025-06-06
CUST00405,Aditya Kumar,24,18-25,Male,Engineer,1403286,Single,Karnataka,Hubballi,First-time Buyer,2024-03-27
CUST00406,Sanjay Shetty,38,36-45,Male,Business Owner,2550259,Single,Rajasthan,Jaipur,Premium Collector,2020-06-17
CUST00407,Yash Gowda,32,26-35,Male,Student,480790,Single,Telangana,Karimnagar,Daily Commuter,2021-09-07
CUST00408,Siddharth Gowda,43,36-45,Male,IT Professional,685884,Married,Punjab,Patiala,Enthusiast,2023-06-06
CUST00409,Abhishek Mehta,40,36-45,Male,Healthcare Professional,1350272,Single,Haryana,Panipat,Enthusiast,2022-03-16
CUST00410,Deepak Menon,21,18-25,Male,Government Employee,1260005,Single,Haryana,Faridabad,Enthusiast,2023-05-22
CUST00411,Nikhil Pillai,31,26-35,Male,Business Owner,1636860,Married,Haryana,Karnal,Daily Commuter,2025-03-03
CUST00412,Dinesh Pandey,27,26-35,Male,Engineer,1249855,Married,Karnataka,Belagavi,Daily Commuter,2024-08-07
CUST00413,Aditya Mishra,38,36-45,Male,Government Employee,1232470,Married,Chhattisgarh,Raipur,First-time Buyer,2023-04-16
CUST00414,Harish Kumar,26,26-35,Male,IT Professional,714699,Married,Gujarat,Ahmedabad,Daily Commuter,2021-02-02
CUST00415,Nidhi Das,26,26-35,Female,Defense Personnel,455595,Married,Kerala,Kochi,Enthusiast,2025-07-21
CUST00416,Karthik Menon,22,18-25,Male,IT Professional,1866240,Married,Kerala,Kochi,First-time Buyer,2022-04-16
CUST00417,Aditya Banerjee,32,26-35,Male,Engineer,885968,Single,Chhattisgarh,Raipur,Daily Commuter,2024-12-03
CUST00418,Preeti Singh,36,36-45,Female,Government Employee,808142,Married,Chhattisgarh,Raipur,Enthusiast,2025-05-21
CUST00419,Dev Pillai,31,26-35,Male,IT Professional,1474295,Single,Telangana,Karimnagar,Enthusiast,2025-02-15
CUST00420,Dinesh Sharma,53,46-60,Male,Business Owner,1384281,Married,Tamil Nadu,Coimbatore,Daily Commuter,2021-10-10
CUST00421,Vijay Reddy,23,18-25,Male,IT Professional,1975592,Single,Kerala,Kozhikode,First-time Buyer,2021-07-27
CUST00422,Vikram Kulkarni,33,26-35,Male,Engineer,1563214,Single,Odisha,Bhubaneswar,Daily Commuter,2023-08-20
CUST00423,Abhishek Pillai,24,18-25,Male,Government Employee,1497388,Married,Punjab,Jalandhar,First-time Buyer,2022-08-06
CUST00424,Vaishnavi Pandey,38,36-45,Female,Business Owner,1069986,Married,Maharashtra,Nashik,Enthusiast,2020-10-25
CUST00425,Ashok Gowda,28,26-35,Male,Self-Employed / Freelancer,1566998,Married,Maharashtra,Nashik,Daily Commuter,2023-03-17
CUST00426,Manish Deshmukh,21,18-25,Male,Healthcare Professional,721962,Single,Punjab,Ludhiana,Daily Commuter,2020-10-21
CUST00427,Suresh Reddy,35,26-35,Male,Banker / Finance,839141,Single,Goa,Panaji,Daily Commuter,2024-03-20
CUST00428,Nidhi Gupta,34,26-35,Female,IT Professional,1733590,Married,Delhi,New Delhi,First-time Buyer,2023-04-02
CUST00429,Priya Kulkarni,27,26-35,Female,IT Professional,1685820,Single,Assam,Silchar,Daily Commuter,2020-08-20
CUST00430,Ganesh Pillai,30,26-35,Male,IT Professional,2203767,Married,Odisha,Rourkela,Touring / Adventure,2023-09-12
CUST00431,Shreya Verma,58,46-60,Female,Defense Personnel,1202762,Single,Delhi,South Delhi,Premium Collector,2024-08-31
CUST00432,Deepak Bhat,25,18-25,Male,Engineer,972373,Single,Uttar Pradesh,Noida,First-time Buyer,2022-07-21
CUST00433,Anand Sharma,34,26-35,Male,Defense Personnel,979334,Married,Kerala,Thrissur,Touring / Adventure,2021-05-27
CUST00434,Manoj Bhat,65,60+,Male,Business Owner,1612208,Married,Karnataka,Bengaluru,Enthusiast,2021-01-11
CUST00435,Rajesh Deshmukh,18,18-25,Male,IT Professional,978731,Single,Odisha,Cuttack,First-time Buyer,2022-09-27
CUST00436,Karan Gowda,24,18-25,Other,Student,403965,Single,Gujarat,Bhavnagar,Enthusiast,2022-06-21
CUST00437,Vikram Joshi,29,26-35,Male,Engineer,718896,Married,Punjab,Ludhiana,Touring / Adventure,2025-06-14
CUST00438,Rahul Kumar,30,26-35,Male,Healthcare Professional,1295428,Married,Maharashtra,Aurangabad,Touring / Adventure,2025-02-01
CUST00439,Ananya Das,30,26-35,Female,Student,365655,Married,Kerala,Thrissur,Daily Commuter,2024-04-16
CUST00440,Amit Rao,32,26-35,Male,Government Employee,515653,Married,Delhi,South Delhi,Premium Collector,2023-10-09
CUST00441,Priya Pandey,26,26-35,Female,Business Owner,1039572,Single,Chhattisgarh,Bhilai,Daily Commuter,2023-03-23
CUST00442,Lakshmi Chowdhury,35,26-35,Female,Student,472508,Single,Maharashtra,Aurangabad,Enthusiast,2020-03-03
CUST00443,Sanjay Gupta,34,26-35,Male,Government Employee,1208529,Married,Maharashtra,Nashik,Touring / Adventure,2020-02-20
CUST00444,Vivek Nair,20,18-25,Male,IT Professional,1352298,Single,Maharashtra,Thane,First-time Buyer,2020-08-27
CUST00445,Deepak Nair,43,36-45,Male,Business Owner,2875882,Married,Karnataka,Mangaluru,Premium Collector,2020-07-22
CUST00446,Amit Patel,41,36-45,Male,IT Professional,2098519,Single,Maharashtra,Nashik,Premium Collector,2023-12-18
CUST00447,Amit Gowda,31,26-35,Male,Engineer,996980,Married,Maharashtra,Mumbai,Daily Commuter,2024-08-30
CUST00448,Manoj Menon,26,26-35,Male,Business Owner,2371671,Married,Uttar Pradesh,Ghaziabad,Touring / Adventure,2021-10-18
CUST00449,Siddharth Kumar,27,26-35,Male,Healthcare Professional,2143061,Single,Uttar Pradesh,Varanasi,Enthusiast,2020-05-13
CUST00450,Karthik Kulkarni,65,60+,Male,Government Employee,1326777,Married,Punjab,Patiala,First-time Buyer,2025-12-01
CUST00451,Ramesh Mehta,31,26-35,Male,IT Professional,1109761,Single,Madhya Pradesh,Gwalior,Enthusiast,2023-07-13
CUST00452,Ganesh Shah,33,26-35,Male,Engineer,1259791,Married,Bihar,Patna,Daily Commuter,2024-09-11
CUST00453,Karan Bhat,32,26-35,Male,Healthcare Professional,2132655,Married,Haryana,Karnal,Touring / Adventure,2025-08-30
CUST00454,Nidhi Das,21,18-25,Female,Business Owner,3126071,Single,Punjab,Jalandhar,Touring / Adventure,2021-06-01
CUST00455,Tanvi Sharma,54,46-60,Female,Banker / Finance,1293163,Married,Maharashtra,Thane,Enthusiast,2023-04-16
CUST00456,Yash Pillai,57,46-60,Male,Banker / Finance,1872950,Married,Uttar Pradesh,Noida,Daily Commuter,2025-05-08
CUST00457,Nikhil Agarwal,28,26-35,Male,Government Employee,1245606,Married,Karnataka,Mangaluru,Daily Commuter,2023-02-18
CUST00458,Isha Rao,33,26-35,Female,Engineer,1565831,Single,Karnataka,Belagavi,Daily Commuter,2024-04-22
CUST00459,Nikhil Kumar,29,26-35,Male,Government Employee,658596,Married,Gujarat,Rajkot,Enthusiast,2023-01-26
CUST00460,Rajesh Patel,58,46-60,Male,Government Employee,745704,Married,Chhattisgarh,Bhilai,First-time Buyer,2021-11-22
CUST00461,Amit Bhat,26,26-35,Male,Business Owner,3195640,Married,Goa,Panaji,Touring / Adventure,2025-02-01
CUST00462,Ganesh Shah,19,18-25,Male,IT Professional,1183958,Single,West Bengal,Durgapur,Enthusiast,2020-11-19
CUST00463,Rajesh Agarwal,31,26-35,Male,Government Employee,605374,Married,Odisha,Cuttack,First-time Buyer,2020-06-06
CUST00464,Vivek Reddy,26,26-35,Male,Student,526514,Married,Punjab,Jalandhar,Enthusiast,2022-02-05
CUST00465,Siddharth Kumar,21,18-25,Male,IT Professional,1769659,Single,Karnataka,Mangaluru,First-time Buyer,2022-12-13
CUST00466,Rohan Shetty,44,36-45,Male,Healthcare Professional,1925222,Married,Rajasthan,Udaipur,Touring / Adventure,2024-05-25
CUST00467,Ramesh Menon,29,26-35,Male,Engineer,1018827,Married,West Bengal,Durgapur,Enthusiast,2023-07-30
CUST00468,Abhishek Shah,28,26-35,Male,Government Employee,510738,Married,Assam,Silchar,Enthusiast,2024-08-02
CUST00469,Vivek Nair,32,26-35,Male,Business Owner,1029148,Married,Delhi,New Delhi,Daily Commuter,2020-07-05
CUST00470,Lokesh Rao,58,46-60,Male,Government Employee,1141397,Married,Chhattisgarh,Raipur,Enthusiast,2020-03-27
CUST00471,Deepak Mishra,31,26-35,Male,Business Owner,1632316,Single,Telangana,Nizamabad,Daily Commuter,2022-07-28
CUST00472,Manish Joshi,54,46-60,Male,IT Professional,642002,Single,Odisha,Bhubaneswar,Enthusiast,2024-06-17
CUST00473,Amit Patel,22,18-25,Male,Defense Personnel,1252487,Single,Uttar Pradesh,Kanpur,First-time Buyer,2023-01-10
CUST00474,Divya Gupta,26,26-35,Female,IT Professional,2143238,Married,Assam,Dibrugarh,Premium Collector,2023-07-02
CUST00475,Manoj Banerjee,18,18-25,Male,Student,501047,Single,Uttar Pradesh,Ghaziabad,First-time Buyer,2022-06-29
CUST00476,Lakshmi Nair,30,26-35,Female,Self-Employed / Freelancer,1225533,Single,Chhattisgarh,Raipur,Touring / Adventure,2025-01-26
CUST00477,Aditya Kulkarni,21,18-25,Male,Business Owner,1403020,Single,Haryana,Karnal,First-time Buyer,2021-11-24
CUST00478,Suresh Pillai,38,36-45,Male,Engineer,1688328,Single,Karnataka,Bengaluru,Touring / Adventure,2022-10-29
CUST00479,Yash Kumar,45,36-45,Male,Business Owner,1677549,Single,Rajasthan,Udaipur,Daily Commuter,2023-07-06
CUST00480,Pooja Iyer,54,46-60,Female,Business Owner,1125077,Married,Delhi,West Delhi,Enthusiast,2021-05-12
CUST00481,Naveen Singh,32,26-35,Male,Defense Personnel,973660,Married,Delhi,West Delhi,Daily Commuter,2024-11-18
CUST00482,Tanvi Mehta,34,26-35,Other,IT Professional,1208586,Married,Odisha,Rourkela,First-time Buyer,2024-02-29
CUST00483,Sachin Das,25,18-25,Male,Defense Personnel,896889,Single,Uttar Pradesh,Lucknow,First-time Buyer,2025-04-11
CUST00484,Aarav Menon,29,26-35,Male,IT Professional,1582922,Married,Maharashtra,Pune,Daily Commuter,2026-04-09
CUST00485,Sneha Shetty,29,26-35,Female,Business Owner,3419346,Single,Maharashtra,Nashik,Touring / Adventure,2022-04-09
CUST00486,Karthik Singh,21,18-25,Male,Healthcare Professional,2306194,Single,Rajasthan,Jaipur,Enthusiast,2025-04-23
CUST00487,Aarav Pandey,21,18-25,Male,IT Professional,600517,Single,Assam,Guwahati,First-time Buyer,2024-12-05
CUST00488,Ramesh Iyer,34,26-35,Male,Defense Personnel,1140551,Married,Chhattisgarh,Bilaspur,First-time Buyer,2023-07-22
CUST00489,Rahul Patel,28,26-35,Male,Healthcare Professional,1204322,Married,Uttar Pradesh,Noida,Touring / Adventure,2021-12-30
CUST00490,Ashok Chowdhury,39,36-45,Male,Student,400065,Married,Karnataka,Mangaluru,Premium Collector,2020-02-13
CUST00491,Ashok Banerjee,21,18-25,Male,Business Owner,1864347,Single,Delhi,West Delhi,Daily Commuter,2020-05-17
CUST00492,Ramesh Kulkarni,56,46-60,Male,Healthcare Professional,2674717,Single,Tamil Nadu,Coimbatore,Touring / Adventure,2025-04-23
CUST00493,Dev Verma,45,36-45,Male,IT Professional,2384557,Married,Uttar Pradesh,Lucknow,Enthusiast,2021-05-04
CUST00494,Anand Iyer,34,26-35,Male,Defense Personnel,748824,Single,Odisha,Cuttack,First-time Buyer,2021-11-24
CUST00495,Nidhi Agarwal,34,26-35,Female,Government Employee,578940,Married,Assam,Silchar,Enthusiast,2022-12-28
CUST00496,Naveen Verma,35,26-35,Male,Government Employee,456762,Married,Maharashtra,Thane,Daily Commuter,2023-10-30
CUST00497,Deepak Pillai,25,18-25,Male,IT Professional,1265848,Single,Tamil Nadu,Chennai,Daily Commuter,2020-02-12
CUST00498,Ashok Chowdhury,40,36-45,Male,Defense Personnel,725569,Married,Karnataka,Mysuru,Enthusiast,2021-07-29
CUST00499,Lokesh Rao,30,26-35,Male,Engineer,693802,Married,Gujarat,Vadodara,Daily Commuter,2025-11-12
CUST00500,Manish Verma,62,60+,Male,Engineer,1105424,Married,Assam,Silchar,Touring / Adventure,2023-01-06
CUST00501,Rahul Nair,33,26-35,Male,Government Employee,1446587,Married,Andhra Pradesh,Tirupati,Daily Commuter,2024-03-27
CUST00502,Amit Iyer,31,26-35,Male,Business Owner,1220301,Married,Gujarat,Bhavnagar,Daily Commuter,2025-03-27
CUST00503,Aditya Chowdhury,45,36-45,Male,Engineer,1010842,Married,Bihar,Gaya,Touring / Adventure,2025-05-30
CUST00504,Vikram Verma,37,36-45,Male,Student,455054,Married,Tamil Nadu,Madurai,Daily Commuter,2023-05-16
CUST00505,Sunita Banerjee,38,36-45,Female,IT Professional,789579,Married,Telangana,Karimnagar,First-time Buyer,2025-02-21
CUST00506,Prakash Sharma,20,18-25,Male,IT Professional,1026397,Single,West Bengal,Kolkata,First-time Buyer,2026-03-24
CUST00507,Sneha Sharma,28,26-35,Female,Business Owner,1691255,Single,Uttar Pradesh,Varanasi,First-time Buyer,2022-09-21
CUST00508,Dev Kulkarni,38,36-45,Male,Healthcare Professional,2480869,Married,Telangana,Nizamabad,Premium Collector,2025-06-23
CUST00509,Aditya Rao,29,26-35,Male,IT Professional,1856550,Single,Jharkhand,Jamshedpur,Touring / Adventure,2021-07-19
CUST00510,Amit Reddy,32,26-35,Male,Business Owner,1995226,Married,Maharashtra,Nagpur,Enthusiast,2024-09-23
CUST00511,Harish Mehta,33,26-35,Male,Business Owner,851273,Married,Jharkhand,Dhanbad,Touring / Adventure,2024-04-21
CUST00512,Aarav Das,32,26-35,Male,Government Employee,1394284,Married,Punjab,Jalandhar,Touring / Adventure,2025-12-31
CUST00513,Isha Pandey,44,36-45,Female,IT Professional,614589,Married,Haryana,Gurugram,Enthusiast,2025-02-06
CUST00514,Prakash Menon,18,18-25,Male,Government Employee,1224470,Single,Kerala,Kozhikode,Daily Commuter,2020-04-06
CUST00515,Nikhil Menon,32,26-35,Male,IT Professional,834216,Married,Madhya Pradesh,Jabalpur,Daily Commuter,2024-06-10
CUST00516,Deepak Bhat,28,26-35,Male,Business Owner,2721120,Married,West Bengal,Kolkata,Enthusiast,2025-11-14
CUST00517,Amit Gupta,48,46-60,Male,Government Employee,662069,Married,Haryana,Karnal,Daily Commuter,2023-05-21
CUST00518,Aditya Patel,27,26-35,Male,Self-Employed / Freelancer,1478019,Married,West Bengal,Kolkata,Touring / Adventure,2020-07-19
CUST00519,Ramesh Reddy,30,26-35,Male,Government Employee,830130,Married,Haryana,Panipat,Enthusiast,2022-04-28
CUST00520,Lokesh Mehta,40,36-45,Male,Government Employee,653733,Married,Tamil Nadu,Chennai,Touring / Adventure,2022-06-24
CUST00521,Siddharth Agarwal,35,26-35,Male,Business Owner,3138983,Married,Kerala,Kozhikode,Premium Collector,2024-12-25
CUST00522,Suresh Reddy,32,26-35,Male,Engineer,664854,Married,Maharashtra,Thane,Premium Collector,2020-12-06
CUST00523,Ashok Menon,22,18-25,Male,Government Employee,799667,Single,Tamil Nadu,Salem,First-time Buyer,2020-04-05
CUST00524,Siddharth Bhat,25,18-25,Male,Government Employee,708985,Single,Madhya Pradesh,Bhopal,First-time Buyer,2021-03-29
CUST00525,Nikhil Patel,34,26-35,Male,Government Employee,1119837,Single,Gujarat,Ahmedabad,Touring / Adventure,2023-07-25
CUST00526,Harish Rao,24,18-25,Male,Banker / Finance,1388974,Single,Telangana,Nizamabad,Enthusiast,2025-03-15
CUST00527,Dev Kulkarni,32,26-35,Male,IT Professional,1900067,Married,Haryana,Karnal,Touring / Adventure,2024-08-01
CUST00528,Riya Gowda,28,26-35,Female,Student,355955,Single,Kerala,Thrissur,Touring / Adventure,2022-03-01
CUST00529,Meera Chowdhury,29,26-35,Female,Business Owner,929561,Married,Andhra Pradesh,Guntur,Daily Commuter,2024-12-22
CUST00530,Meera Chowdhury,19,18-25,Female,Defense Personnel,473234,Single,Madhya Pradesh,Jabalpur,Daily Commuter,2024-07-22
CUST00531,Aishwarya Kulkarni,19,18-25,Female,Defense Personnel,1078522,Married,Andhra Pradesh,Vijayawada,First-time Buyer,2020-09-01
CUST00532,Harish Agarwal,31,26-35,Male,Engineer,760166,Married,Haryana,Gurugram,Touring / Adventure,2021-04-02
CUST00533,Ashok Deshmukh,23,18-25,Male,IT Professional,1946446,Single,Tamil Nadu,Coimbatore,Enthusiast,2025-07-06
CUST00534,Sachin Iyer,33,26-35,Male,Engineer,1746606,Married,Punjab,Chandigarh,Enthusiast,2023-03-27
CUST00535,Ashok Pillai,30,26-35,Male,Business Owner,2644916,Married,Gujarat,Surat,Touring / Adventure,2021-06-10
CUST00536,Siddharth Kulkarni,29,26-35,Male,IT Professional,625305,Married,Madhya Pradesh,Ujjain,Touring / Adventure,2025-10-17
CUST00537,Manish Joshi,35,26-35,Male,Banker / Finance,1567634,Married,Odisha,Bhubaneswar,Daily Commuter,2025-06-05
CUST00538,Ananya Mehta,19,18-25,Female,Business Owner,1301602,Single,Gujarat,Bhavnagar,First-time Buyer,2026-05-21
CUST00539,Ananya Agarwal,29,26-35,Female,IT Professional,1291043,Married,Haryana,Panipat,Touring / Adventure,2025-12-30
CUST00540,Lakshmi Gupta,18,18-25,Female,Healthcare Professional,1466234,Single,West Bengal,Kolkata,First-time Buyer,2025-02-11
CUST00541,Sanjay Bhat,57,46-60,Male,IT Professional,1234935,Married,Bihar,Patna,Enthusiast,2025-05-08
CUST00542,Anand Iyer,19,18-25,Male,IT Professional,1737429,Single,Rajasthan,Udaipur,First-time Buyer,2020-02-09
CUST00543,Ganesh Agarwal,45,36-45,Male,Self-Employed / Freelancer,927953,Single,Haryana,Panipat,Daily Commuter,2021-12-24
CUST00544,Ramesh Banerjee,22,18-25,Male,Business Owner,3154113,Single,Goa,Panaji,Premium Collector,2022-01-16
CUST00545,Vivek Banerjee,38,36-45,Male,Government Employee,648323,Single,Goa,Panaji,Daily Commuter,2026-01-15
CUST00546,Neha Mishra,29,26-35,Female,Defense Personnel,894797,Married,Bihar,Muzaffarpur,Premium Collector,2022-05-11
CUST00547,Karthik Iyer,42,36-45,Male,Government Employee,779531,Married,Kerala,Kochi,Premium Collector,2024-09-03
CUST00548,Sanjay Rao,33,26-35,Male,Defense Personnel,1269512,Single,Madhya Pradesh,Indore,Daily Commuter,2026-04-26
CUST00549,Lokesh Sharma,51,46-60,Male,Defense Personnel,420425,Single,Telangana,Hyderabad,Enthusiast,2022-11-14
CUST00550,Ashok Sharma,32,26-35,Male,IT Professional,1050845,Married,Goa,Panaji,First-time Buyer,2021-03-13
CUST00551,Manish Iyer,35,26-35,Male,Banker / Finance,1571399,Married,Uttar Pradesh,Varanasi,Enthusiast,2020-08-17
CUST00552,Sanjay Bhat,23,18-25,Male,Defense Personnel,740310,Married,Punjab,Ludhiana,Enthusiast,2021-09-08
CUST00553,Pranav Bhat,33,26-35,Male,Government Employee,1061150,Married,Punjab,Chandigarh,Touring / Adventure,2020-10-05
CUST00554,Sunita Shah,23,18-25,Female,Engineer,1466375,Single,Telangana,Hyderabad,Daily Commuter,2022-11-26
CUST00555,Aditya Kumar,42,36-45,Male,Healthcare Professional,952859,Single,Madhya Pradesh,Ujjain,Daily Commuter,2026-05-06
CUST00556,Amit Banerjee,34,26-35,Male,IT Professional,758445,Married,Maharashtra,Thane,Touring / Adventure,2025-12-18
CUST00557,Vijay Gupta,39,36-45,Male,Engineer,1080627,Married,Gujarat,Surat,Touring / Adventure,2020-10-26
CUST00558,Yash Chowdhury,24,18-25,Male,Healthcare Professional,779153,Single,Andhra Pradesh,Tirupati,First-time Buyer,2022-11-26
CUST00559,Nidhi Mehta,43,36-45,Female,Engineer,1243745,Single,Maharashtra,Mumbai,Enthusiast,2021-08-30
CUST00560,Nikhil Singh,45,36-45,Male,Engineer,645263,Married,Odisha,Cuttack,Premium Collector,2022-05-05
CUST00561,Manish Deshmukh,22,18-25,Male,Banker / Finance,1471993,Single,Uttar Pradesh,Varanasi,First-time Buyer,2022-05-04
CUST00562,Naveen Chowdhury,29,26-35,Male,IT Professional,967204,Married,Gujarat,Vadodara,Touring / Adventure,2021-05-13
CUST00563,Rahul Singh,35,26-35,Male,IT Professional,790402,Single,Madhya Pradesh,Gwalior,Daily Commuter,2025-09-14
CUST00564,Prakash Sharma,32,26-35,Male,Student,569292,Married,Bihar,Muzaffarpur,Enthusiast,2020-12-11
CUST00565,Dinesh Das,41,36-45,Male,IT Professional,619448,Married,Gujarat,Surat,Enthusiast,2025-04-08
CUST00566,Anand Gowda,41,36-45,Male,Business Owner,1532482,Single,Gujarat,Surat,Touring / Adventure,2022-01-13
CUST00567,Ganesh Pandey,26,26-35,Male,Business Owner,1912251,Married,Andhra Pradesh,Vijayawada,Touring / Adventure,2023-09-20
CUST00568,Ramesh Verma,36,36-45,Male,Defense Personnel,577985,Married,Delhi,West Delhi,Daily Commuter,2022-07-01
CUST00569,Arjun Singh,33,26-35,Male,Healthcare Professional,703026,Married,Punjab,Jalandhar,First-time Buyer,2022-11-18
CUST00570,Ashok Gowda,19,18-25,Male,IT Professional,872226,Single,Telangana,Karimnagar,First-time Buyer,2020-12-02
CUST00571,Harish Menon,39,36-45,Male,Business Owner,2738394,Married,Kerala,Kochi,Touring / Adventure,2022-12-28
CUST00572,Karan Iyer,38,36-45,Male,Healthcare Professional,901403,Single,Kerala,Kollam,Enthusiast,2020-05-19
CUST00573,Pooja Patel,31,26-35,Female,Business Owner,3437013,Single,Maharashtra,Mumbai,Touring / Adventure,2022-05-29
CUST00574,Sachin Bhat,56,46-60,Male,Business Owner,1581480,Married,Rajasthan,Udaipur,Touring / Adventure,2025-02-12
CUST00575,Yash Mishra,52,46-60,Male,IT Professional,1076315,Single,West Bengal,Durgapur,Enthusiast,2023-04-26
CUST00576,Abhishek Menon,25,18-25,Male,Healthcare Professional,1517377,Single,Delhi,New Delhi,Daily Commuter,2022-03-24
CUST00577,Abhishek Banerjee,44,36-45,Male,Business Owner,1766466,Married,Odisha,Bhubaneswar,Enthusiast,2021-10-12
CUST00578,Manish Shetty,44,36-45,Male,Business Owner,2481382,Married,Kerala,Kochi,Enthusiast,2025-05-05
CUST00579,Karan Agarwal,26,26-35,Male,IT Professional,2138178,Married,Maharashtra,Pune,Premium Collector,2024-08-07
CUST00580,Ramesh Patel,32,26-35,Male,IT Professional,2349714,Married,Delhi,New Delhi,Enthusiast,2023-02-05
CUST00581,Harish Singh,43,36-45,Male,IT Professional,845979,Married,Odisha,Bhubaneswar,Enthusiast,2025-04-13
CUST00582,Naveen Menon,19,18-25,Male,Self-Employed / Freelancer,1115919,Married,Delhi,North Delhi,First-time Buyer,2022-11-12
CUST00583,Prakash Deshmukh,20,18-25,Male,Self-Employed / Freelancer,1160321,Single,Rajasthan,Jodhpur,Enthusiast,2024-11-06
CUST00584,Dev Mishra,30,26-35,Male,Government Employee,976907,Single,Haryana,Karnal,Enthusiast,2025-06-11
CUST00585,Suresh Rao,30,26-35,Male,Healthcare Professional,2276313,Married,Uttar Pradesh,Varanasi,Premium Collector,2021-03-17
CUST00586,Dev Pillai,27,26-35,Male,Banker / Finance,1434640,Single,Delhi,North Delhi,Daily Commuter,2024-12-08
CUST00587,Nidhi Banerjee,18,18-25,Female,IT Professional,1922298,Married,Haryana,Faridabad,First-time Buyer,2024-08-15
CUST00588,Prakash Nair,31,26-35,Male,IT Professional,1560924,Married,Haryana,Gurugram,Touring / Adventure,2021-10-19
CUST00589,Vivek Agarwal,38,36-45,Male,Business Owner,3385380,Married,Bihar,Patna,Premium Collector,2023-06-06
CUST00590,Deepak Shetty,45,36-45,Male,IT Professional,2395111,Married,Delhi,South Delhi,Premium Collector,2024-11-28
CUST00591,Meera Patel,26,26-35,Female,Engineer,1675422,Married,Maharashtra,Thane,Daily Commuter,2024-06-18
CUST00592,Arjun Reddy,45,36-45,Male,IT Professional,1313375,Married,Assam,Dibrugarh,Enthusiast,2024-04-26
CUST00593,Siddharth Gowda,19,18-25,Male,IT Professional,1174175,Single,Delhi,New Delhi,Enthusiast,2022-06-15
CUST00594,Rajesh Chowdhury,50,46-60,Male,Healthcare Professional,2726995,Single,Uttar Pradesh,Lucknow,Touring / Adventure,2026-05-15
CUST00595,Nikhil Banerjee,42,36-45,Male,Self-Employed / Freelancer,952719,Married,Madhya Pradesh,Gwalior,Premium Collector,2022-08-19
CUST00596,Abhishek Gupta,31,26-35,Male,IT Professional,2244625,Single,Punjab,Jalandhar,Touring / Adventure,2021-03-05
CUST00597,Rajesh Agarwal,34,26-35,Male,IT Professional,1897730,Married,Uttar Pradesh,Noida,Enthusiast,2021-12-02
CUST00598,Naveen Bhat,18,18-25,Male,Business Owner,1958006,Single,Andhra Pradesh,Vijayawada,Daily Commuter,2025-07-03
CUST00599,Karan Kulkarni,33,26-35,Male,Engineer,1565258,Single,Telangana,Karimnagar,Touring / Adventure,2023-07-12
CUST00600,Preeti Verma,35,26-35,Female,Engineer,838076,Single,West Bengal,Kolkata,Premium Collector,2022-01-04
CUST00601,Ananya Shetty,47,46-60,Female,Engineer,1312543,Single,Uttar Pradesh,Varanasi,Touring / Adventure,2021-07-21
CUST00602,Meera Singh,38,36-45,Female,Engineer,887063,Married,Telangana,Hyderabad,Enthusiast,2020-11-30
CUST00603,Dev Banerjee,22,18-25,Male,Business Owner,1506795,Single,Odisha,Bhubaneswar,First-time Buyer,2023-08-31
CUST00604,Aditya Pandey,27,26-35,Male,Engineer,1224037,Married,Gujarat,Surat,Touring / Adventure,2026-06-09
CUST00605,Naveen Shah,20,18-25,Male,IT Professional,1727407,Married,Punjab,Patiala,Enthusiast,2023-06-30
CUST00606,Isha Joshi,35,26-35,Female,Government Employee,1157572,Single,Chhattisgarh,Bhilai,First-time Buyer,2025-01-08
CUST00607,Shreya Bhat,19,18-25,Female,Healthcare Professional,1489955,Single,Delhi,North Delhi,First-time Buyer,2025-05-21
CUST00608,Dev Banerjee,44,36-45,Male,Engineer,1645844,Married,Karnataka,Mysuru,Daily Commuter,2025-01-08
CUST00609,Siddharth Shetty,32,26-35,Male,Engineer,1174264,Married,Kerala,Thrissur,Daily Commuter,2023-03-22
CUST00610,Anand Banerjee,37,36-45,Male,Engineer,863559,Married,Assam,Guwahati,Daily Commuter,2020-07-12
CUST00611,Swati Reddy,36,36-45,Female,Engineer,873901,Married,Delhi,North Delhi,Premium Collector,2021-02-08
CUST00612,Nikhil Rao,27,26-35,Male,Government Employee,544862,Single,Odisha,Rourkela,Premium Collector,2021-04-21
CUST00613,Ananya Rao,28,26-35,Female,Healthcare Professional,887723,Married,West Bengal,Kolkata,Touring / Adventure,2022-11-23
CUST00614,Tanvi Mehta,29,26-35,Female,Business Owner,1966380,Single,Kerala,Thiruvananthapuram,First-time Buyer,2025-06-22
CUST00615,Aarav Shetty,24,18-25,Male,IT Professional,933287,Married,Rajasthan,Udaipur,First-time Buyer,2026-01-08
CUST00616,Sachin Mehta,44,36-45,Male,Business Owner,1300802,Married,Telangana,Hyderabad,Premium Collector,2026-03-22
CUST00617,Neha Kumar,18,18-25,Female,Healthcare Professional,1473758,Single,Maharashtra,Pune,First-time Buyer,2024-02-28
CUST00618,Karthik Chowdhury,39,36-45,Male,IT Professional,629802,Single,Kerala,Kozhikode,First-time Buyer,2022-10-24
CUST00619,Sneha Chowdhury,52,46-60,Female,Engineer,972353,Married,Kerala,Thiruvananthapuram,Daily Commuter,2024-12-02
CUST00620,Naveen Gupta,21,18-25,Male,Engineer,1165958,Single,Maharashtra,Pune,First-time Buyer,2025-12-28
CUST00621,Manish Agarwal,31,26-35,Male,IT Professional,607174,Married,Kerala,Thrissur,Touring / Adventure,2021-05-05
CUST00622,Radhika Verma,26,26-35,Female,Business Owner,3383897,Married,Maharashtra,Aurangabad,Touring / Adventure,2022-10-21
CUST00623,Prakash Das,20,18-25,Male,Business Owner,1531290,Married,Kerala,Thrissur,Enthusiast,2021-10-18
CUST00624,Aditya Deshmukh,36,36-45,Male,Engineer,976023,Single,Jharkhand,Dhanbad,First-time Buyer,2023-12-16
CUST00625,Harish Deshmukh,33,26-35,Male,Business Owner,2473036,Married,Odisha,Bhubaneswar,Premium Collector,2022-06-07
CUST00626,Pranav Agarwal,33,26-35,Male,Business Owner,2447646,Married,Gujarat,Ahmedabad,Touring / Adventure,2025-01-26
CUST00627,Lokesh Verma,29,26-35,Male,Student,463189,Married,Goa,Panaji,Enthusiast,2022-04-25
CUST00628,Nikhil Nair,20,18-25,Male,Business Owner,1830534,Married,Jharkhand,Dhanbad,Daily Commuter,2025-06-16
CUST00629,Amit Mehta,46,46-60,Male,Banker / Finance,1245223,Single,Odisha,Cuttack,Premium Collector,2024-01-01
CUST00630,Karthik Reddy,27,26-35,Male,Healthcare Professional,2692660,Married,Karnataka,Mangaluru,Premium Collector,2021-02-19
CUST00631,Manish Kumar,32,26-35,Male,Engineer,1484754,Married,Rajasthan,Jaipur,Touring / Adventure,2022-10-18
CUST00632,Shreya Kumar,27,26-35,Female,Engineer,541846,Married,Madhya Pradesh,Gwalior,Premium Collector,2026-05-31
CUST00633,Aditya Das,23,18-25,Male,IT Professional,1229364,Single,Gujarat,Surat,First-time Buyer,2022-03-18
CUST00634,Riya Menon,19,18-25,Female,Banker / Finance,1426061,Married,Madhya Pradesh,Gwalior,Enthusiast,2022-02-25
CUST00635,Aditya Das,36,36-45,Male,Business Owner,2615922,Married,Haryana,Panipat,Touring / Adventure,2025-02-19
CUST00636,Yash Bhat,18,18-25,Male,Business Owner,2771830,Single,Madhya Pradesh,Jabalpur,Touring / Adventure,2023-01-12
CUST00637,Yash Joshi,41,36-45,Male,Engineer,1525151,Married,Haryana,Karnal,Premium Collector,2020-12-13
CUST00638,Vivek Banerjee,19,18-25,Male,IT Professional,736229,Single,Maharashtra,Aurangabad,Daily Commuter,2020-11-04
CUST00639,Aarav Agarwal,35,26-35,Male,Banker / Finance,1516290,Married,Jharkhand,Ranchi,Touring / Adventure,2021-03-09
CUST00640,Anand Shah,37,36-45,Male,IT Professional,1508002,Single,Bihar,Patna,Enthusiast,2020-11-21
CUST00641,Pranav Das,33,26-35,Male,Defense Personnel,1020559,Single,Karnataka,Bengaluru,Daily Commuter,2025-09-10
CUST00642,Nikhil Reddy,28,26-35,Male,Defense Personnel,479460,Married,Andhra Pradesh,Tirupati,Touring / Adventure,2022-07-21
CUST00643,Siddharth Gowda,34,26-35,Male,Business Owner,1809865,Married,Maharashtra,Nashik,Daily Commuter,2021-10-22
CUST00644,Arjun Das,23,18-25,Male,Defense Personnel,1150895,Single,Karnataka,Hubballi,First-time Buyer,2024-01-20
CUST00645,Arjun Pillai,31,26-35,Male,Business Owner,2851381,Married,Kerala,Thiruvananthapuram,Premium Collector,2021-11-29
CUST00646,Abhishek Deshmukh,33,26-35,Male,Banker / Finance,1498282,Married,Kerala,Thrissur,Daily Commuter,2020-04-10
CUST00647,Riya Kulkarni,41,36-45,Female,Government Employee,812345,Married,Kerala,Kollam,Enthusiast,2020-03-08
CUST00648,Karthik Nair,23,18-25,Male,Healthcare Professional,1864630,Single,Rajasthan,Udaipur,Daily Commuter,2025-08-06
CUST00649,Manish Das,37,36-45,Male,Government Employee,746700,Married,Rajasthan,Jodhpur,First-time Buyer,2024-09-01
CUST00650,Vikram Shetty,31,26-35,Male,IT Professional,871430,Married,Kerala,Kozhikode,Touring / Adventure,2021-06-08
CUST00651,Ramesh Gupta,18,18-25,Male,Business Owner,1779111,Married,Odisha,Cuttack,Daily Commuter,2025-05-04
CUST00652,Yash Pillai,51,46-60,Male,IT Professional,1843264,Married,West Bengal,Kolkata,Daily Commuter,2025-04-08
CUST00653,Riya Banerjee,19,18-25,Female,Engineer,1763743,Married,Haryana,Panipat,First-time Buyer,2024-05-14
CUST00654,Sanjay Shah,20,18-25,Male,IT Professional,1346940,Single,Maharashtra,Nagpur,Daily Commuter,2023-01-22
CUST00655,Aishwarya Iyer,29,26-35,Female,IT Professional,1008825,Married,Assam,Silchar,Daily Commuter,2024-03-20
CUST00656,Aarav Menon,22,18-25,Male,Government Employee,1333788,Single,Andhra Pradesh,Guntur,Daily Commuter,2021-08-27
CUST00657,Dinesh Bhat,20,18-25,Male,Business Owner,1957415,Single,Tamil Nadu,Coimbatore,First-time Buyer,2021-06-10
CUST00658,Aditya Singh,18,18-25,Male,Healthcare Professional,2272985,Single,Uttar Pradesh,Noida,Touring / Adventure,2024-06-08
CUST00659,Amit Shetty,22,18-25,Male,Engineer,776544,Single,Maharashtra,Pune,First-time Buyer,2021-02-22
CUST00660,Rohan Gupta,31,26-35,Male,IT Professional,1440034,Married,Odisha,Bhubaneswar,Daily Commuter,2024-06-09
CUST00661,Deepak Reddy,25,18-25,Male,IT Professional,2033449,Single,Assam,Guwahati,Touring / Adventure,2022-07-12
CUST00662,Amit Rao,28,26-35,Male,Defense Personnel,1102821,Married,Madhya Pradesh,Ujjain,Touring / Adventure,2025-07-09
CUST00663,Lokesh Bhat,19,18-25,Male,Government Employee,464999,Single,Haryana,Karnal,Daily Commuter,2024-02-16
CUST00664,Manish Kulkarni,28,26-35,Male,Engineer,1571392,Married,Telangana,Hyderabad,Touring / Adventure,2022-11-15
CUST00665,Vivek Nair,27,26-35,Male,Student,526120,Married,Uttar Pradesh,Kanpur,Enthusiast,2021-04-06
CUST00666,Dev Agarwal,45,36-45,Male,Government Employee,1086214,Married,Assam,Guwahati,Touring / Adventure,2022-07-30
CUST00667,Sachin Reddy,36,36-45,Male,IT Professional,2109828,Married,Andhra Pradesh,Tirupati,Touring / Adventure,2024-05-19
CUST00668,Manish Das,25,18-25,Male,IT Professional,600567,Married,Assam,Guwahati,Enthusiast,2023-01-28
CUST00669,Ritu Chowdhury,35,26-35,Female,Government Employee,1337442,Single,Bihar,Gaya,Enthusiast,2024-09-06
CUST00670,Vikram Mishra,27,26-35,Male,Student,559861,Single,Punjab,Patiala,Premium Collector,2020-05-04
CUST00671,Aishwarya Patel,27,26-35,Female,Banker / Finance,1719046,Married,Tamil Nadu,Chennai,Touring / Adventure,2025-05-18
CUST00672,Karthik Reddy,32,26-35,Male,Healthcare Professional,2429832,Married,Delhi,West Delhi,Touring / Adventure,2020-06-29
CUST00673,Sanjay Shah,22,18-25,Male,Business Owner,1588821,Single,Madhya Pradesh,Indore,Enthusiast,2020-06-29
CUST00674,Tanvi Bhat,25,18-25,Female,Business Owner,2781704,Single,Bihar,Gaya,Touring / Adventure,2024-02-29
CUST00675,Karthik Iyer,32,26-35,Male,Self-Employed / Freelancer,1013311,Married,Rajasthan,Jodhpur,Touring / Adventure,2024-07-28
CUST00676,Manoj Gupta,28,26-35,Male,Engineer,1630809,Single,Gujarat,Rajkot,First-time Buyer,2023-11-07
CUST00677,Karthik Gowda,23,18-25,Male,Healthcare Professional,1563241,Single,Assam,Dibrugarh,First-time Buyer,2024-09-12
CUST00678,Deepika Bhat,34,26-35,Female,Engineer,845404,Single,Jharkhand,Ranchi,Daily Commuter,2023-08-26
CUST00679,Ashok Bhat,34,26-35,Male,Business Owner,1246385,Married,Tamil Nadu,Coimbatore,Enthusiast,2022-02-10
CUST00680,Vijay Pandey,33,26-35,Male,Business Owner,2503390,Married,Odisha,Rourkela,Touring / Adventure,2021-01-30
CUST00681,Neha Sharma,18,18-25,Female,Defense Personnel,474801,Single,Madhya Pradesh,Indore,Enthusiast,2024-09-24
CUST00682,Shreya Kulkarni,35,26-35,Female,Business Owner,3397355,Married,Maharashtra,Nagpur,Touring / Adventure,2020-06-20
CUST00683,Amit Das,36,36-45,Male,Business Owner,3060802,Single,Karnataka,Belagavi,Touring / Adventure,2023-12-08
CUST00684,Shreya Das,32,26-35,Female,Engineer,673989,Married,Haryana,Faridabad,Daily Commuter,2023-10-13
CUST00685,Ramesh Verma,23,18-25,Male,Business Owner,843175,Single,Andhra Pradesh,Vijayawada,Enthusiast,2024-12-25
CUST00686,Nikhil Chowdhury,35,26-35,Male,IT Professional,1828220,Married,Kerala,Kochi,Daily Commuter,2025-01-24
CUST00687,Manish Verma,35,26-35,Male,Student,370138,Married,Rajasthan,Udaipur,Enthusiast,2024-05-05
CUST00688,Nikhil Mishra,26,26-35,Male,Government Employee,1484632,Married,Goa,Panaji,First-time Buyer,2021-04-20
CUST00689,Karan Kumar,18,18-25,Male,Engineer,1272356,Single,Gujarat,Ahmedabad,First-time Buyer,2020-05-17
CUST00690,Manoj Gupta,27,26-35,Male,Engineer,1010094,Single,Punjab,Chandigarh,Enthusiast,2021-10-25
CUST00691,Nikhil Mehta,33,26-35,Male,IT Professional,2256746,Married,Gujarat,Vadodara,Touring / Adventure,2026-04-11
CUST00692,Pranav Kumar,22,18-25,Male,Healthcare Professional,1172918,Single,Haryana,Panipat,Daily Commuter,2020-02-06
CUST00693,Karan Iyer,33,26-35,Male,IT Professional,961586,Married,Chhattisgarh,Raipur,First-time Buyer,2020-10-17
CUST00694,Karan Banerjee,27,26-35,Male,IT Professional,2180023,Married,Madhya Pradesh,Gwalior,Enthusiast,2022-12-11
CUST00695,Manoj Verma,32,26-35,Male,Government Employee,921274,Single,Jharkhand,Dhanbad,Daily Commuter,2025-09-18
CUST00696,Radhika Mishra,29,26-35,Female,IT Professional,1857917,Married,Maharashtra,Pune,Touring / Adventure,2021-08-19
CUST00697,Amit Joshi,32,26-35,Male,Engineer,1185952,Single,Punjab,Jalandhar,Daily Commuter,2024-04-30
CUST00698,Karan Das,27,26-35,Male,Government Employee,977628,Married,Haryana,Panipat,First-time Buyer,2025-10-04
CUST00699,Vivek Rao,31,26-35,Male,Business Owner,1906919,Married,Kerala,Thiruvananthapuram,Touring / Adventure,2021-07-24
CUST00700,Siddharth Reddy,44,36-45,Male,Government Employee,813678,Married,Uttar Pradesh,Ghaziabad,Touring / Adventure,2022-04-22
CUST00701,Yash Patel,39,36-45,Male,Student,470344,Married,Telangana,Karimnagar,Daily Commuter,2020-10-22
CUST00702,Dinesh Bhat,49,46-60,Male,Engineer,1654784,Married,Rajasthan,Jaipur,Daily Commuter,2024-09-18
CUST00703,Anand Deshmukh,35,26-35,Male,IT Professional,979804,Married,Assam,Guwahati,Enthusiast,2020-10-14
CUST00704,Sanjay Kumar,19,18-25,Male,IT Professional,1909377,Single,Karnataka,Mysuru,First-time Buyer,2022-08-02
CUST00705,Sanjay Bhat,29,26-35,Male,Defense Personnel,580189,Single,Kerala,Thrissur,Enthusiast,2020-03-12
CUST00706,Divya Pillai,37,36-45,Female,IT Professional,1563655,Married,Karnataka,Mangaluru,Premium Collector,2023-02-18
CUST00707,Rohan Mehta,45,36-45,Male,Engineer,986918,Married,Haryana,Karnal,Daily Commuter,2024-12-24
CUST00708,Dinesh Gowda,24,18-25,Male,Government Employee,1365722,Single,Odisha,Bhubaneswar,First-time Buyer,2020-03-25
CUST00709,Dinesh Chowdhury,31,26-35,Male,Government Employee,1242019,Married,Uttar Pradesh,Kanpur,Enthusiast,2023-07-11
CUST00710,Sanjay Rao,55,46-60,Male,Government Employee,961857,Married,Maharashtra,Pune,Daily Commuter,2020-03-30
CUST00711,Abhishek Joshi,52,46-60,Male,IT Professional,1134618,Married,Haryana,Panipat,Daily Commuter,2022-11-30
CUST00712,Manish Rao,42,36-45,Male,IT Professional,932930,Married,Chhattisgarh,Bhilai,Enthusiast,2020-11-20
CUST00713,Sachin Chowdhury,30,26-35,Male,Banker / Finance,1030433,Married,Gujarat,Rajkot,Daily Commuter,2022-08-07
CUST00714,Preeti Verma,44,36-45,Female,IT Professional,2293929,Single,Jharkhand,Jamshedpur,Premium Collector,2021-02-19
CUST00715,Nikhil Bhat,44,36-45,Male,IT Professional,991762,Married,Delhi,West Delhi,Daily Commuter,2021-12-04
CUST00716,Vijay Sharma,32,26-35,Male,Healthcare Professional,1714709,Single,Bihar,Gaya,Touring / Adventure,2023-02-17
CUST00717,Prakash Patel,38,36-45,Male,IT Professional,1391517,Married,Karnataka,Mysuru,Daily Commuter,2025-06-29
CUST00718,Harish Bhat,34,26-35,Male,Government Employee,1299763,Single,Odisha,Bhubaneswar,Premium Collector,2021-11-14
CUST00719,Suresh Kumar,37,36-45,Male,IT Professional,1464892,Married,Bihar,Muzaffarpur,Daily Commuter,2023-07-12
CUST00720,Aditya Reddy,43,36-45,Male,Defense Personnel,1080600,Single,Assam,Dibrugarh,Enthusiast,2020-03-08
CUST00721,Pooja Nair,32,26-35,Female,IT Professional,873498,Married,Assam,Guwahati,Enthusiast,2021-08-19
CUST00722,Isha Menon,41,36-45,Female,Banker / Finance,713836,Married,Gujarat,Bhavnagar,First-time Buyer,2026-03-09
CUST00723,Ramesh Gupta,23,18-25,Male,Self-Employed / Freelancer,706056,Single,Maharashtra,Thane,First-time Buyer,2020-04-11
CUST00724,Ashok Sharma,32,26-35,Male,Government Employee,1047535,Married,Kerala,Kochi,Touring / Adventure,2024-11-30
CUST00725,Manoj Mishra,61,60+,Male,IT Professional,2329548,Married,Goa,Panaji,Touring / Adventure,2022-12-30
CUST00726,Pranav Gupta,24,18-25,Male,IT Professional,878799,Single,Tamil Nadu,Salem,First-time Buyer,2021-09-13
CUST00727,Sachin Reddy,27,26-35,Male,Engineer,638598,Married,Gujarat,Rajkot,Premium Collector,2025-07-14
CUST00728,Prakash Pandey,59,46-60,Male,Business Owner,3142806,Married,Jharkhand,Ranchi,Touring / Adventure,2023-08-30
CUST00729,Sanjay Pandey,29,26-35,Male,Student,428792,Married,Uttar Pradesh,Kanpur,Enthusiast,2023-05-15
CUST00730,Sachin Singh,39,36-45,Male,IT Professional,921405,Single,Chhattisgarh,Raipur,Daily Commuter,2024-08-17
CUST00731,Lokesh Pillai,30,26-35,Male,Student,523770,Married,Odisha,Cuttack,Premium Collector,2020-08-21
CUST00732,Manoj Kumar,24,18-25,Male,IT Professional,1631506,Married,Assam,Dibrugarh,Daily Commuter,2024-07-18
CUST00733,Rohan Menon,35,26-35,Male,Government Employee,623808,Married,Haryana,Karnal,Touring / Adventure,2020-02-04
CUST00734,Manoj Das,19,18-25,Male,IT Professional,2369115,Single,Gujarat,Bhavnagar,Touring / Adventure,2020-12-24
CUST00735,Vikram Iyer,26,26-35,Male,Healthcare Professional,1506347,Single,Assam,Dibrugarh,First-time Buyer,2025-07-01
CUST00736,Siddharth Gowda,35,26-35,Male,Healthcare Professional,1360158,Married,Madhya Pradesh,Ujjain,Enthusiast,2022-07-05
CUST00737,Amit Kulkarni,28,26-35,Male,Engineer,1115835,Married,Uttar Pradesh,Kanpur,Daily Commuter,2022-08-21
CUST00738,Vikram Mehta,39,36-45,Male,IT Professional,723203,Married,Punjab,Patiala,Enthusiast,2025-01-12
CUST00739,Arjun Menon,31,26-35,Male,IT Professional,1951218,Married,Chhattisgarh,Bhilai,Touring / Adventure,2023-05-24
CUST00740,Neha Das,31,26-35,Female,IT Professional,2363959,Single,Maharashtra,Nashik,Premium Collector,2025-07-31
CUST00741,Harish Pandey,38,36-45,Male,Defense Personnel,1090387,Married,Tamil Nadu,Salem,First-time Buyer,2022-01-23
CUST00742,Manish Nair,24,18-25,Male,Banker / Finance,1053365,Single,Rajasthan,Jodhpur,Enthusiast,2022-04-08
CUST00743,Lokesh Verma,31,26-35,Male,IT Professional,1612501,Single,Assam,Silchar,Enthusiast,2021-08-28
CUST00744,Vijay Nair,24,18-25,Male,Defense Personnel,1166793,Single,Tamil Nadu,Coimbatore,Enthusiast,2026-02-19
CUST00745,Prakash Verma,31,26-35,Male,Healthcare Professional,2690270,Single,Uttar Pradesh,Lucknow,Enthusiast,2026-05-31
CUST00746,Vivek Pillai,40,36-45,Male,Government Employee,982974,Married,Andhra Pradesh,Visakhapatnam,Daily Commuter,2020-06-15
CUST00747,Naveen Rao,42,36-45,Male,Business Owner,3092379,Single,Tamil Nadu,Chennai,Touring / Adventure,2023-06-08
CUST00748,Anand Das,44,36-45,Male,Student,451980,Married,Jharkhand,Ranchi,Enthusiast,2022-03-31
CUST00749,Manoj Gupta,23,18-25,Male,Defense Personnel,670735,Single,Uttar Pradesh,Ghaziabad,Daily Commuter,2024-08-29
CUST00750,Manoj Reddy,31,26-35,Male,Engineer,1650666,Married,Jharkhand,Jamshedpur,Premium Collector,2021-05-12
CUST00751,Ananya Rao,30,26-35,Female,Engineer,1621120,Married,Punjab,Patiala,Daily Commuter,2023-02-13
CUST00752,Abhishek Pandey,31,26-35,Male,Business Owner,876451,Single,Karnataka,Hubballi,Premium Collector,2021-10-26
CUST00753,Manish Banerjee,41,36-45,Male,Healthcare Professional,2513623,Married,Madhya Pradesh,Ujjain,Touring / Adventure,2024-07-06
CUST00754,Pranav Gowda,37,36-45,Male,Student,554672,Married,Tamil Nadu,Coimbatore,Daily Commuter,2024-02-19
CUST00755,Amit Verma,25,18-25,Male,Government Employee,1231267,Single,Uttar Pradesh,Lucknow,Daily Commuter,2020-01-31
CUST00756,Pooja Gupta,45,36-45,Female,Government Employee,1442854,Married,Chhattisgarh,Bhilai,Touring / Adventure,2023-10-27
CUST00757,Amit Pandey,29,26-35,Male,Healthcare Professional,930321,Single,Punjab,Chandigarh,Touring / Adventure,2024-04-03
CUST00758,Sanjay Iyer,27,26-35,Other,Defense Personnel,826635,Married,Karnataka,Mysuru,Daily Commuter,2021-01-16
CUST00759,Deepika Gowda,37,36-45,Female,Business Owner,1318948,Married,Madhya Pradesh,Bhopal,Touring / Adventure,2020-11-18
CUST00760,Sanjay Menon,34,26-35,Male,Engineer,1123999,Married,Uttar Pradesh,Kanpur,Touring / Adventure,2020-06-15
CUST00761,Lokesh Gupta,23,18-25,Male,Student,351051,Single,Maharashtra,Nagpur,First-time Buyer,2024-01-19
CUST00762,Dev Nair,20,18-25,Male,IT Professional,1959973,Married,Gujarat,Ahmedabad,Daily Commuter,2020-03-09
CUST00763,Karan Patel,36,36-45,Male,Engineer,893320,Married,Maharashtra,Aurangabad,Enthusiast,2022-05-14
CUST00764,Dinesh Reddy,31,26-35,Male,Engineer,1064889,Married,Punjab,Patiala,Touring / Adventure,2022-11-10
CUST00765,Suresh Sharma,32,26-35,Male,Engineer,1716776,Married,West Bengal,Kolkata,Enthusiast,2020-06-13
CUST00766,Rohan Agarwal,27,26-35,Male,IT Professional,605909,Married,West Bengal,Durgapur,First-time Buyer,2020-02-26
CUST00767,Yash Reddy,38,36-45,Male,Business Owner,2524390,Married,Kerala,Kochi,Touring / Adventure,2024-12-21
CUST00768,Karthik Reddy,31,26-35,Male,Student,464675,Married,Andhra Pradesh,Visakhapatnam,Daily Commuter,2021-10-11
CUST00769,Anand Agarwal,25,18-25,Male,Business Owner,1988859,Single,Karnataka,Belagavi,Daily Commuter,2025-04-22
CUST00770,Arjun Pillai,31,26-35,Male,Government Employee,1028007,Single,Kerala,Thrissur,Daily Commuter,2025-05-21
CUST00771,Karan Sharma,33,26-35,Male,Student,378789,Married,Bihar,Gaya,Daily Commuter,2021-02-08
CUST00772,Vikram Agarwal,24,18-25,Male,Business Owner,1824644,Single,Maharashtra,Thane,Enthusiast,2026-06-10
CUST00773,Nikhil Shetty,34,26-35,Male,Government Employee,1330229,Married,Andhra Pradesh,Visakhapatnam,Daily Commuter,2022-02-06
CUST00774,Vikram Agarwal,30,26-35,Male,Government Employee,1198447,Married,Punjab,Jalandhar,Touring / Adventure,2022-09-30
CUST00775,Yash Joshi,25,18-25,Male,Student,354307,Single,Gujarat,Ahmedabad,Daily Commuter,2021-07-15
CUST00776,Amit Reddy,25,18-25,Male,Self-Employed / Freelancer,1550430,Single,Punjab,Chandigarh,First-time Buyer,2022-05-28
CUST00777,Dev Verma,61,60+,Male,Government Employee,1393376,Single,Karnataka,Hubballi,Daily Commuter,2022-08-27
CUST00778,Deepak Pandey,22,18-25,Male,Government Employee,800303,Single,Andhra Pradesh,Visakhapatnam,Enthusiast,2025-06-28
CUST00779,Rahul Pandey,31,26-35,Male,Student,422789,Married,Delhi,South Delhi,Premium Collector,2025-01-26
CUST00780,Manish Sharma,19,18-25,Male,Healthcare Professional,1682388,Single,Karnataka,Mangaluru,First-time Buyer,2022-05-06
CUST00781,Siddharth Chowdhury,18,18-25,Male,Defense Personnel,1159233,Single,Bihar,Muzaffarpur,Enthusiast,2024-11-03
CUST00782,Arjun Patel,25,18-25,Male,IT Professional,2367705,Married,Gujarat,Ahmedabad,Premium Collector,2021-10-07
CUST00783,Karthik Deshmukh,32,26-35,Male,Engineer,1663913,Single,Odisha,Bhubaneswar,Premium Collector,2023-09-13
CUST00784,Meera Gowda,42,36-45,Female,Engineer,1162134,Married,Madhya Pradesh,Bhopal,Premium Collector,2020-03-23
CUST00785,Siddharth Kulkarni,47,46-60,Male,IT Professional,2068571,Married,West Bengal,Durgapur,Touring / Adventure,2024-06-04
CUST00786,Nidhi Shah,44,36-45,Female,Healthcare Professional,1708658,Single,Madhya Pradesh,Ujjain,First-time Buyer,2026-02-04
CUST00787,Pooja Bhat,31,26-35,Female,Business Owner,1371180,Single,Delhi,North Delhi,Daily Commuter,2022-04-20
CUST00788,Rajesh Shah,19,18-25,Male,Defense Personnel,973284,Single,Andhra Pradesh,Tirupati,First-time Buyer,2023-02-05
CUST00789,Yash Sharma,36,36-45,Other,Defense Personnel,487696,Married,Gujarat,Vadodara,Enthusiast,2022-02-18
CUST00790,Dev Chowdhury,62,60+,Male,Business Owner,1283005,Single,Assam,Silchar,Touring / Adventure,2023-04-11
CUST00791,Deepak Bhat,35,26-35,Male,Engineer,660649,Married,Karnataka,Mysuru,Daily Commuter,2020-06-22
CUST00792,Ramesh Verma,24,18-25,Male,Government Employee,965087,Single,Kerala,Kozhikode,First-time Buyer,2025-10-14
CUST00793,Karthik Kulkarni,24,18-25,Male,Business Owner,1755650,Married,Bihar,Gaya,Daily Commuter,2024-02-08
CUST00794,Manish Pandey,26,26-35,Male,IT Professional,1036032,Married,Maharashtra,Thane,Daily Commuter,2023-12-25
CUST00795,Aditya Mishra,37,36-45,Male,Student,576820,Married,Odisha,Bhubaneswar,Enthusiast,2026-03-26
CUST00796,Vaishnavi Sharma,30,26-35,Female,Student,485178,Married,Kerala,Thiruvananthapuram,Daily Commuter,2020-09-19
CUST00797,Rohan Kumar,42,36-45,Male,Engineer,1144867,Married,Tamil Nadu,Madurai,Enthusiast,2024-09-15
CUST00798,Karan Joshi,24,18-25,Male,Banker / Finance,1368275,Single,Kerala,Thrissur,First-time Buyer,2024-03-10
CUST00799,Amit Patel,29,26-35,Male,Business Owner,897576,Married,Punjab,Jalandhar,Daily Commuter,2024-08-11
CUST00800,Siddharth Banerjee,29,26-35,Male,Engineer,874246,Single,Rajasthan,Jaipur,Daily Commuter,2021-07-03
CUST00801,Anand Mehta,61,60+,Male,Business Owner,1658321,Single,Odisha,Rourkela,Premium Collector,2023-12-25
CUST00802,Sachin Pillai,42,36-45,Male,Healthcare Professional,1077729,Married,Tamil Nadu,Coimbatore,Daily Commuter,2021-05-21
CUST00803,Pranav Rao,29,26-35,Male,Business Owner,1746728,Married,Punjab,Ludhiana,First-time Buyer,2020-11-10
CUST00804,Preeti Mishra,47,46-60,Female,Healthcare Professional,735156,Married,Kerala,Kollam,Enthusiast,2020-04-18
CUST00805,Aditya Pillai,19,18-25,Other,Government Employee,477515,Single,Uttar Pradesh,Varanasi,First-time Buyer,2025-07-30
CUST00806,Siddharth Gowda,32,26-35,Male,Business Owner,3357445,Single,Punjab,Chandigarh,Enthusiast,2020-11-08
CUST00807,Arjun Pandey,34,26-35,Male,IT Professional,1432573,Married,Kerala,Kozhikode,First-time Buyer,2021-07-24
CUST00808,Lokesh Reddy,28,26-35,Male,IT Professional,1546427,Married,Kerala,Kozhikode,Daily Commuter,2021-01-12
CUST00809,Amit Shah,54,46-60,Male,IT Professional,1369310,Married,Kerala,Kozhikode,Enthusiast,2024-06-07
CUST00810,Amit Banerjee,52,46-60,Male,Student,579331,Single,Kerala,Kochi,First-time Buyer,2024-01-19
CUST00811,Deepak Mishra,18,18-25,Male,Student,405798,Single,Karnataka,Mangaluru,Daily Commuter,2022-11-06
CUST00812,Sneha Verma,34,26-35,Female,Engineer,1517685,Married,Maharashtra,Thane,Touring / Adventure,2021-08-07
CUST00813,Sachin Menon,18,18-25,Male,Engineer,1438328,Single,Kerala,Kozhikode,First-time Buyer,2025-05-07
CUST00814,Lakshmi Agarwal,32,26-35,Female,Government Employee,710334,Married,Bihar,Gaya,Daily Commuter,2020-03-14
CUST00815,Anand Banerjee,45,36-45,Male,Business Owner,1562432,Single,Madhya Pradesh,Indore,Premium Collector,2021-11-09
CUST00816,Lokesh Mishra,44,36-45,Male,Defense Personnel,1108741,Married,Tamil Nadu,Coimbatore,Enthusiast,2025-11-08
CUST00817,Ashok Pillai,35,26-35,Male,Business Owner,2898990,Single,Tamil Nadu,Salem,Touring / Adventure,2022-03-07
CUST00818,Neha Singh,40,36-45,Female,Business Owner,3165231,Married,Karnataka,Bengaluru,Touring / Adventure,2020-04-04
CUST00819,Ramesh Kumar,58,46-60,Other,IT Professional,1526918,Married,Madhya Pradesh,Bhopal,Daily Commuter,2022-07-23
CUST00820,Rajesh Iyer,44,36-45,Male,Healthcare Professional,1894124,Single,Delhi,South Delhi,Premium Collector,2021-04-27
CUST00821,Sunita Pillai,31,26-35,Female,Defense Personnel,970950,Married,Uttar Pradesh,Noida,Touring / Adventure,2021-01-17
CUST00822,Dinesh Pillai,56,46-60,Male,IT Professional,1778167,Married,Karnataka,Belagavi,Enthusiast,2021-08-19
CUST00823,Vivek Pillai,40,36-45,Male,Business Owner,1424750,Married,Chhattisgarh,Bilaspur,First-time Buyer,2023-01-18
CUST00824,Amit Sharma,33,26-35,Male,Engineer,1759114,Married,Kerala,Thrissur,Enthusiast,2020-08-13
CUST00825,Dinesh Banerjee,37,36-45,Male,Business Owner,906893,Married,Maharashtra,Pune,Daily Commuter,2020-08-17
CUST00826,Sanjay Gupta,22,18-25,Male,Business Owner,1543185,Married,Kerala,Kochi,First-time Buyer,2024-12-20
CUST00827,Karthik Verma,40,36-45,Male,Engineer,1755849,Married,Tamil Nadu,Madurai,Enthusiast,2025-01-13
CUST00828,Vaishnavi Kulkarni,24,18-25,Female,Healthcare Professional,2763992,Single,Punjab,Jalandhar,Enthusiast,2020-07-14
CUST00829,Nidhi Shah,30,26-35,Female,Business Owner,1619015,Married,Tamil Nadu,Coimbatore,Enthusiast,2021-06-27
CUST00830,Riya Joshi,20,18-25,Female,Engineer,665991,Single,Odisha,Rourkela,Enthusiast,2021-11-03
CUST00831,Deepak Gowda,42,36-45,Male,IT Professional,1676456,Single,Odisha,Cuttack,Enthusiast,2025-07-23
CUST00832,Abhishek Kulkarni,39,36-45,Male,Engineer,1144031,Married,Assam,Guwahati,Touring / Adventure,2021-11-21
CUST00833,Riya Verma,54,46-60,Female,IT Professional,1177538,Married,Assam,Guwahati,Enthusiast,2022-04-19
CUST00834,Dev Kulkarni,60,46-60,Male,Defense Personnel,923929,Married,Gujarat,Rajkot,Premium Collector,2020-11-03
CUST00835,Manish Shetty,19,18-25,Male,IT Professional,1689312,Married,Uttar Pradesh,Lucknow,First-time Buyer,2026-02-14
CUST00836,Suresh Pandey,42,36-45,Male,Engineer,741141,Single,Karnataka,Mangaluru,Daily Commuter,2023-07-28
CUST00837,Yash Rao,26,26-35,Male,Government Employee,1294693,Married,Punjab,Patiala,Daily Commuter,2020-09-07
CUST00838,Suresh Rao,34,26-35,Male,IT Professional,1733763,Married,Gujarat,Rajkot,Enthusiast,2023-12-01
CUST00839,Manish Gupta,31,26-35,Male,Engineer,719993,Married,Uttar Pradesh,Kanpur,Touring / Adventure,2020-10-25
CUST00840,Nikhil Gupta,45,36-45,Male,Student,496152,Married,Haryana,Panipat,Enthusiast,2026-01-28
CUST00841,Aditya Patel,58,46-60,Male,Government Employee,931923,Married,Chhattisgarh,Raipur,Daily Commuter,2022-10-24
CUST00842,Siddharth Shetty,30,26-35,Male,Government Employee,626190,Married,Madhya Pradesh,Indore,Touring / Adventure,2025-09-09
CUST00843,Amit Shah,25,18-25,Male,Engineer,1438641,Single,Telangana,Hyderabad,Daily Commuter,2022-02-03
CUST00844,Naveen Nair,27,26-35,Male,Engineer,1306301,Married,Maharashtra,Mumbai,Premium Collector,2025-09-02
CUST00845,Karthik Kumar,64,60+,Male,IT Professional,1949109,Married,Odisha,Bhubaneswar,Enthusiast,2022-02-01
CUST00846,Rohan Joshi,36,36-45,Male,Business Owner,3398535,Married,Tamil Nadu,Coimbatore,Touring / Adventure,2020-05-05
CUST00847,Manish Nair,20,18-25,Male,Engineer,1466128,Single,Telangana,Hyderabad,First-time Buyer,2023-04-19
CUST00848,Rohan Shetty,45,36-45,Male,Healthcare Professional,1631962,Single,Kerala,Thiruvananthapuram,Daily Commuter,2026-06-03
CUST00849,Riya Kulkarni,20,18-25,Female,Defense Personnel,1157513,Married,Maharashtra,Nagpur,First-time Buyer,2023-11-07
CUST00850,Manish Kulkarni,41,36-45,Male,Business Owner,1737651,Single,Assam,Silchar,Enthusiast,2024-05-21
CUST00851,Aditya Shetty,34,26-35,Male,Government Employee,1472924,Single,Karnataka,Mysuru,First-time Buyer,2022-07-07
CUST00852,Vikram Shetty,47,46-60,Male,Government Employee,795641,Married,Kerala,Kochi,First-time Buyer,2023-09-28
CUST00853,Sanjay Pandey,27,26-35,Male,Business Owner,2702858,Married,Andhra Pradesh,Tirupati,Premium Collector,2022-06-06
CUST00854,Ashok Gowda,21,18-25,Male,Healthcare Professional,2576224,Married,Delhi,North Delhi,Premium Collector,2022-12-24
CUST00855,Kavya Shah,19,18-25,Female,Business Owner,3019676,Married,Punjab,Patiala,Touring / Adventure,2025-11-15
CUST00856,Anand Gowda,20,18-25,Male,Healthcare Professional,2160944,Single,Punjab,Chandigarh,Enthusiast,2026-04-02
CUST00857,Manoj Deshmukh,45,36-45,Male,Engineer,1427363,Married,Gujarat,Rajkot,Enthusiast,2023-10-15
CUST00858,Sanjay Bhat,42,36-45,Male,Healthcare Professional,1908096,Married,Jharkhand,Dhanbad,Daily Commuter,2021-05-01
CUST00859,Sunita Deshmukh,38,36-45,Female,IT Professional,2281122,Married,Bihar,Patna,Touring / Adventure,2022-08-08
CUST00860,Rohan Kumar,19,18-25,Male,Business Owner,941722,Single,Karnataka,Belagavi,Daily Commuter,2022-01-16
CUST00861,Siddharth Menon,34,26-35,Male,Government Employee,1478924,Married,Delhi,New Delhi,Daily Commuter,2024-12-11
CUST00862,Siddharth Shetty,36,36-45,Male,Self-Employed / Freelancer,751711,Single,Karnataka,Mysuru,Enthusiast,2020-10-12
CUST00863,Nikhil Shah,19,18-25,Male,Government Employee,464856,Single,Karnataka,Hubballi,First-time Buyer,2020-02-03
CUST00864,Deepika Rao,43,36-45,Female,Engineer,550804,Married,Punjab,Jalandhar,Daily Commuter,2020-12-22
CUST00865,Nikhil Pandey,31,26-35,Male,Self-Employed / Freelancer,1578686,Married,Maharashtra,Nagpur,Enthusiast,2021-09-25
CUST00866,Anita Iyer,35,26-35,Female,Government Employee,955600,Single,Assam,Dibrugarh,Enthusiast,2022-01-14
CUST00867,Ganesh Shetty,25,18-25,Male,Healthcare Professional,1611296,Married,Gujarat,Vadodara,Enthusiast,2020-04-29
CUST00868,Nikhil Kumar,38,36-45,Male,Government Employee,608047,Married,Maharashtra,Aurangabad,Touring / Adventure,2021-08-12
CUST00869,Manish Iyer,23,18-25,Male,Engineer,1146051,Single,Punjab,Patiala,First-time Buyer,2025-03-11
CUST00870,Suresh Rao,32,26-35,Male,Business Owner,1864918,Married,Rajasthan,Jodhpur,Touring / Adventure,2021-04-22
CUST00871,Naveen Gowda,26,26-35,Male,IT Professional,1294387,Married,Andhra Pradesh,Guntur,Touring / Adventure,2025-07-31
CUST00872,Rahul Das,23,18-25,Male,IT Professional,2303560,Single,Haryana,Faridabad,Premium Collector,2024-02-01
CUST00873,Anand Bhat,28,26-35,Male,Engineer,1772090,Single,Andhra Pradesh,Guntur,Daily Commuter,2025-09-03
CUST00874,Pooja Joshi,21,18-25,Female,Engineer,627676,Single,Delhi,North Delhi,First-time Buyer,2023-02-13
CUST00875,Pooja Kulkarni,35,26-35,Female,Business Owner,1483691,Single,Maharashtra,Mumbai,First-time Buyer,2021-01-18
CUST00876,Karthik Shetty,20,18-25,Male,IT Professional,1181297,Single,Madhya Pradesh,Ujjain,First-time Buyer,2022-03-15
CUST00877,Nidhi Deshmukh,27,26-35,Female,Government Employee,691529,Married,Assam,Guwahati,Touring / Adventure,2021-09-13
CUST00878,Manish Singh,25,18-25,Male,Government Employee,637142,Single,Uttar Pradesh,Varanasi,First-time Buyer,2021-06-14
CUST00879,Anita Singh,33,26-35,Female,Student,549216,Married,West Bengal,Kolkata,Enthusiast,2022-05-26
CUST00880,Pranav Deshmukh,31,26-35,Male,Engineer,1132218,Single,Gujarat,Ahmedabad,Enthusiast,2023-03-01
CUST00881,Deepak Menon,18,18-25,Male,Business Owner,836667,Single,Andhra Pradesh,Tirupati,Enthusiast,2021-09-06
CUST00882,Dinesh Kumar,63,60+,Male,Business Owner,2395914,Single,Maharashtra,Pune,Enthusiast,2020-01-06
CUST00883,Rahul Shah,45,36-45,Male,IT Professional,1551549,Married,Rajasthan,Jaipur,Enthusiast,2024-01-10
CUST00884,Ashok Kulkarni,28,26-35,Male,IT Professional,2157440,Single,Andhra Pradesh,Vijayawada,Premium Collector,2025-05-27
CUST00885,Tanvi Singh,35,26-35,Female,Business Owner,1497730,Married,Karnataka,Bengaluru,Daily Commuter,2020-12-15
CUST00886,Aditya Deshmukh,28,26-35,Male,Student,378059,Married,Haryana,Gurugram,Premium Collector,2021-10-11
CUST00887,Shreya Shetty,18,18-25,Female,IT Professional,1361657,Married,Uttar Pradesh,Kanpur,Enthusiast,2026-04-30
CUST00888,Radhika Chowdhury,32,26-35,Female,Government Employee,1179876,Married,Karnataka,Belagavi,First-time Buyer,2022-10-05
CUST00889,Dev Kumar,22,18-25,Male,IT Professional,848532,Single,Madhya Pradesh,Ujjain,First-time Buyer,2022-04-28
CUST00890,Lokesh Bhat,43,36-45,Male,IT Professional,939475,Married,Delhi,North Delhi,Daily Commuter,2025-10-18
CUST00891,Ashok Chowdhury,46,46-60,Male,Defense Personnel,885968,Married,Madhya Pradesh,Ujjain,Enthusiast,2025-01-29
CUST00892,Anand Chowdhury,31,26-35,Male,Engineer,1077865,Married,Telangana,Hyderabad,First-time Buyer,2021-12-17
CUST00893,Pranav Sharma,35,26-35,Male,Engineer,1245188,Married,Karnataka,Belagavi,Touring / Adventure,2025-07-25
CUST00894,Ganesh Bhat,31,26-35,Male,IT Professional,2298412,Single,Goa,Panaji,Enthusiast,2024-11-26
CUST00895,Tanvi Kumar,19,18-25,Female,IT Professional,2390442,Single,Madhya Pradesh,Jabalpur,Premium Collector,2022-12-25
CUST00896,Manoj Singh,45,36-45,Male,IT Professional,1834203,Married,Andhra Pradesh,Guntur,Enthusiast,2022-10-30
CUST00897,Sachin Pillai,44,36-45,Male,Healthcare Professional,1830600,Married,Odisha,Cuttack,Enthusiast,2020-09-26
CUST00898,Nikhil Verma,45,36-45,Male,Business Owner,3307914,Single,Assam,Dibrugarh,Touring / Adventure,2025-12-07
CUST00899,Radhika Rao,29,26-35,Female,Healthcare Professional,2303152,Married,Uttar Pradesh,Ghaziabad,Premium Collector,2024-04-13
CUST00900,Kavya Reddy,30,26-35,Female,IT Professional,2342558,Married,Andhra Pradesh,Tirupati,Touring / Adventure,2022-05-13
CUST00901,Vijay Mehta,61,60+,Male,Engineer,530745,Married,Haryana,Gurugram,Enthusiast,2024-10-30
CUST00902,Shreya Kumar,29,26-35,Female,Banker / Finance,909720,Married,Punjab,Ludhiana,Enthusiast,2021-10-10
CUST00903,Aditya Shetty,22,18-25,Male,Government Employee,1390740,Married,West Bengal,Durgapur,First-time Buyer,2024-12-25
CUST00904,Vaishnavi Bhat,59,46-60,Female,Student,584399,Married,Telangana,Nizamabad,Enthusiast,2021-05-07
CUST00905,Abhishek Banerjee,35,26-35,Male,IT Professional,961916,Married,Andhra Pradesh,Vijayawada,Daily Commuter,2020-07-10
CUST00906,Vivek Das,19,18-25,Male,Government Employee,641897,Single,Haryana,Karnal,Enthusiast,2025-09-23
CUST00907,Shreya Pillai,28,26-35,Female,Engineer,1471734,Single,Assam,Dibrugarh,Touring / Adventure,2025-05-08
CUST00908,Anand Nair,35,26-35,Male,Healthcare Professional,2476383,Married,Karnataka,Belagavi,Premium Collector,2026-03-10
CUST00909,Nikhil Das,44,36-45,Male,Business Owner,2730384,Married,Assam,Dibrugarh,Premium Collector,2020-07-04
CUST00910,Tanvi Shah,22,18-25,Female,Business Owner,3366091,Single,Haryana,Panipat,Touring / Adventure,2023-07-03
CUST00911,Naveen Sharma,20,18-25,Male,Self-Employed / Freelancer,1145687,Single,West Bengal,Kolkata,Enthusiast,2024-07-23
CUST00912,Karan Sharma,30,26-35,Male,IT Professional,686167,Single,Punjab,Chandigarh,Premium Collector,2024-06-06
CUST00913,Naveen Gowda,19,18-25,Male,IT Professional,2339999,Single,West Bengal,Kolkata,Premium Collector,2021-10-30
CUST00914,Sunita Reddy,39,36-45,Other,Banker / Finance,1266657,Married,West Bengal,Kolkata,Enthusiast,2022-11-08
CUST00915,Vijay Singh,31,26-35,Male,Student,546732,Married,Telangana,Karimnagar,Daily Commuter,2021-02-02
CUST00916,Amit Reddy,30,26-35,Male,Healthcare Professional,2671516,Single,Maharashtra,Nagpur,Enthusiast,2020-09-24
CUST00917,Karan Shah,35,26-35,Male,Engineer,505980,Single,Andhra Pradesh,Guntur,First-time Buyer,2021-08-18
CUST00918,Deepak Chowdhury,44,36-45,Male,Healthcare Professional,1474721,Single,Uttar Pradesh,Varanasi,Premium Collector,2026-02-14
CUST00919,Rohan Shah,53,46-60,Male,Business Owner,2110092,Married,Karnataka,Hubballi,Premium Collector,2022-12-05
CUST00920,Shreya Verma,27,26-35,Female,IT Professional,2041692,Single,Madhya Pradesh,Gwalior,Premium Collector,2024-04-11
CUST00921,Anita Joshi,27,26-35,Female,IT Professional,2345929,Married,Maharashtra,Thane,Enthusiast,2022-04-28
CUST00922,Rohan Deshmukh,27,26-35,Male,Government Employee,1244784,Married,Assam,Guwahati,Enthusiast,2026-06-02
CUST00923,Karan Menon,64,60+,Male,Government Employee,1024560,Single,Maharashtra,Thane,Touring / Adventure,2024-11-01
CUST00924,Anand Iyer,30,26-35,Male,Banker / Finance,1577665,Single,Kerala,Kozhikode,Daily Commuter,2020-04-29
CUST00925,Vikram Mishra,39,36-45,Male,IT Professional,874424,Married,Bihar,Gaya,Daily Commuter,2024-07-14
CUST00926,Kavya Shetty,20,18-25,Female,Business Owner,2200906,Single,Delhi,South Delhi,Premium Collector,2020-08-07
CUST00927,Manoj Patel,20,18-25,Male,Defense Personnel,873879,Single,Maharashtra,Nagpur,Daily Commuter,2025-04-25
CUST00928,Karan Mishra,23,18-25,Male,IT Professional,2087176,Married,Karnataka,Hubballi,Premium Collector,2025-08-23
CUST00929,Sachin Bhat,24,18-25,Male,Engineer,1582697,Married,Maharashtra,Nagpur,Daily Commuter,2026-04-07
CUST00930,Deepak Patel,33,26-35,Male,Self-Employed / Freelancer,1256788,Single,Gujarat,Rajkot,Touring / Adventure,2024-10-06
CUST00931,Ganesh Patel,44,36-45,Male,Banker / Finance,1267541,Married,Delhi,South Delhi,Touring / Adventure,2024-04-29
CUST00932,Lakshmi Verma,34,26-35,Female,Business Owner,2956107,Married,Jharkhand,Dhanbad,Premium Collector,2026-04-02
CUST00933,Rajesh Banerjee,23,18-25,Male,Government Employee,1350175,Single,Bihar,Gaya,First-time Buyer,2025-03-28
CUST00934,Karthik Reddy,49,46-60,Male,Self-Employed / Freelancer,998665,Single,Rajasthan,Udaipur,Touring / Adventure,2020-12-13
CUST00935,Harish Mishra,29,26-35,Male,IT Professional,2346097,Married,Uttar Pradesh,Varanasi,Touring / Adventure,2020-10-25
CUST00936,Sneha Shah,34,26-35,Female,Business Owner,1835732,Single,Maharashtra,Nashik,Daily Commuter,2022-03-07
CUST00937,Rajesh Iyer,30,26-35,Male,IT Professional,1240855,Married,Gujarat,Ahmedabad,Daily Commuter,2024-06-11
CUST00938,Vijay Menon,32,26-35,Male,Banker / Finance,1303851,Married,Karnataka,Belagavi,Enthusiast,2025-12-17
CUST00939,Ashok Shah,33,26-35,Male,Healthcare Professional,1149432,Married,Andhra Pradesh,Tirupati,Enthusiast,2021-05-20
CUST00940,Prakash Banerjee,34,26-35,Male,Business Owner,3259228,Married,Gujarat,Surat,Enthusiast,2020-09-06
CUST00941,Vivek Das,33,26-35,Male,Business Owner,1775390,Married,Karnataka,Hubballi,First-time Buyer,2026-01-22
CUST00942,Dinesh Shah,40,36-45,Male,Government Employee,1392733,Married,Maharashtra,Aurangabad,Enthusiast,2021-02-26
CUST00943,Ganesh Shetty,60,46-60,Male,Engineer,861554,Married,Madhya Pradesh,Ujjain,Premium Collector,2026-06-25
CUST00944,Rahul Patel,20,18-25,Male,IT Professional,604430,Single,Kerala,Kochi,First-time Buyer,2024-11-12
CUST00945,Amit Sharma,25,18-25,Male,Business Owner,2363096,Single,Karnataka,Hubballi,Premium Collector,2022-08-21
CUST00946,Ritu Iyer,45,36-45,Female,Business Owner,3108257,Married,Kerala,Thiruvananthapuram,Premium Collector,2024-07-31
CUST00947,Nidhi Iyer,26,26-35,Female,Defense Personnel,1360494,Married,Bihar,Gaya,First-time Buyer,2023-02-16
CUST00948,Vaishnavi Pillai,51,46-60,Female,IT Professional,1507753,Single,Kerala,Thrissur,Daily Commuter,2021-01-11
CUST00949,Harish Joshi,62,60+,Male,IT Professional,1537470,Married,Haryana,Faridabad,Daily Commuter,2023-01-06
CUST00950,Ramesh Verma,31,26-35,Male,Engineer,1116984,Married,Uttar Pradesh,Varanasi,Daily Commuter,2026-05-13
CUST00951,Harish Patel,35,26-35,Male,Engineer,1670273,Married,Tamil Nadu,Salem,Enthusiast,2025-12-07
CUST00952,Ritu Shetty,35,26-35,Other,Government Employee,828766,Married,Jharkhand,Jamshedpur,Touring / Adventure,2024-03-24
CUST00953,Rohan Kumar,27,26-35,Male,Student,486833,Married,Kerala,Kollam,Daily Commuter,2023-05-24
CUST00954,Lakshmi Sharma,28,26-35,Female,Engineer,746999,Married,Tamil Nadu,Coimbatore,Daily Commuter,2021-01-04
CUST00955,Karan Das,22,18-25,Male,Government Employee,753360,Single,Uttar Pradesh,Kanpur,Enthusiast,2024-11-19
CUST00956,Manish Kumar,31,26-35,Male,Healthcare Professional,1808696,Single,Madhya Pradesh,Gwalior,Daily Commuter,2021-06-24
CUST00957,Abhishek Mehta,31,26-35,Male,Defense Personnel,532559,Married,Maharashtra,Mumbai,Enthusiast,2024-02-12
CUST00958,Aarav Shah,18,18-25,Male,Defense Personnel,758792,Single,Assam,Guwahati,First-time Buyer,2022-05-15
CUST00959,Priya Das,34,26-35,Female,Banker / Finance,1137199,Married,Karnataka,Hubballi,Daily Commuter,2025-10-17
CUST00960,Sachin Shah,25,18-25,Male,Student,492146,Married,Bihar,Gaya,First-time Buyer,2020-09-26
CUST00961,Abhishek Bhat,55,46-60,Male,Government Employee,1422704,Single,Gujarat,Ahmedabad,Premium Collector,2020-12-18
CUST00962,Manoj Gupta,18,18-25,Male,Engineer,918611,Single,Andhra Pradesh,Guntur,First-time Buyer,2024-10-28
CUST00963,Aarav Sharma,30,26-35,Male,Business Owner,2172497,Married,Bihar,Patna,Enthusiast,2021-07-30
CUST00964,Prakash Deshmukh,32,26-35,Male,Student,550799,Married,Karnataka,Hubballi,Premium Collector,2025-10-09
CUST00965,Aishwarya Reddy,22,18-25,Female,Business Owner,1444786,Single,Maharashtra,Thane,Daily Commuter,2024-07-09
CUST00966,Nikhil Gupta,30,26-35,Male,Engineer,1007419,Married,Gujarat,Surat,Daily Commuter,2020-09-04
CUST00967,Sanjay Bhat,26,26-35,Male,IT Professional,2105226,Single,Bihar,Muzaffarpur,Enthusiast,2025-08-23
CUST00968,Vikram Patel,29,26-35,Male,IT Professional,699473,Married,Assam,Guwahati,Daily Commuter,2024-12-24
CUST00969,Sunita Verma,31,26-35,Female,Business Owner,2465415,Married,Tamil Nadu,Salem,Premium Collector,2020-02-09
CUST00970,Yash Mishra,36,36-45,Male,Government Employee,663315,Single,Haryana,Faridabad,Premium Collector,2021-02-14
CUST00971,Vijay Kulkarni,36,36-45,Male,Defense Personnel,866810,Married,Assam,Guwahati,Touring / Adventure,2021-12-26
CUST00972,Aditya Kulkarni,29,26-35,Male,IT Professional,971461,Single,Haryana,Karnal,Touring / Adventure,2022-01-16
CUST00973,Vivek Pandey,36,36-45,Male,Government Employee,556480,Married,West Bengal,Durgapur,Daily Commuter,2022-01-19
CUST00974,Sneha Pandey,33,26-35,Female,IT Professional,2350605,Married,Goa,Panaji,Touring / Adventure,2021-06-12
CUST00975,Anand Joshi,23,18-25,Male,Self-Employed / Freelancer,1003656,Married,Madhya Pradesh,Bhopal,Enthusiast,2020-02-19
CUST00976,Ganesh Sharma,31,26-35,Male,Engineer,1096034,Married,Chhattisgarh,Raipur,Daily Commuter,2021-01-19
CUST00977,Radhika Iyer,51,46-60,Female,Government Employee,1164012,Married,Madhya Pradesh,Gwalior,Daily Commuter,2020-05-16
CUST00978,Suresh Pillai,55,46-60,Male,Banker / Finance,1698186,Married,Chhattisgarh,Raipur,Daily Commuter,2024-12-04
CUST00979,Amit Mishra,44,36-45,Male,Student,523594,Married,Karnataka,Mysuru,Daily Commuter,2024-03-15
CUST00980,Ananya Sharma,33,26-35,Female,IT Professional,936970,Married,Delhi,West Delhi,Enthusiast,2022-05-20
CUST00981,Riya Nair,32,26-35,Female,Business Owner,3241558,Married,Kerala,Kollam,Touring / Adventure,2026-06-03
CUST00982,Karthik Rao,21,18-25,Male,Defense Personnel,433500,Single,Uttar Pradesh,Lucknow,Enthusiast,2020-07-09
CUST00983,Aarav Shetty,24,18-25,Male,Banker / Finance,735359,Single,Goa,Panaji,First-time Buyer,2021-07-11
CUST00984,Aarav Menon,33,26-35,Male,Self-Employed / Freelancer,1346125,Married,Tamil Nadu,Salem,First-time Buyer,2020-12-25
CUST00985,Manoj Menon,32,26-35,Male,Healthcare Professional,1451539,Single,Telangana,Karimnagar,Daily Commuter,2023-12-19
CUST00986,Arjun Nair,25,18-25,Male,Banker / Finance,790196,Single,Delhi,South Delhi,Enthusiast,2022-07-13
CUST00987,Aarav Patel,38,36-45,Male,IT Professional,1339396,Single,Odisha,Bhubaneswar,Touring / Adventure,2025-11-09
CUST00988,Suresh Agarwal,18,18-25,Male,IT Professional,1515470,Single,Bihar,Gaya,First-time Buyer,2026-03-05
CUST00989,Vivek Pillai,33,26-35,Male,Engineer,605578,Single,Kerala,Kozhikode,Premium Collector,2025-05-14
CUST00990,Rahul Gupta,35,26-35,Male,IT Professional,1667585,Married,Chhattisgarh,Bilaspur,First-time Buyer,2021-01-28
CUST00991,Karan Patel,28,26-35,Other,Government Employee,717304,Married,Bihar,Patna,Enthusiast,2021-09-28
CUST00992,Deepak Nair,40,36-45,Male,Student,575510,Married,West Bengal,Durgapur,Enthusiast,2024-01-14
CUST00993,Pranav Shah,28,26-35,Male,Self-Employed / Freelancer,980907,Single,Gujarat,Surat,Enthusiast,2021-06-21
CUST00994,Naveen Das,37,36-45,Male,IT Professional,2229164,Single,Assam,Silchar,Premium Collector,2023-10-06
CUST00995,Tanvi Nair,29,26-35,Female,Healthcare Professional,1668083,Single,Goa,Panaji,Daily Commuter,2023-12-28
CUST00996,Dev Gowda,28,26-35,Male,Self-Employed / Freelancer,588028,Married,Jharkhand,Jamshedpur,Daily Commuter,2024-03-28
CUST00997,Anita Patel,36,36-45,Female,Defense Personnel,1261067,Married,Kerala,Thrissur,Daily Commuter,2021-09-09
CUST00998,Pranav Singh,33,26-35,Male,Engineer,1272956,Single,Uttar Pradesh,Lucknow,First-time Buyer,2024-05-29
CUST00999,Amit Kulkarni,32,26-35,Male,Business Owner,2316956,Married,Gujarat,Vadodara,Premium Collector,2022-11-09
CUST01000,Amit Chowdhury,32,26-35,Male,IT Professional,1071271,Married,Delhi,South Delhi,Enthusiast,2024-03-23
CUST01001,Pranav Kumar,20,18-25,Male,Student,417037,Single,Punjab,Ludhiana,Daily Commuter,2023-11-08
CUST01002,Lakshmi Shah,38,36-45,Female,Government Employee,532398,Married,Rajasthan,Jodhpur,Premium Collector,2021-02-05
CUST01003,Lokesh Kumar,30,26-35,Male,Business Owner,1725276,Married,Kerala,Kozhikode,First-time Buyer,2021-07-02
CUST01004,Siddharth Chowdhury,20,18-25,Male,IT Professional,1024268,Married,Madhya Pradesh,Jabalpur,Enthusiast,2022-09-13
CUST01005,Ashok Mehta,32,26-35,Male,Engineer,1318737,Single,Tamil Nadu,Salem,Touring / Adventure,2025-08-07
CUST01006,Prakash Kulkarni,31,26-35,Male,Engineer,1068023,Married,Assam,Silchar,Daily Commuter,2020-09-17
CUST01007,Sanjay Kumar,19,18-25,Male,Government Employee,466608,Single,Chhattisgarh,Bilaspur,Daily Commuter,2023-10-31
CUST01008,Harish Gowda,31,26-35,Male,Healthcare Professional,1462205,Married,Maharashtra,Aurangabad,Enthusiast,2023-02-05
CUST01009,Ashok Mishra,52,46-60,Male,Business Owner,1910533,Married,Gujarat,Vadodara,Enthusiast,2021-10-06
CUST01010,Isha Menon,30,26-35,Female,Business Owner,2720562,Married,Tamil Nadu,Chennai,Premium Collector,2021-05-14
CUST01011,Abhishek Patel,27,26-35,Male,Banker / Finance,1718074,Married,Tamil Nadu,Madurai,Enthusiast,2023-02-18
CUST01012,Nikhil Deshmukh,25,18-25,Male,Engineer,843095,Married,Andhra Pradesh,Vijayawada,Daily Commuter,2024-08-10
CUST01013,Karthik Rao,33,26-35,Male,Government Employee,1302990,Married,Andhra Pradesh,Guntur,Enthusiast,2023-02-15
CUST01014,Radhika Verma,23,18-25,Female,Student,446334,Single,Kerala,Kochi,Daily Commuter,2020-07-05
CUST01015,Karthik Das,28,26-35,Male,Government Employee,858666,Married,Andhra Pradesh,Vijayawada,Touring / Adventure,2022-07-17
CUST01016,Sunita Pandey,29,26-35,Female,IT Professional,673572,Married,Telangana,Hyderabad,Daily Commuter,2023-11-17
CUST01017,Karthik Banerjee,28,26-35,Male,Government Employee,1466363,Single,Delhi,South Delhi,Enthusiast,2024-03-09
CUST01018,Sneha Mehta,29,26-35,Female,Defense Personnel,864198,Married,Kerala,Thiruvananthapuram,First-time Buyer,2021-12-14
CUST01019,Ashok Das,31,26-35,Male,IT Professional,1334020,Single,Punjab,Jalandhar,Daily Commuter,2020-07-19
CUST01020,Prakash Verma,45,36-45,Male,Healthcare Professional,1538455,Married,Haryana,Faridabad,Enthusiast,2021-05-25
CUST01021,Dev Joshi,44,36-45,Male,Student,479235,Married,Uttar Pradesh,Noida,Premium Collector,2022-12-09
CUST01022,Sachin Mishra,39,36-45,Male,IT Professional,1040024,Single,Madhya Pradesh,Bhopal,Premium Collector,2021-09-17
CUST01023,Manish Shah,63,60+,Male,Business Owner,3174284,Married,Kerala,Kollam,Premium Collector,2023-12-19
CUST01024,Dinesh Patel,56,46-60,Male,IT Professional,1932596,Single,Maharashtra,Nagpur,First-time Buyer,2022-09-29
CUST01025,Ganesh Bhat,30,26-35,Male,Healthcare Professional,726478,Married,Odisha,Cuttack,Enthusiast,2026-04-08
CUST01026,Isha Shetty,23,18-25,Female,Business Owner,2483143,Single,Madhya Pradesh,Ujjain,Touring / Adventure,2024-06-23
CUST01027,Ramesh Mehta,37,36-45,Male,IT Professional,1267776,Married,Jharkhand,Jamshedpur,Touring / Adventure,2020-10-02
CUST01028,Manoj Agarwal,27,26-35,Male,Business Owner,3188972,Single,Karnataka,Hubballi,Touring / Adventure,2024-03-19
CUST01029,Rahul Pillai,44,36-45,Male,IT Professional,2284910,Married,Punjab,Chandigarh,Premium Collector,2021-11-22
CUST01030,Manish Mehta,18,18-25,Male,Defense Personnel,494167,Single,Jharkhand,Jamshedpur,Enthusiast,2026-05-30
CUST01031,Manoj Gowda,33,26-35,Male,Engineer,1597271,Married,Jharkhand,Jamshedpur,Enthusiast,2025-07-02
CUST01032,Pooja Gupta,28,26-35,Female,IT Professional,1311183,Married,Odisha,Bhubaneswar,Daily Commuter,2025-04-30
CUST01033,Lokesh Joshi,21,18-25,Male,Government Employee,1251597,Single,Kerala,Thiruvananthapuram,First-time Buyer,2025-09-30
CUST01034,Yash Patel,21,18-25,Male,IT Professional,2366147,Single,Delhi,South Delhi,Touring / Adventure,2024-03-28
CUST01035,Siddharth Pillai,25,18-25,Male,Business Owner,3154105,Single,Chhattisgarh,Bilaspur,Premium Collector,2024-11-17
CUST01036,Vikram Pillai,43,36-45,Male,IT Professional,2311728,Married,Delhi,South Delhi,Touring / Adventure,2020-05-18
CUST01037,Yash Verma,32,26-35,Male,Engineer,578926,Married,Kerala,Thrissur,Premium Collector,2026-05-03
CUST01038,Nikhil Chowdhury,27,26-35,Male,IT Professional,2059503,Married,Andhra Pradesh,Tirupati,Premium Collector,2024-02-28
CUST01039,Aarav Patel,23,18-25,Male,Business Owner,1665578,Single,Maharashtra,Aurangabad,Enthusiast,2023-07-10
CUST01040,Yash Gowda,24,18-25,Male,Self-Employed / Freelancer,948877,Married,Uttar Pradesh,Ghaziabad,Daily Commuter,2023-06-13
CUST01041,Arjun Pandey,52,46-60,Male,Government Employee,958471,Single,Haryana,Gurugram,Daily Commuter,2025-01-20
CUST01042,Sanjay Deshmukh,22,18-25,Male,IT Professional,1844284,Single,Uttar Pradesh,Lucknow,First-time Buyer,2025-05-07
CUST01043,Rahul Pillai,48,46-60,Male,Self-Employed / Freelancer,1597488,Married,Karnataka,Bengaluru,Touring / Adventure,2021-04-16
CUST01044,Anita Das,30,26-35,Female,Defense Personnel,832850,Married,Punjab,Jalandhar,First-time Buyer,2021-06-24
CUST01045,Kavya Verma,26,26-35,Female,Healthcare Professional,2300133,Single,Telangana,Karimnagar,Touring / Adventure,2022-07-04
CUST01046,Aditya Kumar,23,18-25,Male,Banker / Finance,1249019,Married,Gujarat,Bhavnagar,Daily Commuter,2024-05-23
CUST01047,Yash Shetty,52,46-60,Male,Government Employee,594251,Married,Madhya Pradesh,Gwalior,Touring / Adventure,2022-02-13
CUST01048,Vivek Kulkarni,47,46-60,Male,Engineer,600784,Single,Uttar Pradesh,Ghaziabad,First-time Buyer,2022-02-19
CUST01049,Meera Mehta,26,26-35,Female,IT Professional,1452654,Married,Gujarat,Ahmedabad,Enthusiast,2022-08-08
CUST01050,Lokesh Banerjee,36,36-45,Male,Self-Employed / Freelancer,1058070,Married,Telangana,Karimnagar,Touring / Adventure,2023-02-23
CUST01051,Anand Kumar,19,18-25,Male,Business Owner,957453,Single,Odisha,Cuttack,First-time Buyer,2022-07-24
CUST01052,Ashok Verma,28,26-35,Male,Business Owner,2680959,Single,Tamil Nadu,Madurai,Premium Collector,2021-06-30
CUST01053,Karthik Gowda,26,26-35,Male,Engineer,726087,Married,Delhi,West Delhi,Enthusiast,2022-06-17
CUST01054,Lokesh Chowdhury,37,36-45,Male,Business Owner,844904,Married,Karnataka,Belagavi,Enthusiast,2025-05-13
CUST01055,Abhishek Mishra,29,26-35,Male,IT Professional,764085,Single,Karnataka,Mangaluru,Premium Collector,2026-03-27
CUST01056,Suresh Patel,21,18-25,Male,Engineer,1461444,Single,Gujarat,Vadodara,Enthusiast,2020-03-08
CUST01057,Manish Patel,20,18-25,Male,Healthcare Professional,2434710,Married,Haryana,Gurugram,Touring / Adventure,2026-02-16
CUST01058,Dev Das,31,26-35,Male,Healthcare Professional,1467040,Single,Assam,Guwahati,Daily Commuter,2026-01-27
CUST01059,Naveen Kumar,25,18-25,Male,Business Owner,968205,Single,Gujarat,Vadodara,Daily Commuter,2023-11-06
CUST01060,Siddharth Shah,22,18-25,Male,IT Professional,1802514,Single,Jharkhand,Jamshedpur,Daily Commuter,2021-02-12
CUST01061,Deepak Verma,19,18-25,Male,Business Owner,3118606,Single,Assam,Guwahati,Touring / Adventure,2020-10-29
CUST01062,Anand Das,26,26-35,Male,Government Employee,978103,Married,Karnataka,Mangaluru,Touring / Adventure,2021-03-24
CUST01063,Nikhil Patel,20,18-25,Male,Engineer,881236,Single,Madhya Pradesh,Gwalior,Enthusiast,2021-09-04
CUST01064,Dinesh Patel,40,36-45,Male,IT Professional,1009571,Single,Andhra Pradesh,Visakhapatnam,Touring / Adventure,2022-03-11
CUST01065,Siddharth Menon,36,36-45,Male,Engineer,1756656,Married,Jharkhand,Ranchi,Enthusiast,2025-03-18
CUST01066,Manish Sharma,35,26-35,Male,IT Professional,2206604,Single,Kerala,Thiruvananthapuram,Touring / Adventure,2025-01-09
CUST01067,Nikhil Kulkarni,38,36-45,Male,Business Owner,1924104,Married,Rajasthan,Jodhpur,Daily Commuter,2021-11-29
CUST01068,Abhishek Pillai,26,26-35,Male,IT Professional,2297689,Married,Andhra Pradesh,Vijayawada,Touring / Adventure,2026-06-03
CUST01069,Manish Kumar,22,18-25,Male,IT Professional,1266361,Single,Gujarat,Vadodara,First-time Buyer,2024-11-20
CUST01070,Karthik Shetty,28,26-35,Male,Student,361205,Married,Jharkhand,Jamshedpur,Daily Commuter,2022-11-27
CUST01071,Aditya Shetty,23,18-25,Male,Engineer,584824,Single,Maharashtra,Mumbai,Daily Commuter,2022-07-08
CUST01072,Manish Gupta,38,36-45,Male,Business Owner,2041818,Married,West Bengal,Durgapur,Touring / Adventure,2026-01-13
CUST01073,Manoj Bhat,43,36-45,Male,IT Professional,1822323,Married,Andhra Pradesh,Tirupati,Daily Commuter,2026-01-09
CUST01074,Vikram Menon,20,18-25,Male,Student,590010,Married,Goa,Panaji,Daily Commuter,2025-05-21
CUST01075,Vivek Banerjee,42,36-45,Male,Defense Personnel,524520,Married,Jharkhand,Dhanbad,Enthusiast,2022-01-08
CUST01076,Karthik Shah,24,18-25,Male,Business Owner,1068283,Single,Tamil Nadu,Madurai,Daily Commuter,2025-12-18
CUST01077,Ganesh Menon,25,18-25,Male,Banker / Finance,1486406,Single,Punjab,Ludhiana,Daily Commuter,2023-02-11
CUST01078,Dev Shetty,20,18-25,Male,IT Professional,1505950,Single,Tamil Nadu,Chennai,Daily Commuter,2021-11-19
CUST01079,Anand Sharma,23,18-25,Male,Business Owner,1204168,Single,Delhi,North Delhi,First-time Buyer,2022-01-05
CUST01080,Rohan Bhat,57,46-60,Male,Healthcare Professional,1416874,Married,Tamil Nadu,Salem,Touring / Adventure,2020-09-12
CUST01081,Harish Bhat,58,46-60,Male,Healthcare Professional,1443693,Single,Odisha,Rourkela,First-time Buyer,2025-08-16
CUST01082,Dinesh Mehta,29,26-35,Male,Government Employee,1294083,Married,Tamil Nadu,Coimbatore,Enthusiast,2024-11-12
CUST01083,Dev Sharma,38,36-45,Male,IT Professional,1073136,Married,Gujarat,Surat,Enthusiast,2026-01-23
CUST01084,Vaishnavi Rao,43,36-45,Female,IT Professional,1600070,Married,Tamil Nadu,Chennai,Daily Commuter,2025-05-29
CUST01085,Dev Shetty,18,18-25,Male,Government Employee,660661,Married,Haryana,Panipat,First-time Buyer,2020-11-03
CUST01086,Prakash Gowda,32,26-35,Male,Business Owner,3288987,Married,Telangana,Nizamabad,Touring / Adventure,2026-01-25
CUST01087,Abhishek Mehta,36,36-45,Male,Business Owner,2474591,Married,Gujarat,Rajkot,Touring / Adventure,2023-12-20
CUST01088,Dev Kumar,33,26-35,Male,Engineer,840803,Married,Delhi,New Delhi,Touring / Adventure,2024-11-17
CUST01089,Aarav Mishra,25,18-25,Male,Business Owner,2793047,Single,Punjab,Ludhiana,Touring / Adventure,2023-06-01
CUST01090,Naveen Pillai,33,26-35,Male,Government Employee,1093812,Married,Rajasthan,Jodhpur,Daily Commuter,2023-12-12
CUST01091,Siddharth Kulkarni,44,36-45,Male,Healthcare Professional,1172046,Married,West Bengal,Kolkata,Daily Commuter,2025-02-20
CUST01092,Yash Reddy,24,18-25,Male,Business Owner,3250647,Single,Haryana,Gurugram,Premium Collector,2020-02-10
CUST01093,Manish Mehta,41,36-45,Male,Self-Employed / Freelancer,743988,Married,Tamil Nadu,Coimbatore,Enthusiast,2024-06-27
CUST01094,Anand Sharma,30,26-35,Male,IT Professional,1064392,Married,Chhattisgarh,Raipur,Touring / Adventure,2022-02-17
CUST01095,Anita Iyer,30,26-35,Female,Defense Personnel,674634,Single,Gujarat,Ahmedabad,Touring / Adventure,2024-08-30
CUST01096,Pooja Sharma,20,18-25,Female,IT Professional,2025344,Single,Kerala,Thrissur,Touring / Adventure,2024-07-09
CUST01097,Abhishek Shetty,21,18-25,Male,Business Owner,3171179,Single,Goa,Panaji,Enthusiast,2023-04-20
CUST01098,Anand Banerjee,25,18-25,Male,Banker / Finance,623231,Single,Odisha,Rourkela,First-time Buyer,2021-05-18
CUST01099,Sanjay Menon,55,46-60,Male,Business Owner,1950324,Married,Karnataka,Belagavi,Touring / Adventure,2024-06-29
CUST01100,Ashok Patel,22,18-25,Male,Banker / Finance,1831950,Single,Maharashtra,Nagpur,First-time Buyer,2024-10-08
CUST01101,Nikhil Patel,19,18-25,Male,Government Employee,1068440,Single,Andhra Pradesh,Vijayawada,First-time Buyer,2023-06-12
CUST01102,Dinesh Menon,31,26-35,Male,Business Owner,1204284,Single,Bihar,Patna,Daily Commuter,2023-07-04
CUST01103,Deepak Kumar,22,18-25,Male,Healthcare Professional,936376,Single,West Bengal,Kolkata,First-time Buyer,2022-01-27
CUST01104,Divya Shah,29,26-35,Female,Business Owner,1935397,Married,Chhattisgarh,Raipur,Touring / Adventure,2023-11-20
CUST01105,Vivek Bhat,23,18-25,Male,Healthcare Professional,1286963,Single,Odisha,Cuttack,First-time Buyer,2021-04-18
CUST01106,Riya Das,23,18-25,Female,Banker / Finance,1659588,Married,Assam,Guwahati,First-time Buyer,2021-01-14
CUST01107,Prakash Menon,33,26-35,Male,Business Owner,1392009,Married,Odisha,Bhubaneswar,Touring / Adventure,2023-04-26
CUST01108,Prakash Singh,35,26-35,Male,Business Owner,3329310,Married,Jharkhand,Ranchi,Premium Collector,2025-09-22
CUST01109,Rajesh Reddy,39,36-45,Male,IT Professional,1021609,Married,Kerala,Kochi,Premium Collector,2022-01-16
CUST01110,Amit Banerjee,44,36-45,Male,Engineer,1239511,Single,Maharashtra,Nagpur,Daily Commuter,2022-03-15
CUST01111,Manoj Patel,27,26-35,Male,Business Owner,2170340,Single,Madhya Pradesh,Bhopal,Enthusiast,2022-07-16
CUST01112,Vijay Verma,34,26-35,Male,Government Employee,844246,Married,Uttar Pradesh,Varanasi,Daily Commuter,2025-05-16
CUST01113,Dinesh Patel,24,18-25,Male,Business Owner,3264827,Single,Maharashtra,Nashik,Enthusiast,2024-10-27
CUST01114,Yash Verma,26,26-35,Male,Business Owner,1755777,Married,Telangana,Nizamabad,Premium Collector,2023-10-26
CUST01115,Deepak Bhat,24,18-25,Male,Business Owner,1961551,Single,Madhya Pradesh,Ujjain,Daily Commuter,2023-05-03
CUST01116,Prakash Pillai,38,36-45,Male,Banker / Finance,1239110,Married,Maharashtra,Mumbai,Daily Commuter,2025-10-30
CUST01117,Ganesh Pillai,38,36-45,Male,Engineer,1629973,Married,Jharkhand,Jamshedpur,First-time Buyer,2023-05-10
CUST01118,Pranav Shetty,43,36-45,Male,Engineer,1050905,Single,Haryana,Faridabad,Touring / Adventure,2022-04-24
CUST01119,Manish Banerjee,37,36-45,Male,Government Employee,890234,Married,Kerala,Kozhikode,Touring / Adventure,2026-01-05
CUST01120,Deepak Pillai,21,18-25,Male,Student,438227,Single,Tamil Nadu,Chennai,Daily Commuter,2026-06-04
CUST01121,Manish Singh,33,26-35,Male,Engineer,1391762,Single,Gujarat,Vadodara,Enthusiast,2024-03-10
CUST01122,Vivek Agarwal,18,18-25,Male,Government Employee,491891,Single,Punjab,Patiala,First-time Buyer,2022-09-14
CUST01123,Deepak Sharma,65,60+,Male,Business Owner,2121831,Married,West Bengal,Kolkata,Touring / Adventure,2020-06-22
CUST01124,Vivek Bhat,34,26-35,Male,Banker / Finance,1177754,Married,Andhra Pradesh,Guntur,Enthusiast,2020-10-12
CUST01125,Sunita Pandey,25,18-25,Female,Engineer,955151,Single,Madhya Pradesh,Ujjain,Daily Commuter,2024-06-30
CUST01126,Rahul Joshi,35,26-35,Male,Engineer,1402198,Married,Uttar Pradesh,Ghaziabad,Daily Commuter,2022-10-05
CUST01127,Yash Kulkarni,24,18-25,Male,Business Owner,1285239,Single,Uttar Pradesh,Ghaziabad,First-time Buyer,2020-06-23
CUST01128,Vijay Rao,38,36-45,Male,Engineer,1384629,Single,Uttar Pradesh,Varanasi,Daily Commuter,2023-11-06
CUST01129,Ritu Patel,40,36-45,Female,Government Employee,610523,Married,Gujarat,Ahmedabad,Touring / Adventure,2025-03-06
CUST01130,Riya Shetty,31,26-35,Female,Business Owner,2365754,Single,Madhya Pradesh,Jabalpur,Premium Collector,2026-04-13
CUST01131,Karan Das,26,26-35,Male,Business Owner,2935362,Single,Haryana,Gurugram,Touring / Adventure,2023-01-13
CUST01132,Rajesh Pillai,29,26-35,Male,IT Professional,1638713,Married,Andhra Pradesh,Visakhapatnam,Touring / Adventure,2021-12-10
CUST01133,Sanjay Gowda,25,18-25,Male,Defense Personnel,1271532,Single,Jharkhand,Ranchi,Daily Commuter,2025-02-01
CUST01134,Suresh Singh,39,36-45,Male,Student,381409,Single,Kerala,Thrissur,First-time Buyer,2023-01-14
CUST01135,Amit Reddy,54,46-60,Male,Engineer,931062,Married,Goa,Panaji,Touring / Adventure,2024-01-11
CUST01136,Pooja Agarwal,29,26-35,Female,Healthcare Professional,1095493,Married,Delhi,West Delhi,Touring / Adventure,2021-04-06
CUST01137,Sneha Reddy,26,26-35,Female,Business Owner,1499856,Single,Haryana,Gurugram,Enthusiast,2021-11-28
CUST01138,Pooja Gupta,18,18-25,Female,Defense Personnel,469504,Single,Rajasthan,Jodhpur,Daily Commuter,2023-01-19
CUST01139,Rahul Patel,31,26-35,Male,IT Professional,1612339,Married,Chhattisgarh,Bilaspur,Enthusiast,2021-08-14
CUST01140,Sanjay Bhat,26,26-35,Male,Defense Personnel,668183,Single,Maharashtra,Mumbai,Daily Commuter,2022-01-20
CUST01141,Deepak Das,28,26-35,Male,Banker / Finance,1904102,Married,Karnataka,Mangaluru,Daily Commuter,2021-03-17
CUST01142,Anand Verma,21,18-25,Male,Business Owner,1010807,Single,Gujarat,Surat,Daily Commuter,2025-01-11
CUST01143,Manish Verma,36,36-45,Male,IT Professional,2283148,Married,Punjab,Chandigarh,Premium Collector,2024-01-16
CUST01144,Aditya Sharma,23,18-25,Male,IT Professional,1110436,Single,Tamil Nadu,Salem,Enthusiast,2020-04-16
CUST01145,Rahul Gowda,27,26-35,Male,IT Professional,796134,Married,Chhattisgarh,Raipur,First-time Buyer,2026-05-08
CUST01146,Vijay Das,19,18-25,Male,Healthcare Professional,1764874,Single,Rajasthan,Jaipur,Daily Commuter,2021-04-03
CUST01147,Ganesh Pillai,34,26-35,Other,Business Owner,2507343,Married,Telangana,Karimnagar,Enthusiast,2023-05-20
CUST01148,Karan Patel,23,18-25,Male,Business Owner,1700407,Married,Haryana,Panipat,Daily Commuter,2021-08-04
CUST01149,Shreya Agarwal,40,36-45,Female,Engineer,878105,Married,Tamil Nadu,Chennai,Enthusiast,2022-01-18
CUST01150,Abhishek Iyer,19,18-25,Male,Engineer,1129371,Single,Andhra Pradesh,Vijayawada,Enthusiast,2021-07-02
CUST01151,Abhishek Shah,35,26-35,Male,IT Professional,822928,Married,West Bengal,Durgapur,Daily Commuter,2026-01-08
CUST01152,Deepak Patel,42,36-45,Male,Healthcare Professional,2434864,Married,Maharashtra,Thane,Touring / Adventure,2025-10-05
CUST01153,Karan Reddy,32,26-35,Male,Business Owner,2713384,Married,Madhya Pradesh,Ujjain,Touring / Adventure,2024-11-30
CUST01154,Lakshmi Gupta,35,26-35,Female,Engineer,679839,Married,Delhi,North Delhi,Enthusiast,2026-05-28
CUST01155,Pranav Kulkarni,29,26-35,Male,Engineer,1067109,Married,Delhi,North Delhi,Daily Commuter,2021-04-25
CUST01156,Lokesh Iyer,22,18-25,Male,Self-Employed / Freelancer,817966,Single,Rajasthan,Udaipur,Daily Commuter,2021-08-30
CUST01157,Sneha Iyer,18,18-25,Female,Engineer,1290423,Single,Uttar Pradesh,Ghaziabad,Daily Commuter,2024-07-09
CUST01158,Ganesh Gowda,44,36-45,Male,Engineer,688704,Married,Punjab,Patiala,Daily Commuter,2020-01-11
CUST01159,Deepak Kulkarni,20,18-25,Male,Engineer,1720484,Single,Maharashtra,Mumbai,Daily Commuter,2020-07-02
CUST01160,Yash Menon,34,26-35,Male,IT Professional,648355,Single,Madhya Pradesh,Ujjain,Daily Commuter,2022-06-16
CUST01161,Ganesh Singh,33,26-35,Male,IT Professional,793917,Married,Maharashtra,Thane,Touring / Adventure,2022-11-27
CUST01162,Karthik Mishra,36,36-45,Male,Government Employee,593473,Married,Andhra Pradesh,Tirupati,Touring / Adventure,2023-02-11
CUST01163,Aditya Chowdhury,32,26-35,Male,Government Employee,1023231,Single,Uttar Pradesh,Noida,Daily Commuter,2020-08-07
CUST01164,Karan Nair,28,26-35,Male,IT Professional,888930,Married,Madhya Pradesh,Ujjain,Daily Commuter,2023-03-29
CUST01165,Kavya Kulkarni,44,36-45,Female,Engineer,1181074,Single,Andhra Pradesh,Guntur,Enthusiast,2024-01-08
CUST01166,Pranav Deshmukh,22,18-25,Male,Business Owner,1468867,Single,Maharashtra,Thane,Enthusiast,2026-03-09
CUST01167,Dev Bhat,37,36-45,Male,Self-Employed / Freelancer,1125513,Married,Karnataka,Mysuru,Touring / Adventure,2024-06-16
CUST01168,Amit Verma,35,26-35,Male,Business Owner,1025578,Married,Maharashtra,Thane,Enthusiast,2021-08-10
CUST01169,Aditya Gupta,20,18-25,Male,IT Professional,661583,Single,Haryana,Gurugram,Enthusiast,2024-03-12
CUST01170,Manoj Deshmukh,40,36-45,Male,Self-Employed / Freelancer,1040599,Married,Telangana,Karimnagar,Premium Collector,2024-09-12
CUST01171,Radhika Menon,26,26-35,Female,IT Professional,1646941,Married,Odisha,Rourkela,Premium Collector,2023-06-20
CUST01172,Karthik Nair,31,26-35,Male,Business Owner,1509160,Married,Odisha,Cuttack,Touring / Adventure,2021-05-31
CUST01173,Shreya Patel,36,36-45,Female,Defense Personnel,806246,Single,Uttar Pradesh,Kanpur,Premium Collector,2021-06-16
CUST01174,Arjun Gowda,44,36-45,Male,Business Owner,3415338,Married,Andhra Pradesh,Guntur,Enthusiast,2021-10-15
CUST01175,Rahul Joshi,42,36-45,Male,Business Owner,3172404,Married,Bihar,Muzaffarpur,Enthusiast,2021-05-29
CUST01176,Sanjay Pandey,36,36-45,Male,Defense Personnel,974288,Married,West Bengal,Durgapur,Enthusiast,2023-10-09
CUST01177,Manoj Nair,41,36-45,Male,IT Professional,1438167,Married,Rajasthan,Jaipur,First-time Buyer,2020-12-26
CUST01178,Dev Mehta,29,26-35,Male,Engineer,505287,Single,Karnataka,Belagavi,Enthusiast,2022-07-12
CUST01179,Siddharth Banerjee,27,26-35,Male,Business Owner,897304,Single,Uttar Pradesh,Kanpur,Daily Commuter,2020-03-15
CUST01180,Dev Singh,28,26-35,Male,Government Employee,1035033,Married,Kerala,Kollam,Enthusiast,2020-04-30
CUST01181,Harish Verma,44,36-45,Male,IT Professional,898377,Married,Assam,Silchar,Daily Commuter,2020-08-27
CUST01182,Anand Shah,45,36-45,Male,Government Employee,553806,Married,Rajasthan,Jaipur,Enthusiast,2020-02-24
CUST01183,Ramesh Singh,27,26-35,Male,Engineer,1663449,Married,Gujarat,Ahmedabad,First-time Buyer,2024-05-08
CUST01184,Kavya Mishra,35,26-35,Female,Government Employee,1047468,Single,Andhra Pradesh,Guntur,First-time Buyer,2023-09-08
CUST01185,Ananya Shetty,19,18-25,Female,Engineer,750357,Single,Gujarat,Rajkot,Daily Commuter,2024-12-22
CUST01186,Aarav Das,45,36-45,Male,Engineer,1371370,Married,Andhra Pradesh,Vijayawada,Touring / Adventure,2025-09-28
CUST01187,Ramesh Kumar,29,26-35,Male,Business Owner,2817970,Married,Punjab,Patiala,Touring / Adventure,2025-06-10
CUST01188,Rajesh Verma,44,36-45,Male,IT Professional,2274091,Married,Delhi,West Delhi,Touring / Adventure,2026-02-26
CUST01189,Abhishek Chowdhury,26,26-35,Male,Business Owner,1366035,Married,Assam,Dibrugarh,Premium Collector,2021-10-26
CUST01190,Isha Kulkarni,32,26-35,Female,Healthcare Professional,1788764,Married,Punjab,Jalandhar,Enthusiast,2024-12-17
CUST01191,Abhishek Gupta,37,36-45,Male,Banker / Finance,1314783,Married,Telangana,Karimnagar,Enthusiast,2020-08-12
CUST01192,Lokesh Menon,46,46-60,Male,IT Professional,1363318,Married,Kerala,Kochi,Touring / Adventure,2021-10-03
CUST01193,Rahul Shah,35,26-35,Male,Business Owner,2028238,Married,Delhi,New Delhi,Premium Collector,2023-05-19
CUST01194,Vaishnavi Deshmukh,19,18-25,Female,IT Professional,749460,Single,Madhya Pradesh,Gwalior,Daily Commuter,2026-03-03
CUST01195,Sunita Menon,39,36-45,Female,IT Professional,1753330,Married,Andhra Pradesh,Visakhapatnam,Daily Commuter,2021-04-30
CUST01196,Priya Das,38,36-45,Female,Government Employee,1340212,Single,Punjab,Patiala,Daily Commuter,2022-10-07
CUST01197,Vivek Agarwal,58,46-60,Male,Banker / Finance,1241044,Single,Punjab,Chandigarh,Enthusiast,2024-03-04
CUST01198,Suresh Banerjee,31,26-35,Male,Student,361957,Single,Andhra Pradesh,Guntur,Enthusiast,2024-04-19
CUST01199,Siddharth Pandey,32,26-35,Male,Engineer,796424,Married,Maharashtra,Pune,Daily Commuter,2020-04-21
CUST01200,Anand Banerjee,41,36-45,Male,Engineer,982093,Married,Karnataka,Bengaluru,Enthusiast,2025-06-16
CUST01201,Rajesh Banerjee,43,36-45,Male,Engineer,1180143,Married,Kerala,Kollam,Daily Commuter,2021-10-25
CUST01202,Yash Nair,24,18-25,Male,Engineer,1129685,Married,Madhya Pradesh,Indore,First-time Buyer,2022-10-23
CUST01203,Naveen Shetty,38,36-45,Male,Defense Personnel,1388890,Married,Chhattisgarh,Bhilai,Premium Collector,2024-06-30
CUST01204,Karan Joshi,44,36-45,Male,Government Employee,1302360,Single,Andhra Pradesh,Vijayawada,Touring / Adventure,2025-10-18
CUST01205,Deepika Kulkarni,36,36-45,Female,Defense Personnel,672323,Married,Andhra Pradesh,Vijayawada,Touring / Adventure,2021-08-16
CUST01206,Lokesh Agarwal,31,26-35,Male,Business Owner,837054,Married,Andhra Pradesh,Tirupati,Daily Commuter,2020-08-24
CUST01207,Vijay Gowda,25,18-25,Male,Healthcare Professional,815851,Single,Odisha,Bhubaneswar,First-time Buyer,2022-01-11
CUST01208,Harish Agarwal,39,36-45,Male,IT Professional,1949443,Married,Gujarat,Ahmedabad,Enthusiast,2020-11-03
CUST01209,Sneha Shetty,25,18-25,Female,IT Professional,2234599,Single,Chhattisgarh,Raipur,Premium Collector,2023-03-29
CUST01210,Harish Pillai,41,36-45,Male,Student,352061,Married,Karnataka,Mangaluru,Enthusiast,2022-01-08
CUST01211,Aarav Singh,42,36-45,Male,IT Professional,1745815,Married,Jharkhand,Jamshedpur,Daily Commuter,2020-03-20
CUST01212,Divya Kulkarni,33,26-35,Female,Student,426337,Married,Odisha,Rourkela,Enthusiast,2025-02-22
CUST01213,Sanjay Kulkarni,27,26-35,Male,Engineer,1006810,Single,Andhra Pradesh,Visakhapatnam,Daily Commuter,2026-04-24
CUST01214,Harish Mishra,30,26-35,Male,Government Employee,1131679,Married,Delhi,New Delhi,Touring / Adventure,2022-07-10
CUST01215,Manish Mishra,25,18-25,Male,Engineer,1312891,Single,Assam,Guwahati,First-time Buyer,2026-04-25
CUST01216,Anand Kumar,43,36-45,Male,Engineer,848555,Married,Bihar,Muzaffarpur,Daily Commuter,2022-04-21
CUST01217,Sachin Gowda,26,26-35,Male,Engineer,1131982,Single,Uttar Pradesh,Lucknow,Touring / Adventure,2024-01-28
CUST01218,Aditya Patel,34,26-35,Male,Healthcare Professional,1420402,Married,Gujarat,Rajkot,Enthusiast,2020-11-14
CUST01219,Ritu Rao,54,46-60,Female,Government Employee,813547,Single,Delhi,South Delhi,Premium Collector,2022-10-09
CUST01220,Aarav Patel,37,36-45,Male,Banker / Finance,1244964,Married,Karnataka,Bengaluru,Enthusiast,2022-07-15
CUST01221,Ritu Iyer,42,36-45,Female,Healthcare Professional,1894693,Married,Odisha,Rourkela,Touring / Adventure,2022-10-02
CUST01222,Manish Menon,21,18-25,Male,Healthcare Professional,811787,Single,Telangana,Nizamabad,Enthusiast,2022-08-02
CUST01223,Sanjay Mishra,22,18-25,Male,Healthcare Professional,2347614,Single,Punjab,Chandigarh,Enthusiast,2021-04-27
CUST01224,Suresh Kulkarni,27,26-35,Male,Business Owner,1075005,Single,Kerala,Thrissur,Enthusiast,2023-01-03
CUST01225,Rahul Chowdhury,23,18-25,Male,Engineer,980415,Single,Bihar,Gaya,First-time Buyer,2024-06-29
CUST01226,Manoj Nair,31,26-35,Male,Business Owner,2406817,Married,Telangana,Karimnagar,Touring / Adventure,2024-10-09
CUST01227,Rajesh Sharma,48,46-60,Male,Business Owner,1376417,Married,Kerala,Thiruvananthapuram,Enthusiast,2021-03-09
CUST01228,Rajesh Iyer,23,18-25,Male,Defense Personnel,505242,Single,Gujarat,Ahmedabad,First-time Buyer,2020-07-21
CUST01229,Naveen Das,53,46-60,Male,Business Owner,1854130,Single,Gujarat,Surat,Premium Collector,2025-08-17
CUST01230,Sachin Shetty,37,36-45,Male,Student,429301,Single,Maharashtra,Nagpur,Daily Commuter,2024-11-02
CUST01231,Dinesh Pillai,29,26-35,Male,Self-Employed / Freelancer,1301771,Married,Gujarat,Bhavnagar,First-time Buyer,2020-08-22
CUST01232,Prakash Shah,32,26-35,Male,Engineer,1253459,Single,Odisha,Bhubaneswar,Enthusiast,2026-01-26
CUST01233,Vivek Shah,24,18-25,Male,Engineer,1334453,Single,Gujarat,Vadodara,Daily Commuter,2024-01-24
CUST01234,Rahul Mishra,31,26-35,Male,Engineer,861996,Married,Delhi,South Delhi,Enthusiast,2021-03-11
CUST01235,Abhishek Agarwal,28,26-35,Male,IT Professional,2194840,Married,Kerala,Kollam,Touring / Adventure,2021-01-06
CUST01236,Meera Pandey,29,26-35,Female,IT Professional,624001,Single,Uttar Pradesh,Lucknow,Daily Commuter,2024-12-21
CUST01237,Lokesh Kulkarni,59,46-60,Male,Business Owner,1614556,Married,Maharashtra,Nagpur,First-time Buyer,2020-06-10
CUST01238,Rajesh Gowda,19,18-25,Male,Defense Personnel,964913,Single,Punjab,Chandigarh,First-time Buyer,2025-03-14
CUST01239,Rajesh Kulkarni,18,18-25,Male,Engineer,578164,Single,Rajasthan,Jaipur,First-time Buyer,2024-09-08
CUST01240,Anita Das,42,36-45,Female,Defense Personnel,771183,Married,Maharashtra,Mumbai,Daily Commuter,2025-03-11
CUST01241,Sanjay Deshmukh,42,36-45,Male,Government Employee,881145,Single,Telangana,Hyderabad,Touring / Adventure,2021-04-14
CUST01242,Sachin Menon,40,36-45,Male,Business Owner,1957719,Single,Karnataka,Mysuru,Enthusiast,2022-03-16
CUST01243,Prakash Das,41,36-45,Male,Defense Personnel,842488,Single,Odisha,Rourkela,Touring / Adventure,2023-04-12
CUST01244,Amit Nair,24,18-25,Male,Engineer,541466,Married,Rajasthan,Jodhpur,Daily Commuter,2026-05-01
CUST01245,Vikram Shah,20,18-25,Male,Business Owner,1921217,Single,Rajasthan,Jodhpur,First-time Buyer,2023-01-05
CUST01246,Yash Pandey,34,26-35,Male,Defense Personnel,411303,Married,Uttar Pradesh,Ghaziabad,Touring / Adventure,2024-02-23
CUST01247,Dinesh Mishra,32,26-35,Male,Engineer,914942,Married,Haryana,Panipat,Enthusiast,2020-02-19
CUST01248,Ananya Gowda,29,26-35,Female,Business Owner,1923724,Married,Assam,Dibrugarh,Touring / Adventure,2022-08-18
CUST01249,Aditya Pandey,18,18-25,Male,Government Employee,554670,Single,Punjab,Ludhiana,Daily Commuter,2023-04-17
CUST01250,Vijay Banerjee,30,26-35,Male,Business Owner,3074286,Single,Delhi,South Delhi,Enthusiast,2022-11-16
CUST01251,Pooja Kumar,29,26-35,Female,Business Owner,1165440,Married,Kerala,Kochi,Touring / Adventure,2026-05-28
CUST01252,Anand Kumar,25,18-25,Male,Engineer,1201542,Single,Tamil Nadu,Coimbatore,Daily Commuter,2026-04-21
CUST01253,Siddharth Rao,42,36-45,Male,IT Professional,1120048,Married,Karnataka,Belagavi,Touring / Adventure,2022-10-03
CUST01254,Harish Das,29,26-35,Male,Healthcare Professional,1204334,Married,Punjab,Chandigarh,Enthusiast,2022-01-21
CUST01255,Ramesh Pillai,27,26-35,Male,Government Employee,1353679,Married,Assam,Silchar,Touring / Adventure,2020-07-10
CUST01256,Rahul Pillai,29,26-35,Male,Government Employee,1459941,Single,Andhra Pradesh,Vijayawada,Touring / Adventure,2023-07-13
CUST01257,Vivek Sharma,35,26-35,Male,IT Professional,1958769,Single,Karnataka,Belagavi,Touring / Adventure,2020-11-14
CUST01258,Harish Mehta,25,18-25,Male,IT Professional,746230,Single,Tamil Nadu,Madurai,Daily Commuter,2020-03-01
CUST01259,Nikhil Mishra,35,26-35,Male,Engineer,1378034,Married,Odisha,Rourkela,Touring / Adventure,2022-08-13
CUST01260,Prakash Agarwal,34,26-35,Male,IT Professional,1831683,Married,Andhra Pradesh,Vijayawada,Enthusiast,2026-01-02
CUST01261,Rohan Gupta,31,26-35,Male,IT Professional,1352442,Single,Uttar Pradesh,Lucknow,Daily Commuter,2024-04-07
CUST01262,Arjun Gowda,34,26-35,Male,Self-Employed / Freelancer,1512543,Married,Haryana,Panipat,Enthusiast,2025-09-30
CUST01263,Sanjay Mehta,26,26-35,Male,Engineer,1368819,Married,Andhra Pradesh,Visakhapatnam,Daily Commuter,2024-03-23
CUST01264,Priya Mehta,27,26-35,Female,Defense Personnel,1346793,Single,Gujarat,Ahmedabad,Daily Commuter,2022-10-31
CUST01265,Nidhi Agarwal,20,18-25,Female,Engineer,597268,Single,Assam,Guwahati,Enthusiast,2021-10-01
CUST01266,Vikram Verma,26,26-35,Male,IT Professional,1943481,Single,Maharashtra,Pune,Daily Commuter,2024-07-05
CUST01267,Manish Gowda,38,36-45,Male,Healthcare Professional,2068387,Single,Andhra Pradesh,Vijayawada,Touring / Adventure,2020-03-19
CUST01268,Vijay Mehta,35,26-35,Male,IT Professional,1478598,Married,Karnataka,Belagavi,Premium Collector,2021-04-05
CUST01269,Dinesh Singh,20,18-25,Male,IT Professional,879904,Single,Maharashtra,Aurangabad,Daily Commuter,2025-02-11
CUST01270,Nikhil Deshmukh,30,26-35,Male,Government Employee,835625,Married,Jharkhand,Ranchi,Premium Collector,2025-06-07
CUST01271,Divya Patel,30,26-35,Female,Business Owner,2510528,Married,Gujarat,Vadodara,Premium Collector,2021-10-01
CUST01272,Pooja Joshi,26,26-35,Female,Business Owner,1046619,Married,Uttar Pradesh,Varanasi,Touring / Adventure,2025-01-12
CUST01273,Siddharth Rao,24,18-25,Male,Business Owner,2582219,Single,Haryana,Karnal,Touring / Adventure,2024-12-05
CUST01274,Sanjay Mehta,42,36-45,Male,Banker / Finance,1696689,Married,Gujarat,Bhavnagar,First-time Buyer,2026-05-23
CUST01275,Suresh Rao,62,60+,Male,Student,410508,Married,Uttar Pradesh,Varanasi,Daily Commuter,2025-03-13
CUST01276,Lokesh Menon,28,26-35,Male,Engineer,865281,Married,Assam,Guwahati,Premium Collector,2022-01-31
CUST01277,Dinesh Patel,20,18-25,Male,Business Owner,1104806,Married,Tamil Nadu,Salem,Daily Commuter,2021-12-25
CUST01278,Abhishek Kulkarni,20,18-25,Male,Business Owner,3118804,Single,Uttar Pradesh,Kanpur,Touring / Adventure,2025-03-15
CUST01279,Naveen Gowda,20,18-25,Male,Business Owner,1524216,Single,Maharashtra,Nashik,Enthusiast,2022-10-08
CUST01280,Pranav Gowda,35,26-35,Male,IT Professional,739457,Married,Assam,Guwahati,Touring / Adventure,2025-03-25
CUST01281,Kavya Gowda,39,36-45,Female,Defense Personnel,991420,Married,Bihar,Muzaffarpur,Enthusiast,2022-04-16
CUST01282,Suresh Iyer,34,26-35,Male,Engineer,1186240,Single,Kerala,Thrissur,Daily Commuter,2021-07-08
CUST01283,Aarav Iyer,26,26-35,Male,IT Professional,1795854,Single,Karnataka,Belagavi,Daily Commuter,2021-02-23
CUST01284,Sachin Bhat,59,46-60,Male,Self-Employed / Freelancer,471209,Married,Bihar,Gaya,Daily Commuter,2021-06-23
CUST01285,Divya Das,29,26-35,Female,IT Professional,1703505,Married,Jharkhand,Ranchi,Premium Collector,2021-09-18
CUST01286,Siddharth Sharma,22,18-25,Male,IT Professional,1072988,Married,Kerala,Thiruvananthapuram,First-time Buyer,2023-07-17
CUST01287,Isha Sharma,33,26-35,Female,IT Professional,1333189,Married,Uttar Pradesh,Lucknow,Enthusiast,2026-06-15
CUST01288,Nikhil Verma,31,26-35,Male,IT Professional,1015814,Married,Kerala,Thiruvananthapuram,Enthusiast,2020-06-14
CUST01289,Nikhil Pandey,30,26-35,Male,Government Employee,1018188,Married,Andhra Pradesh,Vijayawada,Daily Commuter,2025-12-29
CUST01290,Karan Mishra,31,26-35,Male,Engineer,1173925,Married,Jharkhand,Jamshedpur,Touring / Adventure,2020-05-19
CUST01291,Sunita Bhat,57,46-60,Female,IT Professional,1728714,Married,Haryana,Karnal,Daily Commuter,2024-04-19
CUST01292,Sachin Verma,34,26-35,Male,Engineer,665787,Single,Haryana,Faridabad,Daily Commuter,2025-01-24
CUST01293,Harish Mehta,56,46-60,Male,IT Professional,1631582,Single,Andhra Pradesh,Visakhapatnam,Enthusiast,2020-02-16
CUST01294,Aarav Shah,31,26-35,Male,IT Professional,2196225,Married,Chhattisgarh,Raipur,Premium Collector,2020-11-29
CUST01295,Aditya Mehta,42,36-45,Male,Defense Personnel,441844,Married,Bihar,Gaya,Premium Collector,2026-02-06
CUST01296,Sanjay Shetty,18,18-25,Male,Business Owner,3350474,Single,Karnataka,Hubballi,Enthusiast,2024-04-14
CUST01297,Manoj Shah,21,18-25,Male,IT Professional,998193,Single,Andhra Pradesh,Guntur,First-time Buyer,2020-03-25
CUST01298,Vijay Verma,33,26-35,Male,Self-Employed / Freelancer,489255,Married,Delhi,North Delhi,Premium Collector,2021-04-26
CUST01299,Deepak Bhat,29,26-35,Male,Banker / Finance,1367464,Married,Haryana,Faridabad,Daily Commuter,2023-02-03
CUST01300,Anand Iyer,20,18-25,Male,Government Employee,517839,Single,Tamil Nadu,Coimbatore,Daily Commuter,2021-10-12
CUST01301,Vivek Rao,26,26-35,Male,Business Owner,2814304,Single,Karnataka,Bengaluru,Enthusiast,2021-07-17
CUST01302,Neha Gupta,40,36-45,Female,Engineer,1011455,Married,Uttar Pradesh,Lucknow,First-time Buyer,2025-06-13
CUST01303,Lokesh Kumar,28,26-35,Male,IT Professional,1086726,Single,Punjab,Chandigarh,Touring / Adventure,2020-10-28
CUST01304,Vikram Sharma,59,46-60,Male,IT Professional,1414243,Married,Assam,Guwahati,Daily Commuter,2020-07-31
CUST01305,Amit Kulkarni,29,26-35,Male,IT Professional,1713381,Single,Karnataka,Hubballi,Touring / Adventure,2024-10-22
CUST01306,Aarav Gowda,26,26-35,Male,Self-Employed / Freelancer,523107,Single,Maharashtra,Aurangabad,Touring / Adventure,2021-08-09
CUST01307,Aditya Gowda,38,36-45,Male,Engineer,1278100,Married,Madhya Pradesh,Gwalior,Enthusiast,2021-04-04
CUST01308,Nikhil Kulkarni,26,26-35,Male,IT Professional,1571963,Married,Rajasthan,Jodhpur,Premium Collector,2023-08-10
CUST01309,Sanjay Shetty,50,46-60,Male,Business Owner,1996690,Single,Delhi,New Delhi,Daily Commuter,2021-05-24
CUST01310,Ganesh Shah,31,26-35,Male,Healthcare Professional,1886946,Single,Assam,Dibrugarh,Premium Collector,2021-10-04
CUST01311,Preeti Pandey,28,26-35,Female,Business Owner,2508764,Married,Maharashtra,Aurangabad,Enthusiast,2024-07-30
CUST01312,Lokesh Kumar,22,18-25,Male,Engineer,823513,Single,Uttar Pradesh,Kanpur,First-time Buyer,2022-03-16
CUST01313,Arjun Joshi,26,26-35,Male,IT Professional,1083182,Married,Karnataka,Hubballi,Daily Commuter,2021-01-19
CUST01314,Anand Joshi,25,18-25,Male,Business Owner,1677401,Single,Andhra Pradesh,Tirupati,First-time Buyer,2026-05-12
CUST01315,Dinesh Nair,29,26-35,Male,Self-Employed / Freelancer,1380498,Married,Odisha,Cuttack,Touring / Adventure,2021-05-19
CUST01316,Deepak Mishra,32,26-35,Male,Business Owner,2428829,Single,Chhattisgarh,Bhilai,Premium Collector,2023-08-13
CUST01317,Suresh Nair,32,26-35,Male,IT Professional,989515,Single,Maharashtra,Nagpur,First-time Buyer,2020-12-29
CUST01318,Rohan Sharma,35,26-35,Male,Engineer,1007291,Married,Telangana,Karimnagar,Touring / Adventure,2025-05-16
CUST01319,Karan Reddy,40,36-45,Male,Student,434452,Married,Tamil Nadu,Madurai,First-time Buyer,2025-02-27
CUST01320,Nikhil Nair,33,26-35,Male,Defense Personnel,634707,Single,Kerala,Kozhikode,Touring / Adventure,2020-07-10
CUST01321,Nikhil Sharma,30,26-35,Male,IT Professional,2274316,Married,Rajasthan,Jaipur,Premium Collector,2022-05-20
CUST01322,Aishwarya Mehta,45,36-45,Female,IT Professional,2010686,Married,Andhra Pradesh,Tirupati,Enthusiast,2023-09-06
CUST01323,Sunita Iyer,32,26-35,Female,Engineer,1777903,Married,Telangana,Hyderabad,Touring / Adventure,2022-06-24
CUST01324,Aarav Shah,24,18-25,Male,Defense Personnel,1055797,Single,Gujarat,Surat,Enthusiast,2025-07-11
CUST01325,Prakash Reddy,27,26-35,Male,IT Professional,1435559,Married,Bihar,Muzaffarpur,Touring / Adventure,2020-04-25
CUST01326,Pooja Sharma,34,26-35,Female,IT Professional,1888411,Married,Assam,Silchar,Touring / Adventure,2021-07-08
CUST01327,Deepak Agarwal,18,18-25,Male,Engineer,538802,Single,Uttar Pradesh,Noida,First-time Buyer,2024-02-11
CUST01328,Manoj Chowdhury,41,36-45,Male,Business Owner,1470673,Married,Delhi,North Delhi,Enthusiast,2024-07-16
CUST01329,Vijay Mehta,32,26-35,Male,Engineer,1160731,Married,Odisha,Rourkela,Enthusiast,2022-06-10
CUST01330,Sunita Mishra,44,36-45,Female,Government Employee,612291,Married,Assam,Silchar,Daily Commuter,2023-07-14
CUST01331,Aarav Menon,28,26-35,Male,IT Professional,2163010,Married,Maharashtra,Nashik,Enthusiast,2021-02-19
CUST01332,Manish Shah,27,26-35,Male,Business Owner,1854774,Married,Jharkhand,Jamshedpur,Enthusiast,2025-01-18
CUST01333,Manish Kumar,57,46-60,Male,Business Owner,3471666,Married,Assam,Dibrugarh,Touring / Adventure,2025-08-26
CUST01334,Arjun Banerjee,28,26-35,Male,Government Employee,571233,Married,Chhattisgarh,Raipur,Premium Collector,2023-04-03
CUST01335,Anand Kulkarni,29,26-35,Male,Engineer,1705766,Married,Haryana,Panipat,Daily Commuter,2023-08-22
CUST01336,Naveen Gowda,22,18-25,Male,IT Professional,1902112,Married,Goa,Panaji,First-time Buyer,2024-06-05
CUST01337,Anand Bhat,35,26-35,Male,IT Professional,807526,Married,Gujarat,Bhavnagar,Premium Collector,2025-01-15
CUST01338,Lokesh Nair,33,26-35,Male,Defense Personnel,1331625,Married,Haryana,Faridabad,Premium Collector,2021-12-06
CUST01339,Manoj Nair,26,26-35,Male,Engineer,1370160,Single,Jharkhand,Dhanbad,Daily Commuter,2020-08-23
CUST01340,Lokesh Kulkarni,23,18-25,Male,Business Owner,2068930,Single,Madhya Pradesh,Ujjain,Touring / Adventure,2025-04-18
CUST01341,Ananya Kumar,65,60+,Female,IT Professional,2226407,Married,Odisha,Cuttack,Enthusiast,2020-06-20
CUST01342,Naveen Sharma,32,26-35,Male,Student,390339,Single,Madhya Pradesh,Ujjain,Touring / Adventure,2020-09-05
CUST01343,Yash Agarwal,18,18-25,Male,Self-Employed / Freelancer,982960,Single,Madhya Pradesh,Bhopal,First-time Buyer,2026-06-27
CUST01344,Manoj Shetty,43,36-45,Male,Banker / Finance,1757658,Single,Punjab,Chandigarh,First-time Buyer,2023-10-10
CUST01345,Divya Nair,29,26-35,Other,IT Professional,1266418,Single,Andhra Pradesh,Guntur,Enthusiast,2024-03-26
CUST01346,Suresh Menon,35,26-35,Male,Government Employee,1156283,Married,Chhattisgarh,Bhilai,Enthusiast,2024-11-05
CUST01347,Sachin Nair,47,46-60,Male,Government Employee,743416,Married,Rajasthan,Jaipur,Touring / Adventure,2020-03-12
CUST01348,Vikram Kumar,29,26-35,Male,Engineer,1616923,Married,Madhya Pradesh,Gwalior,Touring / Adventure,2021-04-10
CUST01349,Arjun Banerjee,24,18-25,Male,Engineer,770818,Single,Odisha,Cuttack,Daily Commuter,2025-10-30
CUST01350,Sunita Banerjee,22,18-25,Female,Defense Personnel,576491,Married,Karnataka,Belagavi,First-time Buyer,2024-01-16
CUST01351,Dinesh Shah,28,26-35,Male,Engineer,706898,Single,Goa,Panaji,Enthusiast,2020-01-11
CUST01352,Nikhil Pillai,47,46-60,Male,Healthcare Professional,1078863,Married,Assam,Silchar,Enthusiast,2021-08-23
CUST01353,Sneha Iyer,45,36-45,Female,Student,593230,Married,Punjab,Chandigarh,Daily Commuter,2021-08-14
CUST01354,Ramesh Singh,61,60+,Male,Banker / Finance,1028148,Married,Maharashtra,Mumbai,Enthusiast,2024-10-20
CUST01355,Sanjay Pandey,64,60+,Male,Government Employee,994190,Married,Goa,Panaji,Daily Commuter,2023-07-09
CUST01356,Arjun Bhat,18,18-25,Male,Government Employee,1121939,Single,Karnataka,Bengaluru,Daily Commuter,2023-05-24
CUST01357,Dinesh Patel,34,26-35,Male,Engineer,930677,Married,Gujarat,Surat,Premium Collector,2025-05-15
CUST01358,Karthik Rao,24,18-25,Male,Healthcare Professional,1070003,Single,Chhattisgarh,Raipur,First-time Buyer,2026-05-11
CUST01359,Dinesh Shetty,34,26-35,Male,Engineer,1342614,Married,Madhya Pradesh,Jabalpur,First-time Buyer,2020-07-11
CUST01360,Karan Rao,28,26-35,Male,Government Employee,934374,Married,Madhya Pradesh,Ujjain,Touring / Adventure,2024-11-23
CUST01361,Prakash Verma,31,26-35,Male,Engineer,1367729,Single,Delhi,New Delhi,Premium Collector,2022-02-21
CUST01362,Naveen Sharma,39,36-45,Male,Healthcare Professional,1614443,Married,Jharkhand,Ranchi,Daily Commuter,2020-06-23
CUST01363,Vivek Chowdhury,31,26-35,Male,Government Employee,916917,Married,Rajasthan,Jaipur,Daily Commuter,2023-06-28
CUST01364,Vijay Bhat,27,26-35,Male,Engineer,607806,Married,Gujarat,Ahmedabad,Touring / Adventure,2022-07-18
CUST01365,Riya Verma,32,26-35,Female,Defense Personnel,1258925,Single,Telangana,Nizamabad,Touring / Adventure,2020-06-02
CUST01366,Naveen Chowdhury,25,18-25,Male,Self-Employed / Freelancer,959959,Single,Madhya Pradesh,Ujjain,First-time Buyer,2024-08-14
CUST01367,Nidhi Pandey,39,36-45,Female,Business Owner,2050586,Single,Maharashtra,Pune,Touring / Adventure,2021-07-05
CUST01368,Ramesh Reddy,34,26-35,Male,Student,445958,Married,Tamil Nadu,Madurai,Touring / Adventure,2021-08-26
CUST01369,Rajesh Singh,24,18-25,Male,Healthcare Professional,2090104,Single,Bihar,Muzaffarpur,Touring / Adventure,2022-07-17
CUST01370,Vikram Gupta,31,26-35,Male,Business Owner,1837834,Married,Kerala,Thrissur,Enthusiast,2025-03-26
CUST01371,Ritu Menon,40,36-45,Female,Business Owner,3451594,Married,Chhattisgarh,Raipur,Premium Collector,2020-12-03
CUST01372,Aishwarya Nair,32,26-35,Female,Student,585289,Married,Madhya Pradesh,Ujjain,Touring / Adventure,2024-07-14
CUST01373,Arjun Shetty,39,36-45,Male,Government Employee,1260767,Married,Karnataka,Bengaluru,Touring / Adventure,2022-11-11
CUST01374,Rahul Shah,33,26-35,Male,Defense Personnel,531465,Married,Karnataka,Mysuru,Touring / Adventure,2022-09-15
CUST01375,Ananya Pandey,32,26-35,Female,Government Employee,1256293,Married,Kerala,Kollam,Enthusiast,2022-02-11
CUST01376,Naveen Chowdhury,35,26-35,Male,IT Professional,892657,Single,Assam,Dibrugarh,Premium Collector,2023-02-12
CUST01377,Amit Kumar,28,26-35,Male,IT Professional,1037794,Single,Karnataka,Belagavi,Touring / Adventure,2024-09-20
CUST01378,Aditya Singh,25,18-25,Male,Business Owner,2492843,Single,Uttar Pradesh,Ghaziabad,Premium Collector,2021-11-03
CUST01379,Abhishek Gupta,30,26-35,Male,Business Owner,2380808,Single,West Bengal,Durgapur,Touring / Adventure,2022-10-05
CUST01380,Karan Kulkarni,45,36-45,Male,Government Employee,1152242,Married,Tamil Nadu,Madurai,Touring / Adventure,2025-06-13
CUST01381,Dinesh Nair,19,18-25,Male,Healthcare Professional,2056338,Single,Karnataka,Mangaluru,Touring / Adventure,2023-10-02
CUST01382,Rahul Pandey,30,26-35,Male,IT Professional,1718715,Single,Bihar,Patna,Touring / Adventure,2023-05-16
CUST01383,Rohan Rao,41,36-45,Male,Government Employee,1233897,Married,Uttar Pradesh,Ghaziabad,Touring / Adventure,2022-03-21
CUST01384,Deepak Singh,35,26-35,Male,Healthcare Professional,1596139,Married,Delhi,West Delhi,Daily Commuter,2023-08-12
CUST01385,Naveen Das,24,18-25,Male,Engineer,1284284,Single,Karnataka,Bengaluru,First-time Buyer,2026-01-04
CUST01386,Rohan Gupta,22,18-25,Male,IT Professional,1079912,Single,Telangana,Nizamabad,First-time Buyer,2021-03-01
CUST01387,Ananya Das,34,26-35,Female,Business Owner,2999935,Married,Bihar,Muzaffarpur,Premium Collector,2025-02-03
CUST01388,Tanvi Shetty,28,26-35,Female,IT Professional,2295831,Single,Bihar,Gaya,Enthusiast,2022-01-04
CUST01389,Pranav Sharma,24,18-25,Male,Student,463177,Married,Jharkhand,Ranchi,Enthusiast,2020-03-18
CUST01390,Karan Patel,22,18-25,Male,Business Owner,953797,Single,Jharkhand,Jamshedpur,First-time Buyer,2026-05-08
CUST01391,Dev Kulkarni,24,18-25,Male,IT Professional,886534,Single,Madhya Pradesh,Jabalpur,Enthusiast,2022-08-08
CUST01392,Nidhi Kumar,20,18-25,Female,IT Professional,1990946,Single,Delhi,North Delhi,Enthusiast,2021-04-11
CUST01393,Sachin Bhat,22,18-25,Male,Government Employee,1212560,Single,Uttar Pradesh,Varanasi,Enthusiast,2021-04-23
CUST01394,Manish Rao,31,26-35,Male,IT Professional,989379,Married,Bihar,Muzaffarpur,Touring / Adventure,2023-05-05
CUST01395,Manoj Pandey,28,26-35,Male,IT Professional,964626,Single,Gujarat,Vadodara,Premium Collector,2022-10-10
CUST01396,Prakash Shetty,29,26-35,Male,Government Employee,821923,Married,Bihar,Patna,Daily Commuter,2021-01-12
CUST01397,Nikhil Kulkarni,31,26-35,Male,Defense Personnel,809035,Single,Bihar,Gaya,Touring / Adventure,2025-09-23
CUST01398,Lokesh Deshmukh,22,18-25,Male,Business Owner,3239427,Single,Tamil Nadu,Madurai,Premium Collector,2024-12-13
CUST01399,Sanjay Mishra,32,26-35,Male,Engineer,1355055,Married,Maharashtra,Mumbai,Touring / Adventure,2023-10-20
CUST01400,Karthik Menon,21,18-25,Male,IT Professional,1595771,Single,Tamil Nadu,Coimbatore,Enthusiast,2024-09-09
CUST01401,Vaishnavi Shetty,31,26-35,Female,Business Owner,2600052,Married,Maharashtra,Mumbai,Premium Collector,2021-02-18
CUST01402,Karthik Menon,39,36-45,Male,Defense Personnel,1225573,Married,Uttar Pradesh,Lucknow,Enthusiast,2022-07-08
CUST01403,Vijay Gupta,32,26-35,Male,IT Professional,1113473,Married,Odisha,Rourkela,Daily Commuter,2024-04-03
CUST01404,Manish Mishra,27,26-35,Male,Engineer,1661592,Single,Tamil Nadu,Chennai,Touring / Adventure,2021-07-27
CUST01405,Sanjay Pillai,27,26-35,Male,IT Professional,2211060,Married,Goa,Panaji,Premium Collector,2023-08-17
CUST01406,Karthik Agarwal,20,18-25,Male,Healthcare Professional,1156695,Single,Gujarat,Vadodara,Enthusiast,2023-05-16
CUST01407,Harish Pillai,22,18-25,Male,Business Owner,2407541,Single,Tamil Nadu,Salem,Touring / Adventure,2024-08-06
CUST01408,Aditya Deshmukh,21,18-25,Male,IT Professional,1417112,Single,Delhi,South Delhi,Daily Commuter,2026-05-28
CUST01409,Harish Mishra,21,18-25,Male,Defense Personnel,604144,Single,Haryana,Panipat,Enthusiast,2022-06-01
CUST01410,Lokesh Das,30,26-35,Male,Healthcare Professional,1812758,Married,Karnataka,Bengaluru,Premium Collector,2024-11-13
CUST01411,Rahul Verma,30,26-35,Male,Self-Employed / Freelancer,574143,Single,Assam,Guwahati,First-time Buyer,2021-10-23
CUST01412,Anita Kumar,65,60+,Female,Defense Personnel,475868,Single,Delhi,North Delhi,Enthusiast,2021-08-14
CUST01413,Pranav Nair,62,60+,Male,IT Professional,1014149,Married,Karnataka,Bengaluru,Touring / Adventure,2026-05-05
CUST01414,Isha Das,19,18-25,Female,Healthcare Professional,1114741,Married,Karnataka,Hubballi,Daily Commuter,2021-04-20
CUST01415,Karan Pandey,61,60+,Male,Business Owner,2745865,Married,Andhra Pradesh,Visakhapatnam,Premium Collector,2025-11-03
CUST01416,Deepak Menon,27,26-35,Male,Government Employee,1115035,Married,Rajasthan,Udaipur,Premium Collector,2020-11-03
CUST01417,Rahul Deshmukh,34,26-35,Male,Business Owner,3338377,Married,Chhattisgarh,Bhilai,Touring / Adventure,2020-11-22
CUST01418,Suresh Menon,65,60+,Male,IT Professional,1945145,Married,Delhi,South Delhi,Daily Commuter,2020-07-15
CUST01419,Rohan Gupta,29,26-35,Male,Engineer,889118,Married,Punjab,Ludhiana,Daily Commuter,2023-11-11
CUST01420,Vivek Patel,30,26-35,Male,Business Owner,1072648,Single,Andhra Pradesh,Guntur,Touring / Adventure,2023-02-04
CUST01421,Abhishek Deshmukh,65,60+,Male,Government Employee,572377,Married,Gujarat,Ahmedabad,Touring / Adventure,2023-10-27
CUST01422,Abhishek Mehta,29,26-35,Male,IT Professional,986361,Married,Karnataka,Hubballi,Daily Commuter,2024-05-15
CUST01423,Ashok Kulkarni,26,26-35,Male,Government Employee,624070,Married,Rajasthan,Jaipur,Enthusiast,2022-06-30
CUST01424,Dinesh Banerjee,28,26-35,Male,Healthcare Professional,721592,Married,Punjab,Ludhiana,Daily Commuter,2020-08-29
CUST01425,Dev Das,34,26-35,Male,IT Professional,2110190,Married,Delhi,South Delhi,Enthusiast,2021-10-22
CUST01426,Karthik Bhat,28,26-35,Male,Engineer,1487847,Married,Gujarat,Surat,Daily Commuter,2024-01-06
CUST01427,Kavya Gowda,22,18-25,Other,Defense Personnel,680993,Single,West Bengal,Durgapur,First-time Buyer,2021-02-20
CUST01428,Rohan Joshi,51,46-60,Male,IT Professional,1948738,Married,Jharkhand,Dhanbad,Premium Collector,2020-02-01
CUST01429,Manoj Menon,31,26-35,Male,Engineer,1003870,Married,Chhattisgarh,Raipur,Enthusiast,2020-10-25
CUST01430,Vikram Singh,31,26-35,Male,Banker / Finance,814760,Single,Madhya Pradesh,Ujjain,Touring / Adventure,2021-01-26
CUST01431,Priya Menon,34,26-35,Female,Banker / Finance,820307,Married,Karnataka,Mangaluru,Enthusiast,2025-09-19
CUST01432,Rajesh Sharma,29,26-35,Male,Student,526603,Single,Andhra Pradesh,Guntur,Touring / Adventure,2021-04-17
CUST01433,Dev Rao,30,26-35,Male,IT Professional,2307755,Married,Andhra Pradesh,Tirupati,Enthusiast,2025-07-12
CUST01434,Vikram Shah,40,36-45,Male,IT Professional,1478920,Married,Uttar Pradesh,Noida,Touring / Adventure,2020-07-19
CUST01435,Abhishek Kumar,26,26-35,Male,Business Owner,1809119,Married,Haryana,Panipat,Daily Commuter,2020-06-26
CUST01436,Vivek Kumar,32,26-35,Male,Engineer,1126714,Married,Chhattisgarh,Bhilai,Enthusiast,2024-01-05
CUST01437,Aditya Banerjee,29,26-35,Male,IT Professional,1885280,Single,Uttar Pradesh,Ghaziabad,Daily Commuter,2025-02-26
CUST01438,Suresh Patel,23,18-25,Male,IT Professional,1125404,Single,Bihar,Muzaffarpur,Daily Commuter,2020-05-10
CUST01439,Prakash Shah,30,26-35,Male,Student,454417,Married,Andhra Pradesh,Tirupati,Daily Commuter,2023-07-15
CUST01440,Aditya Kulkarni,20,18-25,Male,Business Owner,2347373,Single,Maharashtra,Aurangabad,Enthusiast,2022-05-22
CUST01441,Karthik Gowda,51,46-60,Male,Healthcare Professional,2051230,Married,Punjab,Chandigarh,Touring / Adventure,2022-07-16
CUST01442,Aditya Kumar,32,26-35,Male,Engineer,708055,Married,Tamil Nadu,Madurai,Touring / Adventure,2021-06-20
CUST01443,Deepak Deshmukh,34,26-35,Male,IT Professional,969293,Single,Uttar Pradesh,Varanasi,Touring / Adventure,2025-04-28
CUST01444,Ananya Kulkarni,58,46-60,Female,IT Professional,1083662,Married,Assam,Silchar,Enthusiast,2025-12-17
CUST01445,Abhishek Sharma,28,26-35,Male,IT Professional,1808912,Married,West Bengal,Kolkata,Enthusiast,2022-07-13
CUST01446,Suresh Gupta,18,18-25,Male,Government Employee,1166369,Single,Uttar Pradesh,Varanasi,First-time Buyer,2023-10-26
CUST01447,Sanjay Shah,27,26-35,Male,Government Employee,455153,Single,Gujarat,Vadodara,Premium Collector,2021-08-07
CUST01448,Siddharth Pandey,23,18-25,Male,Business Owner,3432029,Single,Telangana,Nizamabad,Touring / Adventure,2023-03-12
CUST01449,Siddharth Chowdhury,29,26-35,Male,Student,442469,Married,Gujarat,Ahmedabad,Premium Collector,2025-01-22
CUST01450,Tanvi Deshmukh,31,26-35,Female,Government Employee,1326799,Married,Andhra Pradesh,Vijayawada,Touring / Adventure,2021-10-17
CUST01451,Vivek Das,18,18-25,Male,IT Professional,745222,Single,Assam,Dibrugarh,First-time Buyer,2026-02-18
CUST01452,Naveen Sharma,24,18-25,Male,IT Professional,2034358,Single,Chhattisgarh,Raipur,Premium Collector,2021-09-28
CUST01453,Karan Kulkarni,52,46-60,Male,IT Professional,1199925,Single,Chhattisgarh,Bilaspur,Enthusiast,2020-06-13
CUST01454,Rohan Chowdhury,29,26-35,Male,Government Employee,960215,Married,Jharkhand,Jamshedpur,Enthusiast,2022-11-29
CUST01455,Vijay Kulkarni,39,36-45,Male,Engineer,1040760,Married,Chhattisgarh,Bhilai,Enthusiast,2025-07-28
CUST01456,Arjun Iyer,21,18-25,Male,Business Owner,927229,Single,Gujarat,Bhavnagar,First-time Buyer,2024-10-18
CUST01457,Nikhil Deshmukh,29,26-35,Male,Self-Employed / Freelancer,1062537,Single,Delhi,New Delhi,Premium Collector,2022-10-16
CUST01458,Ashok Mehta,55,46-60,Male,Business Owner,2650891,Married,Karnataka,Belagavi,Premium Collector,2023-02-15
CUST01459,Siddharth Shah,27,26-35,Male,Business Owner,2533404,Married,Tamil Nadu,Salem,Touring / Adventure,2024-04-18
CUST01460,Yash Singh,42,36-45,Male,Banker / Finance,1582197,Married,Bihar,Patna,Touring / Adventure,2020-03-30
CUST01461,Rahul Nair,22,18-25,Male,Engineer,1278563,Married,Kerala,Kollam,First-time Buyer,2022-03-13
CUST01462,Suresh Chowdhury,30,26-35,Male,Banker / Finance,1333454,Married,Kerala,Kochi,Daily Commuter,2020-07-31
CUST01463,Rahul Rao,27,26-35,Male,Student,598380,Married,West Bengal,Kolkata,Enthusiast,2021-10-01
CUST01464,Sanjay Iyer,19,18-25,Male,IT Professional,1921499,Single,Punjab,Chandigarh,Enthusiast,2025-10-31
CUST01465,Aarav Singh,38,36-45,Male,Defense Personnel,943154,Married,Haryana,Panipat,Enthusiast,2022-11-02
CUST01466,Rahul Reddy,32,26-35,Male,Student,483564,Married,Chhattisgarh,Raipur,Touring / Adventure,2025-08-04
CUST01467,Deepak Shah,32,26-35,Male,Business Owner,1999739,Single,Punjab,Chandigarh,Enthusiast,2024-02-26
CUST01468,Priya Pillai,27,26-35,Female,Defense Personnel,498127,Single,Madhya Pradesh,Bhopal,Daily Commuter,2020-01-04
CUST01469,Yash Menon,43,36-45,Male,Banker / Finance,1896962,Married,Assam,Guwahati,Enthusiast,2025-11-15
CUST01470,Amit Menon,27,26-35,Male,IT Professional,1450745,Married,Madhya Pradesh,Ujjain,Daily Commuter,2022-05-24
CUST01471,Neha Banerjee,30,26-35,Female,Engineer,1238750,Married,Telangana,Hyderabad,Enthusiast,2020-02-19
CUST01472,Harish Banerjee,32,26-35,Male,Healthcare Professional,1800015,Married,Madhya Pradesh,Jabalpur,Enthusiast,2025-03-09
CUST01473,Dev Kulkarni,21,18-25,Male,Engineer,1316342,Single,Kerala,Kochi,Enthusiast,2021-04-07
CUST01474,Ramesh Kulkarni,25,18-25,Male,IT Professional,1467850,Single,Delhi,North Delhi,Daily Commuter,2020-04-25
CUST01475,Rahul Joshi,21,18-25,Male,Business Owner,2172162,Single,Gujarat,Surat,Touring / Adventure,2022-10-08
CUST01476,Rohan Rao,30,26-35,Male,IT Professional,2229018,Married,Jharkhand,Ranchi,Touring / Adventure,2020-09-29
CUST01477,Sanjay Deshmukh,24,18-25,Male,Banker / Finance,974450,Single,Madhya Pradesh,Ujjain,First-time Buyer,2021-10-07
CUST01478,Pooja Patel,42,36-45,Female,IT Professional,1264075,Married,Bihar,Gaya,First-time Buyer,2020-09-07
CUST01479,Karan Banerjee,23,18-25,Male,Engineer,899388,Married,Andhra Pradesh,Visakhapatnam,Daily Commuter,2026-04-30
CUST01480,Kavya Agarwal,54,46-60,Female,Healthcare Professional,2667727,Married,West Bengal,Durgapur,Premium Collector,2025-08-15
CUST01481,Vivek Kumar,42,36-45,Male,IT Professional,1528168,Single,Telangana,Karimnagar,Enthusiast,2021-08-02
CUST01482,Sanjay Kumar,40,36-45,Male,Student,441435,Single,Maharashtra,Nagpur,First-time Buyer,2025-01-05
CUST01483,Isha Mishra,24,18-25,Female,Business Owner,3358164,Single,Uttar Pradesh,Kanpur,Touring / Adventure,2025-02-07
CUST01484,Amit Gowda,39,36-45,Male,IT Professional,1889734,Married,Gujarat,Surat,Enthusiast,2023-02-27
CUST01485,Shreya Kulkarni,55,46-60,Female,IT Professional,2356969,Married,Jharkhand,Jamshedpur,Touring / Adventure,2022-09-25
CUST01486,Sunita Sharma,26,26-35,Female,IT Professional,705001,Single,Jharkhand,Ranchi,Daily Commuter,2021-04-13
CUST01487,Yash Verma,26,26-35,Male,IT Professional,668569,Married,Delhi,South Delhi,Touring / Adventure,2022-05-05
CUST01488,Prakash Iyer,34,26-35,Male,Engineer,934144,Married,Karnataka,Hubballi,Touring / Adventure,2021-03-17
CUST01489,Harish Das,49,46-60,Male,Self-Employed / Freelancer,1212307,Single,Maharashtra,Aurangabad,First-time Buyer,2020-04-03
CUST01490,Divya Das,42,36-45,Female,IT Professional,1423856,Married,Haryana,Gurugram,First-time Buyer,2021-11-12
CUST01491,Aishwarya Mehta,30,26-35,Female,Defense Personnel,1089783,Married,Chhattisgarh,Raipur,Daily Commuter,2020-07-22
CUST01492,Dinesh Pandey,31,26-35,Male,Business Owner,1674392,Single,Rajasthan,Jodhpur,First-time Buyer,2024-06-29
CUST01493,Neha Agarwal,39,36-45,Female,Banker / Finance,1349831,Married,Telangana,Hyderabad,First-time Buyer,2021-01-01
CUST01494,Anita Agarwal,35,26-35,Female,IT Professional,1529808,Married,Andhra Pradesh,Visakhapatnam,First-time Buyer,2023-06-22
CUST01495,Lakshmi Verma,20,18-25,Female,Engineer,1758577,Single,Assam,Guwahati,Daily Commuter,2022-07-31
CUST01496,Sachin Shah,21,18-25,Male,Business Owner,1514682,Single,Andhra Pradesh,Vijayawada,Daily Commuter,2020-12-03
CUST01497,Karan Mehta,34,26-35,Male,Engineer,1037782,Single,Andhra Pradesh,Visakhapatnam,First-time Buyer,2022-06-21
CUST01498,Deepak Verma,23,18-25,Male,Government Employee,1492692,Married,Madhya Pradesh,Indore,Daily Commuter,2023-04-03
CUST01499,Isha Bhat,30,26-35,Female,Engineer,1356040,Single,Gujarat,Bhavnagar,Touring / Adventure,2021-03-01
CUST01500,Suresh Deshmukh,27,26-35,Male,Banker / Finance,1930349,Married,Madhya Pradesh,Bhopal,Daily Commuter,2022-08-25
CUST01501,Abhishek Sharma,19,18-25,Male,IT Professional,1491529,Single,Goa,Panaji,Daily Commuter,2025-10-09
CUST01502,Pranav Chowdhury,24,18-25,Male,Engineer,1762960,Single,Telangana,Nizamabad,Enthusiast,2020-01-03
CUST01503,Rohan Pandey,35,26-35,Male,Government Employee,1457203,Married,Uttar Pradesh,Noida,Daily Commuter,2025-07-24
CUST01504,Aditya Bhat,21,18-25,Male,IT Professional,751917,Married,Uttar Pradesh,Ghaziabad,First-time Buyer,2024-12-10
CUST01505,Dinesh Iyer,25,18-25,Male,Healthcare Professional,2178406,Married,Delhi,South Delhi,Enthusiast,2025-12-28
CUST01506,Deepak Shetty,19,18-25,Male,Government Employee,541408,Single,Kerala,Kollam,First-time Buyer,2022-01-11
CUST01507,Naveen Bhat,31,26-35,Male,Defense Personnel,1018293,Married,Punjab,Patiala,Enthusiast,2021-09-06
CUST01508,Aarav Gupta,26,26-35,Male,Student,455250,Married,Delhi,South Delhi,Enthusiast,2022-01-12
CUST01509,Pranav Deshmukh,21,18-25,Male,IT Professional,2240935,Married,Telangana,Hyderabad,Premium Collector,2021-07-11
CUST01510,Nikhil Kulkarni,28,26-35,Male,IT Professional,2262213,Single,Karnataka,Mysuru,Enthusiast,2023-08-30
CUST01511,Deepak Pandey,30,26-35,Male,Business Owner,2880533,Married,Uttar Pradesh,Varanasi,Touring / Adventure,2025-07-12
CUST01512,Ashok Shetty,30,26-35,Male,IT Professional,1398631,Married,Chhattisgarh,Bhilai,Premium Collector,2024-09-11
CUST01513,Vijay Reddy,34,26-35,Male,Healthcare Professional,2181317,Married,Karnataka,Belagavi,Touring / Adventure,2024-09-01
CUST01514,Neha Deshmukh,24,18-25,Female,Banker / Finance,1516206,Single,Odisha,Bhubaneswar,First-time Buyer,2025-09-11
CUST01515,Ritu Rao,32,26-35,Female,Government Employee,1080752,Married,Uttar Pradesh,Noida,Premium Collector,2023-10-13
CUST01516,Anita Joshi,30,26-35,Female,Defense Personnel,1024826,Married,Haryana,Panipat,Daily Commuter,2021-11-07
CUST01517,Aarav Verma,40,36-45,Male,Engineer,1480293,Married,Rajasthan,Udaipur,Premium Collector,2023-07-13
CUST01518,Abhishek Mehta,18,18-25,Male,IT Professional,1772506,Married,West Bengal,Durgapur,First-time Buyer,2021-06-27
CUST01519,Aarav Menon,26,26-35,Male,Business Owner,1071498,Married,Andhra Pradesh,Guntur,Touring / Adventure,2022-08-10
CUST01520,Aishwarya Gowda,23,18-25,Female,IT Professional,1339440,Single,Rajasthan,Jaipur,Enthusiast,2021-11-14
CUST01521,Nikhil Chowdhury,52,46-60,Male,Healthcare Professional,2142614,Married,Assam,Guwahati,Touring / Adventure,2025-07-24
CUST01522,Pranav Bhat,31,26-35,Male,Defense Personnel,442968,Single,Haryana,Karnal,Touring / Adventure,2023-08-20
CUST01523,Ramesh Mehta,31,26-35,Male,Government Employee,1326355,Married,Kerala,Kollam,Daily Commuter,2021-03-16
CUST01524,Pranav Rao,42,36-45,Male,Government Employee,1447463,Married,Karnataka,Belagavi,Touring / Adventure,2021-11-14
CUST01525,Sachin Singh,32,26-35,Male,Engineer,1427099,Married,Delhi,West Delhi,Touring / Adventure,2020-08-30
CUST01526,Rajesh Gupta,58,46-60,Male,Government Employee,604672,Married,Rajasthan,Jodhpur,Premium Collector,2023-06-26
CUST01527,Yash Agarwal,28,26-35,Male,IT Professional,963317,Single,Madhya Pradesh,Bhopal,Daily Commuter,2022-07-27
CUST01528,Deepika Bhat,30,26-35,Female,Government Employee,569924,Married,West Bengal,Kolkata,Daily Commuter,2024-02-09
CUST01529,Karthik Bhat,20,18-25,Male,Business Owner,2356445,Single,Andhra Pradesh,Guntur,Premium Collector,2020-09-18
CUST01530,Yash Menon,30,26-35,Male,Defense Personnel,1078320,Married,Uttar Pradesh,Noida,First-time Buyer,2024-03-05
CUST01531,Deepak Verma,35,26-35,Male,IT Professional,633134,Married,Gujarat,Vadodara,Enthusiast,2025-03-30
CUST01532,Dinesh Pandey,27,26-35,Male,Healthcare Professional,1292464,Married,Haryana,Karnal,Touring / Adventure,2025-08-24
CUST01533,Karthik Patel,35,26-35,Male,IT Professional,1275834,Married,Tamil Nadu,Coimbatore,Daily Commuter,2025-06-05
CUST01534,Aditya Joshi,35,26-35,Male,Engineer,1112405,Married,Haryana,Karnal,Daily Commuter,2022-03-15
CUST01535,Sanjay Iyer,38,36-45,Male,Business Owner,2984154,Married,Rajasthan,Jodhpur,Touring / Adventure,2020-05-20
CUST01536,Vaishnavi Menon,26,26-35,Female,Engineer,1331732,Married,Assam,Guwahati,Daily Commuter,2022-04-22
CUST01537,Prakash Mehta,23,18-25,Male,Business Owner,2918075,Single,Jharkhand,Jamshedpur,Enthusiast,2026-02-28
CUST01538,Naveen Patel,19,18-25,Male,Business Owner,1221737,Single,Tamil Nadu,Madurai,First-time Buyer,2021-02-07
CUST01539,Manish Joshi,36,36-45,Male,Government Employee,611055,Single,Kerala,Thrissur,Daily Commuter,2024-08-10
CUST01540,Aarav Rao,33,26-35,Male,Engineer,1570136,Married,Chhattisgarh,Bilaspur,Touring / Adventure,2024-10-20
CUST01541,Amit Verma,31,26-35,Male,IT Professional,705600,Single,Delhi,West Delhi,Daily Commuter,2024-11-11
CUST01542,Ashok Pandey,18,18-25,Male,Engineer,1609574,Single,West Bengal,Durgapur,Enthusiast,2020-11-25
CUST01543,Vikram Joshi,22,18-25,Male,Business Owner,2219484,Single,West Bengal,Durgapur,Touring / Adventure,2025-01-31
CUST01544,Deepak Rao,33,26-35,Male,Defense Personnel,1287574,Married,Gujarat,Vadodara,Daily Commuter,2021-03-12
CUST01545,Harish Mishra,33,26-35,Male,Engineer,1462102,Married,Chhattisgarh,Raipur,First-time Buyer,2025-11-19
CUST01546,Siddharth Verma,28,26-35,Male,Student,429148,Married,Assam,Dibrugarh,First-time Buyer,2021-12-21
CUST01547,Rahul Agarwal,21,18-25,Male,Engineer,702925,Single,Karnataka,Mangaluru,Daily Commuter,2021-02-22
CUST01548,Siddharth Banerjee,45,36-45,Male,IT Professional,1471698,Married,Andhra Pradesh,Vijayawada,First-time Buyer,2024-05-09
CUST01549,Dinesh Pillai,26,26-35,Male,Student,350783,Married,Chhattisgarh,Raipur,Enthusiast,2022-07-22
CUST01550,Rajesh Shah,45,36-45,Male,Defense Personnel,1394092,Married,Gujarat,Rajkot,Daily Commuter,2020-08-24
CUST01551,Rajesh Nair,40,36-45,Male,Government Employee,647526,Married,Madhya Pradesh,Indore,Enthusiast,2025-10-04
CUST01552,Ramesh Singh,26,26-35,Male,Government Employee,1289864,Married,Maharashtra,Nagpur,Daily Commuter,2025-01-09
CUST01553,Sachin Pillai,30,26-35,Male,IT Professional,938123,Single,Punjab,Chandigarh,Enthusiast,2021-05-23
CUST01554,Lokesh Pandey,32,26-35,Male,Engineer,713920,Single,Delhi,West Delhi,Daily Commuter,2025-07-10
CUST01555,Vivek Deshmukh,21,18-25,Male,Engineer,1268655,Single,Madhya Pradesh,Indore,Enthusiast,2024-08-24
CUST01556,Vikram Gowda,29,26-35,Male,IT Professional,2359888,Single,Odisha,Bhubaneswar,Enthusiast,2020-08-07
CUST01557,Manish Shah,27,26-35,Male,Business Owner,2870944,Married,Gujarat,Rajkot,Premium Collector,2022-06-27
CUST01558,Pranav Deshmukh,37,36-45,Male,Business Owner,3225967,Married,Delhi,North Delhi,Premium Collector,2020-08-18
CUST01559,Manish Gowda,30,26-35,Male,Business Owner,2566212,Single,Maharashtra,Aurangabad,Touring / Adventure,2026-02-23
CUST01560,Ganesh Kumar,25,18-25,Male,Business Owner,2234559,Single,Haryana,Panipat,Premium Collector,2022-01-24
CUST01561,Arjun Shetty,60,46-60,Male,IT Professional,2074748,Single,Kerala,Thiruvananthapuram,Touring / Adventure,2020-06-01
CUST01562,Harish Rao,40,36-45,Male,Engineer,1167605,Married,Odisha,Cuttack,Daily Commuter,2020-08-03
CUST01563,Aarav Mishra,42,36-45,Male,Government Employee,1348942,Married,Chhattisgarh,Bilaspur,Daily Commuter,2026-06-30
CUST01564,Karan Shetty,26,26-35,Male,IT Professional,825676,Married,Kerala,Thiruvananthapuram,Daily Commuter,2021-01-15
CUST01565,Vijay Gupta,19,18-25,Male,Business Owner,920724,Single,Punjab,Chandigarh,First-time Buyer,2022-07-16
CUST01566,Aarav Shah,30,26-35,Male,Defense Personnel,1391005,Married,Odisha,Bhubaneswar,First-time Buyer,2022-07-29
CUST01567,Anand Deshmukh,28,26-35,Male,IT Professional,1741433,Married,Chhattisgarh,Bilaspur,Daily Commuter,2021-11-19
CUST01568,Sanjay Kumar,18,18-25,Male,Government Employee,1371107,Single,Karnataka,Hubballi,First-time Buyer,2025-10-09
CUST01569,Arjun Iyer,30,26-35,Male,Business Owner,2274520,Married,Chhattisgarh,Raipur,Touring / Adventure,2020-09-23
CUST01570,Pooja Verma,63,60+,Female,Government Employee,567026,Married,Karnataka,Mangaluru,Daily Commuter,2020-11-07
CUST01571,Arjun Sharma,31,26-35,Male,Defense Personnel,1022468,Single,Madhya Pradesh,Jabalpur,Touring / Adventure,2021-12-15
CUST01572,Dinesh Shah,32,26-35,Male,Defense Personnel,997528,Married,Bihar,Patna,Daily Commuter,2021-01-17
CUST01573,Deepak Gupta,36,36-45,Male,Healthcare Professional,1981543,Married,Gujarat,Surat,Daily Commuter,2024-03-30
CUST01574,Nikhil Banerjee,42,36-45,Male,Government Employee,932496,Single,Maharashtra,Nashik,Enthusiast,2024-02-28
CUST01575,Dinesh Deshmukh,44,36-45,Male,IT Professional,1122378,Single,Karnataka,Mangaluru,Daily Commuter,2021-07-01
CUST01576,Yash Sharma,30,26-35,Male,Business Owner,3146471,Married,Kerala,Kochi,Enthusiast,2024-03-08
CUST01577,Ramesh Shetty,45,36-45,Male,Business Owner,2170527,Married,Haryana,Faridabad,Enthusiast,2025-04-10
CUST01578,Amit Nair,25,18-25,Male,Defense Personnel,1236941,Single,Rajasthan,Jaipur,First-time Buyer,2025-09-14
CUST01579,Neha Nair,35,26-35,Female,Engineer,1443663,Married,Gujarat,Vadodara,Daily Commuter,2020-03-08
CUST01580,Dev Chowdhury,45,36-45,Male,Government Employee,622040,Married,Madhya Pradesh,Bhopal,Touring / Adventure,2022-12-03
CUST01581,Naveen Singh,32,26-35,Male,Defense Personnel,400054,Married,Jharkhand,Jamshedpur,Daily Commuter,2025-08-31
CUST01582,Aditya Mehta,32,26-35,Male,Banker / Finance,1982544,Married,Karnataka,Mysuru,Touring / Adventure,2024-02-16
CUST01583,Manoj Pillai,26,26-35,Male,Healthcare Professional,2413492,Single,Maharashtra,Mumbai,Touring / Adventure,2022-07-28
CUST01584,Vikram Verma,30,26-35,Male,Engineer,1626295,Married,Jharkhand,Ranchi,First-time Buyer,2021-05-24
CUST01585,Amit Kumar,39,36-45,Male,Self-Employed / Freelancer,1297229,Single,Uttar Pradesh,Varanasi,First-time Buyer,2023-05-17
CUST01586,Arjun Shetty,29,26-35,Male,Defense Personnel,826984,Single,Assam,Guwahati,Touring / Adventure,2022-03-13
CUST01587,Abhishek Rao,36,36-45,Male,IT Professional,1751905,Married,Jharkhand,Ranchi,Enthusiast,2022-05-03
CUST01588,Siddharth Shetty,28,26-35,Male,Defense Personnel,451141,Single,Kerala,Thrissur,Daily Commuter,2021-08-23
CUST01589,Pranav Agarwal,24,18-25,Male,Government Employee,1295081,Single,Uttar Pradesh,Varanasi,Daily Commuter,2022-09-28
CUST01590,Arjun Mehta,29,26-35,Male,IT Professional,2097501,Single,Assam,Guwahati,Touring / Adventure,2022-06-19
CUST01591,Pooja Menon,22,18-25,Female,Business Owner,1370026,Single,Assam,Dibrugarh,First-time Buyer,2023-07-06
CUST01592,Vijay Gowda,58,46-60,Male,Healthcare Professional,1843430,Married,Maharashtra,Aurangabad,Premium Collector,2025-08-19
CUST01593,Karan Pillai,43,36-45,Male,Banker / Finance,607664,Single,Maharashtra,Aurangabad,Daily Commuter,2025-03-22
CUST01594,Ramesh Menon,30,26-35,Male,Business Owner,2092371,Married,Delhi,South Delhi,Premium Collector,2020-12-27
CUST01595,Ramesh Mishra,21,18-25,Male,IT Professional,2104973,Single,Rajasthan,Jaipur,Touring / Adventure,2024-08-02
CUST01596,Abhishek Agarwal,29,26-35,Male,Engineer,1199467,Married,Karnataka,Belagavi,Daily Commuter,2023-11-01
CUST01597,Neha Mehta,42,36-45,Female,IT Professional,1578143,Married,Maharashtra,Mumbai,Touring / Adventure,2020-10-14
CUST01598,Rohan Menon,32,26-35,Male,Government Employee,1286978,Single,Haryana,Karnal,Enthusiast,2021-02-20
CUST01599,Vivek Banerjee,21,18-25,Male,Defense Personnel,893233,Single,Karnataka,Hubballi,Daily Commuter,2024-07-30
CUST01600,Aarav Nair,35,26-35,Male,IT Professional,1887882,Married,Bihar,Gaya,Touring / Adventure,2024-02-19
CUST01601,Ashok Sharma,30,26-35,Male,IT Professional,978495,Married,Kerala,Kollam,Daily Commuter,2023-03-16
CUST01602,Riya Nair,25,18-25,Female,IT Professional,1131369,Single,Maharashtra,Pune,First-time Buyer,2020-12-27
CUST01603,Dinesh Verma,22,18-25,Male,Government Employee,639349,Single,Assam,Silchar,First-time Buyer,2022-12-05
CUST01604,Vikram Kumar,29,26-35,Male,IT Professional,2165113,Single,Gujarat,Rajkot,Enthusiast,2022-07-14
CUST01605,Ramesh Shetty,31,26-35,Male,Student,576630,Married,Bihar,Muzaffarpur,Enthusiast,2021-01-04
CUST01606,Sneha Gupta,26,26-35,Female,Business Owner,2554930,Single,Telangana,Nizamabad,Enthusiast,2023-12-01
CUST01607,Ashok Shetty,27,26-35,Male,Banker / Finance,1849975,Married,Maharashtra,Mumbai,Daily Commuter,2020-11-07
CUST01608,Lakshmi Kulkarni,31,26-35,Female,Business Owner,3403965,Married,Telangana,Nizamabad,Premium Collector,2021-02-01
CUST01609,Vikram Bhat,61,60+,Male,Student,367047,Single,Kerala,Thrissur,Enthusiast,2021-06-04
CUST01610,Nikhil Menon,27,26-35,Male,Defense Personnel,653925,Single,Assam,Guwahati,First-time Buyer,2021-02-20
CUST01611,Vijay Iyer,61,60+,Male,Business Owner,2484337,Married,West Bengal,Kolkata,Premium Collector,2023-12-30
CUST01612,Anand Gupta,36,36-45,Male,Business Owner,2686515,Married,Karnataka,Hubballi,Touring / Adventure,2021-02-12
CUST01613,Preeti Agarwal,31,26-35,Female,Business Owner,2715196,Married,Uttar Pradesh,Noida,Premium Collector,2023-06-05
CUST01614,Vikram Singh,35,26-35,Male,Government Employee,1009731,Married,Karnataka,Bengaluru,Daily Commuter,2020-12-02
CUST01615,Vaishnavi Pandey,64,60+,Female,Business Owner,3383101,Married,Karnataka,Bengaluru,Enthusiast,2025-11-26
CUST01616,Manish Mehta,22,18-25,Male,Healthcare Professional,1228255,Single,Haryana,Karnal,Daily Commuter,2025-08-06
CUST01617,Harish Patel,58,46-60,Male,IT Professional,1005909,Married,Rajasthan,Jodhpur,Touring / Adventure,2020-12-19
CUST01618,Aarav Joshi,41,36-45,Male,Engineer,1456018,Married,Telangana,Hyderabad,Enthusiast,2020-05-04
CUST01619,Prakash Nair,35,26-35,Male,IT Professional,1571150,Single,Telangana,Karimnagar,Touring / Adventure,2020-12-27
CUST01620,Nikhil Shah,44,36-45,Male,IT Professional,1924880,Single,Uttar Pradesh,Kanpur,Enthusiast,2024-04-05
CUST01621,Aditya Patel,36,36-45,Male,Banker / Finance,1102578,Married,Uttar Pradesh,Kanpur,Touring / Adventure,2023-10-29
CUST01622,Aditya Nair,34,26-35,Male,Student,418048,Married,Haryana,Faridabad,Premium Collector,2023-09-10
CUST01623,Abhishek Deshmukh,29,26-35,Male,Student,466076,Single,Uttar Pradesh,Varanasi,Daily Commuter,2022-08-31
CUST01624,Dinesh Mehta,38,36-45,Male,IT Professional,784935,Single,Kerala,Thiruvananthapuram,Touring / Adventure,2020-02-07
CUST01625,Aishwarya Pillai,33,26-35,Female,IT Professional,634972,Married,Punjab,Patiala,Touring / Adventure,2022-11-16
CUST01626,Deepika Pillai,29,26-35,Female,IT Professional,2091699,Single,Haryana,Gurugram,Touring / Adventure,2026-04-26
CUST01627,Ashok Rao,33,26-35,Male,Banker / Finance,1407398,Married,Karnataka,Bengaluru,First-time Buyer,2023-09-19
CUST01628,Karan Mehta,33,26-35,Male,Engineer,1584369,Married,Odisha,Bhubaneswar,Touring / Adventure,2024-08-22
CUST01629,Riya Kulkarni,35,26-35,Female,Banker / Finance,883133,Married,Gujarat,Rajkot,Touring / Adventure,2020-01-07
CUST01630,Ganesh Banerjee,21,18-25,Male,Banker / Finance,1628437,Single,Telangana,Nizamabad,Daily Commuter,2024-09-26
CUST01631,Lokesh Shetty,34,26-35,Male,Healthcare Professional,1617759,Married,Haryana,Panipat,Touring / Adventure,2026-06-11
CUST01632,Ramesh Iyer,20,18-25,Male,Engineer,1222705,Single,Jharkhand,Ranchi,Daily Commuter,2021-10-11
CUST01633,Sunita Gowda,57,46-60,Female,IT Professional,2038292,Married,Uttar Pradesh,Ghaziabad,Enthusiast,2024-04-29
CUST01634,Manish Deshmukh,37,36-45,Male,Government Employee,1340032,Married,Delhi,New Delhi,Daily Commuter,2024-07-22
CUST01635,Vivek Gupta,32,26-35,Male,Engineer,1755883,Married,Delhi,West Delhi,Premium Collector,2020-07-23
CUST01636,Rahul Joshi,37,36-45,Male,IT Professional,2144359,Married,Punjab,Jalandhar,Touring / Adventure,2021-09-27
CUST01637,Sanjay Kumar,40,36-45,Male,IT Professional,2219616,Married,Gujarat,Rajkot,Touring / Adventure,2024-08-07
CUST01638,Sachin Deshmukh,18,18-25,Male,IT Professional,1229170,Single,Jharkhand,Jamshedpur,Enthusiast,2023-09-28
CUST01639,Pooja Agarwal,64,60+,Female,Engineer,1225447,Married,Haryana,Panipat,Daily Commuter,2020-03-05
CUST01640,Karthik Kulkarni,53,46-60,Male,Healthcare Professional,2389887,Married,Punjab,Chandigarh,Touring / Adventure,2020-07-15
CUST01641,Rahul Kulkarni,35,26-35,Male,IT Professional,1712991,Single,Delhi,South Delhi,Daily Commuter,2021-09-20
CUST01642,Ashok Agarwal,60,46-60,Male,Defense Personnel,1291070,Single,Madhya Pradesh,Bhopal,Touring / Adventure,2020-03-21
CUST01643,Prakash Iyer,34,26-35,Male,Business Owner,1712446,Single,Bihar,Gaya,Daily Commuter,2025-09-28
CUST01644,Harish Sharma,45,36-45,Male,Healthcare Professional,1044713,Married,Tamil Nadu,Salem,Touring / Adventure,2021-02-13
CUST01645,Arjun Chowdhury,31,26-35,Male,Government Employee,1076912,Married,Chhattisgarh,Bilaspur,Touring / Adventure,2021-11-07
CUST01646,Dev Deshmukh,44,36-45,Male,Defense Personnel,942480,Single,Kerala,Kozhikode,Touring / Adventure,2025-05-03
CUST01647,Naveen Deshmukh,32,26-35,Male,Business Owner,2070842,Single,Haryana,Gurugram,Touring / Adventure,2022-05-11
CUST01648,Vikram Rao,24,18-25,Male,Healthcare Professional,1432834,Married,Andhra Pradesh,Visakhapatnam,Enthusiast,2022-12-24
CUST01649,Anand Das,29,26-35,Male,Business Owner,2745372,Married,Assam,Guwahati,Touring / Adventure,2021-03-25
CUST01650,Yash Shetty,43,36-45,Male,Government Employee,1001195,Married,Jharkhand,Jamshedpur,First-time Buyer,2022-12-10
CUST01651,Ramesh Kumar,31,26-35,Male,Business Owner,1736381,Married,Rajasthan,Udaipur,Daily Commuter,2024-05-30
CUST01652,Ashok Chowdhury,41,36-45,Male,Engineer,1281984,Married,Tamil Nadu,Chennai,First-time Buyer,2023-11-10
CUST01653,Vikram Das,34,26-35,Male,IT Professional,1713384,Single,Haryana,Gurugram,Touring / Adventure,2021-04-26
CUST01654,Lokesh Patel,29,26-35,Male,Engineer,1027690,Married,Goa,Panaji,Touring / Adventure,2021-01-28
CUST01655,Suresh Mehta,29,26-35,Male,Business Owner,2226254,Single,Kerala,Kochi,Touring / Adventure,2025-08-07
CUST01656,Sneha Shah,24,18-25,Female,Healthcare Professional,1122672,Single,Tamil Nadu,Coimbatore,First-time Buyer,2020-05-07
CUST01657,Amit Mishra,33,26-35,Male,Government Employee,520136,Married,Uttar Pradesh,Noida,Touring / Adventure,2021-12-30
CUST01658,Riya Iyer,32,26-35,Female,Healthcare Professional,2479309,Married,West Bengal,Kolkata,Premium Collector,2022-03-21
CUST01659,Suresh Rao,23,18-25,Male,IT Professional,868618,Single,Telangana,Nizamabad,First-time Buyer,2020-12-15
CUST01660,Pooja Pandey,23,18-25,Female,IT Professional,1865843,Single,Chhattisgarh,Bilaspur,First-time Buyer,2023-06-22
CUST01661,Pooja Deshmukh,29,26-35,Female,Defense Personnel,1327401,Married,Haryana,Panipat,Daily Commuter,2020-04-01
CUST01662,Aarav Mehta,39,36-45,Male,Engineer,1264951,Married,Gujarat,Surat,Daily Commuter,2020-04-13
CUST01663,Yash Patel,58,46-60,Male,Defense Personnel,1238776,Married,Assam,Silchar,First-time Buyer,2025-11-12
CUST01664,Dev Gupta,20,18-25,Male,Government Employee,798947,Single,Tamil Nadu,Madurai,Enthusiast,2020-12-04
CUST01665,Nidhi Das,31,26-35,Female,Defense Personnel,733943,Married,Haryana,Gurugram,Touring / Adventure,2023-01-22
CUST01666,Ashok Shah,28,26-35,Male,Student,378672,Married,Telangana,Nizamabad,Touring / Adventure,2023-11-04
CUST01667,Dinesh Chowdhury,21,18-25,Male,IT Professional,2331260,Single,Chhattisgarh,Raipur,Premium Collector,2022-06-05
CUST01668,Manoj Banerjee,44,36-45,Male,Student,418202,Married,Punjab,Chandigarh,Enthusiast,2020-11-01
CUST01669,Rohan Reddy,21,18-25,Male,Engineer,1636032,Single,Kerala,Thrissur,First-time Buyer,2020-01-07
CUST01670,Harish Menon,25,18-25,Male,Business Owner,2826555,Single,Chhattisgarh,Raipur,Premium Collector,2025-03-19
CUST01671,Ashok Sharma,32,26-35,Male,IT Professional,796732,Married,Delhi,North Delhi,Daily Commuter,2025-11-14
CUST01672,Swati Bhat,37,36-45,Female,IT Professional,1074351,Single,Tamil Nadu,Madurai,Daily Commuter,2023-05-03
CUST01673,Harish Nair,33,26-35,Male,Business Owner,2154346,Married,Bihar,Patna,Touring / Adventure,2020-03-24
CUST01674,Sachin Pandey,18,18-25,Male,IT Professional,2307817,Single,West Bengal,Durgapur,Touring / Adventure,2025-01-19
CUST01675,Ganesh Bhat,19,18-25,Male,Self-Employed / Freelancer,698218,Single,Andhra Pradesh,Guntur,Enthusiast,2025-03-08
CUST01676,Ganesh Iyer,45,36-45,Male,Healthcare Professional,2129956,Single,Uttar Pradesh,Kanpur,Touring / Adventure,2021-07-29
CUST01677,Manoj Pillai,44,36-45,Male,Engineer,796882,Single,Bihar,Patna,Enthusiast,2024-02-16
CUST01678,Vijay Menon,35,26-35,Male,IT Professional,2284929,Married,Haryana,Karnal,Touring / Adventure,2023-10-16
CUST01679,Swati Pillai,37,36-45,Female,Business Owner,1170890,Married,Chhattisgarh,Raipur,Enthusiast,2020-12-21
CUST01680,Ashok Banerjee,35,26-35,Male,Defense Personnel,1032184,Married,Rajasthan,Jodhpur,Premium Collector,2020-11-29
CUST01681,Sunita Sharma,26,26-35,Female,IT Professional,1801939,Married,Jharkhand,Dhanbad,Daily Commuter,2024-04-13
CUST01682,Deepak Kulkarni,34,26-35,Male,IT Professional,1539981,Married,Haryana,Gurugram,Enthusiast,2026-04-01
CUST01683,Harish Chowdhury,32,26-35,Male,Business Owner,3262569,Single,Tamil Nadu,Coimbatore,Touring / Adventure,2022-08-13
CUST01684,Radhika Mishra,25,18-25,Female,Government Employee,1331220,Single,Madhya Pradesh,Indore,First-time Buyer,2025-08-09
CUST01685,Priya Iyer,40,36-45,Female,Healthcare Professional,1972847,Married,Goa,Panaji,Touring / Adventure,2022-06-08
CUST01686,Lakshmi Gupta,36,36-45,Female,IT Professional,707928,Married,Gujarat,Vadodara,First-time Buyer,2024-01-14
CUST01687,Vikram Pandey,25,18-25,Male,Student,501029,Single,Chhattisgarh,Bilaspur,Enthusiast,2024-01-22
CUST01688,Abhishek Deshmukh,38,36-45,Male,IT Professional,1412439,Married,Odisha,Rourkela,Daily Commuter,2023-10-15
CUST01689,Aditya Mishra,35,26-35,Male,Government Employee,1181643,Single,Delhi,West Delhi,First-time Buyer,2024-04-01
CUST01690,Nikhil Shetty,54,46-60,Male,Healthcare Professional,2697989,Married,Goa,Panaji,Enthusiast,2025-02-11
CUST01691,Ashok Chowdhury,18,18-25,Male,IT Professional,1582381,Single,Goa,Panaji,First-time Buyer,2020-12-15
CUST01692,Naveen Mishra,31,26-35,Male,IT Professional,1985564,Single,Punjab,Ludhiana,Daily Commuter,2021-11-18
CUST01693,Manish Rao,21,18-25,Male,Government Employee,931894,Single,Uttar Pradesh,Varanasi,First-time Buyer,2024-07-01
CUST01694,Aditya Kulkarni,29,26-35,Male,IT Professional,1315178,Married,Assam,Dibrugarh,Daily Commuter,2021-07-29
CUST01695,Deepak Kumar,23,18-25,Male,Business Owner,1911075,Single,Maharashtra,Thane,First-time Buyer,2025-12-17
CUST01696,Yash Rao,45,36-45,Male,Business Owner,2318799,Married,Chhattisgarh,Bilaspur,Enthusiast,2025-12-08
CUST01697,Vivek Rao,32,26-35,Male,IT Professional,1768388,Single,Karnataka,Belagavi,Touring / Adventure,2025-01-03
CUST01698,Aditya Mehta,57,46-60,Male,IT Professional,1122414,Single,Maharashtra,Nagpur,Enthusiast,2021-01-16
CUST01699,Vivek Bhat,32,26-35,Male,Engineer,1489804,Married,Maharashtra,Nagpur,Enthusiast,2025-10-28
CUST01700,Arjun Nair,20,18-25,Male,Healthcare Professional,2687636,Married,Maharashtra,Mumbai,Premium Collector,2023-05-15
CUST01701,Aarav Rao,21,18-25,Male,IT Professional,1279857,Single,Delhi,North Delhi,First-time Buyer,2025-06-20
CUST01702,Deepak Kumar,18,18-25,Male,Banker / Finance,1306762,Single,Haryana,Panipat,First-time Buyer,2023-02-02
CUST01703,Karan Mehta,19,18-25,Male,Engineer,537552,Single,Gujarat,Bhavnagar,First-time Buyer,2026-05-28
CUST01704,Sanjay Patel,29,26-35,Male,Defense Personnel,706556,Single,Kerala,Thiruvananthapuram,Enthusiast,2026-06-04
CUST01705,Deepika Das,29,26-35,Female,Government Employee,1343899,Married,Karnataka,Hubballi,First-time Buyer,2023-10-06
CUST01706,Karthik Rao,43,36-45,Male,Engineer,1548927,Married,Tamil Nadu,Coimbatore,Enthusiast,2024-02-03
CUST01707,Dev Pillai,33,26-35,Male,IT Professional,870798,Married,Maharashtra,Mumbai,Enthusiast,2021-05-03
CUST01708,Kavya Bhat,49,46-60,Female,Engineer,507866,Single,Maharashtra,Mumbai,Touring / Adventure,2022-03-20
CUST01709,Yash Banerjee,51,46-60,Male,Government Employee,1230044,Single,Punjab,Patiala,Enthusiast,2022-05-14
CUST01710,Naveen Gupta,35,26-35,Male,Student,429352,Married,West Bengal,Durgapur,Premium Collector,2023-06-22
CUST01711,Ritu Bhat,29,26-35,Female,Business Owner,1134405,Married,Chhattisgarh,Raipur,Enthusiast,2020-10-14
CUST01712,Ramesh Agarwal,29,26-35,Male,Banker / Finance,1090819,Married,Chhattisgarh,Bilaspur,Enthusiast,2023-11-04
CUST01713,Preeti Chowdhury,28,26-35,Female,IT Professional,1451654,Single,Chhattisgarh,Bilaspur,Enthusiast,2025-10-24
CUST01714,Radhika Verma,35,26-35,Female,Engineer,539348,Married,Jharkhand,Dhanbad,Daily Commuter,2024-09-11
CUST01715,Radhika Sharma,18,18-25,Female,Government Employee,1462775,Single,Uttar Pradesh,Lucknow,First-time Buyer,2021-11-18
CUST01716,Karan Kumar,23,18-25,Male,Healthcare Professional,1668585,Single,Haryana,Karnal,Daily Commuter,2023-01-04
CUST01717,Radhika Verma,19,18-25,Female,Defense Personnel,1188678,Single,Kerala,Kollam,First-time Buyer,2020-09-26
CUST01718,Yash Deshmukh,18,18-25,Male,Government Employee,917191,Single,Jharkhand,Ranchi,Daily Commuter,2023-01-22
CUST01719,Vikram Patel,44,36-45,Male,Student,519706,Single,Uttar Pradesh,Lucknow,Touring / Adventure,2025-05-25
CUST01720,Deepak Joshi,21,18-25,Male,Defense Personnel,571469,Single,Andhra Pradesh,Guntur,Daily Commuter,2022-08-25
CUST01721,Aarav Verma,28,26-35,Male,Defense Personnel,1067056,Married,Bihar,Muzaffarpur,First-time Buyer,2024-07-23
CUST01722,Vikram Menon,44,36-45,Male,Defense Personnel,733550,Married,Assam,Guwahati,Touring / Adventure,2023-03-09
CUST01723,Rohan Singh,43,36-45,Male,Defense Personnel,1170396,Married,Madhya Pradesh,Gwalior,First-time Buyer,2023-01-01
CUST01724,Pooja Gowda,30,26-35,Female,IT Professional,1269966,Single,Kerala,Kollam,Touring / Adventure,2023-11-21
CUST01725,Ramesh Bhat,43,36-45,Male,Healthcare Professional,1113591,Single,West Bengal,Kolkata,Enthusiast,2025-05-25
CUST01726,Yash Rao,26,26-35,Male,Healthcare Professional,1339744,Married,Punjab,Jalandhar,Premium Collector,2020-03-29
CUST01727,Ashok Reddy,28,26-35,Male,Business Owner,1104602,Married,Jharkhand,Dhanbad,Enthusiast,2021-06-24
CUST01728,Aditya Das,41,36-45,Male,IT Professional,1832619,Single,Haryana,Panipat,Touring / Adventure,2020-08-02
CUST01729,Karthik Shetty,22,18-25,Male,Government Employee,1228747,Single,Karnataka,Hubballi,First-time Buyer,2022-08-10
CUST01730,Amit Das,37,36-45,Male,Defense Personnel,1328960,Married,Tamil Nadu,Chennai,Daily Commuter,2022-07-03
CUST01731,Vikram Gowda,22,18-25,Male,Government Employee,1108629,Single,Punjab,Patiala,Enthusiast,2024-05-25
CUST01732,Rajesh Patel,42,36-45,Male,Engineer,1360917,Married,Jharkhand,Jamshedpur,Touring / Adventure,2026-01-06
CUST01733,Manoj Rao,28,26-35,Male,Student,431962,Married,Gujarat,Surat,Enthusiast,2026-04-22
CUST01734,Vijay Pandey,45,36-45,Male,Business Owner,1705012,Married,Karnataka,Belagavi,Enthusiast,2025-08-31
CUST01735,Amit Singh,40,36-45,Male,Healthcare Professional,1608272,Married,Rajasthan,Udaipur,First-time Buyer,2025-11-18
CUST01736,Dev Bhat,26,26-35,Male,Business Owner,1819522,Married,West Bengal,Durgapur,Daily Commuter,2025-09-12
CUST01737,Abhishek Gupta,32,26-35,Male,Government Employee,1250712,Married,Uttar Pradesh,Kanpur,Touring / Adventure,2026-01-05
CUST01738,Dinesh Das,46,46-60,Male,Defense Personnel,564199,Single,Chhattisgarh,Bhilai,Enthusiast,2023-04-04
CUST01739,Pranav Chowdhury,31,26-35,Male,IT Professional,2119239,Married,Andhra Pradesh,Vijayawada,Enthusiast,2022-06-28
CUST01740,Harish Gowda,34,26-35,Male,Government Employee,1177039,Single,Chhattisgarh,Bhilai,Enthusiast,2025-03-05
CUST01741,Priya Kulkarni,30,26-35,Female,Engineer,1376308,Married,Maharashtra,Pune,First-time Buyer,2023-10-14
CUST01742,Dev Gupta,30,26-35,Male,Government Employee,1216389,Single,Odisha,Rourkela,Premium Collector,2022-10-16
CUST01743,Divya Banerjee,18,18-25,Female,IT Professional,1332933,Single,Delhi,South Delhi,First-time Buyer,2022-05-26
CUST01744,Ramesh Shah,25,18-25,Male,Engineer,1668553,Single,Tamil Nadu,Madurai,Enthusiast,2021-03-17
CUST01745,Ramesh Mehta,26,26-35,Male,IT Professional,1386324,Single,Uttar Pradesh,Ghaziabad,Daily Commuter,2020-04-07
CUST01746,Yash Menon,34,26-35,Male,Engineer,937845,Married,Rajasthan,Jodhpur,Daily Commuter,2025-02-19
CUST01747,Vijay Das,20,18-25,Male,IT Professional,2264204,Single,West Bengal,Kolkata,Touring / Adventure,2020-08-31
CUST01748,Deepak Menon,31,26-35,Male,IT Professional,637245,Married,Rajasthan,Jaipur,Enthusiast,2026-05-16
CUST01749,Lokesh Iyer,32,26-35,Male,Government Employee,1203352,Married,Uttar Pradesh,Varanasi,Enthusiast,2023-10-11
CUST01750,Vivek Shetty,24,18-25,Male,IT Professional,1201819,Single,Uttar Pradesh,Varanasi,Daily Commuter,2025-01-23
CUST01751,Isha Patel,41,36-45,Female,Healthcare Professional,1129031,Single,Gujarat,Rajkot,Touring / Adventure,2025-09-07
CUST01752,Ananya Iyer,42,36-45,Female,Healthcare Professional,1453686,Married,Jharkhand,Dhanbad,Daily Commuter,2026-03-16
CUST01753,Sanjay Das,35,26-35,Male,Business Owner,2786570,Married,Andhra Pradesh,Tirupati,Enthusiast,2023-02-28
CUST01754,Karthik Sharma,20,18-25,Male,Engineer,1323942,Single,Jharkhand,Jamshedpur,First-time Buyer,2025-03-05
CUST01755,Arjun Menon,47,46-60,Male,IT Professional,919814,Married,Uttar Pradesh,Varanasi,Touring / Adventure,2021-05-13
CUST01756,Isha Gowda,21,18-25,Female,Business Owner,1188035,Married,Tamil Nadu,Salem,Enthusiast,2021-05-23
CUST01757,Nidhi Pandey,20,18-25,Female,Business Owner,2839278,Single,Chhattisgarh,Bhilai,Touring / Adventure,2022-05-15
CUST01758,Amit Rao,40,36-45,Male,Engineer,732499,Single,Maharashtra,Thane,Touring / Adventure,2023-07-02
CUST01759,Yash Gupta,28,26-35,Male,Government Employee,454669,Married,Madhya Pradesh,Indore,Enthusiast,2024-01-19
CUST01760,Sanjay Pandey,32,26-35,Male,Engineer,1604291,Married,Tamil Nadu,Chennai,Enthusiast,2022-12-11
CUST01761,Abhishek Mishra,53,46-60,Male,IT Professional,1288122,Married,Punjab,Jalandhar,Touring / Adventure,2020-08-11
CUST01762,Sanjay Sharma,29,26-35,Male,Government Employee,1393251,Married,Bihar,Patna,Enthusiast,2021-03-12
CUST01763,Harish Agarwal,59,46-60,Male,IT Professional,2347883,Married,Delhi,New Delhi,Premium Collector,2025-01-20
CUST01764,Arjun Shah,18,18-25,Male,Government Employee,525928,Single,Telangana,Nizamabad,Daily Commuter,2023-09-23
CUST01765,Dev Patel,46,46-60,Male,IT Professional,1189087,Married,Kerala,Kochi,Daily Commuter,2023-05-15
CUST01766,Swati Mishra,34,26-35,Female,Banker / Finance,1066856,Married,Gujarat,Ahmedabad,Enthusiast,2020-08-07
CUST01767,Pooja Pandey,53,46-60,Female,Defense Personnel,632703,Married,Odisha,Cuttack,Touring / Adventure,2023-06-23
CUST01768,Pranav Verma,34,26-35,Male,Engineer,1387355,Single,Madhya Pradesh,Jabalpur,Daily Commuter,2020-04-06
CUST01769,Deepak Nair,30,26-35,Male,Government Employee,1388976,Married,Bihar,Patna,Enthusiast,2025-10-26
CUST01770,Lokesh Shah,65,60+,Male,Engineer,555603,Single,Bihar,Patna,Daily Commuter,2020-01-06
CUST01771,Anita Menon,42,36-45,Female,Defense Personnel,1175630,Married,Tamil Nadu,Coimbatore,Enthusiast,2025-02-04
CUST01772,Vikram Mishra,40,36-45,Male,IT Professional,1011201,Single,Maharashtra,Thane,First-time Buyer,2025-11-24
CUST01773,Yash Mehta,35,26-35,Male,Business Owner,2701005,Married,Haryana,Gurugram,Touring / Adventure,2022-09-15
CUST01774,Pranav Pandey,52,46-60,Male,Engineer,1266071,Married,Haryana,Faridabad,Daily Commuter,2022-07-26
CUST01775,Pooja Gowda,27,26-35,Female,Business Owner,3263935,Married,Kerala,Thiruvananthapuram,Enthusiast,2024-02-28
CUST01776,Harish Menon,29,26-35,Male,IT Professional,1220695,Married,Andhra Pradesh,Tirupati,Daily Commuter,2020-01-21
CUST01777,Pooja Gowda,38,36-45,Female,Self-Employed / Freelancer,1233686,Single,Gujarat,Vadodara,Premium Collector,2024-01-23
CUST01778,Anand Iyer,18,18-25,Male,Government Employee,682964,Single,Karnataka,Bengaluru,First-time Buyer,2023-08-31
CUST01779,Lokesh Gupta,50,46-60,Male,Defense Personnel,1057246,Married,Punjab,Chandigarh,Premium Collector,2022-08-04
CUST01780,Vijay Kumar,40,36-45,Male,Government Employee,1299092,Married,Telangana,Hyderabad,Touring / Adventure,2022-06-12
CUST01781,Sachin Mehta,53,46-60,Male,IT Professional,1465477,Single,Madhya Pradesh,Gwalior,Premium Collector,2024-09-12
CUST01782,Karan Kumar,19,18-25,Male,IT Professional,771151,Single,Assam,Dibrugarh,Enthusiast,2021-05-12
CUST01783,Arjun Shetty,26,26-35,Male,IT Professional,1916573,Married,Maharashtra,Aurangabad,Daily Commuter,2022-02-14
CUST01784,Arjun Deshmukh,25,18-25,Male,Healthcare Professional,984037,Single,Bihar,Patna,Daily Commuter,2023-11-07
CUST01785,Karthik Shetty,37,36-45,Male,IT Professional,1823003,Married,Tamil Nadu,Salem,Daily Commuter,2021-11-08
CUST01786,Riya Patel,30,26-35,Female,Student,560091,Single,Karnataka,Belagavi,Touring / Adventure,2026-01-29
CUST01787,Ganesh Singh,30,26-35,Male,IT Professional,2083803,Married,Andhra Pradesh,Tirupati,Touring / Adventure,2025-05-15
CUST01788,Yash Iyer,35,26-35,Male,IT Professional,1609740,Married,Assam,Guwahati,Enthusiast,2023-12-30
CUST01789,Karthik Sharma,22,18-25,Male,IT Professional,2119340,Married,Assam,Dibrugarh,Touring / Adventure,2022-06-05
CUST01790,Vivek Banerjee,22,18-25,Male,Business Owner,3397232,Single,Rajasthan,Udaipur,Touring / Adventure,2022-07-20
CUST01791,Pranav Gowda,23,18-25,Male,Student,563941,Single,Madhya Pradesh,Indore,First-time Buyer,2020-12-15
CUST01792,Ramesh Mehta,43,36-45,Male,Business Owner,2289591,Married,Andhra Pradesh,Guntur,Enthusiast,2021-03-02
CUST01793,Ashok Bhat,39,36-45,Male,Engineer,1258107,Married,West Bengal,Kolkata,Enthusiast,2025-09-12
CUST01794,Manish Shetty,22,18-25,Male,Banker / Finance,909207,Single,Delhi,North Delhi,Enthusiast,2025-11-06
CUST01795,Deepak Patel,29,26-35,Male,IT Professional,605598,Married,Andhra Pradesh,Visakhapatnam,Enthusiast,2025-01-13
CUST01796,Lakshmi Menon,34,26-35,Female,Defense Personnel,913861,Married,Uttar Pradesh,Noida,Touring / Adventure,2022-05-07
CUST01797,Vivek Gupta,20,18-25,Male,Defense Personnel,419210,Married,Haryana,Karnal,First-time Buyer,2021-04-15
CUST01798,Sachin Shah,20,18-25,Male,IT Professional,1039990,Single,Madhya Pradesh,Indore,First-time Buyer,2022-09-12
CUST01799,Karthik Agarwal,26,26-35,Male,Banker / Finance,1891642,Married,Tamil Nadu,Coimbatore,Daily Commuter,2022-04-18
CUST01800,Manoj Mishra,20,18-25,Male,Business Owner,2462602,Single,Karnataka,Belagavi,Enthusiast,2024-10-12
CUST01801,Ramesh Agarwal,26,26-35,Male,Business Owner,1859988,Married,Tamil Nadu,Chennai,Daily Commuter,2024-11-20
CUST01802,Prakash Sharma,34,26-35,Male,IT Professional,2128547,Married,Rajasthan,Udaipur,Touring / Adventure,2021-08-07
CUST01803,Lokesh Shah,34,26-35,Male,IT Professional,612732,Married,Tamil Nadu,Chennai,Touring / Adventure,2024-07-28
CUST01804,Lokesh Singh,41,36-45,Male,Business Owner,1825684,Married,Punjab,Chandigarh,Touring / Adventure,2026-03-13
CUST01805,Riya Banerjee,21,18-25,Female,Student,544031,Single,Chhattisgarh,Bilaspur,First-time Buyer,2024-07-15
CUST01806,Yash Agarwal,21,18-25,Male,Banker / Finance,883777,Single,Odisha,Cuttack,Daily Commuter,2024-11-18
CUST01807,Pooja Chowdhury,61,60+,Female,Business Owner,3264409,Married,Maharashtra,Aurangabad,Premium Collector,2024-01-09
CUST01808,Vijay Sharma,44,36-45,Male,Healthcare Professional,1998129,Single,Jharkhand,Dhanbad,Enthusiast,2022-06-20
CUST01809,Yash Shah,22,18-25,Male,Defense Personnel,769753,Single,Goa,Panaji,First-time Buyer,2025-07-24
CUST01810,Deepak Singh,21,18-25,Male,Defense Personnel,1195445,Single,Punjab,Ludhiana,Enthusiast,2024-12-16
CUST01811,Riya Mishra,27,26-35,Female,Banker / Finance,1297938,Single,Maharashtra,Mumbai,Daily Commuter,2020-06-08
CUST01812,Dev Joshi,20,18-25,Male,Defense Personnel,1024020,Single,Karnataka,Bengaluru,First-time Buyer,2025-10-06
CUST01813,Prakash Deshmukh,44,36-45,Male,Government Employee,926643,Married,Rajasthan,Jodhpur,Daily Commuter,2021-03-09
CUST01814,Rohan Agarwal,25,18-25,Male,Banker / Finance,1238620,Single,Assam,Guwahati,Enthusiast,2022-06-21
CUST01815,Suresh Agarwal,44,36-45,Male,Engineer,1574852,Married,Chhattisgarh,Raipur,Touring / Adventure,2022-11-23
CUST01816,Prakash Kulkarni,26,26-35,Male,Engineer,1096780,Married,Bihar,Muzaffarpur,Touring / Adventure,2023-07-04
CUST01817,Sachin Pandey,30,26-35,Male,Government Employee,807263,Single,Punjab,Chandigarh,Daily Commuter,2023-11-07
CUST01818,Rajesh Menon,25,18-25,Male,Healthcare Professional,1786809,Single,Gujarat,Vadodara,Daily Commuter,2025-10-12
CUST01819,Yash Shetty,57,46-60,Male,Business Owner,2117958,Married,Delhi,New Delhi,Enthusiast,2025-07-28
CUST01820,Arjun Kulkarni,62,60+,Male,Government Employee,1475099,Single,Odisha,Rourkela,Enthusiast,2024-12-18
CUST01821,Dev Pandey,33,26-35,Male,IT Professional,1913693,Married,Madhya Pradesh,Ujjain,Daily Commuter,2024-05-07
CUST01822,Karthik Reddy,21,18-25,Male,IT Professional,1819793,Single,Kerala,Kozhikode,First-time Buyer,2026-03-20
CUST01823,Amit Agarwal,58,46-60,Male,Government Employee,1273316,Married,Tamil Nadu,Madurai,Daily Commuter,2023-07-08
CUST01824,Yash Pandey,30,26-35,Male,Government Employee,845050,Married,Jharkhand,Dhanbad,Enthusiast,2025-05-28
CUST01825,Siddharth Deshmukh,26,26-35,Male,Business Owner,2693663,Single,Delhi,North Delhi,Enthusiast,2021-09-01
CUST01826,Lokesh Singh,49,46-60,Male,Business Owner,2311841,Married,Punjab,Jalandhar,Touring / Adventure,2021-03-31
CUST01827,Dev Bhat,35,26-35,Male,Defense Personnel,1223861,Married,Uttar Pradesh,Lucknow,Daily Commuter,2024-11-27
CUST01828,Dev Kumar,28,26-35,Male,Government Employee,1214784,Married,Karnataka,Mysuru,Daily Commuter,2023-12-15
CUST01829,Aarav Nair,31,26-35,Male,IT Professional,1455407,Married,Jharkhand,Ranchi,Daily Commuter,2025-08-08
CUST01830,Vikram Pandey,38,36-45,Male,IT Professional,2116607,Married,Haryana,Gurugram,Touring / Adventure,2024-08-10
CUST01831,Nikhil Shah,52,46-60,Male,Business Owner,3160578,Married,Kerala,Kollam,Premium Collector,2026-04-30
CUST01832,Yash Mehta,18,18-25,Male,Government Employee,1419360,Single,Maharashtra,Pune,Enthusiast,2021-03-17
CUST01833,Anand Reddy,30,26-35,Male,Government Employee,793072,Single,Uttar Pradesh,Varanasi,Enthusiast,2020-10-29
CUST01834,Pranav Mehta,45,36-45,Male,IT Professional,1392565,Single,Telangana,Karimnagar,Enthusiast,2023-10-13
CUST01835,Ramesh Gupta,42,36-45,Male,IT Professional,904753,Married,Andhra Pradesh,Guntur,Daily Commuter,2023-02-19
CUST01836,Anand Iyer,44,36-45,Male,Engineer,1433032,Single,Chhattisgarh,Bhilai,Premium Collector,2020-09-11
CUST01837,Karthik Patel,27,26-35,Male,Banker / Finance,1092504,Married,Uttar Pradesh,Lucknow,Daily Commuter,2023-08-20
CUST01838,Sanjay Das,26,26-35,Male,Banker / Finance,1106310,Married,Maharashtra,Nashik,Premium Collector,2023-11-04
CUST01839,Prakash Reddy,34,26-35,Male,Engineer,1624792,Married,Goa,Panaji,Enthusiast,2023-01-21
CUST01840,Ramesh Chowdhury,47,46-60,Male,Engineer,1772265,Married,Gujarat,Surat,Daily Commuter,2021-09-27
CUST01841,Anand Pandey,34,26-35,Male,IT Professional,1950358,Single,Maharashtra,Nashik,Enthusiast,2020-04-19
CUST01842,Pranav Das,34,26-35,Male,Defense Personnel,969113,Married,Telangana,Hyderabad,Enthusiast,2024-07-02
CUST01843,Ramesh Pillai,27,26-35,Male,Banker / Finance,915324,Single,Haryana,Gurugram,Enthusiast,2024-01-18
CUST01844,Ashok Mehta,22,18-25,Male,Government Employee,998806,Single,Kerala,Kochi,First-time Buyer,2021-04-30
CUST01845,Vijay Mishra,24,18-25,Male,Engineer,716972,Single,Karnataka,Bengaluru,First-time Buyer,2023-03-14
CUST01846,Rajesh Rao,34,26-35,Male,Engineer,818067,Married,Uttar Pradesh,Ghaziabad,Daily Commuter,2020-08-07
CUST01847,Arjun Gupta,18,18-25,Male,IT Professional,1764480,Single,Andhra Pradesh,Vijayawada,Daily Commuter,2020-02-18
CUST01848,Karthik Joshi,43,36-45,Male,Government Employee,518728,Married,Karnataka,Mangaluru,Touring / Adventure,2025-04-11
CUST01849,Ramesh Nair,31,26-35,Male,Government Employee,1396455,Single,Maharashtra,Nashik,First-time Buyer,2021-11-15
CUST01850,Dinesh Mehta,28,26-35,Male,IT Professional,2232759,Married,Goa,Panaji,Premium Collector,2024-02-09
CUST01851,Pranav Rao,39,36-45,Male,Healthcare Professional,2358720,Single,Madhya Pradesh,Indore,Premium Collector,2021-04-16
CUST01852,Dinesh Mishra,41,36-45,Male,Healthcare Professional,2620173,Married,Delhi,North Delhi,Touring / Adventure,2025-11-03
CUST01853,Harish Banerjee,19,18-25,Male,IT Professional,2318589,Single,Assam,Silchar,Touring / Adventure,2023-03-06
CUST01854,Abhishek Chowdhury,30,26-35,Male,Engineer,938513,Married,Bihar,Gaya,Touring / Adventure,2023-07-23
CUST01855,Naveen Agarwal,47,46-60,Male,Engineer,648520,Single,Maharashtra,Nashik,Daily Commuter,2024-10-03
CUST01856,Preeti Bhat,23,18-25,Female,Business Owner,3219589,Single,Assam,Silchar,Touring / Adventure,2020-08-02
CUST01857,Prakash Agarwal,44,36-45,Male,IT Professional,1477849,Married,Delhi,South Delhi,Touring / Adventure,2025-07-21
CUST01858,Karan Sharma,40,36-45,Male,Engineer,1515587,Single,Chhattisgarh,Bhilai,First-time Buyer,2021-07-31
CUST01859,Ritu Das,35,26-35,Female,IT Professional,965963,Married,Tamil Nadu,Coimbatore,Premium Collector,2025-05-27
CUST01860,Sachin Mehta,25,18-25,Male,IT Professional,1304536,Single,Haryana,Panipat,First-time Buyer,2021-08-13
CUST01861,Nikhil Deshmukh,32,26-35,Male,Government Employee,1416837,Single,Jharkhand,Ranchi,Daily Commuter,2023-09-11
CUST01862,Naveen Mishra,22,18-25,Male,Government Employee,735616,Single,Gujarat,Vadodara,Enthusiast,2022-05-22
CUST01863,Aarav Shah,35,26-35,Male,Self-Employed / Freelancer,837874,Married,West Bengal,Kolkata,Daily Commuter,2020-04-21
CUST01864,Sanjay Banerjee,30,26-35,Male,Healthcare Professional,2165794,Married,Maharashtra,Pune,Enthusiast,2024-08-04
CUST01865,Harish Kumar,20,18-25,Male,Business Owner,3372321,Single,Andhra Pradesh,Vijayawada,Enthusiast,2022-08-08
CUST01866,Amit Kumar,20,18-25,Male,Healthcare Professional,1439291,Single,Rajasthan,Udaipur,First-time Buyer,2024-08-22
CUST01867,Manish Menon,41,36-45,Male,Healthcare Professional,1140988,Married,Jharkhand,Jamshedpur,Enthusiast,2020-02-28
CUST01868,Nikhil Bhat,34,26-35,Male,Business Owner,2053290,Married,Madhya Pradesh,Ujjain,Premium Collector,2024-07-01
CUST01869,Abhishek Deshmukh,23,18-25,Male,Healthcare Professional,1438283,Single,Jharkhand,Jamshedpur,Enthusiast,2025-11-13
CUST01870,Dinesh Deshmukh,31,26-35,Male,Defense Personnel,951521,Single,Karnataka,Mangaluru,Daily Commuter,2021-10-02
CUST01871,Radhika Bhat,22,18-25,Other,IT Professional,1061833,Single,Gujarat,Rajkot,Enthusiast,2026-01-22
CUST01872,Prakash Gupta,20,18-25,Male,Engineer,1300347,Single,Uttar Pradesh,Ghaziabad,First-time Buyer,2024-12-17
CUST01873,Vaishnavi Das,24,18-25,Female,IT Professional,1570495,Single,Andhra Pradesh,Vijayawada,Daily Commuter,2021-09-04
CUST01874,Ramesh Chowdhury,30,26-35,Male,Government Employee,927219,Single,Haryana,Panipat,Touring / Adventure,2023-11-22
CUST01875,Ashok Das,48,46-60,Male,IT Professional,2286571,Single,Madhya Pradesh,Indore,Touring / Adventure,2020-05-29
CUST01876,Yash Reddy,34,26-35,Male,IT Professional,863878,Single,Delhi,New Delhi,Touring / Adventure,2021-06-02
CUST01877,Abhishek Pandey,40,36-45,Male,IT Professional,2124253,Single,Jharkhand,Ranchi,Premium Collector,2023-04-04
CUST01878,Deepika Gowda,35,26-35,Female,Business Owner,1236203,Married,Maharashtra,Thane,Daily Commuter,2020-10-10
CUST01879,Lokesh Shetty,32,26-35,Male,Healthcare Professional,2139777,Married,Delhi,West Delhi,Premium Collector,2023-02-14
CUST01880,Sachin Agarwal,39,36-45,Male,Government Employee,597960,Single,Tamil Nadu,Madurai,Daily Commuter,2023-09-14
CUST01881,Prakash Shah,36,36-45,Male,IT Professional,1889664,Married,Odisha,Cuttack,Touring / Adventure,2023-02-16
CUST01882,Tanvi Nair,33,26-35,Female,IT Professional,778558,Married,Assam,Guwahati,Enthusiast,2022-09-30
CUST01883,Aditya Shah,44,36-45,Male,Business Owner,3082967,Married,Gujarat,Bhavnagar,Touring / Adventure,2020-08-06
CUST01884,Arjun Verma,18,18-25,Male,Business Owner,1629327,Single,Tamil Nadu,Coimbatore,First-time Buyer,2025-01-16
CUST01885,Vijay Mishra,27,26-35,Male,Engineer,1271942,Married,Gujarat,Vadodara,Touring / Adventure,2023-04-26
CUST01886,Suresh Iyer,23,18-25,Male,Business Owner,1806593,Single,Kerala,Thrissur,First-time Buyer,2020-12-05
CUST01887,Vikram Banerjee,30,26-35,Male,Student,530795,Married,Madhya Pradesh,Gwalior,Enthusiast,2020-09-09
CUST01888,Shreya Mishra,20,18-25,Female,IT Professional,1919428,Single,Karnataka,Hubballi,First-time Buyer,2024-03-12
CUST01889,Siddharth Iyer,26,26-35,Male,Business Owner,3412888,Single,Andhra Pradesh,Guntur,Premium Collector,2025-10-01
CUST01890,Karthik Menon,18,18-25,Male,Student,555985,Single,Karnataka,Mysuru,Enthusiast,2023-03-16
CUST01891,Nikhil Pillai,32,26-35,Male,IT Professional,2271885,Married,Chhattisgarh,Bhilai,Enthusiast,2024-01-21
CUST01892,Manish Joshi,25,18-25,Male,IT Professional,2314001,Single,Maharashtra,Nashik,Premium Collector,2022-08-27
CUST01893,Riya Menon,24,18-25,Female,Student,379845,Single,Bihar,Muzaffarpur,Daily Commuter,2022-08-13
CUST01894,Vijay Shah,33,26-35,Male,Government Employee,1356819,Married,Andhra Pradesh,Guntur,Daily Commuter,2024-08-30
CUST01895,Suresh Rao,22,18-25,Male,Defense Personnel,1049326,Single,Odisha,Rourkela,Daily Commuter,2022-07-05
CUST01896,Siddharth Pillai,34,26-35,Male,Government Employee,597294,Married,Punjab,Ludhiana,Daily Commuter,2024-01-16
CUST01897,Ganesh Pillai,19,18-25,Male,Government Employee,853058,Single,Maharashtra,Thane,Daily Commuter,2022-04-27
CUST01898,Karthik Rao,46,46-60,Male,Defense Personnel,1129570,Single,Maharashtra,Nagpur,Enthusiast,2022-06-10
CUST01899,Deepak Gowda,34,26-35,Male,Banker / Finance,784911,Married,Odisha,Rourkela,Touring / Adventure,2020-04-03
CUST01900,Rohan Nair,52,46-60,Male,IT Professional,1688922,Married,Assam,Dibrugarh,Daily Commuter,2025-07-24
CUST01901,Karthik Joshi,39,36-45,Male,IT Professional,1427062,Married,Telangana,Hyderabad,Touring / Adventure,2025-08-25
CUST01902,Deepak Shetty,59,46-60,Male,Defense Personnel,1001181,Married,Odisha,Rourkela,Enthusiast,2024-06-22
CUST01903,Ananya Sharma,50,46-60,Female,Banker / Finance,1382364,Married,West Bengal,Kolkata,First-time Buyer,2021-07-14
CUST01904,Pooja Reddy,36,36-45,Female,Business Owner,837339,Single,Gujarat,Vadodara,Daily Commuter,2020-09-26
CUST01905,Anand Bhat,29,26-35,Male,Healthcare Professional,2403813,Married,Telangana,Nizamabad,Touring / Adventure,2023-04-15
CUST01906,Pranav Gowda,43,36-45,Male,Healthcare Professional,2767320,Married,Odisha,Bhubaneswar,Enthusiast,2023-08-24
CUST01907,Sunita Kumar,34,26-35,Female,Self-Employed / Freelancer,636075,Married,West Bengal,Durgapur,First-time Buyer,2024-09-19
CUST01908,Rahul Menon,29,26-35,Male,IT Professional,2089889,Married,Assam,Dibrugarh,Enthusiast,2022-02-27
CUST01909,Rohan Bhat,26,26-35,Male,Engineer,1588174,Married,Uttar Pradesh,Lucknow,First-time Buyer,2023-01-25
CUST01910,Ramesh Shah,42,36-45,Male,IT Professional,1439541,Married,Tamil Nadu,Coimbatore,Daily Commuter,2021-11-21
CUST01911,Ramesh Kulkarni,27,26-35,Male,Engineer,732591,Single,Haryana,Panipat,Daily Commuter,2020-11-21
CUST01912,Nikhil Bhat,39,36-45,Male,IT Professional,1730396,Married,Gujarat,Ahmedabad,Daily Commuter,2020-05-07
CUST01913,Swati Gupta,45,36-45,Female,IT Professional,1298031,Married,Haryana,Panipat,Daily Commuter,2023-12-07
CUST01914,Meera Agarwal,39,36-45,Female,Student,597224,Single,Bihar,Patna,Daily Commuter,2021-01-01
CUST01915,Ananya Reddy,41,36-45,Female,Business Owner,2520803,Single,Andhra Pradesh,Vijayawada,Premium Collector,2020-01-29
CUST01916,Divya Gowda,53,46-60,Female,Student,448672,Single,Punjab,Jalandhar,Premium Collector,2021-05-29
CUST01917,Naveen Agarwal,32,26-35,Male,Healthcare Professional,932174,Single,Andhra Pradesh,Tirupati,First-time Buyer,2025-01-21
CUST01918,Pranav Nair,35,26-35,Male,Banker / Finance,619512,Married,Maharashtra,Pune,Enthusiast,2022-11-29
CUST01919,Ananya Rao,22,18-25,Female,Defense Personnel,896879,Single,Madhya Pradesh,Jabalpur,First-time Buyer,2024-09-16
CUST01920,Suresh Pillai,35,26-35,Male,IT Professional,1345326,Married,Kerala,Thrissur,Daily Commuter,2023-09-10
CUST01921,Deepak Agarwal,31,26-35,Male,Engineer,525125,Married,Maharashtra,Pune,Touring / Adventure,2025-01-04
CUST01922,Vikram Chowdhury,31,26-35,Male,IT Professional,1458362,Married,Chhattisgarh,Bhilai,Enthusiast,2021-10-26
CUST01923,Vijay Gowda,27,26-35,Male,Engineer,716929,Married,Karnataka,Mysuru,Touring / Adventure,2023-10-15
CUST01924,Arjun Agarwal,26,26-35,Male,Business Owner,2009719,Married,West Bengal,Kolkata,Premium Collector,2023-12-07
CUST01925,Pranav Shetty,38,36-45,Male,Defense Personnel,1301193,Married,Rajasthan,Udaipur,Touring / Adventure,2026-03-22
CUST01926,Rahul Verma,32,26-35,Male,Student,473824,Married,Haryana,Karnal,Daily Commuter,2026-04-14
CUST01927,Arjun Banerjee,26,26-35,Male,Student,595369,Married,Maharashtra,Mumbai,Enthusiast,2024-09-02
CUST01928,Vikram Kulkarni,57,46-60,Male,Self-Employed / Freelancer,1458720,Married,Maharashtra,Mumbai,Daily Commuter,2023-05-27
CUST01929,Vikram Das,59,46-60,Male,IT Professional,1642371,Single,Maharashtra,Nagpur,Premium Collector,2026-04-10
CUST01930,Suresh Chowdhury,43,36-45,Male,Government Employee,1164367,Married,Jharkhand,Ranchi,Premium Collector,2021-10-04
CUST01931,Aditya Bhat,53,46-60,Male,IT Professional,1457943,Married,Punjab,Ludhiana,Touring / Adventure,2021-08-30
CUST01932,Ashok Agarwal,34,26-35,Male,Business Owner,1064984,Married,Uttar Pradesh,Kanpur,Touring / Adventure,2025-12-09
CUST01933,Dev Mishra,18,18-25,Male,Defense Personnel,1022568,Single,Tamil Nadu,Chennai,First-time Buyer,2022-10-04
CUST01934,Anand Banerjee,24,18-25,Male,Healthcare Professional,847316,Single,Madhya Pradesh,Ujjain,First-time Buyer,2025-08-28
CUST01935,Karthik Mehta,40,36-45,Male,Student,396137,Married,Delhi,South Delhi,Enthusiast,2025-04-28
CUST01936,Sanjay Pandey,32,26-35,Male,Business Owner,1958368,Married,Madhya Pradesh,Ujjain,Enthusiast,2021-02-25
CUST01937,Sanjay Das,25,18-25,Male,Business Owner,1355228,Single,Karnataka,Bengaluru,First-time Buyer,2022-01-05
CUST01938,Rajesh Verma,28,26-35,Male,Student,447312,Single,Delhi,New Delhi,Enthusiast,2020-05-15
CUST01939,Prakash Mishra,22,18-25,Other,Engineer,807521,Single,Haryana,Panipat,First-time Buyer,2025-05-14
CUST01940,Karan Iyer,21,18-25,Male,Healthcare Professional,1580558,Single,Punjab,Ludhiana,Daily Commuter,2022-05-05
CUST01941,Suresh Deshmukh,29,26-35,Male,Business Owner,2478756,Married,Kerala,Kochi,Premium Collector,2021-07-26
CUST01942,Pooja Das,20,18-25,Female,IT Professional,2298510,Single,Punjab,Jalandhar,Enthusiast,2020-08-05
CUST01943,Vikram Kumar,21,18-25,Male,IT Professional,1089101,Married,Telangana,Hyderabad,Daily Commuter,2026-01-10
CUST01944,Deepika Reddy,22,18-25,Female,Government Employee,476510,Single,Delhi,New Delhi,First-time Buyer,2025-11-15
CUST01945,Ashok Mishra,33,26-35,Male,Banker / Finance,1918492,Married,Uttar Pradesh,Ghaziabad,Daily Commuter,2023-12-31
CUST01946,Karthik Singh,33,26-35,Male,Government Employee,1362420,Married,Andhra Pradesh,Tirupati,Enthusiast,2021-08-18
CUST01947,Naveen Reddy,24,18-25,Male,Defense Personnel,539236,Single,Maharashtra,Thane,First-time Buyer,2026-06-01
CUST01948,Prakash Gowda,25,18-25,Male,Business Owner,1798338,Single,Madhya Pradesh,Ujjain,First-time Buyer,2024-09-18
CUST01949,Sneha Mishra,26,26-35,Female,Engineer,1598924,Married,Madhya Pradesh,Jabalpur,Daily Commuter,2025-02-17
CUST01950,Vikram Das,37,36-45,Male,Engineer,1615458,Married,Telangana,Karimnagar,Touring / Adventure,2024-01-07
CUST01951,Deepak Agarwal,29,26-35,Male,Healthcare Professional,2298590,Married,Gujarat,Ahmedabad,Premium Collector,2026-05-07
CUST01952,Rohan Mehta,25,18-25,Male,Government Employee,1156356,Married,Karnataka,Mysuru,First-time Buyer,2026-03-28
CUST01953,Vivek Pandey,22,18-25,Male,Engineer,1576987,Single,Madhya Pradesh,Jabalpur,First-time Buyer,2021-01-07
CUST01954,Karthik Agarwal,25,18-25,Male,Defense Personnel,575893,Single,Kerala,Thrissur,Daily Commuter,2025-03-04
CUST01955,Nikhil Patel,30,26-35,Male,Government Employee,586968,Married,Assam,Dibrugarh,Enthusiast,2021-01-28
CUST01956,Amit Gowda,30,26-35,Male,Self-Employed / Freelancer,448036,Single,Odisha,Rourkela,Premium Collector,2021-09-23
CUST01957,Vikram Mishra,34,26-35,Male,Engineer,1787730,Married,Rajasthan,Jaipur,Enthusiast,2024-10-30
CUST01958,Aditya Gowda,33,26-35,Male,Student,535403,Married,Madhya Pradesh,Gwalior,Touring / Adventure,2026-04-09
CUST01959,Siddharth Joshi,52,46-60,Male,Healthcare Professional,1769302,Single,Madhya Pradesh,Bhopal,Touring / Adventure,2022-08-15
CUST01960,Anand Agarwal,28,26-35,Male,Business Owner,2246072,Single,Karnataka,Hubballi,Touring / Adventure,2024-12-17
CUST01961,Vikram Agarwal,55,46-60,Male,Engineer,995744,Single,Rajasthan,Jaipur,Enthusiast,2022-12-17
CUST01962,Harish Banerjee,35,26-35,Male,Defense Personnel,460563,Married,Delhi,North Delhi,Daily Commuter,2026-05-26
CUST01963,Dinesh Nair,35,26-35,Male,Banker / Finance,1301466,Married,Uttar Pradesh,Kanpur,Touring / Adventure,2021-12-25
CUST01964,Nikhil Singh,32,26-35,Other,IT Professional,1692853,Married,Odisha,Rourkela,Daily Commuter,2023-06-25
CUST01965,Siddharth Kulkarni,24,18-25,Male,Business Owner,2650930,Single,Uttar Pradesh,Noida,Touring / Adventure,2021-05-16
CUST01966,Deepak Deshmukh,19,18-25,Male,Defense Personnel,1162340,Single,Uttar Pradesh,Kanpur,Daily Commuter,2023-12-09
CUST01967,Lokesh Shah,19,18-25,Male,Engineer,964751,Single,Bihar,Gaya,First-time Buyer,2026-02-05
CUST01968,Harish Sharma,44,36-45,Male,Defense Personnel,427170,Married,Kerala,Kozhikode,Touring / Adventure,2025-05-27
CUST01969,Aarav Singh,38,36-45,Male,Healthcare Professional,1097103,Single,Karnataka,Hubballi,Premium Collector,2026-04-08
CUST01970,Deepak Gowda,22,18-25,Male,Banker / Finance,1861710,Single,Bihar,Gaya,First-time Buyer,2023-12-30
CUST01971,Dev Mehta,21,18-25,Male,Engineer,1532753,Single,Andhra Pradesh,Visakhapatnam,Daily Commuter,2023-06-28
CUST01972,Karthik Gowda,21,18-25,Male,Banker / Finance,762678,Single,Haryana,Karnal,First-time Buyer,2022-06-20
CUST01973,Karan Gupta,51,46-60,Male,IT Professional,2218307,Single,Delhi,North Delhi,Touring / Adventure,2022-05-23
CUST01974,Arjun Das,31,26-35,Male,Defense Personnel,667267,Married,Kerala,Thrissur,Daily Commuter,2020-10-06
CUST01975,Nikhil Deshmukh,61,60+,Male,Government Employee,1227200,Single,Karnataka,Belagavi,Daily Commuter,2021-01-17
CUST01976,Ganesh Bhat,37,36-45,Male,Government Employee,726320,Single,Bihar,Patna,First-time Buyer,2022-06-26
CUST01977,Nikhil Iyer,35,26-35,Male,Banker / Finance,674922,Married,Gujarat,Surat,Enthusiast,2023-03-11
CUST01978,Yash Gowda,65,60+,Male,Healthcare Professional,784573,Single,Kerala,Thrissur,Touring / Adventure,2026-05-26
CUST01979,Anand Menon,23,18-25,Male,Defense Personnel,1283476,Single,Karnataka,Belagavi,First-time Buyer,2021-05-16
CUST01980,Sanjay Mishra,36,36-45,Male,Healthcare Professional,878262,Single,Jharkhand,Jamshedpur,Touring / Adventure,2025-08-08
CUST01981,Priya Verma,30,26-35,Female,Engineer,1239029,Married,Uttar Pradesh,Kanpur,Enthusiast,2023-09-23
CUST01982,Deepika Verma,28,26-35,Female,Government Employee,912293,Married,Chhattisgarh,Raipur,Premium Collector,2023-11-27
CUST01983,Amit Das,28,26-35,Male,Government Employee,483714,Married,Gujarat,Bhavnagar,Daily Commuter,2024-12-19
CUST01984,Meera Iyer,40,36-45,Female,Government Employee,1174348,Married,Haryana,Faridabad,Daily Commuter,2023-03-16
CUST01985,Harish Singh,30,26-35,Male,Banker / Finance,832592,Single,Kerala,Thrissur,Enthusiast,2024-12-31
CUST01986,Divya Singh,32,26-35,Female,IT Professional,997705,Married,Kerala,Kochi,Enthusiast,2024-06-26
CUST01987,Preeti Shetty,33,26-35,Female,IT Professional,1643619,Single,Uttar Pradesh,Ghaziabad,Enthusiast,2020-09-14
CUST01988,Aishwarya Kumar,27,26-35,Female,Student,439182,Married,Kerala,Thrissur,First-time Buyer,2020-01-03
CUST01989,Vikram Gowda,27,26-35,Male,Healthcare Professional,2123878,Single,Delhi,West Delhi,Touring / Adventure,2022-07-21
CUST01990,Deepak Reddy,19,18-25,Male,Government Employee,932209,Single,Gujarat,Surat,First-time Buyer,2021-06-03
CUST01991,Ganesh Sharma,45,36-45,Male,IT Professional,828595,Single,Rajasthan,Jaipur,Premium Collector,2020-11-03
CUST01992,Aditya Pandey,34,26-35,Male,Government Employee,1460226,Married,Chhattisgarh,Raipur,Enthusiast,2023-05-29
CUST01993,Karthik Singh,19,18-25,Male,Engineer,1686672,Married,Kerala,Kochi,First-time Buyer,2021-03-22
CUST01994,Amit Pandey,28,26-35,Male,Engineer,1793003,Single,Uttar Pradesh,Noida,First-time Buyer,2023-09-23
CUST01995,Ramesh Chowdhury,38,36-45,Male,Business Owner,2992272,Single,Telangana,Karimnagar,Premium Collector,2025-07-16
CUST01996,Kavya Iyer,22,18-25,Female,IT Professional,1577149,Married,Maharashtra,Thane,Daily Commuter,2026-03-17
CUST01997,Amit Rao,41,36-45,Male,IT Professional,1589283,Married,Haryana,Gurugram,Daily Commuter,2025-04-20
CUST01998,Dinesh Shah,54,46-60,Male,Business Owner,2899475,Married,Jharkhand,Dhanbad,Premium Collector,2025-04-19
CUST01999,Arjun Mehta,21,18-25,Male,Business Owner,1371533,Single,Haryana,Faridabad,Daily Commuter,2020-05-21
CUST02000,Siddharth Shah,30,26-35,Male,IT Professional,2288772,Married,Rajasthan,Jaipur,Enthusiast,2023-12-27
CUST02001,Dinesh Menon,23,18-25,Male,Government Employee,1454168,Single,Punjab,Patiala,Daily Commuter,2024-01-24
CUST02002,Rohan Nair,28,26-35,Male,IT Professional,2172875,Married,Odisha,Rourkela,Touring / Adventure,2023-05-24
CUST02003,Vikram Gowda,44,36-45,Male,Defense Personnel,1057351,Married,Odisha,Bhubaneswar,Daily Commuter,2021-01-13
CUST02004,Aishwarya Banerjee,26,26-35,Female,IT Professional,1872980,Married,Tamil Nadu,Coimbatore,Daily Commuter,2022-06-18
CUST02005,Suresh Menon,18,18-25,Male,IT Professional,1862657,Single,Maharashtra,Thane,First-time Buyer,2024-12-03
CUST02006,Naveen Reddy,30,26-35,Male,Business Owner,2778028,Single,Rajasthan,Jodhpur,Premium Collector,2025-02-23
CUST02007,Harish Kulkarni,31,26-35,Male,Engineer,792027,Married,Chhattisgarh,Bhilai,First-time Buyer,2021-05-07
CUST02008,Meera Pandey,45,36-45,Female,Engineer,1626558,Married,Maharashtra,Thane,Touring / Adventure,2024-12-08
CUST02009,Sachin Shah,49,46-60,Male,Defense Personnel,777647,Married,Uttar Pradesh,Noida,Touring / Adventure,2020-05-30
CUST02010,Swati Mehta,63,60+,Female,IT Professional,1024431,Married,Haryana,Gurugram,Enthusiast,2023-10-24
CUST02011,Sanjay Pillai,63,60+,Male,Healthcare Professional,2174231,Married,Haryana,Gurugram,Premium Collector,2020-04-29
CUST02012,Vaishnavi Rao,34,26-35,Female,Defense Personnel,1383529,Married,Uttar Pradesh,Varanasi,Daily Commuter,2025-12-06
CUST02013,Lokesh Agarwal,41,36-45,Male,Healthcare Professional,2261423,Married,Haryana,Gurugram,Premium Collector,2022-10-07
CUST02014,Pranav Singh,32,26-35,Male,Engineer,1525216,Married,Karnataka,Belagavi,Daily Commuter,2025-05-04
CUST02015,Rahul Joshi,24,18-25,Male,Business Owner,3298191,Single,Delhi,South Delhi,Premium Collector,2026-03-24
CUST02016,Vikram Patel,33,26-35,Male,IT Professional,2301652,Married,Uttar Pradesh,Kanpur,Premium Collector,2020-04-22
CUST02017,Arjun Gupta,35,26-35,Male,IT Professional,1193617,Married,Telangana,Hyderabad,Daily Commuter,2022-10-25
CUST02018,Manish Mishra,19,18-25,Male,Banker / Finance,1650112,Married,Haryana,Faridabad,Enthusiast,2024-04-23
CUST02019,Sachin Chowdhury,30,26-35,Male,Banker / Finance,1020122,Married,Andhra Pradesh,Vijayawada,Daily Commuter,2026-06-02
CUST02020,Rajesh Kulkarni,25,18-25,Male,Healthcare Professional,1512317,Single,Uttar Pradesh,Noida,First-time Buyer,2021-12-11
CUST02021,Vijay Pandey,45,36-45,Male,Banker / Finance,1851177,Single,Gujarat,Ahmedabad,Touring / Adventure,2024-01-31
CUST02022,Naveen Gowda,21,18-25,Male,Government Employee,1096456,Single,Haryana,Faridabad,Enthusiast,2025-03-25
CUST02023,Rahul Shetty,32,26-35,Male,Business Owner,2932325,Married,Telangana,Nizamabad,Enthusiast,2026-03-04
CUST02024,Arjun Verma,35,26-35,Male,Self-Employed / Freelancer,1404219,Single,Uttar Pradesh,Ghaziabad,First-time Buyer,2022-03-07
CUST02025,Lokesh Nair,22,18-25,Other,Engineer,1533465,Single,Delhi,South Delhi,Daily Commuter,2022-12-16
CUST02026,Naveen Shetty,32,26-35,Male,Self-Employed / Freelancer,564221,Married,Maharashtra,Aurangabad,Daily Commuter,2024-12-20
CUST02027,Riya Shetty,18,18-25,Female,Engineer,1759372,Single,Maharashtra,Thane,Daily Commuter,2025-11-17
CUST02028,Vivek Rao,36,36-45,Male,Business Owner,3123500,Single,Madhya Pradesh,Jabalpur,Touring / Adventure,2025-05-28
CUST02029,Ashok Rao,29,26-35,Male,IT Professional,1873312,Married,Punjab,Ludhiana,Touring / Adventure,2023-05-25
CUST02030,Deepika Verma,22,18-25,Female,Student,579500,Single,Gujarat,Bhavnagar,First-time Buyer,2024-05-01
CUST02031,Sachin Sharma,27,26-35,Male,Engineer,1617704,Married,Gujarat,Vadodara,Daily Commuter,2022-04-07
CUST02032,Swati Chowdhury,40,36-45,Female,Defense Personnel,659669,Married,Punjab,Chandigarh,Premium Collector,2022-03-16
CUST02033,Nidhi Gowda,25,18-25,Female,IT Professional,2189443,Single,Maharashtra,Pune,Premium Collector,2020-12-29
CUST02034,Suresh Deshmukh,33,26-35,Male,Business Owner,2971593,Married,Andhra Pradesh,Guntur,Touring / Adventure,2025-04-06
CUST02035,Pranav Rao,18,18-25,Male,Business Owner,2356945,Single,Punjab,Jalandhar,Touring / Adventure,2022-05-11
CUST02036,Ananya Pandey,42,36-45,Female,IT Professional,1446174,Single,Punjab,Jalandhar,Daily Commuter,2025-04-10
CUST02037,Deepak Shetty,45,36-45,Male,Business Owner,1197841,Single,Tamil Nadu,Salem,Enthusiast,2022-02-07
CUST02038,Sachin Joshi,27,26-35,Male,Student,466888,Married,Assam,Silchar,Touring / Adventure,2020-02-17
CUST02039,Arjun Mishra,41,36-45,Male,Business Owner,2880198,Married,Tamil Nadu,Coimbatore,Touring / Adventure,2026-01-12
CUST02040,Vikram Chowdhury,22,18-25,Male,Engineer,1236664,Single,Uttar Pradesh,Noida,Enthusiast,2023-09-07
CUST02041,Aarav Menon,35,26-35,Male,Government Employee,846659,Married,Madhya Pradesh,Indore,Touring / Adventure,2025-09-03
CUST02042,Dinesh Pandey,37,36-45,Male,Business Owner,3417979,Married,Haryana,Panipat,Enthusiast,2022-12-30
CUST02043,Lakshmi Bhat,62,60+,Female,Self-Employed / Freelancer,470620,Married,Bihar,Gaya,Daily Commuter,2023-11-02
CUST02044,Anand Singh,39,36-45,Male,Government Employee,1293485,Married,Delhi,New Delhi,Enthusiast,2021-11-07
CUST02045,Sneha Kulkarni,30,26-35,Female,Government Employee,696078,Single,Rajasthan,Jaipur,First-time Buyer,2020-09-03
CUST02046,Prakash Reddy,26,26-35,Male,IT Professional,1284422,Married,Uttar Pradesh,Ghaziabad,Enthusiast,2020-11-17
CUST02047,Karan Shah,32,26-35,Male,Banker / Finance,618225,Married,Karnataka,Bengaluru,Premium Collector,2023-11-20
CUST02048,Siddharth Shah,44,36-45,Male,Engineer,1437575,Single,Odisha,Bhubaneswar,Premium Collector,2021-09-07
CUST02049,Yash Shetty,29,26-35,Male,IT Professional,928862,Married,Kerala,Thiruvananthapuram,Touring / Adventure,2021-07-19
CUST02050,Sanjay Kumar,44,36-45,Male,Business Owner,2758899,Married,Odisha,Bhubaneswar,Touring / Adventure,2020-11-20
CUST02051,Yash Pillai,18,18-25,Male,Business Owner,3402882,Single,Bihar,Muzaffarpur,Premium Collector,2025-08-17
CUST02052,Dev Mehta,26,26-35,Male,Defense Personnel,1327754,Married,Andhra Pradesh,Tirupati,Touring / Adventure,2025-09-21
CUST02053,Sachin Menon,24,18-25,Male,Student,458258,Single,Madhya Pradesh,Gwalior,First-time Buyer,2023-12-14
CUST02054,Rahul Joshi,34,26-35,Male,Defense Personnel,1096303,Married,Goa,Panaji,Touring / Adventure,2023-05-13
CUST02055,Naveen Shetty,40,36-45,Male,Business Owner,1292713,Married,Madhya Pradesh,Ujjain,Daily Commuter,2023-03-27
CUST02056,Rohan Das,25,18-25,Male,Business Owner,2188037,Married,Karnataka,Mysuru,Touring / Adventure,2023-06-25
CUST02057,Lokesh Chowdhury,22,18-25,Male,Engineer,1384523,Single,Rajasthan,Udaipur,First-time Buyer,2023-09-13
CUST02058,Rajesh Iyer,28,26-35,Male,Defense Personnel,421833,Married,Punjab,Patiala,Touring / Adventure,2021-09-18
CUST02059,Ramesh Kulkarni,50,46-60,Male,Government Employee,873537,Married,Rajasthan,Jodhpur,Premium Collector,2020-07-21
CUST02060,Siddharth Joshi,34,26-35,Male,Government Employee,1155087,Single,Madhya Pradesh,Gwalior,Premium Collector,2022-02-06
CUST02061,Tanvi Bhat,29,26-35,Female,Banker / Finance,1419505,Married,Assam,Guwahati,Touring / Adventure,2023-12-29
CUST02062,Vikram Pandey,26,26-35,Male,IT Professional,786215,Married,Jharkhand,Ranchi,Touring / Adventure,2026-04-09
CUST02063,Manish Gupta,35,26-35,Male,Banker / Finance,1841976,Married,West Bengal,Kolkata,First-time Buyer,2024-09-17
CUST02064,Vijay Bhat,26,26-35,Male,Defense Personnel,606468,Married,Karnataka,Hubballi,Enthusiast,2022-04-18
CUST02065,Manish Kulkarni,26,26-35,Male,Defense Personnel,1141987,Married,Maharashtra,Mumbai,Daily Commuter,2025-08-09
CUST02066,Nikhil Sharma,34,26-35,Male,Student,599577,Married,Telangana,Nizamabad,Touring / Adventure,2025-12-03
CUST02067,Naveen Banerjee,19,18-25,Male,Banker / Finance,833355,Single,Chhattisgarh,Raipur,First-time Buyer,2025-09-30
CUST02068,Nikhil Menon,32,26-35,Male,Defense Personnel,833091,Married,Andhra Pradesh,Vijayawada,Daily Commuter,2026-04-07
CUST02069,Manish Mishra,35,26-35,Male,Healthcare Professional,2072635,Married,Chhattisgarh,Bhilai,Touring / Adventure,2023-05-23
CUST02070,Manish Menon,34,26-35,Male,Student,450669,Single,Madhya Pradesh,Bhopal,Premium Collector,2026-05-19
CUST02071,Yash Rao,31,26-35,Male,Government Employee,861008,Married,Delhi,West Delhi,Premium Collector,2024-03-31
CUST02072,Aarav Bhat,30,26-35,Male,Self-Employed / Freelancer,1489178,Married,Punjab,Patiala,Touring / Adventure,2026-01-11
CUST02073,Karan Pillai,29,26-35,Male,IT Professional,710000,Married,Odisha,Rourkela,Enthusiast,2026-04-04
CUST02074,Anand Kulkarni,52,46-60,Male,Defense Personnel,946126,Single,Rajasthan,Jodhpur,Daily Commuter,2020-07-29
CUST02075,Riya Iyer,31,26-35,Female,Government Employee,1229804,Single,Tamil Nadu,Coimbatore,Daily Commuter,2026-04-19
CUST02076,Anand Joshi,27,26-35,Male,Engineer,1389924,Married,Maharashtra,Nashik,Premium Collector,2022-12-17
CUST02077,Lokesh Rao,20,18-25,Male,Student,443095,Single,Maharashtra,Nashik,Daily Commuter,2021-12-28
CUST02078,Siddharth Kumar,34,26-35,Male,IT Professional,1373133,Married,West Bengal,Kolkata,Daily Commuter,2026-06-10
CUST02079,Abhishek Mehta,18,18-25,Male,Business Owner,3095669,Single,Chhattisgarh,Raipur,Premium Collector,2022-12-13
CUST02080,Meera Patel,25,18-25,Female,Engineer,1739508,Single,Assam,Guwahati,Daily Commuter,2021-06-11
CUST02081,Dev Sharma,44,36-45,Male,Engineer,580027,Married,Jharkhand,Dhanbad,Touring / Adventure,2025-12-05
CUST02082,Prakash Shetty,35,26-35,Male,Business Owner,1356607,Married,Kerala,Kollam,Daily Commuter,2024-10-24
CUST02083,Ganesh Pandey,41,36-45,Male,IT Professional,613084,Married,Maharashtra,Nagpur,Touring / Adventure,2024-02-09
CUST02084,Amit Deshmukh,45,36-45,Male,Self-Employed / Freelancer,628033,Married,Tamil Nadu,Coimbatore,Daily Commuter,2022-04-03
CUST02085,Isha Menon,25,18-25,Female,Government Employee,1380023,Single,Karnataka,Hubballi,First-time Buyer,2024-10-06
CUST02086,Harish Verma,52,46-60,Male,Student,439064,Married,Uttar Pradesh,Lucknow,Touring / Adventure,2022-10-23
CUST02087,Yash Iyer,32,26-35,Male,Business Owner,2784196,Single,Telangana,Karimnagar,Touring / Adventure,2023-07-10
CUST02088,Aarav Joshi,34,26-35,Male,Business Owner,1118831,Single,Karnataka,Mangaluru,Enthusiast,2025-11-10
CUST02089,Dinesh Chowdhury,28,26-35,Male,IT Professional,2060166,Single,Tamil Nadu,Chennai,Touring / Adventure,2024-02-26
CUST02090,Siddharth Agarwal,42,36-45,Male,Banker / Finance,1769874,Married,Telangana,Karimnagar,First-time Buyer,2025-12-02
CUST02091,Karthik Nair,40,36-45,Male,Government Employee,1143984,Single,Maharashtra,Mumbai,Enthusiast,2020-05-21
CUST02092,Arjun Iyer,22,18-25,Male,Government Employee,849216,Single,Madhya Pradesh,Gwalior,Daily Commuter,2022-07-07
CUST02093,Neha Mishra,26,26-35,Female,IT Professional,2069174,Single,Andhra Pradesh,Visakhapatnam,Touring / Adventure,2026-01-21
CUST02094,Isha Kulkarni,22,18-25,Female,Government Employee,651100,Single,Delhi,West Delhi,Enthusiast,2023-01-09
CUST02095,Ganesh Patel,38,36-45,Male,Student,514517,Single,Punjab,Jalandhar,Enthusiast,2026-01-17
CUST02096,Dev Chowdhury,35,26-35,Male,IT Professional,2150837,Married,Tamil Nadu,Salem,Premium Collector,2020-10-10
CUST02097,Shreya Joshi,35,26-35,Female,Engineer,1018727,Married,Jharkhand,Jamshedpur,Daily Commuter,2022-05-17
CUST02098,Dinesh Menon,44,36-45,Other,IT Professional,1334811,Married,Uttar Pradesh,Ghaziabad,Premium Collector,2023-12-24
CUST02099,Vaishnavi Iyer,43,36-45,Female,Self-Employed / Freelancer,1173159,Married,Haryana,Gurugram,Daily Commuter,2020-02-20
CUST02100,Vivek Deshmukh,28,26-35,Male,IT Professional,654671,Single,Kerala,Thrissur,Touring / Adventure,2020-09-22
CUST02101,Manoj Banerjee,27,26-35,Male,IT Professional,1961792,Married,Rajasthan,Jaipur,First-time Buyer,2020-01-15
CUST02102,Arjun Shetty,62,60+,Male,Engineer,1351897,Married,Odisha,Bhubaneswar,Enthusiast,2025-11-15
CUST02103,Suresh Das,27,26-35,Male,Government Employee,721459,Single,Haryana,Faridabad,Enthusiast,2023-10-07
CUST02104,Harish Menon,26,26-35,Male,Student,444900,Married,Tamil Nadu,Salem,Touring / Adventure,2021-11-16
CUST02105,Abhishek Singh,49,46-60,Male,Government Employee,1042045,Single,Karnataka,Mangaluru,Daily Commuter,2020-07-18
CUST02106,Dev Deshmukh,25,18-25,Male,Engineer,1655523,Single,West Bengal,Durgapur,First-time Buyer,2025-07-27
CUST02107,Naveen Menon,45,36-45,Male,Government Employee,1148545,Married,Chhattisgarh,Bilaspur,Enthusiast,2022-08-21
CUST02108,Ramesh Mishra,41,36-45,Male,Government Employee,579146,Married,Maharashtra,Nashik,Daily Commuter,2026-06-25
CUST02109,Dinesh Pandey,27,26-35,Male,Government Employee,846674,Married,Maharashtra,Aurangabad,Touring / Adventure,2022-05-21
CUST02110,Rohan Mishra,34,26-35,Male,Engineer,1581290,Single,Maharashtra,Nagpur,Daily Commuter,2022-08-22
CUST02111,Yash Patel,28,26-35,Male,Defense Personnel,914808,Married,Assam,Silchar,Enthusiast,2022-02-02
CUST02112,Harish Pillai,21,18-25,Male,Self-Employed / Freelancer,667459,Single,Delhi,New Delhi,First-time Buyer,2025-02-27
CUST02113,Yash Sharma,35,26-35,Male,Defense Personnel,1079867,Married,Andhra Pradesh,Tirupati,Premium Collector,2025-07-20
CUST02114,Deepak Chowdhury,29,26-35,Male,IT Professional,1943727,Married,Delhi,South Delhi,Enthusiast,2020-11-09
CUST02115,Yash Das,23,18-25,Male,Government Employee,522644,Single,Kerala,Thiruvananthapuram,First-time Buyer,2024-03-08
CUST02116,Abhishek Deshmukh,35,26-35,Male,Business Owner,2383632,Single,Tamil Nadu,Coimbatore,Enthusiast,2025-11-03
CUST02117,Vivek Sharma,35,26-35,Male,Business Owner,1245246,Married,Maharashtra,Pune,Enthusiast,2021-08-20
CUST02118,Vaishnavi Pillai,30,26-35,Female,Government Employee,690610,Single,Andhra Pradesh,Visakhapatnam,Enthusiast,2025-11-18
CUST02119,Vijay Bhat,24,18-25,Male,IT Professional,2377383,Married,West Bengal,Kolkata,Premium Collector,2023-08-07
CUST02120,Vikram Pandey,19,18-25,Male,IT Professional,1560612,Single,Assam,Guwahati,Daily Commuter,2024-08-14
CUST02121,Manish Kulkarni,30,26-35,Male,Self-Employed / Freelancer,406808,Single,Punjab,Patiala,First-time Buyer,2023-10-31
CUST02122,Dinesh Gowda,20,18-25,Male,Healthcare Professional,1049637,Single,West Bengal,Kolkata,Daily Commuter,2022-07-27
CUST02123,Dinesh Verma,43,36-45,Male,IT Professional,706375,Single,West Bengal,Kolkata,Premium Collector,2025-11-22
CUST02124,Divya Verma,25,18-25,Female,IT Professional,1144753,Single,Haryana,Karnal,Daily Commuter,2020-01-02
CUST02125,Meera Menon,33,26-35,Female,IT Professional,1873753,Married,Maharashtra,Nashik,Touring / Adventure,2020-12-17
CUST02126,Yash Nair,29,26-35,Male,Business Owner,851728,Married,Kerala,Kozhikode,Premium Collector,2020-10-02
CUST02127,Manoj Shah,23,18-25,Male,Business Owner,2785767,Single,Tamil Nadu,Salem,Premium Collector,2023-09-10
CUST02128,Vikram Pillai,37,36-45,Male,Government Employee,665260,Married,Tamil Nadu,Madurai,Touring / Adventure,2023-01-12
CUST02129,Siddharth Singh,49,46-60,Male,Government Employee,1282090,Single,Gujarat,Vadodara,Enthusiast,2021-05-10
CUST02130,Manish Deshmukh,36,36-45,Male,Healthcare Professional,828046,Married,Bihar,Muzaffarpur,First-time Buyer,2021-09-15
CUST02131,Vijay Shetty,30,26-35,Male,Engineer,1345667,Married,Bihar,Muzaffarpur,Daily Commuter,2026-01-30
CUST02132,Nikhil Pandey,53,46-60,Male,Student,589374,Married,Haryana,Panipat,Touring / Adventure,2026-06-20
CUST02133,Vivek Reddy,44,36-45,Male,IT Professional,729260,Married,Punjab,Chandigarh,Enthusiast,2024-01-11
CUST02134,Manish Rao,44,36-45,Male,IT Professional,2123638,Single,Maharashtra,Nashik,Premium Collector,2024-05-28
CUST02135,Deepak Shetty,21,18-25,Male,Healthcare Professional,1761737,Single,Telangana,Nizamabad,First-time Buyer,2020-06-10
CUST02136,Ramesh Kulkarni,30,26-35,Male,Government Employee,1484930,Married,Karnataka,Belagavi,Touring / Adventure,2025-04-08
CUST02137,Suresh Das,20,18-25,Male,Business Owner,1017093,Single,Madhya Pradesh,Bhopal,Daily Commuter,2024-02-26
CUST02138,Ananya Shah,40,36-45,Female,IT Professional,1179882,Married,Delhi,South Delhi,Daily Commuter,2020-09-22
CUST02139,Rahul Pillai,33,26-35,Male,Business Owner,1577121,Married,Gujarat,Ahmedabad,First-time Buyer,2021-11-24
CUST02140,Vijay Pillai,39,36-45,Male,Engineer,1394391,Married,Maharashtra,Nagpur,First-time Buyer,2020-06-11
CUST02141,Rajesh Joshi,29,26-35,Male,Engineer,648429,Single,Karnataka,Belagavi,Touring / Adventure,2022-02-05
CUST02142,Pranav Iyer,30,26-35,Male,Healthcare Professional,713826,Married,Bihar,Gaya,Enthusiast,2026-04-06
CUST02143,Vikram Pillai,22,18-25,Male,Business Owner,2384963,Single,Uttar Pradesh,Lucknow,Premium Collector,2020-10-16
CUST02144,Aarav Pandey,41,36-45,Male,Business Owner,1972197,Single,Rajasthan,Jaipur,Touring / Adventure,2021-10-29
CUST02145,Nidhi Iyer,39,36-45,Female,Defense Personnel,1042078,Married,Uttar Pradesh,Ghaziabad,Enthusiast,2024-08-20
CUST02146,Abhishek Singh,26,26-35,Male,IT Professional,1083168,Single,Karnataka,Belagavi,Enthusiast,2023-12-27
CUST02147,Aarav Iyer,30,26-35,Male,Student,387319,Married,Haryana,Gurugram,Enthusiast,2025-06-17
CUST02148,Pooja Verma,21,18-25,Female,Engineer,1425574,Single,Odisha,Bhubaneswar,Enthusiast,2026-05-24
CUST02149,Abhishek Menon,25,18-25,Male,IT Professional,2171195,Single,Gujarat,Vadodara,Touring / Adventure,2025-08-01
CUST02150,Neha Gupta,19,18-25,Female,Self-Employed / Freelancer,433866,Married,Assam,Silchar,First-time Buyer,2022-09-13
CUST02151,Manoj Agarwal,23,18-25,Male,Healthcare Professional,1100659,Single,Tamil Nadu,Chennai,First-time Buyer,2024-09-06
CUST02152,Ashok Shah,26,26-35,Male,Business Owner,1860433,Married,Karnataka,Hubballi,Daily Commuter,2021-07-05
CUST02153,Manoj Gupta,34,26-35,Male,Government Employee,835281,Single,Karnataka,Mysuru,Touring / Adventure,2026-06-08
CUST02154,Aarav Reddy,26,26-35,Male,Business Owner,1659542,Married,Jharkhand,Dhanbad,Enthusiast,2024-08-11
CUST02155,Amit Pandey,18,18-25,Male,Business Owner,1635831,Single,Kerala,Kozhikode,First-time Buyer,2025-02-07
CUST02156,Karan Verma,28,26-35,Male,Business Owner,2747217,Married,Haryana,Karnal,Touring / Adventure,2020-11-10
CUST02157,Suresh Shah,53,46-60,Male,Banker / Finance,1006628,Married,Andhra Pradesh,Guntur,Touring / Adventure,2021-06-11
CUST02158,Deepak Bhat,21,18-25,Male,Engineer,971491,Single,Madhya Pradesh,Gwalior,First-time Buyer,2022-11-01
CUST02159,Vijay Deshmukh,33,26-35,Male,Banker / Finance,614217,Married,Gujarat,Vadodara,Touring / Adventure,2023-06-30
CUST02160,Amit Rao,31,26-35,Male,Government Employee,672388,Single,Chhattisgarh,Raipur,Touring / Adventure,2022-09-03
CUST02161,Karan Verma,40,36-45,Male,Government Employee,1389646,Married,Tamil Nadu,Salem,Daily Commuter,2020-05-07
CUST02162,Pooja Banerjee,46,46-60,Female,Defense Personnel,1065727,Married,Gujarat,Bhavnagar,Enthusiast,2026-04-08
CUST02163,Nikhil Verma,41,36-45,Male,Government Employee,1009897,Married,Madhya Pradesh,Jabalpur,Daily Commuter,2025-10-15
CUST02164,Lokesh Chowdhury,54,46-60,Male,IT Professional,2101156,Single,Punjab,Chandigarh,Enthusiast,2021-03-09
CUST02165,Amit Agarwal,56,46-60,Male,IT Professional,2185649,Married,Rajasthan,Jodhpur,Touring / Adventure,2020-10-05
CUST02166,Meera Menon,27,26-35,Female,IT Professional,1186130,Married,Tamil Nadu,Chennai,Premium Collector,2023-06-26
CUST02167,Lokesh Das,19,18-25,Male,Engineer,1113090,Single,Rajasthan,Jodhpur,First-time Buyer,2022-11-25
CUST02168,Lokesh Das,27,26-35,Male,Defense Personnel,642148,Married,Andhra Pradesh,Tirupati,Daily Commuter,2020-07-11
CUST02169,Siddharth Rao,39,36-45,Male,Government Employee,1462682,Married,Maharashtra,Nashik,Touring / Adventure,2020-09-02
CUST02170,Anand Nair,34,26-35,Male,Government Employee,1499018,Single,Maharashtra,Mumbai,Enthusiast,2024-07-12
CUST02171,Meera Menon,25,18-25,Female,Student,528280,Single,Karnataka,Hubballi,Daily Commuter,2023-03-27
CUST02172,Rohan Gupta,22,18-25,Male,Healthcare Professional,1396468,Single,Haryana,Karnal,Enthusiast,2025-04-28
CUST02173,Rohan Nair,33,26-35,Male,Business Owner,2767112,Married,Jharkhand,Ranchi,Premium Collector,2021-07-19
CUST02174,Karthik Reddy,27,26-35,Male,IT Professional,2353150,Single,Andhra Pradesh,Vijayawada,Touring / Adventure,2020-04-23
CUST02175,Suresh Singh,45,36-45,Male,Business Owner,1339365,Married,Chhattisgarh,Bilaspur,Daily Commuter,2024-10-02
CUST02176,Naveen Shetty,31,26-35,Male,Business Owner,2580146,Married,Punjab,Ludhiana,Premium Collector,2023-07-04
CUST02177,Vikram Nair,37,36-45,Male,Business Owner,1679353,Married,Odisha,Cuttack,Daily Commuter,2021-09-23
CUST02178,Karan Agarwal,44,36-45,Male,Government Employee,1102098,Single,Kerala,Kollam,Touring / Adventure,2021-07-01
CUST02179,Ashok Pillai,46,46-60,Male,Defense Personnel,1059115,Married,Gujarat,Rajkot,Daily Commuter,2020-05-03
CUST02180,Suresh Iyer,33,26-35,Male,Banker / Finance,1495951,Single,Madhya Pradesh,Gwalior,Daily Commuter,2023-04-22
CUST02181,Sneha Patel,33,26-35,Female,Defense Personnel,686756,Married,Haryana,Gurugram,Touring / Adventure,2022-10-01
CUST02182,Manoj Menon,26,26-35,Male,Banker / Finance,834618,Married,Chhattisgarh,Raipur,Daily Commuter,2025-02-16
CUST02183,Ashok Pandey,43,36-45,Male,Healthcare Professional,2174869,Single,Uttar Pradesh,Ghaziabad,Touring / Adventure,2024-04-04
CUST02184,Dev Kumar,19,18-25,Male,Business Owner,2285738,Single,Uttar Pradesh,Noida,Premium Collector,2024-11-13
CUST02185,Rajesh Kumar,22,18-25,Male,Student,444520,Single,Gujarat,Ahmedabad,Daily Commuter,2023-04-30
CUST02186,Harish Mishra,29,26-35,Male,IT Professional,2026896,Single,Gujarat,Vadodara,Premium Collector,2025-09-13
CUST02187,Priya Nair,20,18-25,Female,Student,462035,Single,Rajasthan,Jodhpur,Daily Commuter,2022-12-19
CUST02188,Sachin Iyer,35,26-35,Male,Engineer,1563411,Single,Karnataka,Mangaluru,Daily Commuter,2022-03-01
CUST02189,Suresh Shah,28,26-35,Male,IT Professional,904224,Single,Rajasthan,Jaipur,Premium Collector,2021-10-23
CUST02190,Rahul Kulkarni,33,26-35,Male,Healthcare Professional,827503,Single,Rajasthan,Jaipur,Premium Collector,2023-02-13
CUST02191,Dinesh Iyer,27,26-35,Male,Engineer,757466,Single,Delhi,South Delhi,Enthusiast,2021-07-10
CUST02192,Karan Bhat,26,26-35,Male,Business Owner,2295299,Married,Odisha,Bhubaneswar,Enthusiast,2021-07-06
CUST02193,Lokesh Das,25,18-25,Male,Government Employee,905130,Married,Bihar,Patna,Enthusiast,2025-02-14
CUST02194,Karan Shah,39,36-45,Male,Engineer,667377,Single,Delhi,South Delhi,Enthusiast,2020-02-18
CUST02195,Aarav Das,37,36-45,Male,Government Employee,1258171,Single,Tamil Nadu,Salem,Touring / Adventure,2024-04-16
CUST02196,Riya Reddy,27,26-35,Female,IT Professional,655250,Married,Andhra Pradesh,Visakhapatnam,Touring / Adventure,2026-04-10
CUST02197,Prakash Rao,35,26-35,Male,Healthcare Professional,2659044,Married,Bihar,Patna,Premium Collector,2021-06-17
CUST02198,Pranav Nair,44,36-45,Male,Defense Personnel,1117607,Married,Bihar,Gaya,Touring / Adventure,2020-04-19
CUST02199,Lokesh Bhat,18,18-25,Male,IT Professional,1974072,Single,Haryana,Karnal,Enthusiast,2021-05-11
CUST02200,Sanjay Joshi,29,26-35,Male,Defense Personnel,537788,Married,Jharkhand,Jamshedpur,First-time Buyer,2025-10-14
CUST02201,Abhishek Singh,25,18-25,Male,IT Professional,628858,Single,Chhattisgarh,Bhilai,Daily Commuter,2020-08-20
CUST02202,Aarav Gowda,22,18-25,Male,Healthcare Professional,1873045,Single,Delhi,New Delhi,Enthusiast,2020-07-11
CUST02203,Manoj Das,34,26-35,Male,Business Owner,820493,Married,Maharashtra,Mumbai,Touring / Adventure,2023-05-28
CUST02204,Siddharth Gowda,28,26-35,Male,Government Employee,718301,Married,Assam,Silchar,Daily Commuter,2023-10-21
CUST02205,Ganesh Menon,26,26-35,Male,Business Owner,2158756,Single,Haryana,Gurugram,Enthusiast,2021-08-21
CUST02206,Dinesh Nair,45,36-45,Male,Banker / Finance,773596,Married,Uttar Pradesh,Varanasi,Daily Commuter,2020-05-17
CUST02207,Lokesh Pillai,34,26-35,Male,Student,372555,Married,Uttar Pradesh,Noida,Daily Commuter,2021-09-11
CUST02208,Ritu Gupta,35,26-35,Female,Government Employee,1114862,Married,Punjab,Jalandhar,Enthusiast,2021-10-17
CUST02209,Rahul Singh,30,26-35,Male,IT Professional,1142491,Single,Goa,Panaji,Daily Commuter,2023-01-12
CUST02210,Siddharth Verma,25,18-25,Male,Engineer,1437545,Single,Gujarat,Vadodara,First-time Buyer,2024-11-04
CUST02211,Nidhi Kumar,53,46-60,Female,Defense Personnel,523532,Married,Kerala,Thrissur,First-time Buyer,2022-01-26
CUST02212,Kavya Rao,26,26-35,Female,Engineer,1708184,Married,West Bengal,Durgapur,Daily Commuter,2021-08-04
CUST02213,Nikhil Iyer,32,26-35,Male,Defense Personnel,400880,Single,Jharkhand,Ranchi,Premium Collector,2026-01-11
CUST02214,Amit Shah,21,18-25,Male,Banker / Finance,1065668,Single,Uttar Pradesh,Kanpur,First-time Buyer,2022-02-13
CUST02215,Vijay Iyer,65,60+,Male,Engineer,1425243,Single,Andhra Pradesh,Vijayawada,Touring / Adventure,2020-06-27
CUST02216,Aditya Das,37,36-45,Male,IT Professional,1533525,Married,Assam,Guwahati,Touring / Adventure,2020-11-20
CUST02217,Suresh Menon,22,18-25,Male,Defense Personnel,1266045,Single,Uttar Pradesh,Varanasi,First-time Buyer,2025-02-20
CUST02218,Deepak Joshi,40,36-45,Male,Business Owner,2371422,Single,Uttar Pradesh,Noida,Touring / Adventure,2025-11-14
CUST02219,Suresh Menon,30,26-35,Male,IT Professional,733210,Married,Assam,Silchar,Daily Commuter,2021-12-10
CUST02220,Sachin Mehta,38,36-45,Male,Engineer,1727318,Single,Odisha,Bhubaneswar,First-time Buyer,2021-10-14
CUST02221,Aditya Sharma,27,26-35,Male,IT Professional,2106540,Married,Madhya Pradesh,Ujjain,Premium Collector,2023-12-09
CUST02222,Ramesh Gupta,30,26-35,Male,Business Owner,829638,Married,Uttar Pradesh,Lucknow,Daily Commuter,2022-08-02
CUST02223,Dev Kulkarni,31,26-35,Male,Healthcare Professional,2587938,Single,Uttar Pradesh,Kanpur,Enthusiast,2025-04-24
CUST02224,Dinesh Kulkarni,33,26-35,Male,IT Professional,2007638,Single,Kerala,Kozhikode,Enthusiast,2021-07-26
CUST02225,Vikram Iyer,23,18-25,Male,Engineer,1626771,Single,Odisha,Bhubaneswar,First-time Buyer,2026-04-05
CUST02226,Karthik Chowdhury,23,18-25,Male,IT Professional,2067653,Single,Delhi,North Delhi,Touring / Adventure,2021-11-28
CUST02227,Prakash Pandey,21,18-25,Male,Business Owner,2808873,Single,Uttar Pradesh,Lucknow,Enthusiast,2024-11-03
CUST02228,Amit Rao,20,18-25,Male,Engineer,898287,Married,Maharashtra,Aurangabad,First-time Buyer,2020-03-22
CUST02229,Isha Singh,26,26-35,Female,Business Owner,2993915,Married,Bihar,Gaya,Premium Collector,2023-03-31
CUST02230,Harish Singh,27,26-35,Male,Student,440817,Married,Kerala,Kochi,Enthusiast,2020-10-25
CUST02231,Nidhi Bhat,34,26-35,Female,Business Owner,2466886,Single,Uttar Pradesh,Noida,Enthusiast,2022-10-10
CUST02232,Rahul Pandey,23,18-25,Male,Government Employee,745418,Single,Kerala,Thrissur,Enthusiast,2021-05-17
CUST02233,Ganesh Mishra,59,46-60,Male,Business Owner,2773533,Married,Gujarat,Rajkot,Touring / Adventure,2024-05-30
CUST02234,Siddharth Kumar,34,26-35,Male,Government Employee,851057,Married,Tamil Nadu,Salem,Touring / Adventure,2020-07-18
CUST02235,Aarav Kumar,27,26-35,Male,Self-Employed / Freelancer,1056005,Single,Jharkhand,Dhanbad,First-time Buyer,2022-02-08
CUST02236,Prakash Patel,28,26-35,Male,Engineer,1074653,Single,Uttar Pradesh,Varanasi,Enthusiast,2023-06-02
CUST02237,Sanjay Deshmukh,28,26-35,Male,Business Owner,3451511,Single,Madhya Pradesh,Bhopal,Enthusiast,2023-12-16
CUST02238,Karthik Menon,21,18-25,Male,Engineer,1079894,Single,Assam,Guwahati,Daily Commuter,2023-07-09
CUST02239,Siddharth Gupta,28,26-35,Male,IT Professional,1326715,Married,Rajasthan,Jaipur,Daily Commuter,2022-05-19
CUST02240,Rohan Patel,18,18-25,Male,Business Owner,816397,Single,Telangana,Hyderabad,First-time Buyer,2020-02-19
CUST02241,Dev Mehta,57,46-60,Male,IT Professional,1625430,Married,Delhi,New Delhi,Daily Commuter,2023-12-23
CUST02242,Naveen Kulkarni,33,26-35,Male,IT Professional,1272117,Married,Gujarat,Ahmedabad,Daily Commuter,2021-02-02
CUST02243,Dinesh Deshmukh,27,26-35,Male,Healthcare Professional,1234928,Married,Karnataka,Mangaluru,Daily Commuter,2020-07-27
CUST02244,Divya Joshi,39,36-45,Female,IT Professional,1123367,Married,Uttar Pradesh,Noida,Enthusiast,2026-01-19
CUST02245,Radhika Iyer,20,18-25,Female,Banker / Finance,1734831,Single,Jharkhand,Dhanbad,Daily Commuter,2020-06-26
CUST02246,Ganesh Shah,19,18-25,Male,Government Employee,1210493,Single,Karnataka,Hubballi,Enthusiast,2022-01-10
CUST02247,Deepak Deshmukh,36,36-45,Male,Defense Personnel,740999,Married,Delhi,North Delhi,Enthusiast,2023-02-04
CUST02248,Neha Kulkarni,29,26-35,Female,Healthcare Professional,2454909,Married,Maharashtra,Nashik,Premium Collector,2020-01-31
CUST02249,Prakash Shetty,20,18-25,Male,IT Professional,1666637,Single,Assam,Silchar,Enthusiast,2024-12-31
CUST02250,Riya Mehta,25,18-25,Female,Defense Personnel,628639,Single,Delhi,North Delhi,Daily Commuter,2020-09-02
CUST02251,Rahul Shetty,31,26-35,Male,Engineer,1435213,Single,Karnataka,Mysuru,Daily Commuter,2026-03-09
CUST02252,Ramesh Patel,33,26-35,Male,Business Owner,1708478,Married,Karnataka,Mysuru,First-time Buyer,2023-12-19
CUST02253,Lokesh Banerjee,41,36-45,Male,Business Owner,2752613,Married,Odisha,Rourkela,Premium Collector,2020-10-05
CUST02254,Vijay Joshi,33,26-35,Male,Healthcare Professional,2213853,Single,Punjab,Ludhiana,Premium Collector,2024-08-13
CUST02255,Rajesh Shah,33,26-35,Male,Business Owner,1941049,Married,Punjab,Chandigarh,Enthusiast,2026-04-28
CUST02256,Karan Iyer,51,46-60,Male,Government Employee,865152,Married,Jharkhand,Dhanbad,Enthusiast,2024-06-12
CUST02257,Sanjay Gupta,22,18-25,Male,Government Employee,1439570,Single,Jharkhand,Jamshedpur,First-time Buyer,2025-06-16
CUST02258,Karthik Singh,35,26-35,Male,Self-Employed / Freelancer,798862,Married,Gujarat,Rajkot,Touring / Adventure,2024-02-21
CUST02259,Vikram Pillai,28,26-35,Male,Engineer,1740775,Single,Telangana,Hyderabad,Touring / Adventure,2026-02-13
CUST02260,Rahul Mehta,22,18-25,Male,Student,464898,Single,Chhattisgarh,Bilaspur,First-time Buyer,2024-10-31
CUST02261,Swati Gowda,34,26-35,Female,Engineer,1148642,Married,Punjab,Ludhiana,Daily Commuter,2023-12-29
CUST02262,Ananya Banerjee,45,36-45,Female,Business Owner,3194377,Married,Kerala,Kollam,Premium Collector,2026-05-05
CUST02263,Karthik Reddy,31,26-35,Male,Government Employee,1087891,Married,Punjab,Ludhiana,Premium Collector,2021-11-09
CUST02264,Anand Agarwal,33,26-35,Male,Business Owner,2605327,Married,Gujarat,Ahmedabad,Premium Collector,2021-02-14
CUST02265,Ritu Gowda,44,36-45,Female,Business Owner,2906184,Single,Kerala,Thrissur,Touring / Adventure,2025-10-30
CUST02266,Ramesh Gowda,40,36-45,Male,Defense Personnel,1113221,Single,Madhya Pradesh,Gwalior,Enthusiast,2024-10-15
CUST02267,Vivek Deshmukh,40,36-45,Male,Self-Employed / Freelancer,877853,Married,Maharashtra,Aurangabad,First-time Buyer,2026-02-08
CUST02268,Aditya Singh,35,26-35,Male,IT Professional,883576,Married,Odisha,Rourkela,Daily Commuter,2025-07-15
CUST02269,Rohan Shetty,18,18-25,Male,IT Professional,1651038,Single,Kerala,Kollam,First-time Buyer,2021-09-19
CUST02270,Dev Joshi,20,18-25,Male,Healthcare Professional,1609538,Single,Uttar Pradesh,Ghaziabad,Daily Commuter,2026-03-16
CUST02271,Manish Das,28,26-35,Male,Business Owner,1585583,Married,West Bengal,Durgapur,Enthusiast,2023-11-25
CUST02272,Rohan Singh,33,26-35,Male,IT Professional,2066236,Married,Gujarat,Ahmedabad,Touring / Adventure,2020-11-20
CUST02273,Swati Iyer,28,26-35,Female,Business Owner,1717371,Single,Madhya Pradesh,Ujjain,Premium Collector,2025-05-24
CUST02274,Arjun Iyer,22,18-25,Male,Engineer,622856,Married,Chhattisgarh,Bhilai,First-time Buyer,2021-06-30
CUST02275,Nikhil Verma,26,26-35,Male,Defense Personnel,944918,Married,Chhattisgarh,Raipur,Premium Collector,2022-04-07
CUST02276,Ganesh Patel,21,18-25,Male,Banker / Finance,1000247,Single,Jharkhand,Jamshedpur,Daily Commuter,2021-07-22
CUST02277,Abhishek Patel,32,26-35,Male,IT Professional,943987,Married,West Bengal,Durgapur,Enthusiast,2025-03-29
CUST02278,Siddharth Patel,21,18-25,Male,Defense Personnel,820365,Single,West Bengal,Durgapur,First-time Buyer,2024-11-08
CUST02279,Pooja Pandey,28,26-35,Female,Business Owner,2927355,Married,Maharashtra,Nashik,Touring / Adventure,2024-11-05
CUST02280,Aditya Patel,20,18-25,Male,Government Employee,1158855,Single,Tamil Nadu,Chennai,First-time Buyer,2020-02-18
CUST02281,Pranav Gupta,22,18-25,Male,Business Owner,2141040,Single,Haryana,Gurugram,Touring / Adventure,2021-11-01
CUST02282,Lokesh Das,26,26-35,Male,Engineer,1779203,Married,Andhra Pradesh,Visakhapatnam,Touring / Adventure,2022-07-19
CUST02283,Priya Chowdhury,30,26-35,Other,Engineer,1175137,Married,Andhra Pradesh,Visakhapatnam,Enthusiast,2021-10-31
CUST02284,Prakash Shetty,29,26-35,Male,IT Professional,2046206,Married,Maharashtra,Aurangabad,Premium Collector,2024-01-18
CUST02285,Manish Gupta,36,36-45,Male,Engineer,653083,Single,Delhi,North Delhi,Daily Commuter,2022-01-02
CUST02286,Harish Iyer,43,36-45,Male,Engineer,662822,Married,Tamil Nadu,Coimbatore,Enthusiast,2024-05-28
CUST02287,Abhishek Pandey,35,26-35,Male,Student,515348,Married,Tamil Nadu,Madurai,First-time Buyer,2022-11-08
CUST02288,Pooja Agarwal,54,46-60,Female,Engineer,1593068,Married,Karnataka,Bengaluru,Premium Collector,2021-02-12
CUST02289,Shreya Nair,32,26-35,Other,Business Owner,1098746,Married,Kerala,Kozhikode,Enthusiast,2026-05-01
CUST02290,Aditya Singh,26,26-35,Male,Business Owner,1114998,Single,Maharashtra,Nagpur,First-time Buyer,2025-03-26
CUST02291,Amit Kumar,44,36-45,Male,Business Owner,1764702,Married,Assam,Silchar,First-time Buyer,2024-12-08
CUST02292,Karan Iyer,28,26-35,Male,Government Employee,832910,Married,Odisha,Bhubaneswar,Touring / Adventure,2025-04-26
CUST02293,Ashok Shah,28,26-35,Male,Student,406350,Married,Kerala,Kozhikode,Touring / Adventure,2020-03-06
CUST02294,Sachin Sharma,21,18-25,Male,Government Employee,1096624,Single,Karnataka,Mysuru,Daily Commuter,2022-12-27
CUST02295,Prakash Rao,21,18-25,Male,IT Professional,762405,Single,Chhattisgarh,Bhilai,First-time Buyer,2025-02-02
CUST02296,Karthik Das,39,36-45,Male,Banker / Finance,1368789,Married,Karnataka,Bengaluru,First-time Buyer,2024-08-10
CUST02297,Rohan Nair,18,18-25,Male,Business Owner,1623111,Single,Kerala,Kozhikode,First-time Buyer,2024-08-29
CUST02298,Manish Pandey,28,26-35,Male,Business Owner,1917129,Married,Punjab,Patiala,Touring / Adventure,2023-06-09
CUST02299,Siddharth Kumar,27,26-35,Male,Engineer,1114523,Single,Jharkhand,Ranchi,Daily Commuter,2023-03-29
CUST02300,Deepak Shetty,28,26-35,Male,Banker / Finance,706435,Married,West Bengal,Durgapur,Enthusiast,2024-07-28
CUST02301,Suresh Shetty,30,26-35,Male,Banker / Finance,1477275,Married,Goa,Panaji,Touring / Adventure,2023-08-16
CUST02302,Suresh Joshi,19,18-25,Male,Business Owner,1300084,Single,Jharkhand,Jamshedpur,Daily Commuter,2022-06-21
CUST02303,Aishwarya Pillai,36,36-45,Female,Engineer,1045417,Married,Telangana,Hyderabad,Premium Collector,2020-04-15
CUST02304,Deepak Kumar,40,36-45,Male,Engineer,1305154,Single,Chhattisgarh,Bilaspur,Enthusiast,2020-07-13
CUST02305,Radhika Gupta,36,36-45,Female,Government Employee,689561,Single,Uttar Pradesh,Varanasi,First-time Buyer,2024-08-19
CUST02306,Naveen Menon,28,26-35,Male,Defense Personnel,438770,Married,Delhi,West Delhi,Daily Commuter,2022-12-26
CUST02307,Abhishek Pillai,27,26-35,Male,IT Professional,1000578,Married,Delhi,North Delhi,Enthusiast,2022-11-07
CUST02308,Nikhil Das,45,36-45,Male,Student,484070,Single,Punjab,Chandigarh,Enthusiast,2021-12-08
CUST02309,Harish Gupta,35,26-35,Male,Healthcare Professional,2356873,Single,Madhya Pradesh,Indore,Touring / Adventure,2022-12-06
CUST02310,Anand Shetty,19,18-25,Male,Business Owner,3491227,Single,Rajasthan,Udaipur,Premium Collector,2025-12-24
CUST02311,Divya Shah,41,36-45,Female,Healthcare Professional,1846137,Married,Andhra Pradesh,Tirupati,Touring / Adventure,2024-11-24
CUST02312,Suresh Shah,35,26-35,Male,Engineer,1484044,Married,Telangana,Nizamabad,First-time Buyer,2022-05-05
CUST02313,Manoj Sharma,30,26-35,Male,Government Employee,666797,Married,Rajasthan,Jaipur,First-time Buyer,2022-07-30
CUST02314,Rohan Iyer,38,36-45,Male,Government Employee,1253349,Married,Delhi,West Delhi,First-time Buyer,2024-09-12
CUST02315,Vikram Mehta,32,26-35,Male,IT Professional,959479,Married,Karnataka,Hubballi,Daily Commuter,2021-06-14
CUST02316,Karan Kulkarni,37,36-45,Male,IT Professional,1181798,Married,Uttar Pradesh,Ghaziabad,Enthusiast,2023-11-30
CUST02317,Preeti Shetty,31,26-35,Female,Healthcare Professional,1724131,Married,Tamil Nadu,Coimbatore,Touring / Adventure,2023-09-17
CUST02318,Naveen Agarwal,31,26-35,Male,Healthcare Professional,2178994,Single,Gujarat,Surat,Premium Collector,2021-11-29
CUST02319,Yash Agarwal,43,36-45,Male,IT Professional,1983431,Married,Andhra Pradesh,Tirupati,Touring / Adventure,2021-10-08
CUST02320,Nidhi Mishra,35,26-35,Female,IT Professional,2249490,Married,Rajasthan,Jodhpur,Premium Collector,2026-04-28
CUST02321,Karthik Verma,34,26-35,Male,IT Professional,1149932,Single,Kerala,Kozhikode,Touring / Adventure,2020-12-02
CUST02322,Ritu Kumar,24,18-25,Female,Government Employee,1164517,Single,Telangana,Hyderabad,Daily Commuter,2025-05-28
CUST02323,Rohan Iyer,35,26-35,Male,Defense Personnel,1184164,Married,Haryana,Panipat,Enthusiast,2023-12-21
CUST02324,Harish Pandey,21,18-25,Male,Engineer,1544759,Single,Kerala,Thiruvananthapuram,First-time Buyer,2025-11-05
CUST02325,Dinesh Joshi,21,18-25,Male,Student,367290,Single,Kerala,Thrissur,First-time Buyer,2022-10-01
CUST02326,Rajesh Verma,30,26-35,Male,IT Professional,1968793,Single,Uttar Pradesh,Noida,Enthusiast,2022-01-10
CUST02327,Pranav Gupta,44,36-45,Male,Government Employee,590119,Married,Maharashtra,Aurangabad,Premium Collector,2025-06-11
CUST02328,Lokesh Das,33,26-35,Male,Student,448952,Married,Delhi,South Delhi,Daily Commuter,2020-08-26
CUST02329,Vijay Singh,23,18-25,Male,IT Professional,1400731,Single,Maharashtra,Mumbai,First-time Buyer,2022-04-21
CUST02330,Anand Bhat,20,18-25,Male,Government Employee,596450,Single,Kerala,Kochi,First-time Buyer,2020-04-26
CUST02331,Karthik Kulkarni,22,18-25,Male,Engineer,722557,Single,Punjab,Patiala,Daily Commuter,2023-05-01
CUST02332,Vijay Das,60,46-60,Male,Engineer,1013138,Single,Maharashtra,Nashik,Touring / Adventure,2025-01-30
CUST02333,Prakash Rao,28,26-35,Male,Business Owner,2804817,Single,Delhi,South Delhi,Premium Collector,2020-05-17
CUST02334,Ashok Banerjee,21,18-25,Male,Engineer,1626197,Single,Maharashtra,Thane,Daily Commuter,2020-12-12
CUST02335,Vikram Gowda,27,26-35,Male,IT Professional,2082412,Married,Rajasthan,Jaipur,Premium Collector,2024-05-31
CUST02336,Siddharth Menon,41,36-45,Male,IT Professional,1140703,Married,Bihar,Gaya,Enthusiast,2021-10-01
CUST02337,Vaishnavi Banerjee,33,26-35,Female,Banker / Finance,694968,Married,Punjab,Jalandhar,Touring / Adventure,2023-11-20
CUST02338,Ganesh Mehta,32,26-35,Male,IT Professional,1627798,Married,Kerala,Kozhikode,Premium Collector,2021-06-09
CUST02339,Sunita Sharma,53,46-60,Female,IT Professional,1932206,Married,Haryana,Panipat,Touring / Adventure,2024-09-30
CUST02340,Rohan Singh,24,18-25,Male,Engineer,1796213,Single,Karnataka,Hubballi,First-time Buyer,2023-01-03
CUST02341,Vivek Patel,40,36-45,Male,Defense Personnel,1099022,Single,Jharkhand,Dhanbad,Touring / Adventure,2024-06-24
CUST02342,Vijay Iyer,31,26-35,Male,Engineer,1228815,Married,Andhra Pradesh,Guntur,Enthusiast,2023-08-24
CUST02343,Lokesh Mehta,65,60+,Male,Banker / Finance,640489,Married,Uttar Pradesh,Lucknow,Premium Collector,2022-09-05
CUST02344,Lokesh Shetty,31,26-35,Male,Government Employee,694458,Single,Jharkhand,Jamshedpur,Enthusiast,2023-09-30
CUST02345,Pranav Patel,30,26-35,Male,Business Owner,3345906,Married,Jharkhand,Dhanbad,Premium Collector,2021-08-18
CUST02346,Manoj Pillai,30,26-35,Male,Engineer,1602251,Married,Assam,Silchar,Touring / Adventure,2024-07-30
CUST02347,Deepak Pillai,29,26-35,Male,IT Professional,2086086,Married,Maharashtra,Mumbai,Enthusiast,2022-01-20
CUST02348,Abhishek Pillai,19,18-25,Male,IT Professional,1612246,Single,Delhi,West Delhi,First-time Buyer,2024-05-18
CUST02349,Dev Mishra,19,18-25,Male,Self-Employed / Freelancer,435608,Single,Madhya Pradesh,Gwalior,Daily Commuter,2022-07-15
CUST02350,Aarav Deshmukh,20,18-25,Male,Business Owner,1664383,Single,Gujarat,Bhavnagar,First-time Buyer,2024-03-10
CUST02351,Siddharth Patel,36,36-45,Male,Healthcare Professional,848204,Married,Tamil Nadu,Madurai,Daily Commuter,2020-03-16
CUST02352,Karan Menon,20,18-25,Male,Healthcare Professional,1234038,Single,Bihar,Patna,Daily Commuter,2024-08-19
CUST02353,Vijay Shah,20,18-25,Male,Healthcare Professional,2082086,Single,Punjab,Ludhiana,Enthusiast,2020-10-01
CUST02354,Pranav Shetty,27,26-35,Male,IT Professional,1615916,Single,Andhra Pradesh,Vijayawada,First-time Buyer,2022-05-06
CUST02355,Manoj Kulkarni,29,26-35,Male,IT Professional,754429,Married,Tamil Nadu,Madurai,Daily Commuter,2023-08-29
CUST02356,Sanjay Iyer,29,26-35,Male,Defense Personnel,1100284,Married,Rajasthan,Jaipur,Premium Collector,2020-05-06
CUST02357,Aishwarya Joshi,31,26-35,Female,IT Professional,1126245,Single,Jharkhand,Dhanbad,First-time Buyer,2025-01-09
CUST02358,Riya Deshmukh,25,18-25,Female,Healthcare Professional,1746583,Single,Uttar Pradesh,Kanpur,Daily Commuter,2026-03-25
CUST02359,Arjun Kumar,31,26-35,Male,Engineer,651517,Married,Tamil Nadu,Madurai,Touring / Adventure,2025-08-31
CUST02360,Vijay Patel,27,26-35,Male,Engineer,1367499,Married,Karnataka,Hubballi,Enthusiast,2020-12-13
CUST02361,Abhishek Chowdhury,54,46-60,Male,Defense Personnel,1244057,Single,Gujarat,Ahmedabad,First-time Buyer,2023-09-04
CUST02362,Aditya Kumar,22,18-25,Male,Healthcare Professional,1773847,Single,Odisha,Cuttack,First-time Buyer,2024-08-03
CUST02363,Divya Agarwal,34,26-35,Female,Business Owner,942448,Married,Gujarat,Vadodara,First-time Buyer,2024-02-14
CUST02364,Harish Agarwal,34,26-35,Male,Government Employee,1214608,Single,Kerala,Thiruvananthapuram,Daily Commuter,2020-03-03
CUST02365,Nidhi Mishra,22,18-25,Female,Business Owner,3156866,Single,Bihar,Patna,Touring / Adventure,2025-12-15
CUST02366,Amit Chowdhury,46,46-60,Male,Defense Personnel,977325,Single,Haryana,Faridabad,Premium Collector,2021-10-08
CUST02367,Manoj Kulkarni,53,46-60,Male,IT Professional,1530712,Married,Maharashtra,Nashik,Daily Commuter,2024-03-17
CUST02368,Ramesh Sharma,27,26-35,Male,Government Employee,1133622,Married,Karnataka,Mysuru,First-time Buyer,2022-03-04
CUST02369,Suresh Das,18,18-25,Male,IT Professional,1423069,Single,Andhra Pradesh,Visakhapatnam,Daily Commuter,2023-10-31
CUST02370,Manoj Bhat,29,26-35,Male,Engineer,1619459,Married,Tamil Nadu,Madurai,Daily Commuter,2021-01-22
CUST02371,Nikhil Deshmukh,41,36-45,Male,Banker / Finance,1989528,Married,Andhra Pradesh,Tirupati,Daily Commuter,2023-06-06
CUST02372,Deepak Mishra,32,26-35,Male,Engineer,527254,Married,Jharkhand,Jamshedpur,Premium Collector,2020-08-15
CUST02373,Anita Chowdhury,34,26-35,Female,Banker / Finance,1036104,Married,Rajasthan,Jodhpur,Daily Commuter,2024-07-04
CUST02374,Rajesh Pillai,18,18-25,Male,Engineer,1166803,Married,Uttar Pradesh,Varanasi,First-time Buyer,2025-11-14
CUST02375,Dev Reddy,31,26-35,Male,Government Employee,817302,Married,Maharashtra,Pune,Enthusiast,2020-06-20
CUST02376,Abhishek Gowda,26,26-35,Male,Business Owner,1561019,Married,Madhya Pradesh,Indore,Touring / Adventure,2020-05-28
CUST02377,Rajesh Mishra,29,26-35,Male,Self-Employed / Freelancer,1216188,Single,Madhya Pradesh,Jabalpur,Premium Collector,2024-05-05
CUST02378,Vaishnavi Banerjee,23,18-25,Female,IT Professional,1883234,Single,Punjab,Jalandhar,Daily Commuter,2025-12-26
CUST02379,Siddharth Mehta,21,18-25,Male,IT Professional,2048253,Single,Odisha,Rourkela,Touring / Adventure,2025-01-07
CUST02380,Nikhil Kulkarni,29,26-35,Male,Business Owner,2095693,Married,Chhattisgarh,Bhilai,Premium Collector,2022-06-30
CUST02381,Dev Gupta,34,26-35,Male,Engineer,1448582,Married,Punjab,Chandigarh,Premium Collector,2026-04-07
CUST02382,Karan Mishra,29,26-35,Male,Self-Employed / Freelancer,1330948,Married,Goa,Panaji,Daily Commuter,2024-01-04
CUST02383,Nikhil Rao,29,26-35,Male,Engineer,732289,Married,Gujarat,Rajkot,Daily Commuter,2025-04-17
CUST02384,Nikhil Kulkarni,47,46-60,Male,Business Owner,2537310,Married,Haryana,Gurugram,Touring / Adventure,2021-01-23
CUST02385,Vikram Iyer,33,26-35,Male,Defense Personnel,1245951,Married,Kerala,Kochi,Daily Commuter,2023-08-16
CUST02386,Lokesh Shetty,44,36-45,Male,IT Professional,835336,Married,Uttar Pradesh,Noida,Daily Commuter,2022-10-19
CUST02387,Abhishek Gupta,33,26-35,Male,IT Professional,1372316,Married,Punjab,Ludhiana,Touring / Adventure,2025-12-19
CUST02388,Pranav Banerjee,27,26-35,Male,Defense Personnel,586098,Single,Odisha,Cuttack,Daily Commuter,2024-10-20
CUST02389,Vikram Agarwal,39,36-45,Male,Defense Personnel,1006164,Married,Bihar,Muzaffarpur,Touring / Adventure,2024-01-12
CUST02390,Vivek Chowdhury,37,36-45,Male,Healthcare Professional,1259842,Married,Telangana,Nizamabad,Daily Commuter,2022-04-09
CUST02391,Sanjay Mehta,33,26-35,Male,Defense Personnel,808612,Single,Madhya Pradesh,Ujjain,Premium Collector,2024-03-27
CUST02392,Prakash Agarwal,57,46-60,Male,Self-Employed / Freelancer,1384388,Married,Maharashtra,Thane,Daily Commuter,2023-02-17
CUST02393,Naveen Mishra,65,60+,Male,IT Professional,857640,Single,Gujarat,Surat,Enthusiast,2026-05-31
CUST02394,Divya Mishra,38,36-45,Female,Defense Personnel,1296841,Married,Delhi,South Delhi,Enthusiast,2022-10-23
CUST02395,Isha Banerjee,23,18-25,Female,Engineer,844324,Single,Odisha,Bhubaneswar,Enthusiast,2022-09-06
CUST02396,Aarav Verma,21,18-25,Male,Banker / Finance,1609242,Single,Punjab,Jalandhar,First-time Buyer,2023-05-25
CUST02397,Ananya Menon,35,26-35,Female,Business Owner,2912861,Married,Uttar Pradesh,Noida,Touring / Adventure,2021-01-13
CUST02398,Ashok Verma,28,26-35,Male,Business Owner,3421888,Married,Goa,Panaji,Premium Collector,2025-11-15
CUST02399,Lakshmi Patel,26,26-35,Female,IT Professional,1854065,Single,Uttar Pradesh,Ghaziabad,Daily Commuter,2022-05-24
CUST02400,Arjun Kulkarni,29,26-35,Male,IT Professional,1583751,Married,Assam,Dibrugarh,Premium Collector,2021-09-15
CUST02401,Aarav Rao,32,26-35,Male,Healthcare Professional,2795515,Married,Haryana,Karnal,Touring / Adventure,2024-11-09
CUST02402,Rohan Nair,39,36-45,Male,Government Employee,1264091,Married,Uttar Pradesh,Varanasi,Daily Commuter,2021-08-11
CUST02403,Ashok Iyer,27,26-35,Male,Business Owner,3380845,Single,Uttar Pradesh,Varanasi,Premium Collector,2026-06-12
CUST02404,Dev Shetty,18,18-25,Male,Business Owner,2538841,Single,Karnataka,Bengaluru,Premium Collector,2024-05-14
CUST02405,Ritu Deshmukh,27,26-35,Female,IT Professional,2339191,Married,Gujarat,Ahmedabad,Enthusiast,2024-04-04
CUST02406,Kavya Menon,27,26-35,Female,Engineer,1103749,Married,Punjab,Jalandhar,First-time Buyer,2022-06-23
CUST02407,Kavya Gupta,59,46-60,Female,Business Owner,1686924,Single,Maharashtra,Mumbai,Enthusiast,2022-12-25
CUST02408,Aarav Chowdhury,36,36-45,Male,Government Employee,1236143,Married,West Bengal,Kolkata,Touring / Adventure,2020-04-14
CUST02409,Pooja Agarwal,32,26-35,Other,Business Owner,1732709,Married,Punjab,Patiala,Daily Commuter,2020-11-26
CUST02410,Vivek Joshi,27,26-35,Male,Business Owner,3228459,Married,Andhra Pradesh,Visakhapatnam,Enthusiast,2022-01-06
CUST02411,Arjun Joshi,20,18-25,Male,Healthcare Professional,2346163,Single,Punjab,Patiala,Enthusiast,2021-10-08
CUST02412,Manoj Patel,26,26-35,Male,IT Professional,2094127,Married,Maharashtra,Pune,Premium Collector,2023-04-24
CUST02413,Rohan Shah,31,26-35,Male,Government Employee,768682,Single,Maharashtra,Aurangabad,Touring / Adventure,2025-09-02
CUST02414,Ritu Verma,21,18-25,Female,Government Employee,1007878,Single,Maharashtra,Thane,Daily Commuter,2025-11-18
CUST02415,Rajesh Sharma,30,26-35,Male,IT Professional,868522,Married,Delhi,North Delhi,Daily Commuter,2020-03-24
CUST02416,Anand Mishra,34,26-35,Male,IT Professional,1260504,Married,Jharkhand,Dhanbad,Premium Collector,2025-03-26
CUST02417,Dev Verma,33,26-35,Male,Government Employee,674859,Married,Punjab,Jalandhar,Enthusiast,2022-10-26
CUST02418,Ananya Sharma,30,26-35,Female,Engineer,1080997,Single,Odisha,Bhubaneswar,Daily Commuter,2025-06-16
CUST02419,Ramesh Menon,52,46-60,Male,Engineer,959531,Married,Karnataka,Bengaluru,Touring / Adventure,2025-04-08
CUST02420,Karthik Sharma,34,26-35,Male,IT Professional,1940935,Married,Jharkhand,Dhanbad,Touring / Adventure,2023-03-01
CUST02421,Rahul Pillai,21,18-25,Male,Government Employee,1139143,Single,Goa,Panaji,First-time Buyer,2024-10-29
CUST02422,Siddharth Bhat,29,26-35,Male,Engineer,1464549,Married,Haryana,Gurugram,First-time Buyer,2026-03-17
CUST02423,Yash Rao,40,36-45,Male,Student,410302,Single,Delhi,New Delhi,Enthusiast,2024-01-05
CUST02424,Ashok Kumar,65,60+,Male,IT Professional,1858475,Single,Andhra Pradesh,Guntur,First-time Buyer,2023-04-03
CUST02425,Aditya Gupta,30,26-35,Male,Defense Personnel,877413,Single,Haryana,Panipat,Touring / Adventure,2022-04-06
CUST02426,Naveen Chowdhury,30,26-35,Male,Business Owner,3039797,Married,Chhattisgarh,Bilaspur,Premium Collector,2024-05-13
CUST02427,Riya Pillai,25,18-25,Female,Student,523886,Single,Maharashtra,Nashik,First-time Buyer,2025-04-09
CUST02428,Harish Bhat,26,26-35,Male,IT Professional,2014378,Married,Odisha,Cuttack,Touring / Adventure,2023-02-12
CUST02429,Anita Das,27,26-35,Female,Engineer,643349,Married,Karnataka,Belagavi,Premium Collector,2026-06-18
CUST02430,Dinesh Iyer,28,26-35,Male,IT Professional,667212,Married,Jharkhand,Ranchi,Daily Commuter,2026-03-27
CUST02431,Tanvi Chowdhury,28,26-35,Female,Engineer,639829,Married,Telangana,Karimnagar,First-time Buyer,2021-04-26
CUST02432,Suresh Mishra,23,18-25,Male,Banker / Finance,604175,Single,Uttar Pradesh,Ghaziabad,First-time Buyer,2023-11-25
CUST02433,Yash Joshi,21,18-25,Male,Banker / Finance,976145,Single,Andhra Pradesh,Tirupati,First-time Buyer,2024-07-10
CUST02434,Ananya Das,32,26-35,Female,Defense Personnel,1288557,Married,Chhattisgarh,Bilaspur,Enthusiast,2020-08-30
CUST02435,Sanjay Verma,25,18-25,Male,Banker / Finance,808027,Single,Karnataka,Belagavi,First-time Buyer,2020-06-14
CUST02436,Suresh Patel,34,26-35,Male,Banker / Finance,1190688,Married,Odisha,Rourkela,Touring / Adventure,2022-11-25
CUST02437,Swati Das,31,26-35,Other,IT Professional,1462029,Married,Andhra Pradesh,Tirupati,Premium Collector,2024-12-29
CUST02438,Ashok Banerjee,56,46-60,Male,Banker / Finance,1226571,Married,Telangana,Karimnagar,Daily Commuter,2020-08-13
CUST02439,Suresh Chowdhury,19,18-25,Male,Government Employee,1447120,Single,Delhi,New Delhi,Daily Commuter,2022-11-19
CUST02440,Manish Joshi,24,18-25,Male,IT Professional,2030419,Single,Rajasthan,Jodhpur,Touring / Adventure,2021-08-27
CUST02441,Aarav Chowdhury,19,18-25,Male,Business Owner,2166484,Single,Uttar Pradesh,Ghaziabad,Premium Collector,2025-02-21
CUST02442,Aditya Shah,29,26-35,Male,Defense Personnel,884290,Married,Gujarat,Rajkot,First-time Buyer,2024-11-30
CUST02443,Abhishek Menon,27,26-35,Male,Business Owner,2095958,Single,Haryana,Panipat,Enthusiast,2021-05-31
CUST02444,Anand Menon,33,26-35,Male,Engineer,544968,Married,Gujarat,Ahmedabad,Daily Commuter,2023-12-08
CUST02445,Nikhil Kulkarni,40,36-45,Male,Engineer,696286,Single,Gujarat,Surat,Touring / Adventure,2020-08-15
CUST02446,Manoj Kulkarni,32,26-35,Male,Business Owner,3463067,Married,Tamil Nadu,Madurai,Touring / Adventure,2021-04-11
CUST02447,Lokesh Pillai,49,46-60,Male,Engineer,1410868,Single,Andhra Pradesh,Guntur,Touring / Adventure,2020-02-19
CUST02448,Arjun Rao,18,18-25,Male,Business Owner,2660516,Married,Maharashtra,Thane,Premium Collector,2024-01-01
CUST02449,Ashok Kumar,27,26-35,Male,Self-Employed / Freelancer,1129348,Married,Rajasthan,Jodhpur,Enthusiast,2021-10-02
CUST02450,Ashok Verma,34,26-35,Male,IT Professional,1000454,Married,Gujarat,Vadodara,First-time Buyer,2026-02-15
CUST02451,Nikhil Iyer,24,18-25,Male,Engineer,573383,Single,Kerala,Kollam,First-time Buyer,2023-11-17
CUST02452,Deepak Das,25,18-25,Male,Banker / Finance,1075261,Single,Madhya Pradesh,Bhopal,First-time Buyer,2021-12-08
CUST02453,Pranav Nair,31,26-35,Male,Government Employee,1482874,Married,Tamil Nadu,Madurai,Enthusiast,2023-01-06
CUST02454,Deepak Kulkarni,51,46-60,Male,Healthcare Professional,2509970,Single,West Bengal,Kolkata,Premium Collector,2021-08-01
CUST02455,Sachin Mishra,25,18-25,Male,Engineer,726787,Single,Goa,Panaji,First-time Buyer,2026-04-06
CUST02456,Amit Mishra,29,26-35,Male,Defense Personnel,1306527,Married,Punjab,Patiala,First-time Buyer,2024-07-03
CUST02457,Suresh Mishra,26,26-35,Male,Engineer,1743128,Married,Delhi,West Delhi,Daily Commuter,2025-09-11
CUST02458,Ganesh Nair,29,26-35,Male,IT Professional,2359193,Single,Assam,Guwahati,Premium Collector,2022-06-25
CUST02459,Manoj Pandey,62,60+,Male,IT Professional,2071477,Married,Bihar,Muzaffarpur,Touring / Adventure,2021-07-15
CUST02460,Divya Patel,43,36-45,Female,IT Professional,840652,Married,Delhi,South Delhi,Touring / Adventure,2022-02-17
CUST02461,Manish Verma,45,36-45,Male,Business Owner,2146504,Married,Karnataka,Mangaluru,Premium Collector,2026-06-28
CUST02462,Rohan Rao,51,46-60,Male,Business Owner,1303246,Single,Assam,Dibrugarh,Daily Commuter,2025-09-29
CUST02463,Rahul Sharma,35,26-35,Male,Student,499372,Married,Assam,Dibrugarh,Daily Commuter,2021-02-15
CUST02464,Abhishek Verma,24,18-25,Male,Banker / Finance,816502,Single,Tamil Nadu,Chennai,First-time Buyer,2021-08-28
CUST02465,Tanvi Bhat,32,26-35,Other,Banker / Finance,1954045,Single,Madhya Pradesh,Gwalior,First-time Buyer,2024-01-27
CUST02466,Vivek Bhat,27,26-35,Male,Healthcare Professional,1539186,Married,Chhattisgarh,Bilaspur,First-time Buyer,2020-05-28
CUST02467,Ashok Nair,28,26-35,Male,Engineer,1569434,Married,Karnataka,Mangaluru,Enthusiast,2024-04-18
CUST02468,Pranav Patel,58,46-60,Male,Engineer,842323,Married,Uttar Pradesh,Lucknow,Daily Commuter,2020-12-05
CUST02469,Ramesh Iyer,30,26-35,Male,Government Employee,1172232,Single,Punjab,Jalandhar,First-time Buyer,2020-05-14
CUST02470,Karan Banerjee,27,26-35,Male,IT Professional,872512,Married,Madhya Pradesh,Gwalior,First-time Buyer,2020-03-13
CUST02471,Dinesh Mehta,30,26-35,Male,Business Owner,3495001,Married,West Bengal,Kolkata,Touring / Adventure,2020-05-05
CUST02472,Nikhil Rao,59,46-60,Male,Healthcare Professional,909451,Single,Karnataka,Belagavi,Touring / Adventure,2022-11-18
CUST02473,Karan Mishra,27,26-35,Male,Engineer,1568072,Married,Andhra Pradesh,Guntur,First-time Buyer,2021-12-11
CUST02474,Deepak Shetty,43,36-45,Male,Government Employee,845080,Single,Karnataka,Mysuru,Enthusiast,2023-08-22
CUST02475,Rajesh Gowda,40,36-45,Male,Engineer,1445840,Single,Tamil Nadu,Coimbatore,Daily Commuter,2024-01-23
CUST02476,Yash Verma,20,18-25,Male,IT Professional,1191342,Single,Uttar Pradesh,Noida,Enthusiast,2022-07-19
CUST02477,Pranav Banerjee,35,26-35,Male,Healthcare Professional,1948780,Married,Tamil Nadu,Chennai,Touring / Adventure,2023-03-14
CUST02478,Rohan Joshi,33,26-35,Male,Student,567420,Married,Karnataka,Mangaluru,Daily Commuter,2022-09-15
CUST02479,Anand Kumar,42,36-45,Male,Defense Personnel,897235,Married,Uttar Pradesh,Ghaziabad,Daily Commuter,2024-12-28
CUST02480,Arjun Banerjee,42,36-45,Male,Banker / Finance,1232765,Married,Uttar Pradesh,Ghaziabad,Touring / Adventure,2023-09-05
CUST02481,Nidhi Kumar,19,18-25,Female,Student,437081,Married,Assam,Guwahati,First-time Buyer,2023-02-24
CUST02482,Suresh Das,28,26-35,Male,Healthcare Professional,2289946,Single,Gujarat,Bhavnagar,Premium Collector,2026-04-23
CUST02483,Aishwarya Mehta,35,26-35,Female,Government Employee,733420,Married,Chhattisgarh,Bhilai,Touring / Adventure,2021-05-20
CUST02484,Aditya Singh,28,26-35,Male,Government Employee,1278610,Married,Haryana,Karnal,Daily Commuter,2023-08-17
CUST02485,Dev Nair,35,26-35,Male,Healthcare Professional,758804,Married,Delhi,West Delhi,Enthusiast,2022-12-22
CUST02486,Abhishek Banerjee,28,26-35,Male,Government Employee,1064461,Single,Assam,Dibrugarh,Daily Commuter,2021-06-10
CUST02487,Pranav Verma,27,26-35,Male,Defense Personnel,467052,Married,Madhya Pradesh,Bhopal,First-time Buyer,2022-11-14
CUST02488,Rohan Iyer,32,26-35,Male,Engineer,946013,Married,Jharkhand,Dhanbad,Daily Commuter,2023-10-03
CUST02489,Ramesh Iyer,37,36-45,Male,Government Employee,643253,Married,Punjab,Jalandhar,Premium Collector,2020-11-03
CUST02490,Nikhil Banerjee,32,26-35,Male,Engineer,1054068,Single,Assam,Dibrugarh,First-time Buyer,2024-08-15
CUST02491,Suresh Mehta,33,26-35,Male,Defense Personnel,578549,Married,Bihar,Patna,Daily Commuter,2024-09-29
CUST02492,Rohan Pandey,29,26-35,Male,Self-Employed / Freelancer,1179542,Married,Madhya Pradesh,Gwalior,Daily Commuter,2024-12-29
CUST02493,Dinesh Das,36,36-45,Male,Defense Personnel,1093304,Married,Kerala,Kochi,Touring / Adventure,2023-05-03
CUST02494,Dinesh Nair,24,18-25,Male,Government Employee,879097,Single,Maharashtra,Aurangabad,First-time Buyer,2026-06-05
CUST02495,Naveen Iyer,40,36-45,Male,IT Professional,1267656,Married,Kerala,Kozhikode,Daily Commuter,2024-06-30
CUST02496,Aditya Verma,42,36-45,Male,IT Professional,2023594,Married,Haryana,Gurugram,Premium Collector,2025-09-21
CUST02497,Anand Menon,39,36-45,Male,Banker / Finance,959807,Single,Punjab,Jalandhar,Touring / Adventure,2022-10-06
CUST02498,Ashok Patel,45,36-45,Male,Business Owner,2732780,Married,Karnataka,Bengaluru,Premium Collector,2023-05-06
CUST02499,Amit Das,28,26-35,Male,Defense Personnel,1375645,Married,Uttar Pradesh,Ghaziabad,Touring / Adventure,2022-01-19
CUST02500,Aishwarya Sharma,45,36-45,Female,Healthcare Professional,1589799,Single,Assam,Dibrugarh,Daily Commuter,2022-03-09
CUST02501,Sachin Deshmukh,37,36-45,Male,Healthcare Professional,1904299,Married,Rajasthan,Jodhpur,Daily Commuter,2021-07-08
CUST02502,Arjun Banerjee,28,26-35,Male,Business Owner,1156404,Married,Madhya Pradesh,Gwalior,Daily Commuter,2021-10-03
CUST02503,Ashok Joshi,34,26-35,Male,Banker / Finance,1466831,Married,Gujarat,Surat,Touring / Adventure,2026-02-18
CUST02504,Nikhil Gowda,41,36-45,Male,Engineer,1544073,Married,Kerala,Thiruvananthapuram,Daily Commuter,2024-08-06
CUST02505,Manish Deshmukh,33,26-35,Male,Business Owner,2707793,Married,Kerala,Kochi,Premium Collector,2020-02-10
CUST02506,Isha Bhat,54,46-60,Female,Engineer,1345406,Single,Delhi,South Delhi,Touring / Adventure,2023-10-18
CUST02507,Aarav Iyer,36,36-45,Male,Healthcare Professional,2740452,Married,Haryana,Gurugram,Premium Collector,2024-11-17
CUST02508,Rahul Chowdhury,39,36-45,Male,Business Owner,2186193,Married,Delhi,New Delhi,Premium Collector,2024-12-24
CUST02509,Lokesh Rao,21,18-25,Male,Banker / Finance,1452623,Married,Gujarat,Rajkot,Daily Commuter,2020-10-31
CUST02510,Nikhil Reddy,25,18-25,Male,Self-Employed / Freelancer,505442,Single,Gujarat,Rajkot,First-time Buyer,2023-04-01
CUST02511,Aarav Nair,28,26-35,Male,Banker / Finance,1732107,Married,Jharkhand,Jamshedpur,Daily Commuter,2025-06-16
CUST02512,Lokesh Kulkarni,35,26-35,Male,Government Employee,645315,Married,Bihar,Muzaffarpur,Daily Commuter,2022-08-07
CUST02513,Ashok Reddy,34,26-35,Male,Business Owner,3298113,Married,Delhi,South Delhi,Enthusiast,2024-01-23
CUST02514,Rohan Singh,58,46-60,Male,IT Professional,1512556,Married,Tamil Nadu,Salem,Daily Commuter,2023-10-20
CUST02515,Ramesh Das,25,18-25,Male,IT Professional,1174965,Single,Goa,Panaji,First-time Buyer,2020-10-24
CUST02516,Deepak Bhat,41,36-45,Male,Engineer,963348,Married,Kerala,Kollam,First-time Buyer,2020-06-14
CUST02517,Aditya Verma,35,26-35,Male,IT Professional,1082585,Married,Chhattisgarh,Bhilai,Daily Commuter,2020-05-12
CUST02518,Arjun Pillai,30,26-35,Male,IT Professional,1979313,Single,Punjab,Jalandhar,Enthusiast,2021-07-05
CUST02519,Rajesh Rao,32,26-35,Male,Healthcare Professional,2245296,Married,Punjab,Jalandhar,Premium Collector,2026-01-27
CUST02520,Harish Pandey,34,26-35,Male,Banker / Finance,1651733,Married,Rajasthan,Udaipur,Touring / Adventure,2023-08-25
CUST02521,Vijay Shetty,20,18-25,Male,Government Employee,1433276,Single,Gujarat,Vadodara,Daily Commuter,2025-10-12
CUST02522,Manoj Kulkarni,65,60+,Male,Engineer,1183468,Single,Delhi,West Delhi,Touring / Adventure,2020-08-14
CUST02523,Siddharth Nair,26,26-35,Male,IT Professional,1878837,Single,Andhra Pradesh,Vijayawada,Touring / Adventure,2020-03-11
CUST02524,Preeti Rao,28,26-35,Female,IT Professional,1207438,Married,Tamil Nadu,Chennai,Daily Commuter,2023-05-31
CUST02525,Abhishek Deshmukh,27,26-35,Male,Government Employee,1377572,Married,Odisha,Cuttack,Touring / Adventure,2026-03-15
CUST02526,Amit Banerjee,43,36-45,Male,Government Employee,454655,Married,Assam,Dibrugarh,Daily Commuter,2025-05-08
CUST02527,Rahul Gowda,26,26-35,Male,Healthcare Professional,890597,Married,Uttar Pradesh,Lucknow,Daily Commuter,2020-09-22
CUST02528,Dev Iyer,39,36-45,Male,Healthcare Professional,1468234,Married,Kerala,Kochi,Premium Collector,2022-07-08
CUST02529,Karthik Singh,22,18-25,Male,IT Professional,1106113,Single,Karnataka,Belagavi,Daily Commuter,2026-05-08
CUST02530,Ashok Banerjee,26,26-35,Male,Engineer,1391398,Single,Kerala,Kochi,Premium Collector,2024-09-30
CUST02531,Pranav Bhat,24,18-25,Male,Business Owner,2816406,Single,Delhi,South Delhi,Touring / Adventure,2025-01-12
CUST02532,Vivek Menon,26,26-35,Male,Government Employee,1191954,Single,Uttar Pradesh,Ghaziabad,Enthusiast,2023-09-06
CUST02533,Vijay Bhat,44,36-45,Male,Engineer,817191,Married,Rajasthan,Udaipur,Daily Commuter,2024-01-13
CUST02534,Karthik Verma,40,36-45,Male,IT Professional,724292,Single,Bihar,Muzaffarpur,Touring / Adventure,2021-04-23
CUST02535,Aarav Banerjee,32,26-35,Male,Government Employee,1365880,Married,Karnataka,Mysuru,Enthusiast,2023-02-02
CUST02536,Abhishek Verma,26,26-35,Male,Student,495157,Married,Jharkhand,Dhanbad,Touring / Adventure,2020-04-04
CUST02537,Amit Shetty,30,26-35,Male,Business Owner,2260809,Single,Assam,Silchar,Enthusiast,2022-07-11
CUST02538,Harish Reddy,40,36-45,Male,Business Owner,2164018,Single,Haryana,Faridabad,Touring / Adventure,2025-11-16
CUST02539,Rohan Joshi,30,26-35,Male,Banker / Finance,1834661,Married,Punjab,Ludhiana,Daily Commuter,2022-10-11
CUST02540,Amit Mishra,26,26-35,Male,Student,493857,Married,Chhattisgarh,Bhilai,First-time Buyer,2026-02-05
CUST02541,Lokesh Das,31,26-35,Male,Business Owner,2635134,Married,Gujarat,Vadodara,Touring / Adventure,2025-01-08
CUST02542,Suresh Sharma,19,18-25,Male,Banker / Finance,1031973,Married,Chhattisgarh,Raipur,First-time Buyer,2021-03-20
CUST02543,Dev Joshi,27,26-35,Male,Business Owner,1443677,Married,Bihar,Patna,Enthusiast,2023-12-01
CUST02544,Dev Kumar,32,26-35,Male,Defense Personnel,569659,Single,Gujarat,Vadodara,Daily Commuter,2025-08-02
CUST02545,Vikram Das,31,26-35,Male,Government Employee,1396554,Married,Bihar,Patna,Touring / Adventure,2021-01-01
CUST02546,Suresh Singh,48,46-60,Male,Healthcare Professional,1811724,Single,Maharashtra,Nashik,Daily Commuter,2024-09-05
CUST02547,Sachin Nair,31,26-35,Male,Business Owner,2898097,Single,Telangana,Karimnagar,Touring / Adventure,2024-08-23
CUST02548,Siddharth Agarwal,37,36-45,Male,IT Professional,1059684,Single,Andhra Pradesh,Guntur,Touring / Adventure,2022-11-07
CUST02549,Suresh Deshmukh,45,36-45,Male,Engineer,1746189,Married,Andhra Pradesh,Tirupati,Touring / Adventure,2023-07-03
CUST02550,Aishwarya Mehta,26,26-35,Female,Business Owner,1933555,Married,Gujarat,Rajkot,Daily Commuter,2021-05-22
CUST02551,Pranav Menon,20,18-25,Male,IT Professional,2313908,Married,Gujarat,Surat,Enthusiast,2022-05-01
CUST02552,Ganesh Shah,31,26-35,Male,Business Owner,1355845,Single,Madhya Pradesh,Gwalior,Touring / Adventure,2025-05-25
CUST02553,Ashok Kulkarni,56,46-60,Male,Government Employee,1369814,Married,Jharkhand,Jamshedpur,Enthusiast,2022-02-09
CUST02554,Amit Shah,53,46-60,Male,Defense Personnel,660288,Married,Punjab,Jalandhar,Enthusiast,2022-10-10
CUST02555,Lokesh Kumar,33,26-35,Male,Government Employee,709252,Married,Uttar Pradesh,Ghaziabad,Touring / Adventure,2026-01-10
CUST02556,Radhika Shah,56,46-60,Female,Business Owner,3346349,Married,Jharkhand,Jamshedpur,Premium Collector,2025-06-25
CUST02557,Suresh Patel,50,46-60,Male,IT Professional,2040208,Married,Uttar Pradesh,Kanpur,Touring / Adventure,2024-12-03
CUST02558,Rahul Mishra,20,18-25,Male,Defense Personnel,1214781,Single,Gujarat,Ahmedabad,First-time Buyer,2020-03-01
CUST02559,Vikram Verma,21,18-25,Male,Government Employee,650982,Single,Gujarat,Ahmedabad,First-time Buyer,2023-02-19
CUST02560,Aarav Patel,38,36-45,Male,Banker / Finance,1015738,Married,Madhya Pradesh,Gwalior,Premium Collector,2020-10-21
CUST02561,Sanjay Mishra,35,26-35,Male,IT Professional,2296846,Married,Odisha,Cuttack,Touring / Adventure,2020-12-11
CUST02562,Dinesh Mishra,24,18-25,Male,Business Owner,1049999,Single,Madhya Pradesh,Jabalpur,Enthusiast,2024-08-07
CUST02563,Radhika Patel,20,18-25,Female,Student,438313,Single,Chhattisgarh,Bhilai,Enthusiast,2021-08-22
CUST02564,Tanvi Shetty,19,18-25,Female,IT Professional,1206266,Single,Andhra Pradesh,Tirupati,Enthusiast,2025-07-26
CUST02565,Ananya Kulkarni,35,26-35,Female,Government Employee,1192010,Married,Karnataka,Belagavi,Daily Commuter,2024-09-09
CUST02566,Anita Bhat,32,26-35,Female,Healthcare Professional,1387693,Married,Delhi,North Delhi,Daily Commuter,2022-07-14
CUST02567,Pranav Verma,27,26-35,Male,IT Professional,620996,Married,Gujarat,Surat,Enthusiast,2020-08-01
CUST02568,Harish Patel,62,60+,Male,Student,479089,Married,Andhra Pradesh,Tirupati,First-time Buyer,2025-01-12
CUST02569,Manish Gupta,21,18-25,Male,Business Owner,1530276,Single,Odisha,Rourkela,First-time Buyer,2026-06-12
CUST02570,Nikhil Mishra,30,26-35,Male,Healthcare Professional,1743632,Married,Uttar Pradesh,Ghaziabad,Daily Commuter,2024-02-15
CUST02571,Deepak Banerjee,30,26-35,Male,IT Professional,1597304,Single,Maharashtra,Mumbai,Enthusiast,2023-01-09
CUST02572,Rahul Kulkarni,44,36-45,Male,Business Owner,3478168,Married,Tamil Nadu,Chennai,Premium Collector,2023-10-09
CUST02573,Suresh Joshi,57,46-60,Male,Government Employee,563690,Single,West Bengal,Durgapur,Daily Commuter,2021-08-16
CUST02574,Arjun Pandey,21,18-25,Male,IT Professional,1095927,Single,Bihar,Gaya,Daily Commuter,2024-09-18
CUST02575,Ganesh Verma,42,36-45,Male,Government Employee,887887,Married,Andhra Pradesh,Visakhapatnam,First-time Buyer,2024-11-15
CUST02576,Nikhil Pandey,61,60+,Male,Defense Personnel,536789,Single,Uttar Pradesh,Kanpur,First-time Buyer,2022-07-17
CUST02577,Dinesh Singh,22,18-25,Male,IT Professional,779757,Single,Punjab,Patiala,Daily Commuter,2023-04-23
CUST02578,Sachin Verma,27,26-35,Male,Engineer,1754132,Single,Delhi,West Delhi,Enthusiast,2023-09-24
CUST02579,Naveen Pandey,64,60+,Male,Business Owner,2348034,Married,Uttar Pradesh,Noida,Premium Collector,2022-01-15
CUST02580,Rohan Shetty,38,36-45,Male,Business Owner,1210264,Married,Uttar Pradesh,Lucknow,Daily Commuter,2024-09-30
CUST02581,Siddharth Pillai,29,26-35,Male,Business Owner,2062544,Married,Bihar,Gaya,Touring / Adventure,2025-08-03
CUST02582,Karthik Kumar,35,26-35,Male,Government Employee,1179548,Married,Punjab,Patiala,Daily Commuter,2025-03-17
CUST02583,Deepika Gowda,19,18-25,Female,Self-Employed / Freelancer,1065318,Married,West Bengal,Durgapur,First-time Buyer,2022-11-23
CUST02584,Sachin Singh,44,36-45,Male,Student,465238,Married,Odisha,Rourkela,Daily Commuter,2025-04-08
CUST02585,Sunita Nair,35,26-35,Female,Business Owner,2131604,Married,Chhattisgarh,Raipur,Premium Collector,2020-01-21
CUST02586,Aarav Singh,33,26-35,Male,Business Owner,1665269,Married,Madhya Pradesh,Jabalpur,Enthusiast,2021-05-29
CUST02587,Rajesh Gupta,46,46-60,Male,Engineer,1298345,Married,Karnataka,Belagavi,Daily Commuter,2020-05-05
CUST02588,Arjun Mehta,38,36-45,Male,Defense Personnel,1315562,Married,Gujarat,Surat,First-time Buyer,2020-11-03
CUST02589,Sanjay Reddy,40,36-45,Male,Business Owner,2784017,Married,Uttar Pradesh,Ghaziabad,Touring / Adventure,2024-11-22
CUST02590,Karthik Kumar,21,18-25,Male,IT Professional,766166,Single,Madhya Pradesh,Ujjain,First-time Buyer,2020-08-12
CUST02591,Abhishek Singh,49,46-60,Male,Business Owner,2136314,Married,Rajasthan,Jodhpur,Premium Collector,2022-11-19
CUST02592,Rajesh Singh,24,18-25,Male,IT Professional,1278593,Single,Karnataka,Mysuru,First-time Buyer,2022-05-23
CUST02593,Dev Rao,39,36-45,Male,IT Professional,1640955,Married,Delhi,North Delhi,Touring / Adventure,2026-01-02
CUST02594,Vivek Chowdhury,24,18-25,Male,IT Professional,823300,Single,Andhra Pradesh,Tirupati,Daily Commuter,2023-02-13
CUST02595,Suresh Menon,29,26-35,Male,Government Employee,1433139,Married,Maharashtra,Nagpur,Enthusiast,2024-10-13
CUST02596,Ashok Kumar,37,36-45,Male,Business Owner,1865827,Single,Tamil Nadu,Salem,Enthusiast,2020-03-16
CUST02597,Ganesh Banerjee,35,26-35,Male,Business Owner,874866,Single,Gujarat,Bhavnagar,Enthusiast,2020-03-28
CUST02598,Abhishek Verma,23,18-25,Male,Business Owner,1443066,Single,Assam,Silchar,First-time Buyer,2022-04-21
CUST02599,Nikhil Menon,32,26-35,Male,Business Owner,3468657,Single,Uttar Pradesh,Varanasi,Premium Collector,2025-06-21
CUST02600,Aditya Banerjee,18,18-25,Male,IT Professional,2000357,Single,Tamil Nadu,Coimbatore,Enthusiast,2023-09-22
CUST02601,Karthik Mishra,29,26-35,Male,Engineer,787316,Married,Madhya Pradesh,Bhopal,Daily Commuter,2023-11-10
CUST02602,Tanvi Singh,57,46-60,Female,Business Owner,1594734,Married,Karnataka,Mangaluru,Daily Commuter,2025-07-18
CUST02603,Pranav Iyer,25,18-25,Male,Healthcare Professional,1998214,Single,Delhi,West Delhi,Daily Commuter,2022-01-28
CUST02604,Rohan Das,27,26-35,Male,Government Employee,1052906,Married,Assam,Guwahati,Premium Collector,2023-09-10
CUST02605,Karan Mehta,29,26-35,Other,Government Employee,1481162,Married,Delhi,New Delhi,Daily Commuter,2022-01-16
CUST02606,Prakash Pillai,38,36-45,Male,IT Professional,2028192,Single,Jharkhand,Jamshedpur,Premium Collector,2021-08-31
CUST02607,Vivek Singh,19,18-25,Male,IT Professional,1288229,Single,Delhi,North Delhi,First-time Buyer,2022-12-01
CUST02608,Sanjay Banerjee,38,36-45,Male,IT Professional,1078459,Single,Madhya Pradesh,Jabalpur,Touring / Adventure,2022-10-18
CUST02609,Vivek Shah,26,26-35,Male,Healthcare Professional,1742501,Married,Odisha,Bhubaneswar,Premium Collector,2026-04-20
CUST02610,Deepika Reddy,47,46-60,Female,IT Professional,2310768,Single,Chhattisgarh,Bhilai,Premium Collector,2024-03-19
CUST02611,Aarav Gowda,33,26-35,Male,IT Professional,1541913,Single,Bihar,Muzaffarpur,Daily Commuter,2026-02-08
CUST02612,Rohan Bhat,63,60+,Male,Engineer,985091,Married,Haryana,Faridabad,Enthusiast,2022-05-05
CUST02613,Sachin Pillai,32,26-35,Male,IT Professional,2395837,Married,Delhi,West Delhi,Premium Collector,2022-08-10
CUST02614,Riya Shetty,29,26-35,Female,Defense Personnel,428766,Married,Karnataka,Mangaluru,Touring / Adventure,2022-08-09
CUST02615,Vivek Verma,34,26-35,Male,Engineer,848064,Single,Madhya Pradesh,Ujjain,Daily Commuter,2023-12-21
CUST02616,Arjun Joshi,24,18-25,Male,IT Professional,2218593,Single,Punjab,Ludhiana,Touring / Adventure,2025-07-14
CUST02617,Harish Reddy,37,36-45,Male,Government Employee,668842,Single,Jharkhand,Ranchi,Daily Commuter,2022-06-21
CUST02618,Rohan Das,21,18-25,Male,Engineer,661845,Married,Delhi,West Delhi,Daily Commuter,2022-05-30
CUST02619,Rahul Sharma,44,36-45,Male,Banker / Finance,1151454,Single,Bihar,Gaya,Daily Commuter,2020-07-03
CUST02620,Dev Kulkarni,20,18-25,Male,Engineer,1066265,Married,West Bengal,Kolkata,First-time Buyer,2023-08-08
CUST02621,Manoj Iyer,45,36-45,Male,IT Professional,2292544,Single,Goa,Panaji,Touring / Adventure,2021-05-05
CUST02622,Naveen Patel,41,36-45,Male,Student,355949,Single,Odisha,Cuttack,Touring / Adventure,2023-08-07
CUST02623,Dev Pillai,34,26-35,Male,Student,467099,Single,Telangana,Nizamabad,Touring / Adventure,2025-01-05
CUST02624,Nikhil Verma,60,46-60,Male,Self-Employed / Freelancer,1175744,Single,Andhra Pradesh,Tirupati,Daily Commuter,2023-02-23
CUST02625,Nikhil Verma,32,26-35,Male,Government Employee,959050,Married,Andhra Pradesh,Vijayawada,Enthusiast,2022-11-20
CUST02626,Divya Menon,31,26-35,Female,IT Professional,751332,Single,Haryana,Panipat,Premium Collector,2024-01-11
CUST02627,Sachin Sharma,18,18-25,Male,Business Owner,2529495,Single,Gujarat,Bhavnagar,Premium Collector,2025-03-07
CUST02628,Rahul Menon,25,18-25,Male,Self-Employed / Freelancer,1556782,Single,Telangana,Karimnagar,Enthusiast,2024-06-11
CUST02629,Vivek Chowdhury,24,18-25,Male,Engineer,1194999,Single,Karnataka,Hubballi,Enthusiast,2021-04-04
CUST02630,Dev Pandey,24,18-25,Male,Government Employee,1222036,Single,Tamil Nadu,Chennai,First-time Buyer,2021-03-21
CUST02631,Aditya Chowdhury,33,26-35,Male,Engineer,1515426,Single,Kerala,Thrissur,First-time Buyer,2021-02-19
CUST02632,Rajesh Mishra,29,26-35,Male,IT Professional,1359633,Married,Uttar Pradesh,Varanasi,Enthusiast,2025-09-19
CUST02633,Siddharth Nair,42,36-45,Male,Government Employee,827515,Married,Chhattisgarh,Bilaspur,Enthusiast,2026-01-30
CUST02634,Vijay Mishra,27,26-35,Male,Business Owner,1970402,Single,Tamil Nadu,Madurai,Touring / Adventure,2025-02-17
CUST02635,Vivek Pillai,65,60+,Male,IT Professional,610414,Married,Chhattisgarh,Bilaspur,Daily Commuter,2026-02-07
CUST02636,Harish Rao,30,26-35,Male,IT Professional,1599483,Single,Maharashtra,Nagpur,Daily Commuter,2025-05-09
CUST02637,Sachin Pillai,29,26-35,Male,Business Owner,1420822,Married,Tamil Nadu,Salem,Enthusiast,2026-01-12
CUST02638,Manoj Kumar,30,26-35,Male,Government Employee,1289443,Single,Haryana,Karnal,Touring / Adventure,2022-02-16
CUST02639,Meera Kulkarni,22,18-25,Female,Engineer,1715028,Single,Delhi,West Delhi,Daily Commuter,2023-12-25
CUST02640,Naveen Iyer,41,36-45,Male,IT Professional,2138649,Married,Uttar Pradesh,Lucknow,Touring / Adventure,2023-05-26
CUST02641,Pooja Das,40,36-45,Female,Healthcare Professional,2663229,Single,Karnataka,Bengaluru,Premium Collector,2024-02-04
CUST02642,Pooja Sharma,31,26-35,Other,IT Professional,2342154,Single,Telangana,Nizamabad,Premium Collector,2023-08-19
CUST02643,Dinesh Shetty,60,46-60,Male,Engineer,1248550,Married,Kerala,Kozhikode,Touring / Adventure,2025-04-23
CUST02644,Lokesh Reddy,40,36-45,Male,Self-Employed / Freelancer,455332,Single,Kerala,Kozhikode,Premium Collector,2020-02-10
CUST02645,Manish Das,28,26-35,Male,Engineer,1564325,Single,Rajasthan,Jodhpur,Enthusiast,2026-03-24
CUST02646,Sanjay Patel,49,46-60,Male,Healthcare Professional,830496,Single,Kerala,Kollam,Touring / Adventure,2024-11-17
CUST02647,Vikram Nair,20,18-25,Male,Student,508114,Single,Gujarat,Ahmedabad,First-time Buyer,2022-07-06
CUST02648,Prakash Mehta,28,26-35,Male,Business Owner,1071076,Married,Kerala,Thrissur,Enthusiast,2024-10-20
CUST02649,Aditya Mehta,28,26-35,Male,IT Professional,1871792,Married,Karnataka,Belagavi,Touring / Adventure,2025-12-11
CUST02650,Vijay Kumar,21,18-25,Male,IT Professional,1052479,Single,Chhattisgarh,Bilaspur,Enthusiast,2020-03-16
CUST02651,Ramesh Menon,42,36-45,Male,Business Owner,1980305,Married,Andhra Pradesh,Visakhapatnam,Enthusiast,2024-04-02
CUST02652,Abhishek Gowda,27,26-35,Male,Business Owner,1837156,Married,Gujarat,Ahmedabad,Daily Commuter,2026-03-16
CUST02653,Dev Nair,51,46-60,Male,Government Employee,507660,Single,Bihar,Patna,Touring / Adventure,2020-08-31
CUST02654,Meera Kulkarni,24,18-25,Other,Student,426043,Single,Maharashtra,Thane,Daily Commuter,2025-05-26
CUST02655,Siddharth Patel,22,18-25,Male,Government Employee,1130533,Single,West Bengal,Kolkata,First-time Buyer,2022-01-04
CUST02656,Aishwarya Pandey,43,36-45,Female,Business Owner,2300512,Married,Jharkhand,Ranchi,Premium Collector,2021-10-08
CUST02657,Karthik Nair,22,18-25,Male,Student,538401,Single,Rajasthan,Udaipur,Daily Commuter,2022-09-12
CUST02658,Sanjay Gowda,19,18-25,Male,Engineer,1039200,Single,Telangana,Nizamabad,First-time Buyer,2020-12-07
CUST02659,Aditya Chowdhury,52,46-60,Male,Business Owner,1566051,Single,Karnataka,Mysuru,Enthusiast,2023-07-21
CUST02660,Arjun Mehta,28,26-35,Male,Defense Personnel,408337,Married,Gujarat,Ahmedabad,Touring / Adventure,2021-07-05
CUST02661,Sanjay Rao,33,26-35,Male,Engineer,709066,Married,Assam,Dibrugarh,Enthusiast,2024-01-04
CUST02662,Deepak Pillai,31,26-35,Male,IT Professional,838661,Married,Madhya Pradesh,Ujjain,Daily Commuter,2024-06-08
CUST02663,Rajesh Gupta,36,36-45,Male,Defense Personnel,1096339,Married,Rajasthan,Jaipur,Touring / Adventure,2021-01-12
CUST02664,Pooja Joshi,24,18-25,Female,IT Professional,2068422,Married,Goa,Panaji,Premium Collector,2022-05-22
CUST02665,Ramesh Pandey,27,26-35,Male,Business Owner,1121909,Single,Chhattisgarh,Bhilai,Touring / Adventure,2021-10-09
CUST02666,Meera Agarwal,22,18-25,Female,Business Owner,1932142,Single,Karnataka,Belagavi,Enthusiast,2020-08-05
CUST02667,Vivek Gupta,41,36-45,Male,Healthcare Professional,1050058,Married,Maharashtra,Thane,Touring / Adventure,2020-05-06
CUST02668,Amit Menon,37,36-45,Other,Student,535527,Married,Andhra Pradesh,Tirupati,Touring / Adventure,2024-07-22
CUST02669,Karthik Das,39,36-45,Male,Self-Employed / Freelancer,1436820,Single,Uttar Pradesh,Noida,Daily Commuter,2023-09-02
CUST02670,Vijay Iyer,24,18-25,Male,Business Owner,1552719,Single,Haryana,Gurugram,Daily Commuter,2024-05-03
CUST02671,Sachin Mehta,43,36-45,Male,Defense Personnel,567101,Married,Rajasthan,Jodhpur,Enthusiast,2021-04-19
CUST02672,Dev Kulkarni,31,26-35,Male,Government Employee,1142728,Married,Rajasthan,Udaipur,Enthusiast,2021-11-28
CUST02673,Dinesh Iyer,18,18-25,Male,Business Owner,1970181,Single,Haryana,Gurugram,Daily Commuter,2024-07-14
CUST02674,Aditya Banerjee,36,36-45,Male,IT Professional,2003165,Married,Uttar Pradesh,Lucknow,Enthusiast,2021-12-25
CUST02675,Sachin Gowda,25,18-25,Male,Defense Personnel,1097600,Single,Uttar Pradesh,Ghaziabad,First-time Buyer,2020-01-23
CUST02676,Dinesh Mehta,33,26-35,Male,Banker / Finance,1011296,Married,Maharashtra,Mumbai,Daily Commuter,2022-07-13
CUST02677,Prakash Kulkarni,24,18-25,Male,Engineer,675197,Single,Andhra Pradesh,Vijayawada,Daily Commuter,2024-11-06
CUST02678,Prakash Joshi,46,46-60,Male,Engineer,875430,Married,Bihar,Gaya,Daily Commuter,2024-11-24
CUST02679,Manoj Das,25,18-25,Male,IT Professional,2122799,Single,Karnataka,Mangaluru,Touring / Adventure,2022-08-10
CUST02680,Ganesh Nair,21,18-25,Male,IT Professional,970578,Single,Rajasthan,Udaipur,Daily Commuter,2022-03-14
CUST02681,Prakash Nair,34,26-35,Male,IT Professional,1843629,Married,Haryana,Panipat,First-time Buyer,2025-03-20
CUST02682,Harish Pillai,27,26-35,Male,Business Owner,1341285,Married,Madhya Pradesh,Bhopal,Daily Commuter,2020-02-29
CUST02683,Lakshmi Verma,43,36-45,Female,Healthcare Professional,1406331,Married,Assam,Dibrugarh,Touring / Adventure,2025-02-17
CUST02684,Ashok Iyer,35,26-35,Male,Banker / Finance,711247,Married,Punjab,Ludhiana,Enthusiast,2026-06-03
CUST02685,Abhishek Bhat,24,18-25,Male,Business Owner,2375869,Single,Kerala,Thiruvananthapuram,Enthusiast,2020-09-05
CUST02686,Nikhil Iyer,65,60+,Male,Banker / Finance,1362038,Married,Tamil Nadu,Chennai,Touring / Adventure,2026-04-09
CUST02687,Prakash Reddy,27,26-35,Male,Business Owner,1291838,Single,Assam,Guwahati,Touring / Adventure,2024-11-25
CUST02688,Siddharth Banerjee,45,36-45,Male,Business Owner,1059953,Married,Odisha,Cuttack,First-time Buyer,2024-08-23
CUST02689,Suresh Verma,30,26-35,Male,Government Employee,461145,Married,Andhra Pradesh,Guntur,First-time Buyer,2020-07-27
CUST02690,Vivek Agarwal,21,18-25,Male,Government Employee,499494,Single,Tamil Nadu,Coimbatore,First-time Buyer,2024-02-17
CUST02691,Pranav Sharma,36,36-45,Male,Engineer,1187388,Single,Jharkhand,Ranchi,Daily Commuter,2022-05-09
CUST02692,Deepika Mishra,34,26-35,Female,Business Owner,2941281,Married,Andhra Pradesh,Tirupati,Touring / Adventure,2024-12-25
CUST02693,Vivek Rao,57,46-60,Male,Business Owner,2140511,Single,Karnataka,Bengaluru,Premium Collector,2023-09-11
CUST02694,Prakash Gupta,33,26-35,Male,Self-Employed / Freelancer,1124621,Married,Madhya Pradesh,Gwalior,Enthusiast,2021-05-08
CUST02695,Radhika Nair,36,36-45,Female,IT Professional,646275,Single,Andhra Pradesh,Visakhapatnam,Daily Commuter,2020-06-19
CUST02696,Vaishnavi Joshi,55,46-60,Female,IT Professional,2282373,Single,Punjab,Jalandhar,Touring / Adventure,2021-08-18
CUST02697,Dinesh Bhat,39,36-45,Male,IT Professional,1789821,Single,Bihar,Gaya,Enthusiast,2022-04-14
CUST02698,Dinesh Verma,32,26-35,Male,IT Professional,2339457,Single,Punjab,Patiala,Premium Collector,2022-04-20
CUST02699,Vikram Gowda,28,26-35,Male,Banker / Finance,1366570,Married,Kerala,Thiruvananthapuram,Daily Commuter,2022-04-30
CUST02700,Sneha Mehta,27,26-35,Female,Government Employee,1037094,Married,Uttar Pradesh,Lucknow,Touring / Adventure,2021-04-25
CUST02701,Vivek Singh,32,26-35,Male,Government Employee,1454374,Single,Bihar,Patna,Enthusiast,2020-07-08
CUST02702,Aarav Nair,29,26-35,Male,Engineer,1001883,Married,Tamil Nadu,Salem,Daily Commuter,2021-08-17
CUST02703,Karthik Das,18,18-25,Male,Healthcare Professional,2526688,Married,Karnataka,Belagavi,Touring / Adventure,2025-03-29
CUST02704,Suresh Shetty,32,26-35,Male,Engineer,1561661,Married,Karnataka,Belagavi,Enthusiast,2025-08-24
CUST02705,Rahul Das,36,36-45,Male,Self-Employed / Freelancer,708771,Married,Delhi,North Delhi,Touring / Adventure,2020-05-01
CUST02706,Manish Menon,33,26-35,Male,Engineer,1330836,Married,Andhra Pradesh,Visakhapatnam,Touring / Adventure,2024-08-22
CUST02707,Swati Chowdhury,34,26-35,Female,Engineer,523641,Married,Uttar Pradesh,Kanpur,First-time Buyer,2025-08-27
CUST02708,Arjun Patel,35,26-35,Male,Engineer,1058386,Married,Assam,Silchar,Premium Collector,2024-09-25
CUST02709,Arjun Mehta,25,18-25,Male,Government Employee,1407015,Married,Goa,Panaji,First-time Buyer,2021-05-20
CUST02710,Anand Banerjee,30,26-35,Male,Banker / Finance,1275081,Single,Haryana,Gurugram,Daily Commuter,2025-12-13
CUST02711,Lakshmi Pillai,30,26-35,Female,Banker / Finance,1217564,Married,Tamil Nadu,Coimbatore,Premium Collector,2021-07-08
CUST02712,Nikhil Singh,27,26-35,Male,Business Owner,2540728,Married,Odisha,Cuttack,Enthusiast,2026-06-25
CUST02713,Vikram Rao,18,18-25,Male,Defense Personnel,866754,Single,Jharkhand,Ranchi,Daily Commuter,2022-09-14
CUST02714,Karan Deshmukh,26,26-35,Male,Student,477562,Married,Haryana,Faridabad,Enthusiast,2024-12-05
CUST02715,Arjun Menon,27,26-35,Male,IT Professional,1607626,Married,Rajasthan,Jaipur,Premium Collector,2022-10-29
CUST02716,Ganesh Das,33,26-35,Male,Banker / Finance,1551584,Married,Punjab,Chandigarh,Enthusiast,2023-06-19
CUST02717,Pooja Banerjee,40,36-45,Female,Business Owner,2683329,Married,Kerala,Thrissur,Premium Collector,2025-06-12
CUST02718,Vivek Deshmukh,28,26-35,Male,Business Owner,1903361,Married,Karnataka,Belagavi,Daily Commuter,2021-12-15
CUST02719,Anand Chowdhury,28,26-35,Male,Engineer,549222,Married,Haryana,Gurugram,Enthusiast,2025-10-17
CUST02720,Rajesh Bhat,34,26-35,Male,Healthcare Professional,2336940,Married,Gujarat,Bhavnagar,Touring / Adventure,2022-11-01
CUST02721,Vijay Agarwal,64,60+,Male,IT Professional,1355818,Married,Rajasthan,Jodhpur,Daily Commuter,2026-03-21
CUST02722,Vikram Reddy,25,18-25,Male,IT Professional,1086150,Single,Andhra Pradesh,Visakhapatnam,Daily Commuter,2020-05-08
CUST02723,Arjun Kumar,32,26-35,Male,IT Professional,2276414,Married,Karnataka,Mysuru,Touring / Adventure,2020-05-28
CUST02724,Deepak Sharma,35,26-35,Male,Government Employee,1127537,Married,Chhattisgarh,Bilaspur,Premium Collector,2022-10-15
CUST02725,Dev Das,38,36-45,Male,Banker / Finance,1914860,Married,Andhra Pradesh,Visakhapatnam,Premium Collector,2023-07-13
CUST02726,Karan Iyer,25,18-25,Male,Business Owner,2464454,Single,Uttar Pradesh,Kanpur,Touring / Adventure,2021-03-10
CUST02727,Naveen Verma,24,18-25,Male,Government Employee,980217,Single,Telangana,Karimnagar,First-time Buyer,2020-04-01
CUST02728,Nikhil Kumar,40,36-45,Male,Government Employee,1318005,Married,Uttar Pradesh,Noida,Touring / Adventure,2023-12-29
CUST02729,Vivek Reddy,22,18-25,Male,Self-Employed / Freelancer,431192,Single,Bihar,Gaya,Daily Commuter,2023-12-14
CUST02730,Suresh Iyer,35,26-35,Male,Defense Personnel,462216,Married,Maharashtra,Pune,Touring / Adventure,2023-08-16
CUST02731,Manish Mishra,37,36-45,Male,IT Professional,1981747,Married,Punjab,Chandigarh,Touring / Adventure,2025-07-20
CUST02732,Sanjay Menon,29,26-35,Male,Business Owner,2714906,Married,Rajasthan,Jodhpur,Touring / Adventure,2023-03-02
CUST02733,Anita Menon,38,36-45,Female,Banker / Finance,1558366,Married,Madhya Pradesh,Ujjain,Enthusiast,2023-04-26
CUST02734,Aarav Deshmukh,27,26-35,Male,Engineer,1111460,Single,Madhya Pradesh,Ujjain,Enthusiast,2026-05-23
CUST02735,Dinesh Shetty,22,18-25,Male,Business Owner,2262359,Married,Punjab,Jalandhar,Enthusiast,2020-07-25
CUST02736,Meera Menon,26,26-35,Female,Engineer,685794,Married,Odisha,Bhubaneswar,Touring / Adventure,2022-07-25
CUST02737,Abhishek Kulkarni,27,26-35,Male,Banker / Finance,1127205,Married,Andhra Pradesh,Guntur,Touring / Adventure,2025-10-06
CUST02738,Lokesh Shetty,27,26-35,Male,Business Owner,2153410,Single,Chhattisgarh,Raipur,Touring / Adventure,2023-01-08
CUST02739,Preeti Sharma,25,18-25,Female,Government Employee,599677,Single,Chhattisgarh,Bilaspur,Daily Commuter,2021-01-22
CUST02740,Deepika Gupta,58,46-60,Female,Engineer,955940,Single,Tamil Nadu,Coimbatore,Enthusiast,2020-08-26
CUST02741,Aditya Chowdhury,35,26-35,Male,Student,450880,Married,Kerala,Kollam,Daily Commuter,2022-01-04
CUST02742,Sunita Mehta,21,18-25,Female,Student,480031,Single,Assam,Guwahati,First-time Buyer,2025-07-04
CUST02743,Vijay Gowda,33,26-35,Male,Government Employee,792008,Married,Kerala,Thiruvananthapuram,Touring / Adventure,2024-11-15
CUST02744,Neha Kulkarni,34,26-35,Female,Banker / Finance,1779410,Married,Delhi,New Delhi,Premium Collector,2024-01-24
CUST02745,Karthik Banerjee,20,18-25,Male,Business Owner,2275985,Single,Maharashtra,Mumbai,Premium Collector,2025-05-26
CUST02746,Pooja Pandey,41,36-45,Female,IT Professional,1029452,Married,Madhya Pradesh,Indore,Touring / Adventure,2022-07-21
CUST02747,Rahul Shetty,41,36-45,Male,Government Employee,1337139,Single,Andhra Pradesh,Guntur,Daily Commuter,2020-07-26
CUST02748,Aditya Pandey,26,26-35,Male,Government Employee,1198213,Single,Kerala,Kochi,Touring / Adventure,2025-03-15
CUST02749,Aarav Joshi,41,36-45,Male,IT Professional,1962446,Single,Kerala,Thiruvananthapuram,Enthusiast,2020-01-12
CUST02750,Rahul Das,35,26-35,Male,Engineer,851828,Married,Rajasthan,Jodhpur,Daily Commuter,2024-04-25
CUST02751,Nikhil Kulkarni,39,36-45,Male,Business Owner,1891137,Single,Odisha,Rourkela,Daily Commuter,2021-07-02
CUST02752,Ananya Chowdhury,33,26-35,Female,Government Employee,976586,Married,Haryana,Panipat,First-time Buyer,2021-04-16
CUST02753,Dinesh Mehta,22,18-25,Male,Business Owner,1649380,Single,Andhra Pradesh,Visakhapatnam,Enthusiast,2021-07-31
CUST02754,Naveen Mehta,31,26-35,Male,Business Owner,2190047,Married,Goa,Panaji,Premium Collector,2021-03-25
CUST02755,Kavya Joshi,27,26-35,Female,Engineer,773846,Single,Maharashtra,Nagpur,Daily Commuter,2021-03-07
CUST02756,Ashok Deshmukh,45,36-45,Male,Government Employee,470033,Single,Jharkhand,Ranchi,Enthusiast,2023-01-12
CUST02757,Aarav Mishra,26,26-35,Male,Business Owner,2075479,Married,Uttar Pradesh,Lucknow,Enthusiast,2024-06-05
CUST02758,Prakash Reddy,20,18-25,Male,IT Professional,605693,Single,Andhra Pradesh,Tirupati,Daily Commuter,2021-09-14
CUST02759,Anand Gowda,38,36-45,Male,Government Employee,1326950,Single,Uttar Pradesh,Varanasi,Premium Collector,2023-10-01
CUST02760,Prakash Rao,18,18-25,Male,Government Employee,1479158,Single,Maharashtra,Pune,Daily Commuter,2024-09-07
CUST02761,Pranav Verma,27,26-35,Male,Healthcare Professional,911733,Married,Punjab,Patiala,Daily Commuter,2020-08-11
CUST02762,Prakash Verma,23,18-25,Male,Government Employee,1434154,Single,Uttar Pradesh,Noida,Daily Commuter,2021-03-01
CUST02763,Siddharth Deshmukh,26,26-35,Male,IT Professional,1567176,Married,Uttar Pradesh,Lucknow,First-time Buyer,2021-09-01
CUST02764,Vijay Rao,34,26-35,Male,Engineer,1681085,Married,Assam,Silchar,Enthusiast,2022-06-06
CUST02765,Harish Banerjee,64,60+,Male,Student,399124,Single,Bihar,Patna,Enthusiast,2020-05-26
CUST02766,Naveen Gupta,30,26-35,Male,Business Owner,1285116,Single,Kerala,Thiruvananthapuram,First-time Buyer,2022-06-04
CUST02767,Karthik Agarwal,41,36-45,Male,Engineer,638694,Married,Telangana,Nizamabad,Enthusiast,2025-12-30
CUST02768,Siddharth Mishra,30,26-35,Male,Engineer,1381098,Single,Karnataka,Bengaluru,Touring / Adventure,2021-11-17
CUST02769,Rahul Mehta,31,26-35,Male,Engineer,967059,Married,Maharashtra,Pune,Daily Commuter,2025-09-30
CUST02770,Rohan Kulkarni,26,26-35,Male,Business Owner,2080419,Married,Haryana,Gurugram,Premium Collector,2023-11-22
CUST02771,Arjun Iyer,55,46-60,Male,Engineer,1684121,Single,Jharkhand,Jamshedpur,Touring / Adventure,2021-10-19
CUST02772,Anand Sharma,24,18-25,Male,Student,426415,Single,Haryana,Karnal,First-time Buyer,2024-10-13
CUST02773,Swati Singh,43,36-45,Female,Business Owner,808215,Married,Punjab,Jalandhar,Enthusiast,2020-05-02
CUST02774,Abhishek Bhat,30,26-35,Male,Engineer,1736079,Single,Andhra Pradesh,Tirupati,Touring / Adventure,2021-12-24
CUST02775,Aarav Verma,21,18-25,Male,Healthcare Professional,2434873,Single,Delhi,South Delhi,Touring / Adventure,2024-11-17
CUST02776,Karthik Mehta,35,26-35,Male,Government Employee,660848,Married,Delhi,South Delhi,First-time Buyer,2022-05-17
CUST02777,Ashok Gupta,18,18-25,Male,Business Owner,3412059,Single,Telangana,Karimnagar,Touring / Adventure,2025-06-14
CUST02778,Ramesh Verma,35,26-35,Male,IT Professional,1893945,Married,Madhya Pradesh,Gwalior,Touring / Adventure,2022-12-17
CUST02779,Sanjay Nair,20,18-25,Male,Business Owner,2221328,Single,Rajasthan,Jaipur,Touring / Adventure,2024-02-27
CUST02780,Isha Reddy,31,26-35,Female,IT Professional,2189839,Married,Rajasthan,Jodhpur,Premium Collector,2025-03-10
CUST02781,Manish Iyer,29,26-35,Male,IT Professional,2149297,Married,Delhi,South Delhi,Touring / Adventure,2025-05-30
CUST02782,Manoj Iyer,24,18-25,Male,IT Professional,639856,Single,Haryana,Gurugram,Enthusiast,2023-08-27
CUST02783,Amit Menon,40,36-45,Male,Engineer,1589243,Married,Madhya Pradesh,Gwalior,Touring / Adventure,2025-11-06
CUST02784,Nikhil Pillai,36,36-45,Male,IT Professional,1941746,Married,Assam,Silchar,Premium Collector,2022-06-10
CUST02785,Anand Joshi,34,26-35,Male,Defense Personnel,1382599,Married,Haryana,Karnal,Premium Collector,2025-02-27
CUST02786,Aditya Gupta,31,26-35,Male,Engineer,551286,Single,Madhya Pradesh,Bhopal,First-time Buyer,2021-01-25
CUST02787,Ritu Chowdhury,31,26-35,Female,Government Employee,893639,Single,Karnataka,Hubballi,Enthusiast,2024-12-05
CUST02788,Nidhi Bhat,25,18-25,Female,IT Professional,1823319,Single,Jharkhand,Jamshedpur,Daily Commuter,2021-09-06
CUST02789,Rajesh Mehta,43,36-45,Male,Defense Personnel,910363,Single,Kerala,Thrissur,Daily Commuter,2023-03-26
CUST02790,Manish Shetty,23,18-25,Male,Student,522176,Single,Rajasthan,Jaipur,Daily Commuter,2022-11-16
CUST02791,Karan Pillai,27,26-35,Male,Engineer,1288701,Married,Uttar Pradesh,Noida,Touring / Adventure,2022-04-09
CUST02792,Sachin Iyer,19,18-25,Male,Defense Personnel,1046292,Single,Uttar Pradesh,Varanasi,First-time Buyer,2025-10-15
CUST02793,Dinesh Sharma,43,36-45,Other,Healthcare Professional,1143799,Single,West Bengal,Kolkata,Daily Commuter,2022-02-19
CUST02794,Ashok Kulkarni,32,26-35,Male,Business Owner,2058637,Married,Madhya Pradesh,Bhopal,Premium Collector,2026-02-18
CUST02795,Aarav Mehta,44,36-45,Male,IT Professional,808587,Married,Karnataka,Mangaluru,Premium Collector,2022-04-16
CUST02796,Aditya Rao,63,60+,Male,Government Employee,1050213,Married,Haryana,Panipat,Enthusiast,2025-06-21
CUST02797,Ganesh Reddy,20,18-25,Male,Engineer,969033,Single,Jharkhand,Jamshedpur,Daily Commuter,2020-11-06
CUST02798,Vijay Verma,29,26-35,Male,IT Professional,1839989,Single,Tamil Nadu,Salem,Premium Collector,2023-09-11
CUST02799,Swati Banerjee,28,26-35,Female,Student,367224,Single,Punjab,Jalandhar,Daily Commuter,2021-11-11
CUST02800,Rajesh Singh,28,26-35,Male,Business Owner,830912,Married,Jharkhand,Dhanbad,Touring / Adventure,2021-03-13
CUST02801,Suresh Banerjee,36,36-45,Male,Banker / Finance,1585846,Single,Odisha,Bhubaneswar,Daily Commuter,2021-01-11
CUST02802,Lakshmi Iyer,42,36-45,Female,IT Professional,1321566,Married,Tamil Nadu,Coimbatore,Enthusiast,2024-06-11
CUST02803,Dev Sharma,23,18-25,Male,Banker / Finance,695634,Single,Kerala,Kollam,Daily Commuter,2020-09-20
CUST02804,Manish Kumar,34,26-35,Male,Student,396301,Married,Tamil Nadu,Salem,Touring / Adventure,2026-04-12
CUST02805,Divya Gowda,26,26-35,Female,Business Owner,1790780,Single,Madhya Pradesh,Jabalpur,Premium Collector,2025-07-21
CUST02806,Suresh Patel,46,46-60,Male,IT Professional,2143128,Single,Odisha,Rourkela,Touring / Adventure,2023-12-08
CUST02807,Rahul Joshi,27,26-35,Male,Business Owner,1086198,Married,Maharashtra,Mumbai,Daily Commuter,2021-05-04
CUST02808,Amit Joshi,31,26-35,Male,IT Professional,1430065,Married,Karnataka,Bengaluru,First-time Buyer,2021-09-05
CUST02809,Aarav Das,27,26-35,Male,Business Owner,2215300,Married,Tamil Nadu,Salem,Premium Collector,2024-04-21
CUST02810,Ashok Das,29,26-35,Male,Banker / Finance,590753,Married,Andhra Pradesh,Vijayawada,Touring / Adventure,2023-05-07
CUST02811,Karthik Mehta,41,36-45,Male,Engineer,1005766,Married,Haryana,Panipat,Daily Commuter,2020-01-23
CUST02812,Ananya Rao,31,26-35,Female,Defense Personnel,1074059,Married,Haryana,Faridabad,Daily Commuter,2020-03-28
CUST02813,Manish Sharma,32,26-35,Male,Student,351826,Married,Tamil Nadu,Chennai,First-time Buyer,2021-04-04
CUST02814,Sneha Verma,60,46-60,Female,Business Owner,2735574,Married,Gujarat,Bhavnagar,Enthusiast,2023-02-23
CUST02815,Harish Shetty,63,60+,Male,Defense Personnel,1106602,Married,Karnataka,Belagavi,Daily Commuter,2026-04-04
CUST02816,Radhika Das,26,26-35,Female,Student,495675,Single,Haryana,Karnal,First-time Buyer,2022-07-20
CUST02817,Yash Rao,22,18-25,Male,Business Owner,1398343,Single,Punjab,Jalandhar,First-time Buyer,2024-11-28
CUST02818,Riya Reddy,30,26-35,Female,Student,363349,Married,Tamil Nadu,Chennai,Premium Collector,2023-12-04
CUST02819,Pranav Iyer,30,26-35,Male,Government Employee,875991,Married,Karnataka,Hubballi,Enthusiast,2020-04-11
CUST02820,Manish Nair,44,36-45,Male,Government Employee,1376842,Married,Telangana,Hyderabad,Daily Commuter,2024-12-05
CUST02821,Suresh Verma,24,18-25,Male,Business Owner,1647894,Single,Haryana,Karnal,First-time Buyer,2021-01-17
CUST02822,Nikhil Patel,35,26-35,Male,Business Owner,932457,Married,West Bengal,Kolkata,Premium Collector,2025-01-13
CUST02823,Abhishek Mishra,34,26-35,Male,Government Employee,893100,Single,Uttar Pradesh,Kanpur,Touring / Adventure,2021-02-27
CUST02824,Manish Pandey,42,36-45,Male,Healthcare Professional,2305443,Married,Rajasthan,Jaipur,Touring / Adventure,2025-05-18
CUST02825,Prakash Bhat,32,26-35,Male,Student,365196,Single,Jharkhand,Jamshedpur,Touring / Adventure,2023-06-06
CUST02826,Karthik Joshi,26,26-35,Male,IT Professional,902523,Married,Jharkhand,Ranchi,Touring / Adventure,2021-03-14
CUST02827,Karthik Iyer,49,46-60,Male,Government Employee,1308586,Married,Tamil Nadu,Salem,Enthusiast,2021-05-15
CUST02828,Nidhi Pandey,38,36-45,Female,Defense Personnel,1324598,Married,Kerala,Kozhikode,Enthusiast,2024-11-08
CUST02829,Aarav Agarwal,26,26-35,Male,IT Professional,1503381,Married,Andhra Pradesh,Guntur,Touring / Adventure,2021-08-05
CUST02830,Arjun Pillai,41,36-45,Male,Engineer,573408,Married,Rajasthan,Udaipur,Daily Commuter,2023-06-09
CUST02831,Sanjay Sharma,24,18-25,Male,Engineer,1410138,Single,Chhattisgarh,Bhilai,Daily Commuter,2022-10-03
CUST02832,Vivek Agarwal,32,26-35,Male,Banker / Finance,1860576,Married,Uttar Pradesh,Varanasi,Enthusiast,2024-08-02
CUST02833,Ramesh Reddy,20,18-25,Male,Banker / Finance,1841425,Single,Delhi,North Delhi,First-time Buyer,2024-07-18
CUST02834,Dev Nair,40,36-45,Male,Business Owner,1767527,Married,Maharashtra,Mumbai,Touring / Adventure,2024-12-23
CUST02835,Deepak Shetty,26,26-35,Male,Engineer,515589,Married,Haryana,Panipat,Enthusiast,2022-08-31
CUST02836,Rohan Chowdhury,22,18-25,Male,IT Professional,757800,Single,Haryana,Gurugram,First-time Buyer,2020-11-03
CUST02837,Ramesh Shah,19,18-25,Male,IT Professional,1201778,Single,Gujarat,Rajkot,First-time Buyer,2022-04-19
CUST02838,Ramesh Pandey,40,36-45,Male,Business Owner,2263767,Single,Uttar Pradesh,Lucknow,Enthusiast,2025-01-25
CUST02839,Neha Gupta,32,26-35,Female,Business Owner,1770537,Married,Tamil Nadu,Chennai,Enthusiast,2025-11-10
CUST02840,Priya Rao,26,26-35,Female,Engineer,718206,Married,Uttar Pradesh,Noida,Enthusiast,2025-12-08
CUST02841,Shreya Pandey,22,18-25,Female,Student,384041,Single,Uttar Pradesh,Kanpur,Enthusiast,2022-01-26
CUST02842,Manish Deshmukh,19,18-25,Male,Student,492896,Single,Uttar Pradesh,Noida,Enthusiast,2020-11-16
CUST02843,Pranav Shah,49,46-60,Male,Defense Personnel,1018106,Single,Kerala,Kochi,Touring / Adventure,2020-01-29
CUST02844,Aarav Shetty,26,26-35,Male,IT Professional,769675,Married,Rajasthan,Udaipur,Daily Commuter,2022-01-27
CUST02845,Pranav Bhat,49,46-60,Male,Engineer,775761,Single,Tamil Nadu,Madurai,Touring / Adventure,2026-04-06
CUST02846,Arjun Joshi,29,26-35,Male,Engineer,571677,Single,Karnataka,Hubballi,Enthusiast,2025-06-16
CUST02847,Anand Shetty,50,46-60,Male,Engineer,1592834,Married,Delhi,West Delhi,Enthusiast,2025-07-12
CUST02848,Aarav Das,20,18-25,Male,Business Owner,927012,Single,Karnataka,Hubballi,First-time Buyer,2026-01-08
CUST02849,Vijay Mehta,33,26-35,Male,Engineer,1689765,Married,Karnataka,Bengaluru,Touring / Adventure,2021-09-27
CUST02850,Meera Pandey,34,26-35,Female,IT Professional,1264171,Married,Uttar Pradesh,Lucknow,Touring / Adventure,2021-08-31
CUST02851,Nikhil Verma,28,26-35,Male,Healthcare Professional,1058600,Married,Tamil Nadu,Madurai,Enthusiast,2020-07-31
CUST02852,Dinesh Das,27,26-35,Male,Self-Employed / Freelancer,980807,Married,Jharkhand,Jamshedpur,First-time Buyer,2026-04-18
CUST02853,Ananya Nair,22,18-25,Female,Engineer,1380444,Single,Chhattisgarh,Bhilai,First-time Buyer,2025-08-25
CUST02854,Nikhil Reddy,34,26-35,Male,IT Professional,2280100,Married,Madhya Pradesh,Indore,Touring / Adventure,2024-07-26
CUST02855,Lokesh Mishra,41,36-45,Male,Business Owner,3186605,Single,Assam,Guwahati,Touring / Adventure,2025-04-27
CUST02856,Lokesh Pillai,29,26-35,Male,Engineer,1279154,Married,Haryana,Karnal,Premium Collector,2025-09-08
CUST02857,Rajesh Iyer,43,36-45,Male,Business Owner,1379217,Married,Rajasthan,Jaipur,Premium Collector,2025-08-30
CUST02858,Arjun Bhat,40,36-45,Male,Banker / Finance,948687,Single,Uttar Pradesh,Varanasi,Enthusiast,2021-06-18
CUST02859,Vivek Sharma,20,18-25,Male,Self-Employed / Freelancer,1484303,Single,Jharkhand,Ranchi,Daily Commuter,2026-03-24
CUST02860,Arjun Kulkarni,19,18-25,Male,IT Professional,1211849,Single,Madhya Pradesh,Ujjain,Enthusiast,2020-05-06
CUST02861,Suresh Nair,55,46-60,Male,Engineer,1287108,Married,Punjab,Patiala,Enthusiast,2024-08-19
CUST02862,Dev Gowda,25,18-25,Male,Healthcare Professional,1035870,Single,Bihar,Muzaffarpur,First-time Buyer,2025-04-13
CUST02863,Siddharth Patel,26,26-35,Male,Business Owner,2139422,Married,Kerala,Kochi,Premium Collector,2021-08-31
CUST02864,Aarav Mehta,41,36-45,Male,Business Owner,2119300,Married,Kerala,Kochi,Touring / Adventure,2023-03-08
CUST02865,Harish Sharma,32,26-35,Male,Self-Employed / Freelancer,540170,Married,Kerala,Thiruvananthapuram,Premium Collector,2024-12-09
CUST02866,Aditya Pandey,30,26-35,Male,Engineer,1737049,Married,Haryana,Karnal,Daily Commuter,2022-07-31
CUST02867,Dinesh Gowda,31,26-35,Male,Healthcare Professional,2312733,Married,Haryana,Panipat,Touring / Adventure,2022-01-09
CUST02868,Ashok Reddy,34,26-35,Male,Government Employee,1362753,Married,Uttar Pradesh,Varanasi,Touring / Adventure,2026-02-17
CUST02869,Ganesh Banerjee,31,26-35,Male,Business Owner,882422,Married,Delhi,New Delhi,Premium Collector,2025-11-26
CUST02870,Yash Singh,37,36-45,Male,Banker / Finance,1834433,Married,Gujarat,Rajkot,Enthusiast,2022-05-03
CUST02871,Preeti Shetty,22,18-25,Female,IT Professional,2382291,Single,Jharkhand,Ranchi,Enthusiast,2020-05-05
CUST02872,Aishwarya Patel,32,26-35,Female,Student,365047,Married,Odisha,Rourkela,Premium Collector,2023-11-28
CUST02873,Pranav Chowdhury,31,26-35,Male,IT Professional,1618548,Married,Uttar Pradesh,Varanasi,Premium Collector,2024-01-19
CUST02874,Pranav Agarwal,28,26-35,Male,IT Professional,766860,Married,Punjab,Jalandhar,Daily Commuter,2025-01-23
CUST02875,Ganesh Pandey,26,26-35,Male,IT Professional,942332,Married,Rajasthan,Jaipur,Premium Collector,2022-04-13
CUST02876,Karan Kulkarni,25,18-25,Male,Business Owner,2842224,Single,Chhattisgarh,Raipur,Touring / Adventure,2025-09-04
CUST02877,Harish Gowda,18,18-25,Male,Banker / Finance,1172891,Single,Maharashtra,Aurangabad,First-time Buyer,2020-06-05
CUST02878,Siddharth Gowda,30,26-35,Male,Engineer,1449446,Married,Bihar,Muzaffarpur,Daily Commuter,2021-09-08
CUST02879,Lokesh Gupta,41,36-45,Male,IT Professional,1596679,Married,Karnataka,Bengaluru,Daily Commuter,2021-01-05
CUST02880,Pooja Gowda,19,18-25,Female,Engineer,1671995,Married,Andhra Pradesh,Vijayawada,First-time Buyer,2024-08-22
CUST02881,Ganesh Mehta,34,26-35,Male,IT Professional,2109067,Married,Andhra Pradesh,Vijayawada,Premium Collector,2026-06-16
CUST02882,Rahul Pandey,53,46-60,Male,Self-Employed / Freelancer,1402739,Married,Bihar,Muzaffarpur,Touring / Adventure,2024-06-03
CUST02883,Deepak Mishra,25,18-25,Male,Business Owner,2643988,Single,Odisha,Bhubaneswar,Touring / Adventure,2024-07-11
CUST02884,Pooja Mishra,24,18-25,Female,IT Professional,2160747,Single,Jharkhand,Dhanbad,Premium Collector,2025-10-13
CUST02885,Aditya Gowda,32,26-35,Male,Engineer,1155993,Married,Bihar,Muzaffarpur,Daily Commuter,2022-10-14
CUST02886,Yash Menon,28,26-35,Male,IT Professional,1734297,Married,Jharkhand,Jamshedpur,Touring / Adventure,2025-12-15
CUST02887,Sachin Banerjee,36,36-45,Male,Government Employee,489383,Married,Kerala,Thrissur,Daily Commuter,2023-03-29
CUST02888,Harish Banerjee,24,18-25,Male,IT Professional,955273,Married,Kerala,Thiruvananthapuram,First-time Buyer,2023-07-18
CUST02889,Vikram Sharma,27,26-35,Male,Government Employee,754907,Married,Kerala,Kochi,Daily Commuter,2021-01-16
CUST02890,Nikhil Das,25,18-25,Male,Healthcare Professional,2528253,Married,Chhattisgarh,Bilaspur,Enthusiast,2020-03-22
CUST02891,Sanjay Nair,33,26-35,Male,Healthcare Professional,1435040,Single,Madhya Pradesh,Gwalior,Enthusiast,2024-08-24
CUST02892,Aarav Reddy,40,36-45,Male,Government Employee,1305515,Married,Punjab,Chandigarh,Enthusiast,2024-10-19
CUST02893,Ashok Menon,24,18-25,Male,Defense Personnel,694069,Single,Punjab,Ludhiana,First-time Buyer,2021-12-11
CUST02894,Vikram Mehta,27,26-35,Male,Defense Personnel,934915,Single,West Bengal,Durgapur,First-time Buyer,2022-05-10
CUST02895,Neha Iyer,22,18-25,Female,Self-Employed / Freelancer,1286751,Single,Andhra Pradesh,Visakhapatnam,First-time Buyer,2025-09-24
CUST02896,Rohan Pandey,22,18-25,Male,Defense Personnel,1212246,Single,Haryana,Panipat,Daily Commuter,2025-08-22
CUST02897,Riya Sharma,23,18-25,Female,Business Owner,2122329,Single,Uttar Pradesh,Lucknow,Touring / Adventure,2020-11-15
CUST02898,Harish Gowda,47,46-60,Male,Defense Personnel,1208766,Married,Madhya Pradesh,Bhopal,Touring / Adventure,2021-09-29
CUST02899,Aarav Rao,31,26-35,Male,Student,506220,Single,Haryana,Panipat,First-time Buyer,2021-06-07
CUST02900,Vivek Nair,18,18-25,Male,Business Owner,1000618,Married,Maharashtra,Thane,First-time Buyer,2020-03-02
CUST02901,Riya Mehta,21,18-25,Female,Business Owner,3452688,Single,Kerala,Kollam,Touring / Adventure,2021-10-13
CUST02902,Kavya Sharma,57,46-60,Female,Defense Personnel,801157,Single,Assam,Silchar,Daily Commuter,2025-08-01
CUST02903,Abhishek Agarwal,34,26-35,Male,Government Employee,1056675,Married,Andhra Pradesh,Vijayawada,Touring / Adventure,2023-12-09
CUST02904,Vijay Banerjee,53,46-60,Male,Healthcare Professional,763442,Married,Tamil Nadu,Salem,Daily Commuter,2022-01-07
CUST02905,Vijay Rao,34,26-35,Male,Engineer,1257839,Married,Kerala,Kochi,Daily Commuter,2020-03-13
CUST02906,Ritu Iyer,28,26-35,Female,IT Professional,1038721,Single,Madhya Pradesh,Indore,Enthusiast,2025-12-28
CUST02907,Vijay Chowdhury,23,18-25,Male,Engineer,566824,Single,Madhya Pradesh,Jabalpur,First-time Buyer,2021-06-03
CUST02908,Harish Pandey,18,18-25,Male,Business Owner,1889268,Married,Maharashtra,Nashik,First-time Buyer,2025-07-20
CUST02909,Manish Verma,20,18-25,Male,Engineer,712319,Single,Haryana,Karnal,Enthusiast,2020-01-02
CUST02910,Nikhil Verma,32,26-35,Male,Self-Employed / Freelancer,551025,Single,Maharashtra,Nashik,Premium Collector,2024-11-10
CUST02911,Harish Deshmukh,30,26-35,Male,Engineer,1226805,Married,Kerala,Kozhikode,Daily Commuter,2021-07-07
CUST02912,Sunita Sharma,21,18-25,Female,Business Owner,3465644,Married,Delhi,New Delhi,Premium Collector,2023-09-15
CUST02913,Amit Verma,37,36-45,Male,Defense Personnel,680800,Married,Madhya Pradesh,Jabalpur,Daily Commuter,2020-04-09
CUST02914,Karthik Bhat,21,18-25,Male,Healthcare Professional,1961216,Single,Maharashtra,Nashik,Enthusiast,2025-04-26
CUST02915,Dinesh Verma,26,26-35,Male,Engineer,1614917,Single,Gujarat,Rajkot,Enthusiast,2021-05-15
CUST02916,Amit Verma,28,26-35,Male,Engineer,1617915,Married,Gujarat,Ahmedabad,Touring / Adventure,2025-02-11
CUST02917,Abhishek Mishra,43,36-45,Male,Engineer,1276710,Married,Madhya Pradesh,Gwalior,Daily Commuter,2020-03-28
CUST02918,Vaishnavi Rao,41,36-45,Female,Student,551382,Married,Haryana,Karnal,First-time Buyer,2020-03-25
CUST02919,Rahul Agarwal,34,26-35,Male,IT Professional,690142,Married,Karnataka,Mysuru,Daily Commuter,2022-05-26
CUST02920,Rahul Sharma,44,36-45,Male,Healthcare Professional,708995,Married,Assam,Dibrugarh,Premium Collector,2025-04-03
CUST02921,Sachin Chowdhury,45,36-45,Male,IT Professional,1490004,Married,Punjab,Chandigarh,Daily Commuter,2021-03-02
CUST02922,Karthik Shetty,26,26-35,Male,IT Professional,2280883,Single,Kerala,Thrissur,Enthusiast,2022-10-13
CUST02923,Lakshmi Mishra,30,26-35,Female,Government Employee,1350178,Single,Haryana,Karnal,Enthusiast,2024-02-13
CUST02924,Vikram Menon,51,46-60,Male,IT Professional,809555,Married,Gujarat,Ahmedabad,Touring / Adventure,2025-10-16
CUST02925,Dev Mehta,25,18-25,Male,Business Owner,2554143,Single,Madhya Pradesh,Indore,Premium Collector,2020-02-21
CUST02926,Aarav Kulkarni,64,60+,Male,Healthcare Professional,1122994,Married,Maharashtra,Aurangabad,Daily Commuter,2023-06-27
CUST02927,Yash Reddy,30,26-35,Male,Engineer,1296563,Married,Tamil Nadu,Salem,Touring / Adventure,2025-07-05
CUST02928,Rajesh Mehta,23,18-25,Male,Defense Personnel,1100524,Single,Maharashtra,Nagpur,Daily Commuter,2020-05-03
CUST02929,Aditya Gowda,26,26-35,Male,Self-Employed / Freelancer,604673,Married,Uttar Pradesh,Varanasi,Touring / Adventure,2022-06-30
CUST02930,Anand Shetty,43,36-45,Male,Business Owner,1183631,Married,Delhi,South Delhi,Touring / Adventure,2022-07-30
CUST02931,Vijay Mishra,27,26-35,Male,Banker / Finance,586298,Married,Chhattisgarh,Bhilai,Touring / Adventure,2025-09-15
CUST02932,Lokesh Kulkarni,29,26-35,Male,Business Owner,1151680,Married,Madhya Pradesh,Bhopal,Daily Commuter,2022-03-30
CUST02933,Rahul Deshmukh,31,26-35,Male,Student,480750,Married,West Bengal,Kolkata,Daily Commuter,2021-08-16
CUST02934,Sachin Singh,42,36-45,Male,Engineer,1108657,Married,Punjab,Ludhiana,Daily Commuter,2023-05-19
CUST02935,Pranav Kumar,34,26-35,Male,IT Professional,2108341,Single,Karnataka,Mangaluru,Touring / Adventure,2023-10-06
CUST02936,Manish Bhat,34,26-35,Male,IT Professional,893298,Married,Odisha,Rourkela,Enthusiast,2022-02-05
CUST02937,Dev Kumar,25,18-25,Male,Healthcare Professional,2555241,Married,Maharashtra,Nashik,Premium Collector,2025-03-30
CUST02938,Nikhil Mishra,30,26-35,Male,Healthcare Professional,1181606,Married,Karnataka,Mangaluru,Enthusiast,2024-02-27
CUST02939,Dev Rao,28,26-35,Male,Engineer,1185958,Married,Tamil Nadu,Chennai,Daily Commuter,2024-12-05
CUST02940,Yash Shah,33,26-35,Male,Engineer,741238,Married,West Bengal,Kolkata,Enthusiast,2025-02-11
CUST02941,Suresh Bhat,29,26-35,Male,Government Employee,717487,Single,Madhya Pradesh,Gwalior,Enthusiast,2026-01-25
CUST02942,Dinesh Sharma,31,26-35,Male,Defense Personnel,769986,Married,Gujarat,Ahmedabad,First-time Buyer,2021-02-08
CUST02943,Dev Verma,30,26-35,Male,Government Employee,616721,Married,Maharashtra,Mumbai,Daily Commuter,2022-08-21
CUST02944,Riya Banerjee,30,26-35,Female,IT Professional,1595782,Married,Goa,Panaji,Premium Collector,2021-03-06
CUST02945,Swati Shetty,23,18-25,Female,Engineer,1069190,Single,Maharashtra,Nashik,First-time Buyer,2025-11-25
CUST02946,Pranav Sharma,45,36-45,Male,Business Owner,1206397,Married,Kerala,Thrissur,Daily Commuter,2023-04-25
CUST02947,Rohan Chowdhury,30,26-35,Male,Engineer,771571,Married,Gujarat,Rajkot,Enthusiast,2024-04-25
CUST02948,Nikhil Deshmukh,26,26-35,Male,IT Professional,851918,Single,Chhattisgarh,Bhilai,Daily Commuter,2020-01-29
CUST02949,Aarav Sharma,29,26-35,Male,Business Owner,2997360,Single,Tamil Nadu,Madurai,Touring / Adventure,2021-09-25
CUST02950,Pranav Sharma,25,18-25,Male,Defense Personnel,998845,Single,Gujarat,Rajkot,First-time Buyer,2025-03-29
CUST02951,Harish Patel,40,36-45,Male,Government Employee,574799,Married,Jharkhand,Dhanbad,Daily Commuter,2021-07-03
CUST02952,Manish Shah,28,26-35,Male,Defense Personnel,649258,Married,Gujarat,Rajkot,Touring / Adventure,2024-05-18
CUST02953,Suresh Shetty,22,18-25,Male,Government Employee,931717,Married,Madhya Pradesh,Gwalior,First-time Buyer,2025-11-18
CUST02954,Prakash Kumar,30,26-35,Male,Healthcare Professional,1108718,Single,Haryana,Karnal,Touring / Adventure,2020-04-19
CUST02955,Suresh Joshi,21,18-25,Male,Defense Personnel,1030667,Single,Karnataka,Bengaluru,Enthusiast,2023-05-04
CUST02956,Prakash Pillai,28,26-35,Male,Banker / Finance,1840039,Married,Haryana,Faridabad,Daily Commuter,2022-12-14
CUST02957,Divya Pandey,34,26-35,Female,Engineer,1207132,Single,Bihar,Muzaffarpur,Daily Commuter,2025-06-04
CUST02958,Sachin Verma,35,26-35,Male,Defense Personnel,817157,Married,Chhattisgarh,Raipur,First-time Buyer,2025-07-13
CUST02959,Aditya Verma,18,18-25,Male,Banker / Finance,1148159,Married,Andhra Pradesh,Tirupati,First-time Buyer,2021-08-24
CUST02960,Karan Iyer,42,36-45,Male,Engineer,1389921,Single,Delhi,West Delhi,Enthusiast,2023-10-22
CUST02961,Ganesh Kumar,32,26-35,Male,Government Employee,1048617,Single,Madhya Pradesh,Jabalpur,Enthusiast,2023-11-13
CUST02962,Amit Kulkarni,40,36-45,Male,IT Professional,1354009,Single,Punjab,Jalandhar,Touring / Adventure,2021-10-14
CUST02963,Lakshmi Das,52,46-60,Female,Student,597444,Married,Madhya Pradesh,Bhopal,Daily Commuter,2021-06-24
CUST02964,Aditya Gowda,19,18-25,Male,Government Employee,1094653,Single,Haryana,Karnal,Daily Commuter,2022-12-17
CUST02965,Kavya Verma,39,36-45,Female,Engineer,1221932,Married,Madhya Pradesh,Bhopal,Premium Collector,2024-11-07
CUST02966,Deepika Shetty,52,46-60,Other,Business Owner,2298330,Married,Jharkhand,Ranchi,Touring / Adventure,2026-04-02
CUST02967,Dinesh Bhat,26,26-35,Male,Student,475030,Married,Uttar Pradesh,Kanpur,Daily Commuter,2025-09-20
CUST02968,Rajesh Verma,26,26-35,Male,Government Employee,1164231,Single,Maharashtra,Aurangabad,Daily Commuter,2025-09-18
CUST02969,Sachin Shetty,43,36-45,Male,Government Employee,1102986,Married,Jharkhand,Ranchi,Touring / Adventure,2024-04-28
CUST02970,Pranav Das,32,26-35,Male,Healthcare Professional,1138086,Married,Punjab,Patiala,Enthusiast,2024-12-10
CUST02971,Sneha Shetty,23,18-25,Female,Engineer,716410,Single,West Bengal,Kolkata,Enthusiast,2021-09-13
CUST02972,Prakash Chowdhury,44,36-45,Male,Business Owner,2732666,Married,Kerala,Thiruvananthapuram,Premium Collector,2022-12-17
CUST02973,Aarav Pillai,61,60+,Male,IT Professional,1471630,Married,Haryana,Panipat,Daily Commuter,2022-04-21
CUST02974,Ritu Mishra,25,18-25,Female,Engineer,670908,Single,Karnataka,Hubballi,Daily Commuter,2025-11-26
CUST02975,Prakash Kulkarni,31,26-35,Male,IT Professional,2255523,Married,Odisha,Cuttack,Premium Collector,2020-10-02
CUST02976,Pooja Pillai,18,18-25,Female,Business Owner,2354028,Single,Rajasthan,Udaipur,Premium Collector,2021-07-27
CUST02977,Lakshmi Mishra,45,36-45,Female,Student,461007,Married,Bihar,Gaya,Touring / Adventure,2021-01-20
CUST02978,Lokesh Banerjee,19,18-25,Male,Banker / Finance,778999,Single,Maharashtra,Aurangabad,First-time Buyer,2023-06-11
CUST02979,Rohan Mishra,22,18-25,Male,Healthcare Professional,934019,Married,Kerala,Kollam,First-time Buyer,2023-07-31
CUST02980,Divya Singh,28,26-35,Female,Banker / Finance,1143481,Married,Madhya Pradesh,Ujjain,First-time Buyer,2022-04-03
CUST02981,Anand Kumar,21,18-25,Male,Defense Personnel,446631,Married,Andhra Pradesh,Visakhapatnam,Daily Commuter,2025-06-07
CUST02982,Siddharth Nair,21,18-25,Male,Government Employee,1237190,Married,Odisha,Rourkela,First-time Buyer,2024-02-10
CUST02983,Arjun Shah,28,26-35,Male,Engineer,858728,Married,Haryana,Faridabad,Daily Commuter,2020-12-27
CUST02984,Rajesh Joshi,33,26-35,Male,Student,445906,Married,Chhattisgarh,Bilaspur,Daily Commuter,2021-11-25
CUST02985,Karthik Agarwal,21,18-25,Male,IT Professional,674514,Married,Madhya Pradesh,Gwalior,Enthusiast,2022-08-29
CUST02986,Harish Gupta,29,26-35,Male,Government Employee,733544,Married,Gujarat,Rajkot,Enthusiast,2020-07-29
CUST02987,Amit Mishra,23,18-25,Male,Business Owner,2300344,Single,Madhya Pradesh,Ujjain,Premium Collector,2026-03-22
CUST02988,Karthik Bhat,29,26-35,Male,Healthcare Professional,877599,Married,Delhi,South Delhi,Touring / Adventure,2025-06-23
CUST02989,Rahul Reddy,33,26-35,Male,Business Owner,3224328,Married,Delhi,West Delhi,Premium Collector,2025-02-10
CUST02990,Sneha Sharma,33,26-35,Female,Healthcare Professional,2155465,Single,Kerala,Kochi,Touring / Adventure,2020-06-08
CUST02991,Vivek Bhat,24,18-25,Male,IT Professional,981013,Single,Maharashtra,Aurangabad,First-time Buyer,2024-06-23
CUST02992,Arjun Pillai,26,26-35,Male,Healthcare Professional,1732843,Married,Maharashtra,Aurangabad,Daily Commuter,2020-11-17
CUST02993,Deepak Menon,20,18-25,Male,Healthcare Professional,1607219,Single,Punjab,Ludhiana,Daily Commuter,2021-05-09
CUST02994,Karan Shetty,31,26-35,Male,Government Employee,808213,Married,Tamil Nadu,Chennai,Enthusiast,2021-06-22
CUST02995,Anand Sharma,27,26-35,Male,Government Employee,787884,Married,Maharashtra,Aurangabad,Daily Commuter,2025-06-23
CUST02996,Rajesh Iyer,21,18-25,Male,Student,457700,Single,Rajasthan,Jaipur,Enthusiast,2025-10-28
CUST02997,Suresh Pandey,36,36-45,Male,Banker / Finance,1800072,Single,Tamil Nadu,Coimbatore,Touring / Adventure,2024-01-26
CUST02998,Arjun Nair,18,18-25,Male,IT Professional,1115865,Married,Maharashtra,Aurangabad,First-time Buyer,2021-06-11
CUST02999,Pranav Singh,32,26-35,Male,Engineer,914831,Married,Telangana,Karimnagar,Daily Commuter,2026-02-11
CUST03000,Naveen Chowdhury,21,18-25,Male,Engineer,634276,Single,Gujarat,Rajkot,Daily Commuter,2021-11-09
CUST03001,Manish Banerjee,21,18-25,Male,Student,435309,Single,Tamil Nadu,Madurai,First-time Buyer,2020-04-24
CUST03002,Suresh Mehta,40,36-45,Male,Government Employee,1032799,Married,Gujarat,Rajkot,Daily Commuter,2021-10-19
CUST03003,Karthik Nair,32,26-35,Male,Healthcare Professional,1624911,Married,Bihar,Patna,Premium Collector,2023-11-28
CUST03004,Lokesh Patel,29,26-35,Male,IT Professional,1317238,Married,Bihar,Patna,Enthusiast,2025-11-09
CUST03005,Ashok Pandey,36,36-45,Male,Engineer,1061967,Married,Maharashtra,Nagpur,Daily Commuter,2023-11-16
CUST03006,Nikhil Joshi,25,18-25,Male,Engineer,1673479,Single,Maharashtra,Pune,Daily Commuter,2023-05-28
CUST03007,Vikram Kulkarni,25,18-25,Male,Government Employee,1013876,Single,Madhya Pradesh,Gwalior,Enthusiast,2024-04-08
CUST03008,Anita Bhat,35,26-35,Female,Student,595149,Married,Karnataka,Mangaluru,Daily Commuter,2021-06-17
CUST03009,Ashok Pandey,37,36-45,Male,Banker / Finance,1294670,Single,Karnataka,Mangaluru,Touring / Adventure,2020-10-20
CUST03010,Lokesh Chowdhury,36,36-45,Male,Student,543716,Married,Uttar Pradesh,Kanpur,Daily Commuter,2020-05-25
CUST03011,Manoj Nair,58,46-60,Male,IT Professional,1502143,Married,Delhi,New Delhi,Enthusiast,2024-07-29
CUST03012,Siddharth Rao,26,26-35,Male,Banker / Finance,1108873,Married,Punjab,Patiala,Enthusiast,2020-09-23
CUST03013,Lokesh Bhat,21,18-25,Male,Student,370455,Single,Kerala,Kollam,First-time Buyer,2024-01-28
CUST03014,Harish Nair,25,18-25,Male,Engineer,1299719,Single,Tamil Nadu,Madurai,Daily Commuter,2022-08-11
CUST03015,Aditya Chowdhury,19,18-25,Male,Business Owner,2016321,Single,Delhi,West Delhi,Premium Collector,2023-05-02
CUST03016,Isha Singh,25,18-25,Female,Business Owner,1091826,Single,Karnataka,Bengaluru,First-time Buyer,2022-02-26
CUST03017,Siddharth Pillai,20,18-25,Male,Defense Personnel,834370,Single,Haryana,Gurugram,First-time Buyer,2020-10-27
CUST03018,Amit Mehta,29,26-35,Male,IT Professional,784894,Married,Kerala,Kochi,Daily Commuter,2026-03-01
CUST03019,Dinesh Deshmukh,32,26-35,Male,Business Owner,1910982,Married,Delhi,South Delhi,Premium Collector,2023-09-22
CUST03020,Abhishek Singh,28,26-35,Male,IT Professional,2232500,Married,Kerala,Thrissur,Premium Collector,2023-10-03
CUST03021,Deepak Shah,28,26-35,Male,Defense Personnel,1046276,Married,West Bengal,Durgapur,Enthusiast,2021-03-06
CUST03022,Lokesh Iyer,30,26-35,Male,IT Professional,2065417,Married,Telangana,Hyderabad,Touring / Adventure,2020-10-31
CUST03023,Aarav Chowdhury,31,26-35,Male,Defense Personnel,585387,Married,Tamil Nadu,Chennai,Daily Commuter,2024-11-24
CUST03024,Amit Agarwal,38,36-45,Male,Business Owner,1215800,Married,Gujarat,Vadodara,Touring / Adventure,2026-06-13
CUST03025,Arjun Pillai,30,26-35,Male,Engineer,845486,Single,Madhya Pradesh,Indore,Premium Collector,2021-03-29
CUST03026,Kavya Kumar,44,36-45,Other,Business Owner,3279492,Single,Maharashtra,Nashik,Touring / Adventure,2023-12-28
CUST03027,Pranav Menon,26,26-35,Male,IT Professional,1109291,Married,Uttar Pradesh,Noida,Touring / Adventure,2024-05-31
CUST03028,Priya Bhat,51,46-60,Female,IT Professional,1943315,Single,Andhra Pradesh,Guntur,Enthusiast,2023-01-15
CUST03029,Manoj Das,33,26-35,Male,Engineer,1564511,Married,Rajasthan,Jodhpur,Enthusiast,2021-07-05
CUST03030,Anand Banerjee,21,18-25,Male,Defense Personnel,772732,Single,Karnataka,Mangaluru,First-time Buyer,2022-01-08
CUST03031,Manoj Kulkarni,32,26-35,Male,Self-Employed / Freelancer,716731,Married,Andhra Pradesh,Tirupati,Touring / Adventure,2021-07-29
CUST03032,Harish Verma,58,46-60,Male,Healthcare Professional,783471,Married,Andhra Pradesh,Visakhapatnam,Touring / Adventure,2020-04-20
CUST03033,Nikhil Mehta,25,18-25,Male,Engineer,979254,Married,Odisha,Rourkela,First-time Buyer,2023-11-20
CUST03034,Harish Shah,33,26-35,Male,Engineer,555593,Married,Kerala,Kozhikode,First-time Buyer,2020-07-18
CUST03035,Anand Bhat,21,18-25,Male,IT Professional,2088351,Single,Assam,Silchar,Enthusiast,2023-12-10
CUST03036,Sneha Deshmukh,37,36-45,Female,Defense Personnel,1285232,Married,Madhya Pradesh,Bhopal,Daily Commuter,2024-05-26
CUST03037,Aarav Shah,35,26-35,Male,IT Professional,846731,Single,Assam,Silchar,Enthusiast,2023-06-25
CUST03038,Rahul Deshmukh,25,18-25,Male,Healthcare Professional,1092897,Single,Rajasthan,Jaipur,Daily Commuter,2021-01-18
CUST03039,Aishwarya Deshmukh,31,26-35,Female,Healthcare Professional,2121830,Married,Telangana,Hyderabad,Touring / Adventure,2021-03-06
CUST03040,Naveen Joshi,45,36-45,Male,IT Professional,1772198,Married,Telangana,Hyderabad,Premium Collector,2020-08-29
CUST03041,Suresh Menon,33,26-35,Male,Business Owner,1653030,Single,Andhra Pradesh,Tirupati,Premium Collector,2023-07-16
CUST03042,Suresh Menon,35,26-35,Male,IT Professional,1560902,Married,Andhra Pradesh,Vijayawada,Enthusiast,2026-01-19
CUST03043,Aarav Singh,29,26-35,Male,Healthcare Professional,1778283,Single,Uttar Pradesh,Kanpur,Enthusiast,2020-04-10
CUST03044,Abhishek Das,27,26-35,Male,Engineer,1330980,Married,Haryana,Panipat,First-time Buyer,2020-07-15
CUST03045,Siddharth Agarwal,24,18-25,Male,IT Professional,1577772,Single,Goa,Panaji,First-time Buyer,2021-03-04
CUST03046,Sanjay Mishra,28,26-35,Male,Business Owner,2529182,Married,Jharkhand,Ranchi,Touring / Adventure,2021-01-07
CUST03047,Vivek Kulkarni,45,36-45,Male,Government Employee,1393275,Single,Gujarat,Bhavnagar,Enthusiast,2020-09-16
CUST03048,Nikhil Rao,43,36-45,Male,Business Owner,1869617,Married,Delhi,New Delhi,Touring / Adventure,2024-12-12
CUST03049,Swati Mishra,35,26-35,Female,IT Professional,2148032,Married,Chhattisgarh,Bilaspur,Touring / Adventure,2022-06-04
CUST03050,Rahul Shetty,22,18-25,Male,Student,393500,Single,Telangana,Nizamabad,Enthusiast,2023-11-01
CUST03051,Pranav Menon,24,18-25,Male,Healthcare Professional,2763342,Single,Andhra Pradesh,Visakhapatnam,Enthusiast,2024-08-01
CUST03052,Aditya Kulkarni,31,26-35,Male,Government Employee,1101026,Married,Bihar,Gaya,First-time Buyer,2024-01-16
CUST03053,Rahul Bhat,36,36-45,Male,Government Employee,487250,Married,Maharashtra,Mumbai,Touring / Adventure,2022-03-04
CUST03054,Pranav Agarwal,32,26-35,Male,Self-Employed / Freelancer,1017010,Married,Assam,Dibrugarh,Premium Collector,2021-07-16
CUST03055,Harish Pandey,38,36-45,Male,IT Professional,760911,Married,Telangana,Hyderabad,Enthusiast,2020-03-09
CUST03056,Dev Gowda,30,26-35,Male,Student,369845,Married,Madhya Pradesh,Ujjain,Touring / Adventure,2022-07-14
CUST03057,Pooja Nair,23,18-25,Female,Self-Employed / Freelancer,927371,Single,Karnataka,Hubballi,Daily Commuter,2022-03-27
CUST03058,Dev Menon,25,18-25,Male,Healthcare Professional,1993992,Single,Punjab,Chandigarh,First-time Buyer,2022-03-30
CUST03059,Anand Shetty,33,26-35,Male,Business Owner,802459,Married,Andhra Pradesh,Tirupati,Enthusiast,2023-07-29
CUST03060,Dinesh Shah,18,18-25,Male,Self-Employed / Freelancer,542526,Single,Maharashtra,Nashik,First-time Buyer,2020-12-12
CUST03061,Aishwarya Gupta,29,26-35,Other,Defense Personnel,1072414,Married,Tamil Nadu,Madurai,Premium Collector,2022-12-19
CUST03062,Lokesh Menon,27,26-35,Male,Government Employee,1489045,Married,Karnataka,Bengaluru,Touring / Adventure,2020-10-06
CUST03063,Harish Sharma,33,26-35,Male,Business Owner,1052479,Married,Gujarat,Surat,Daily Commuter,2025-09-23
CUST03064,Yash Gowda,28,26-35,Male,Student,474221,Married,Uttar Pradesh,Varanasi,Daily Commuter,2020-01-01
CUST03065,Vikram Das,30,26-35,Male,Government Employee,463651,Single,Telangana,Nizamabad,Touring / Adventure,2021-10-31
CUST03066,Abhishek Pandey,55,46-60,Male,Business Owner,2318107,Married,Tamil Nadu,Coimbatore,Premium Collector,2022-10-28
CUST03067,Sachin Sharma,45,36-45,Male,Self-Employed / Freelancer,917580,Married,Madhya Pradesh,Gwalior,Touring / Adventure,2023-09-10
CUST03068,Vikram Shetty,28,26-35,Male,IT Professional,1139050,Single,Rajasthan,Jodhpur,First-time Buyer,2024-01-06
CUST03069,Pranav Gowda,27,26-35,Male,Government Employee,794724,Single,Karnataka,Bengaluru,Daily Commuter,2022-09-10
CUST03070,Yash Agarwal,43,36-45,Male,Engineer,1069207,Married,Haryana,Panipat,Enthusiast,2021-06-22
CUST03071,Preeti Shah,29,26-35,Female,Healthcare Professional,1875660,Married,Haryana,Gurugram,First-time Buyer,2026-01-02
CUST03072,Vikram Shah,44,36-45,Male,Engineer,598066,Married,Madhya Pradesh,Indore,Daily Commuter,2022-11-10
CUST03073,Meera Das,20,18-25,Female,Business Owner,3106324,Single,Maharashtra,Nagpur,Touring / Adventure,2026-01-08
CUST03074,Lokesh Singh,24,18-25,Male,Student,571444,Single,Odisha,Bhubaneswar,Daily Commuter,2022-03-19
CUST03075,Aditya Shah,27,26-35,Male,Business Owner,1304524,Married,Chhattisgarh,Bilaspur,Touring / Adventure,2024-06-14
CUST03076,Manoj Das,24,18-25,Male,Engineer,880314,Single,Rajasthan,Jodhpur,First-time Buyer,2026-03-11
CUST03077,Amit Mehta,25,18-25,Male,Business Owner,3194031,Single,Telangana,Karimnagar,Premium Collector,2026-01-07
CUST03078,Nikhil Reddy,61,60+,Male,IT Professional,1900714,Married,Maharashtra,Pune,Enthusiast,2024-12-13
CUST03079,Yash Nair,59,46-60,Male,Business Owner,2119900,Married,Kerala,Kollam,Enthusiast,2020-09-28
CUST03080,Yash Gupta,45,36-45,Male,Engineer,1490177,Married,Telangana,Hyderabad,First-time Buyer,2021-04-24
CUST03081,Harish Menon,29,26-35,Male,Business Owner,2262890,Married,Delhi,West Delhi,Enthusiast,2024-01-17
CUST03082,Nikhil Agarwal,48,46-60,Male,Government Employee,1396137,Married,Maharashtra,Pune,Daily Commuter,2024-01-07
CUST03083,Pooja Das,18,18-25,Female,Business Owner,1328257,Single,Telangana,Hyderabad,First-time Buyer,2020-10-01
CUST03084,Neha Iyer,42,36-45,Female,Banker / Finance,1842008,Married,Bihar,Patna,Daily Commuter,2024-11-10
CUST03085,Vikram Mehta,22,18-25,Male,Business Owner,1613642,Single,Punjab,Ludhiana,Enthusiast,2022-03-01
CUST03086,Aditya Kulkarni,30,26-35,Male,Government Employee,743888,Single,Karnataka,Hubballi,Touring / Adventure,2021-12-17
CUST03087,Sachin Reddy,26,26-35,Male,IT Professional,1807647,Married,Odisha,Rourkela,Daily Commuter,2021-07-04
CUST03088,Isha Kumar,29,26-35,Female,IT Professional,2186924,Single,Delhi,North Delhi,Premium Collector,2020-01-11
CUST03089,Ashok Gowda,30,26-35,Male,Self-Employed / Freelancer,527739,Single,Kerala,Thrissur,Daily Commuter,2022-08-30
CUST03090,Aditya Sharma,23,18-25,Male,Defense Personnel,610309,Single,Rajasthan,Jaipur,First-time Buyer,2022-09-11
CUST03091,Abhishek Das,22,18-25,Male,Self-Employed / Freelancer,957977,Single,Jharkhand,Dhanbad,Daily Commuter,2025-04-25
CUST03092,Dev Gowda,24,18-25,Male,Business Owner,2855649,Single,Odisha,Cuttack,Enthusiast,2026-05-19
CUST03093,Ashok Pillai,22,18-25,Male,Engineer,557243,Married,Jharkhand,Jamshedpur,First-time Buyer,2025-10-30
CUST03094,Deepak Iyer,32,26-35,Male,Government Employee,1213192,Married,Telangana,Hyderabad,Touring / Adventure,2025-07-11
CUST03095,Anand Sharma,26,26-35,Male,Healthcare Professional,821530,Married,Karnataka,Mangaluru,Touring / Adventure,2023-11-09
CUST03096,Vaishnavi Patel,34,26-35,Female,Government Employee,486573,Single,Bihar,Muzaffarpur,Premium Collector,2025-07-22
CUST03097,Lokesh Nair,31,26-35,Male,IT Professional,2104688,Married,Jharkhand,Ranchi,Enthusiast,2025-01-19
CUST03098,Siddharth Singh,35,26-35,Male,Government Employee,941668,Married,Gujarat,Vadodara,Enthusiast,2024-06-11
CUST03099,Harish Das,25,18-25,Male,Self-Employed / Freelancer,1096818,Single,Uttar Pradesh,Varanasi,Daily Commuter,2020-06-24
CUST03100,Pranav Gowda,61,60+,Male,Engineer,1613774,Married,Telangana,Karimnagar,Daily Commuter,2026-01-20
CUST03101,Riya Das,35,26-35,Female,IT Professional,1588791,Married,Haryana,Karnal,Enthusiast,2024-02-17
CUST03102,Lakshmi Deshmukh,34,26-35,Female,Engineer,1655985,Married,Kerala,Thiruvananthapuram,Daily Commuter,2020-04-01
CUST03103,Abhishek Shah,36,36-45,Male,Engineer,1009092,Married,Kerala,Thrissur,Enthusiast,2020-05-17
CUST03104,Sanjay Banerjee,30,26-35,Male,Government Employee,667120,Married,Gujarat,Vadodara,Daily Commuter,2023-08-25
CUST03105,Vivek Rao,28,26-35,Male,Business Owner,1224162,Single,Tamil Nadu,Salem,Daily Commuter,2020-09-07
CUST03106,Anand Gowda,28,26-35,Male,IT Professional,2290953,Married,West Bengal,Durgapur,Premium Collector,2023-06-15
CUST03107,Rajesh Patel,52,46-60,Male,IT Professional,2019279,Married,Jharkhand,Jamshedpur,Premium Collector,2024-05-08
CUST03108,Lokesh Shah,22,18-25,Male,IT Professional,2088155,Single,Tamil Nadu,Chennai,Premium Collector,2025-02-05
CUST03109,Dinesh Iyer,23,18-25,Male,Engineer,902986,Single,Chhattisgarh,Bilaspur,First-time Buyer,2022-09-13
CUST03110,Harish Patel,34,26-35,Male,Government Employee,566985,Married,Telangana,Hyderabad,Daily Commuter,2026-05-29
CUST03111,Aarav Iyer,23,18-25,Male,Government Employee,1364343,Single,Assam,Dibrugarh,First-time Buyer,2024-12-30
CUST03112,Deepak Sharma,50,46-60,Male,Healthcare Professional,2263139,Married,Delhi,South Delhi,Touring / Adventure,2026-06-03
CUST03113,Deepak Joshi,31,26-35,Male,Defense Personnel,1228432,Married,Karnataka,Belagavi,Daily Commuter,2023-07-24
CUST03114,Dev Das,28,26-35,Male,Engineer,859809,Married,Karnataka,Bengaluru,Touring / Adventure,2020-04-02
CUST03115,Preeti Gupta,28,26-35,Female,IT Professional,1150912,Married,Chhattisgarh,Bilaspur,Touring / Adventure,2025-07-02
CUST03116,Ganesh Rao,19,18-25,Male,Business Owner,1053994,Single,Punjab,Chandigarh,First-time Buyer,2020-09-24
CUST03117,Aarav Singh,29,26-35,Male,Business Owner,1150851,Married,Andhra Pradesh,Guntur,Touring / Adventure,2025-08-18
CUST03118,Aditya Joshi,38,36-45,Male,Student,356170,Single,Jharkhand,Dhanbad,Daily Commuter,2023-06-06
CUST03119,Harish Gowda,57,46-60,Male,Government Employee,1187226,Married,Uttar Pradesh,Noida,Touring / Adventure,2023-06-06
CUST03120,Rahul Joshi,33,26-35,Male,Business Owner,1504192,Married,Uttar Pradesh,Kanpur,Enthusiast,2026-05-02
CUST03121,Aditya Verma,27,26-35,Male,IT Professional,2237726,Married,Kerala,Kollam,Premium Collector,2021-01-24
CUST03122,Ramesh Pandey,48,46-60,Male,Defense Personnel,646907,Married,Punjab,Chandigarh,Enthusiast,2026-03-10
CUST03123,Vikram Rao,27,26-35,Male,Business Owner,3406569,Single,Punjab,Jalandhar,Premium Collector,2023-06-13
CUST03124,Tanvi Pillai,26,26-35,Female,Engineer,1716433,Married,Maharashtra,Pune,Touring / Adventure,2021-04-27
CUST03125,Prakash Kumar,35,26-35,Male,Business Owner,2347482,Single,Kerala,Kochi,Touring / Adventure,2022-01-14
CUST03126,Karan Reddy,28,26-35,Male,Self-Employed / Freelancer,1189214,Single,Odisha,Rourkela,Daily Commuter,2023-02-25
CUST03127,Suresh Joshi,34,26-35,Male,IT Professional,2317866,Single,Odisha,Bhubaneswar,Premium Collector,2023-06-10
CUST03128,Anand Kumar,25,18-25,Male,Business Owner,1769131,Single,Odisha,Rourkela,First-time Buyer,2024-10-18
CUST03129,Ritu Menon,33,26-35,Female,Business Owner,3006548,Married,Rajasthan,Udaipur,Touring / Adventure,2022-06-21
CUST03130,Naveen Chowdhury,42,36-45,Male,Business Owner,1326079,Married,Maharashtra,Aurangabad,Touring / Adventure,2022-09-19
CUST03131,Dev Shetty,42,36-45,Male,IT Professional,1047999,Single,Rajasthan,Jaipur,Touring / Adventure,2023-12-12
CUST03132,Naveen Gowda,26,26-35,Male,Engineer,615909,Single,Bihar,Gaya,Daily Commuter,2022-05-12
CUST03133,Aditya Gupta,25,18-25,Male,Engineer,1237026,Single,Gujarat,Ahmedabad,Daily Commuter,2026-06-11
CUST03134,Abhishek Kulkarni,28,26-35,Male,Healthcare Professional,1381922,Married,Gujarat,Ahmedabad,Daily Commuter,2023-03-28
CUST03135,Abhishek Deshmukh,42,36-45,Male,Defense Personnel,626520,Married,Gujarat,Surat,Daily Commuter,2021-07-07
CUST03136,Aditya Patel,26,26-35,Male,Banker / Finance,1401060,Married,Tamil Nadu,Madurai,Daily Commuter,2021-10-02
CUST03137,Dev Agarwal,34,26-35,Male,Engineer,986272,Married,Bihar,Gaya,Enthusiast,2026-06-07
CUST03138,Manish Singh,23,18-25,Male,Defense Personnel,842997,Single,Delhi,North Delhi,First-time Buyer,2026-05-16
CUST03139,Ganesh Mehta,34,26-35,Male,IT Professional,1432401,Married,Haryana,Gurugram,Enthusiast,2020-04-21
CUST03140,Manish Verma,33,26-35,Male,Student,457982,Married,Kerala,Kollam,Enthusiast,2024-01-25
CUST03141,Prakash Iyer,42,36-45,Male,Banker / Finance,1405101,Married,Kerala,Kochi,Daily Commuter,2022-08-17
CUST03142,Sanjay Mehta,30,26-35,Male,IT Professional,1201466,Married,Delhi,North Delhi,Premium Collector,2025-02-16
CUST03143,Karthik Bhat,45,36-45,Male,Banker / Finance,1737850,Married,Uttar Pradesh,Kanpur,Daily Commuter,2023-04-15
CUST03144,Harish Verma,33,26-35,Male,Engineer,947584,Single,Kerala,Kochi,Enthusiast,2021-03-01
CUST03145,Rahul Verma,28,26-35,Male,Business Owner,1489538,Married,Andhra Pradesh,Guntur,Daily Commuter,2020-06-30
CUST03146,Aditya Kulkarni,28,26-35,Male,Business Owner,1850029,Married,Rajasthan,Jaipur,First-time Buyer,2021-11-24
CUST03147,Harish Agarwal,31,26-35,Male,IT Professional,1833074,Married,Karnataka,Bengaluru,Enthusiast,2023-05-04
CUST03148,Arjun Agarwal,35,26-35,Male,IT Professional,912089,Single,Karnataka,Belagavi,Touring / Adventure,2024-02-11
CUST03149,Deepak Pillai,39,36-45,Male,IT Professional,1984612,Married,Madhya Pradesh,Jabalpur,Daily Commuter,2022-04-22
CUST03150,Manish Rao,40,36-45,Male,Self-Employed / Freelancer,1233037,Married,Telangana,Nizamabad,Touring / Adventure,2024-01-03
CUST03151,Divya Pillai,41,36-45,Female,IT Professional,990354,Married,Rajasthan,Udaipur,Touring / Adventure,2021-04-17
CUST03152,Suresh Banerjee,38,36-45,Male,Government Employee,824438,Single,Gujarat,Vadodara,Enthusiast,2023-04-07
CUST03153,Kavya Kumar,20,18-25,Female,Engineer,1503291,Married,Kerala,Thrissur,First-time Buyer,2024-07-17
CUST03154,Suresh Patel,41,36-45,Male,Engineer,993990,Married,Delhi,West Delhi,Daily Commuter,2026-04-11
CUST03155,Siddharth Verma,29,26-35,Male,Government Employee,1187532,Single,Maharashtra,Mumbai,Enthusiast,2024-05-12
CUST03156,Harish Kulkarni,34,26-35,Male,Business Owner,1013285,Married,Kerala,Kollam,First-time Buyer,2025-06-07
CUST03157,Aarav Gowda,36,36-45,Other,Government Employee,524771,Married,Delhi,New Delhi,Daily Commuter,2020-12-22
CUST03158,Ganesh Reddy,30,26-35,Male,Engineer,1713798,Married,Telangana,Karimnagar,Touring / Adventure,2025-08-23
CUST03159,Vivek Nair,33,26-35,Male,Defense Personnel,1197812,Married,Assam,Dibrugarh,Touring / Adventure,2025-09-23
CUST03160,Vikram Sharma,44,36-45,Male,Government Employee,669816,Married,Uttar Pradesh,Lucknow,Premium Collector,2025-08-14
CUST03161,Vijay Mishra,35,26-35,Male,Government Employee,934703,Married,Karnataka,Mangaluru,Daily Commuter,2023-01-05
CUST03162,Yash Kumar,20,18-25,Male,Engineer,780704,Single,Maharashtra,Nagpur,First-time Buyer,2021-08-27
CUST03163,Vivek Joshi,28,26-35,Male,Banker / Finance,943419,Single,Kerala,Kollam,Touring / Adventure,2024-12-17
CUST03164,Dev Gupta,31,26-35,Male,IT Professional,1221119,Single,Andhra Pradesh,Tirupati,First-time Buyer,2022-07-09
CUST03165,Manoj Deshmukh,31,26-35,Male,Business Owner,2078532,Single,Maharashtra,Nagpur,Premium Collector,2021-01-17
CUST03166,Rahul Kumar,18,18-25,Male,Defense Personnel,963439,Single,Uttar Pradesh,Kanpur,First-time Buyer,2024-02-03
CUST03167,Tanvi Reddy,51,46-60,Female,Engineer,1381892,Married,Madhya Pradesh,Gwalior,Daily Commuter,2020-11-04
CUST03168,Preeti Kulkarni,43,36-45,Female,IT Professional,1393224,Married,Chhattisgarh,Bilaspur,Touring / Adventure,2026-06-06
CUST03169,Abhishek Mehta,39,36-45,Male,IT Professional,2025788,Married,Gujarat,Surat,Premium Collector,2021-02-28
CUST03170,Kavya Deshmukh,43,36-45,Female,Defense Personnel,686695,Married,Telangana,Karimnagar,Enthusiast,2022-01-31
CUST03171,Karan Shetty,19,18-25,Male,Defense Personnel,1241188,Single,Andhra Pradesh,Vijayawada,Enthusiast,2022-11-20
CUST03172,Dev Chowdhury,27,26-35,Male,Business Owner,1791577,Single,Andhra Pradesh,Tirupati,Enthusiast,2022-04-22
CUST03173,Ramesh Singh,18,18-25,Male,IT Professional,1963543,Single,Telangana,Hyderabad,Enthusiast,2023-04-22
CUST03174,Arjun Shah,45,36-45,Other,Business Owner,1620389,Single,Haryana,Gurugram,Daily Commuter,2020-12-14
CUST03175,Sachin Reddy,21,18-25,Male,Healthcare Professional,1290314,Single,Telangana,Karimnagar,First-time Buyer,2026-01-18
CUST03176,Sachin Iyer,28,26-35,Male,IT Professional,1767392,Married,Haryana,Faridabad,Touring / Adventure,2025-10-07
CUST03177,Tanvi Agarwal,20,18-25,Female,Student,434474,Single,Uttar Pradesh,Lucknow,First-time Buyer,2022-03-31
CUST03178,Manoj Singh,43,36-45,Male,IT Professional,810694,Married,Delhi,West Delhi,Daily Commuter,2022-09-14
CUST03179,Aditya Das,32,26-35,Male,Business Owner,817033,Married,Bihar,Gaya,Premium Collector,2020-11-15
CUST03180,Prakash Pandey,22,18-25,Male,Government Employee,1385968,Married,Assam,Guwahati,First-time Buyer,2026-03-21
CUST03181,Pranav Gupta,32,26-35,Male,Government Employee,1257669,Married,Rajasthan,Udaipur,Premium Collector,2020-02-28
CUST03182,Isha Gowda,31,26-35,Female,Business Owner,805077,Married,Gujarat,Ahmedabad,Daily Commuter,2023-04-23
CUST03183,Sanjay Verma,35,26-35,Male,Business Owner,2645523,Married,Karnataka,Bengaluru,Touring / Adventure,2020-12-30
CUST03184,Abhishek Mehta,35,26-35,Male,Defense Personnel,628661,Married,Andhra Pradesh,Tirupati,Enthusiast,2025-11-11
CUST03185,Ganesh Reddy,35,26-35,Male,Banker / Finance,1197344,Married,Gujarat,Bhavnagar,Daily Commuter,2024-02-03
CUST03186,Dev Gowda,33,26-35,Male,Student,534447,Single,Maharashtra,Mumbai,Enthusiast,2023-09-30
CUST03187,Sanjay Rao,25,18-25,Male,Engineer,661118,Single,West Bengal,Durgapur,Enthusiast,2024-11-25
CUST03188,Rahul Shetty,35,26-35,Male,Student,561494,Married,Tamil Nadu,Salem,Daily Commuter,2023-10-11
CUST03189,Karan Gowda,34,26-35,Male,Defense Personnel,1138069,Married,Jharkhand,Ranchi,Daily Commuter,2023-02-07
CUST03190,Rahul Shah,37,36-45,Male,Business Owner,1098751,Married,Chhattisgarh,Bilaspur,Touring / Adventure,2020-05-15
CUST03191,Prakash Kulkarni,30,26-35,Male,IT Professional,647374,Single,Bihar,Gaya,Enthusiast,2025-06-09
CUST03192,Prakash Pandey,29,26-35,Male,Student,559683,Single,Assam,Guwahati,Premium Collector,2024-12-13
CUST03193,Suresh Iyer,45,36-45,Male,Business Owner,1212961,Married,Karnataka,Mysuru,Enthusiast,2021-11-25
CUST03194,Pooja Nair,27,26-35,Female,Defense Personnel,465582,Married,Madhya Pradesh,Ujjain,Enthusiast,2021-09-12
CUST03195,Karthik Iyer,19,18-25,Male,Government Employee,543873,Single,Karnataka,Hubballi,First-time Buyer,2022-11-17
CUST03196,Pooja Patel,18,18-25,Female,Engineer,1796109,Single,Rajasthan,Jodhpur,First-time Buyer,2023-04-14
CUST03197,Siddharth Menon,39,36-45,Male,IT Professional,2384418,Married,Chhattisgarh,Raipur,Enthusiast,2024-08-24
CUST03198,Amit Reddy,34,26-35,Male,Business Owner,1674317,Married,Karnataka,Belagavi,Touring / Adventure,2024-07-19
CUST03199,Sachin Mehta,35,26-35,Male,Engineer,1109553,Single,Punjab,Patiala,Premium Collector,2025-06-05
CUST03200,Pranav Reddy,22,18-25,Male,Defense Personnel,559236,Single,Haryana,Faridabad,Daily Commuter,2025-12-16
CUST03201,Dinesh Mehta,55,46-60,Male,IT Professional,1388967,Married,Kerala,Kochi,Enthusiast,2020-12-13
CUST03202,Aditya Bhat,28,26-35,Male,Banker / Finance,1760454,Married,Andhra Pradesh,Visakhapatnam,Touring / Adventure,2021-07-29
CUST03203,Abhishek Chowdhury,29,26-35,Male,IT Professional,745769,Married,Kerala,Thiruvananthapuram,Daily Commuter,2025-01-22
CUST03204,Harish Rao,28,26-35,Male,IT Professional,2073018,Married,Telangana,Karimnagar,Premium Collector,2020-10-15
CUST03205,Abhishek Gowda,19,18-25,Male,Government Employee,851074,Single,Madhya Pradesh,Gwalior,Daily Commuter,2021-07-21
CUST03206,Dinesh Gowda,49,46-60,Male,Healthcare Professional,1075939,Married,Maharashtra,Nagpur,Enthusiast,2022-05-22
CUST03207,Meera Chowdhury,31,26-35,Female,IT Professional,973303,Married,Maharashtra,Mumbai,Daily Commuter,2025-11-04
CUST03208,Manish Rao,41,36-45,Male,IT Professional,603387,Married,West Bengal,Durgapur,Premium Collector,2024-01-31
CUST03209,Vikram Mishra,22,18-25,Male,Engineer,619417,Single,Chhattisgarh,Bhilai,Enthusiast,2025-03-24
CUST03210,Pranav Mehta,28,26-35,Male,Government Employee,564612,Married,Maharashtra,Nashik,Touring / Adventure,2025-12-09
CUST03211,Arjun Sharma,21,18-25,Male,IT Professional,1941976,Single,Madhya Pradesh,Ujjain,Daily Commuter,2020-08-12
CUST03212,Preeti Chowdhury,35,26-35,Female,Business Owner,1279927,Married,Madhya Pradesh,Bhopal,Daily Commuter,2020-08-16
CUST03213,Manoj Mishra,21,18-25,Male,IT Professional,1411861,Single,Telangana,Nizamabad,Daily Commuter,2021-12-14
CUST03214,Manish Das,22,18-25,Male,Business Owner,2258024,Single,Bihar,Gaya,Enthusiast,2023-12-06
CUST03215,Arjun Pillai,20,18-25,Male,Banker / Finance,1738708,Single,Bihar,Muzaffarpur,First-time Buyer,2023-05-07
CUST03216,Rahul Mishra,39,36-45,Male,Banker / Finance,917786,Married,Uttar Pradesh,Lucknow,Premium Collector,2025-09-11
CUST03217,Manoj Menon,42,36-45,Male,Business Owner,2883151,Married,Andhra Pradesh,Visakhapatnam,Premium Collector,2026-04-15
CUST03218,Ashok Verma,33,26-35,Male,Business Owner,2213941,Married,Bihar,Gaya,Touring / Adventure,2020-01-22
CUST03219,Karan Iyer,43,36-45,Male,Business Owner,2385044,Single,Rajasthan,Jodhpur,Touring / Adventure,2020-07-08
CUST03220,Lakshmi Verma,32,26-35,Female,Government Employee,912153,Married,Kerala,Kollam,Daily Commuter,2020-05-09
CUST03221,Dev Deshmukh,20,18-25,Male,Government Employee,828567,Single,West Bengal,Durgapur,First-time Buyer,2022-07-07
CUST03222,Nikhil Pillai,42,36-45,Male,Business Owner,2159717,Single,Haryana,Faridabad,Enthusiast,2023-04-17
CUST03223,Sachin Pillai,25,18-25,Male,Government Employee,1139556,Single,Maharashtra,Thane,Daily Commuter,2026-02-15
CUST03224,Rajesh Iyer,35,26-35,Male,Healthcare Professional,979092,Married,Delhi,South Delhi,Enthusiast,2023-11-27
CUST03225,Radhika Shetty,28,26-35,Female,Business Owner,1344208,Single,Maharashtra,Mumbai,Touring / Adventure,2020-09-26
CUST03226,Suresh Mehta,22,18-25,Male,Business Owner,3346936,Single,Odisha,Rourkela,Touring / Adventure,2020-04-14
CUST03227,Dev Verma,26,26-35,Male,Business Owner,1227780,Married,Madhya Pradesh,Indore,First-time Buyer,2023-01-07
CUST03228,Ashok Gowda,49,46-60,Male,Self-Employed / Freelancer,1149964,Married,Haryana,Panipat,Enthusiast,2020-03-08
CUST03229,Manish Sharma,27,26-35,Male,Student,434027,Married,Madhya Pradesh,Jabalpur,First-time Buyer,2026-02-19
CUST03230,Vivek Iyer,63,60+,Male,IT Professional,700991,Married,Tamil Nadu,Coimbatore,Daily Commuter,2025-01-07
CUST03231,Aarav Chowdhury,26,26-35,Male,IT Professional,2194756,Married,Haryana,Faridabad,Premium Collector,2026-01-28
CUST03232,Rahul Kulkarni,31,26-35,Male,IT Professional,1571027,Single,Punjab,Ludhiana,Touring / Adventure,2021-06-22
CUST03233,Tanvi Gowda,31,26-35,Female,Engineer,543713,Single,Karnataka,Mangaluru,Daily Commuter,2021-05-24
CUST03234,Manish Shah,21,18-25,Male,Government Employee,992790,Single,Kerala,Thrissur,Daily Commuter,2023-10-01
CUST03235,Aishwarya Reddy,35,26-35,Female,Student,523132,Married,Odisha,Rourkela,Daily Commuter,2026-05-11
CUST03236,Sunita Agarwal,37,36-45,Female,Banker / Finance,1658856,Married,Andhra Pradesh,Visakhapatnam,Enthusiast,2025-10-13
CUST03237,Deepak Singh,43,36-45,Male,Student,404647,Married,Haryana,Panipat,Enthusiast,2023-02-02
CUST03238,Naveen Sharma,27,26-35,Male,Government Employee,953294,Married,Madhya Pradesh,Ujjain,Daily Commuter,2020-06-16
CUST03239,Vaishnavi Gupta,38,36-45,Female,Student,397461,Single,Chhattisgarh,Bilaspur,Daily Commuter,2023-04-18
CUST03240,Rohan Iyer,19,18-25,Male,Banker / Finance,1779201,Single,West Bengal,Durgapur,Enthusiast,2020-05-20
CUST03241,Karthik Mehta,45,36-45,Male,Banker / Finance,940862,Married,Gujarat,Rajkot,Enthusiast,2021-02-03
CUST03242,Ganesh Bhat,27,26-35,Male,IT Professional,673224,Married,Karnataka,Bengaluru,First-time Buyer,2025-04-21
CUST03243,Yash Shah,49,46-60,Male,Engineer,987886,Married,Tamil Nadu,Madurai,Touring / Adventure,2020-07-11
CUST03244,Yash Kumar,63,60+,Male,Business Owner,1141136,Married,Madhya Pradesh,Indore,Enthusiast,2020-08-07
CUST03245,Amit Banerjee,27,26-35,Male,Defense Personnel,795828,Married,Kerala,Kozhikode,Touring / Adventure,2022-05-22
CUST03246,Karan Singh,21,18-25,Male,Business Owner,3340664,Single,Gujarat,Vadodara,Premium Collector,2021-06-27
CUST03247,Deepak Banerjee,34,26-35,Male,Business Owner,3249262,Married,Goa,Panaji,Premium Collector,2023-04-22
CUST03248,Karthik Mehta,63,60+,Male,Government Employee,1389038,Single,Punjab,Ludhiana,Enthusiast,2022-11-19
CUST03249,Sachin Kulkarni,27,26-35,Male,Government Employee,1211485,Married,Kerala,Kochi,Enthusiast,2023-04-12
CUST03250,Manish Iyer,34,26-35,Male,Business Owner,872034,Single,Bihar,Patna,First-time Buyer,2022-10-21
CUST03251,Deepak Das,22,18-25,Male,Defense Personnel,1137049,Single,Rajasthan,Jodhpur,First-time Buyer,2025-11-28
CUST03252,Rahul Das,38,36-45,Male,Self-Employed / Freelancer,927138,Single,Tamil Nadu,Madurai,Daily Commuter,2021-11-03
CUST03253,Aishwarya Pandey,29,26-35,Other,IT Professional,1203920,Married,Kerala,Kollam,Enthusiast,2025-02-07
CUST03254,Anita Chowdhury,22,18-25,Female,Engineer,608963,Married,Maharashtra,Aurangabad,First-time Buyer,2026-03-31
CUST03255,Suresh Chowdhury,61,60+,Male,Engineer,1610323,Married,Tamil Nadu,Coimbatore,Daily Commuter,2026-02-14
CUST03256,Meera Deshmukh,28,26-35,Female,Self-Employed / Freelancer,1175020,Single,Karnataka,Bengaluru,Touring / Adventure,2023-11-20
CUST03257,Deepak Banerjee,19,18-25,Male,IT Professional,2315266,Married,Maharashtra,Thane,Premium Collector,2021-07-06
CUST03258,Aarav Deshmukh,39,36-45,Male,Banker / Finance,1219325,Married,Chhattisgarh,Bilaspur,Enthusiast,2023-03-08
CUST03259,Prakash Shah,35,26-35,Male,Healthcare Professional,1604754,Married,Telangana,Karimnagar,Daily Commuter,2022-03-13
CUST03260,Anita Sharma,19,18-25,Female,IT Professional,1958833,Single,Kerala,Kochi,Daily Commuter,2025-08-01
CUST03261,Manish Menon,44,36-45,Male,Student,381150,Single,Haryana,Karnal,Premium Collector,2021-11-15
CUST03262,Manoj Gowda,26,26-35,Male,Engineer,875725,Married,Tamil Nadu,Madurai,Premium Collector,2023-04-06
CUST03263,Ashok Patel,33,26-35,Male,IT Professional,900617,Single,Chhattisgarh,Raipur,Enthusiast,2021-01-03
CUST03264,Nidhi Chowdhury,34,26-35,Female,Business Owner,1036330,Single,Telangana,Nizamabad,Enthusiast,2024-03-05
CUST03265,Aditya Mishra,20,18-25,Male,Banker / Finance,1016138,Single,Punjab,Chandigarh,First-time Buyer,2025-04-14
CUST03266,Aditya Verma,42,36-45,Male,Business Owner,2109693,Married,Punjab,Jalandhar,Enthusiast,2022-08-27
CUST03267,Naveen Shetty,34,26-35,Male,Banker / Finance,1025784,Single,Karnataka,Mangaluru,Enthusiast,2020-11-14
CUST03268,Pranav Deshmukh,21,18-25,Male,Government Employee,515610,Single,Odisha,Rourkela,Enthusiast,2020-12-20
CUST03269,Dinesh Kumar,33,26-35,Male,Engineer,1118284,Married,Karnataka,Mangaluru,Touring / Adventure,2021-10-17
CUST03270,Kavya Pillai,31,26-35,Female,Healthcare Professional,1868408,Married,Delhi,New Delhi,First-time Buyer,2024-11-06
CUST03271,Vikram Joshi,35,26-35,Male,Business Owner,1983369,Married,Odisha,Rourkela,Daily Commuter,2022-11-13
CUST03272,Naveen Kulkarni,28,26-35,Male,Engineer,1423198,Married,Rajasthan,Jaipur,First-time Buyer,2023-10-05
CUST03273,Kavya Menon,26,26-35,Female,Self-Employed / Freelancer,1168020,Married,Madhya Pradesh,Indore,Daily Commuter,2024-03-17
CUST03274,Ramesh Gupta,26,26-35,Male,Banker / Finance,1015808,Married,Karnataka,Belagavi,Enthusiast,2023-11-26
CUST03275,Yash Rao,28,26-35,Male,IT Professional,610131,Married,Tamil Nadu,Chennai,Touring / Adventure,2022-12-05
CUST03276,Prakash Gowda,18,18-25,Male,Healthcare Professional,1710665,Single,Bihar,Gaya,Enthusiast,2025-08-20
CUST03277,Rajesh Deshmukh,31,26-35,Male,Defense Personnel,870759,Married,Maharashtra,Nagpur,Daily Commuter,2023-12-02
CUST03278,Manish Shetty,18,18-25,Male,Engineer,1346381,Single,Gujarat,Vadodara,Enthusiast,2025-12-02
CUST03279,Naveen Banerjee,24,18-25,Male,Defense Personnel,512189,Single,Andhra Pradesh,Visakhapatnam,Daily Commuter,2024-07-13
CUST03280,Deepika Mehta,47,46-60,Female,Government Employee,782916,Single,Punjab,Ludhiana,Daily Commuter,2026-04-23
CUST03281,Karthik Chowdhury,23,18-25,Male,IT Professional,908061,Single,Bihar,Gaya,Enthusiast,2024-04-28
CUST03282,Arjun Pandey,25,18-25,Male,IT Professional,1780096,Single,Uttar Pradesh,Varanasi,First-time Buyer,2020-03-23
CUST03283,Vikram Pandey,24,18-25,Male,Engineer,1106021,Single,Karnataka,Bengaluru,First-time Buyer,2025-07-12
CUST03284,Aarav Kulkarni,28,26-35,Male,IT Professional,791665,Married,Kerala,Thiruvananthapuram,First-time Buyer,2022-10-14
CUST03285,Aishwarya Sharma,44,36-45,Female,Government Employee,1425722,Married,Bihar,Patna,Daily Commuter,2021-03-08
CUST03286,Nidhi Pandey,33,26-35,Female,Business Owner,998430,Married,Tamil Nadu,Chennai,Premium Collector,2024-12-17
CUST03287,Anand Sharma,25,18-25,Male,Government Employee,1285144,Single,Jharkhand,Jamshedpur,Daily Commuter,2024-03-27
CUST03288,Yash Pandey,21,18-25,Male,IT Professional,612941,Married,Punjab,Chandigarh,First-time Buyer,2021-04-23
CUST03289,Harish Bhat,36,36-45,Male,IT Professional,2345322,Married,Chhattisgarh,Raipur,Enthusiast,2024-03-31
CUST03290,Sanjay Agarwal,26,26-35,Male,Engineer,1500036,Single,Delhi,North Delhi,First-time Buyer,2021-03-26
CUST03291,Vikram Gupta,32,26-35,Male,Defense Personnel,780425,Married,Uttar Pradesh,Varanasi,Daily Commuter,2021-07-07
CUST03292,Nidhi Iyer,24,18-25,Female,Banker / Finance,1566451,Single,Gujarat,Surat,Enthusiast,2022-11-03
CUST03293,Preeti Kulkarni,48,46-60,Female,IT Professional,2101566,Married,Kerala,Kochi,Touring / Adventure,2021-08-04
CUST03294,Priya Shetty,43,36-45,Female,Business Owner,1515671,Married,Maharashtra,Nashik,Touring / Adventure,2021-07-20
CUST03295,Rohan Joshi,29,26-35,Male,Business Owner,2656533,Married,Punjab,Patiala,Enthusiast,2022-03-06
CUST03296,Karthik Sharma,24,18-25,Male,IT Professional,1698930,Single,Karnataka,Belagavi,Enthusiast,2025-03-08
CUST03297,Manish Patel,34,26-35,Male,IT Professional,2349179,Single,Uttar Pradesh,Noida,Premium Collector,2026-06-27
CUST03298,Tanvi Kulkarni,25,18-25,Female,IT Professional,2261022,Single,Uttar Pradesh,Noida,Enthusiast,2023-07-01
CUST03299,Preeti Gupta,30,26-35,Female,Self-Employed / Freelancer,1087122,Single,Andhra Pradesh,Tirupati,Touring / Adventure,2022-12-20
CUST03300,Lokesh Joshi,25,18-25,Male,IT Professional,950879,Single,Gujarat,Vadodara,First-time Buyer,2021-12-15
CUST03301,Prakash Mishra,38,36-45,Male,Business Owner,2143910,Married,Telangana,Nizamabad,Touring / Adventure,2021-06-08
CUST03302,Vikram Mishra,32,26-35,Male,IT Professional,2129954,Married,Andhra Pradesh,Vijayawada,Premium Collector,2021-02-14
CUST03303,Pooja Kulkarni,45,36-45,Female,IT Professional,1760001,Married,Madhya Pradesh,Bhopal,Enthusiast,2022-10-16
CUST03304,Yash Agarwal,29,26-35,Male,IT Professional,877885,Single,Odisha,Bhubaneswar,Touring / Adventure,2024-08-28
CUST03305,Ramesh Mehta,30,26-35,Male,Self-Employed / Freelancer,863640,Single,Chhattisgarh,Bhilai,Enthusiast,2022-04-06
CUST03306,Prakash Shetty,27,26-35,Male,Engineer,516838,Married,Chhattisgarh,Bilaspur,First-time Buyer,2021-04-16
CUST03307,Sneha Agarwal,32,26-35,Female,Government Employee,786504,Married,West Bengal,Durgapur,Daily Commuter,2025-03-10
CUST03308,Swati Iyer,37,36-45,Female,Engineer,1263971,Married,Goa,Panaji,First-time Buyer,2021-07-15
CUST03309,Ashok Gupta,18,18-25,Male,Government Employee,1005330,Single,Delhi,West Delhi,First-time Buyer,2025-02-24
CUST03310,Karan Mishra,32,26-35,Male,Engineer,1366259,Married,Chhattisgarh,Bhilai,Enthusiast,2025-11-25
CUST03311,Pranav Patel,33,26-35,Male,IT Professional,1248850,Married,Karnataka,Bengaluru,Daily Commuter,2022-07-25
CUST03312,Deepika Das,30,26-35,Female,Banker / Finance,831077,Married,Andhra Pradesh,Vijayawada,Touring / Adventure,2022-11-19
CUST03313,Ganesh Menon,39,36-45,Male,IT Professional,1642750,Married,Punjab,Chandigarh,Touring / Adventure,2023-07-05
CUST03314,Anita Joshi,40,36-45,Female,Business Owner,2209490,Married,Madhya Pradesh,Ujjain,Enthusiast,2025-06-06
CUST03315,Manish Shetty,31,26-35,Male,Government Employee,824358,Married,Karnataka,Mysuru,Daily Commuter,2023-04-23
CUST03316,Sanjay Kumar,26,26-35,Male,Government Employee,698414,Married,Punjab,Jalandhar,Daily Commuter,2023-08-10
CUST03317,Ashok Reddy,31,26-35,Male,Business Owner,1337092,Single,Uttar Pradesh,Noida,Touring / Adventure,2022-05-30
CUST03318,Yash Pandey,26,26-35,Male,Defense Personnel,1388102,Married,Jharkhand,Ranchi,First-time Buyer,2022-01-20
CUST03319,Sneha Kulkarni,21,18-25,Female,Healthcare Professional,1363195,Single,Odisha,Bhubaneswar,Daily Commuter,2025-06-27
CUST03320,Ganesh Rao,19,18-25,Male,IT Professional,1032514,Single,Telangana,Hyderabad,First-time Buyer,2023-04-19
CUST03321,Radhika Patel,31,26-35,Female,Business Owner,3120266,Married,Chhattisgarh,Bhilai,Touring / Adventure,2025-02-17
CUST03322,Pooja Iyer,21,18-25,Female,IT Professional,1333614,Single,Rajasthan,Jaipur,Daily Commuter,2021-12-14
CUST03323,Manish Agarwal,25,18-25,Male,Defense Personnel,1297195,Single,Haryana,Karnal,Daily Commuter,2020-01-01
CUST03324,Karthik Bhat,24,18-25,Male,Government Employee,1459594,Single,Odisha,Cuttack,First-time Buyer,2024-12-06
CUST03325,Anand Shah,31,26-35,Male,Government Employee,719340,Single,Chhattisgarh,Raipur,Daily Commuter,2024-06-09
CUST03326,Sanjay Menon,19,18-25,Male,IT Professional,775730,Single,Uttar Pradesh,Varanasi,Daily Commuter,2026-01-28
CUST03327,Aditya Patel,28,26-35,Male,Government Employee,470514,Married,Punjab,Ludhiana,Enthusiast,2022-08-03
CUST03328,Ganesh Bhat,28,26-35,Male,Business Owner,1191216,Married,Karnataka,Bengaluru,First-time Buyer,2022-09-11
CUST03329,Vijay Chowdhury,50,46-60,Male,Business Owner,1633932,Married,Andhra Pradesh,Guntur,Touring / Adventure,2023-10-12
CUST03330,Naveen Agarwal,40,36-45,Male,Healthcare Professional,2152610,Single,Assam,Silchar,Premium Collector,2024-07-02
CUST03331,Nikhil Joshi,29,26-35,Male,Defense Personnel,885839,Married,Uttar Pradesh,Varanasi,Daily Commuter,2020-08-16
CUST03332,Anand Patel,26,26-35,Male,IT Professional,1410662,Married,Gujarat,Bhavnagar,Enthusiast,2024-01-18
CUST03333,Manoj Gupta,32,26-35,Male,Healthcare Professional,1577384,Married,Maharashtra,Nashik,Daily Commuter,2021-03-15
CUST03334,Sachin Gupta,20,18-25,Male,Engineer,1094613,Single,Odisha,Rourkela,First-time Buyer,2024-05-07
CUST03335,Aarav Gupta,26,26-35,Male,IT Professional,1756370,Married,Madhya Pradesh,Bhopal,Touring / Adventure,2021-08-17
CUST03336,Dev Banerjee,34,26-35,Male,Government Employee,652006,Married,Andhra Pradesh,Visakhapatnam,Enthusiast,2025-11-19
CUST03337,Pooja Agarwal,23,18-25,Female,IT Professional,1690358,Single,Goa,Panaji,Daily Commuter,2023-08-01
CUST03338,Karan Deshmukh,30,26-35,Male,Government Employee,921535,Married,Gujarat,Ahmedabad,Premium Collector,2024-07-11
CUST03339,Riya Pandey,19,18-25,Female,Healthcare Professional,2633114,Married,Tamil Nadu,Salem,Premium Collector,2022-09-07
CUST03340,Suresh Mehta,24,18-25,Male,Engineer,1275724,Single,Kerala,Kochi,Enthusiast,2023-08-05
CUST03341,Manoj Shetty,23,18-25,Male,IT Professional,800569,Single,Maharashtra,Nashik,Daily Commuter,2022-03-06
CUST03342,Deepak Agarwal,21,18-25,Male,IT Professional,1443582,Single,Punjab,Jalandhar,First-time Buyer,2024-08-30
CUST03343,Deepika Chowdhury,33,26-35,Female,Business Owner,1860939,Married,West Bengal,Durgapur,Daily Commuter,2025-06-23
CUST03344,Nikhil Singh,54,46-60,Male,Student,423268,Single,Delhi,South Delhi,Enthusiast,2020-09-23
CUST03345,Rahul Menon,31,26-35,Male,Business Owner,3159954,Single,Delhi,New Delhi,Touring / Adventure,2022-12-27
CUST03346,Suresh Gupta,37,36-45,Male,Government Employee,971990,Married,Karnataka,Hubballi,Enthusiast,2024-02-18
CUST03347,Karan Gowda,42,36-45,Male,Student,552722,Married,Uttar Pradesh,Lucknow,First-time Buyer,2020-07-20
CUST03348,Preeti Rao,32,26-35,Female,Business Owner,1198286,Married,Maharashtra,Thane,Daily Commuter,2025-04-05
CUST03349,Vaishnavi Mishra,57,46-60,Female,IT Professional,1177477,Married,West Bengal,Kolkata,Daily Commuter,2025-09-24
CUST03350,Ganesh Das,28,26-35,Male,Engineer,1327467,Married,Uttar Pradesh,Noida,Touring / Adventure,2021-01-30
CUST03351,Deepika Nair,34,26-35,Female,Engineer,1138710,Married,Assam,Silchar,Touring / Adventure,2025-07-06
CUST03352,Abhishek Chowdhury,25,18-25,Male,Banker / Finance,1811680,Single,Uttar Pradesh,Lucknow,First-time Buyer,2020-08-09
CUST03353,Nidhi Shah,20,18-25,Female,Engineer,928279,Married,Rajasthan,Jodhpur,Daily Commuter,2024-06-17
CUST03354,Manoj Bhat,22,18-25,Male,Business Owner,2188142,Single,Bihar,Patna,Enthusiast,2023-07-21
CUST03355,Priya Singh,64,60+,Female,Business Owner,1199247,Single,Delhi,New Delhi,Enthusiast,2021-12-29
CUST03356,Ritu Gowda,42,36-45,Female,Government Employee,1325731,Single,Jharkhand,Jamshedpur,Premium Collector,2026-01-20
CUST03357,Manish Mishra,25,18-25,Male,Student,492277,Single,Maharashtra,Pune,First-time Buyer,2026-05-14
CUST03358,Suresh Kulkarni,27,26-35,Male,Business Owner,1086241,Single,Bihar,Patna,Premium Collector,2021-05-08
CUST03359,Pranav Mehta,44,36-45,Male,Defense Personnel,780288,Married,Maharashtra,Pune,Enthusiast,2020-07-25
CUST03360,Yash Pillai,36,36-45,Male,Business Owner,2692316,Married,Uttar Pradesh,Kanpur,Touring / Adventure,2022-01-20
CUST03361,Aishwarya Agarwal,37,36-45,Female,IT Professional,731294,Married,Goa,Panaji,Enthusiast,2025-09-30
CUST03362,Ramesh Kulkarni,27,26-35,Male,Student,563539,Single,Uttar Pradesh,Ghaziabad,Touring / Adventure,2021-12-28
CUST03363,Dev Das,20,18-25,Male,Business Owner,1164463,Married,Kerala,Kozhikode,Enthusiast,2025-07-01
CUST03364,Lokesh Rao,29,26-35,Male,Defense Personnel,687772,Married,Haryana,Karnal,Touring / Adventure,2024-09-15
CUST03365,Vivek Gupta,32,26-35,Male,Engineer,1389428,Married,Telangana,Nizamabad,Premium Collector,2024-11-10
CUST03366,Manoj Patel,33,26-35,Male,Government Employee,1421207,Married,Maharashtra,Pune,Touring / Adventure,2026-05-26
CUST03367,Sunita Shetty,19,18-25,Female,Banker / Finance,1576467,Single,Andhra Pradesh,Visakhapatnam,First-time Buyer,2024-12-01
CUST03368,Manoj Mishra,30,26-35,Male,Self-Employed / Freelancer,1008637,Single,Andhra Pradesh,Visakhapatnam,Touring / Adventure,2020-02-13
CUST03369,Suresh Banerjee,40,36-45,Male,Business Owner,3303171,Married,Chhattisgarh,Raipur,Touring / Adventure,2023-05-30
CUST03370,Vijay Das,22,18-25,Male,Defense Personnel,548079,Single,Chhattisgarh,Bhilai,Enthusiast,2024-07-07
CUST03371,Aditya Shetty,33,26-35,Male,Healthcare Professional,1903542,Married,Kerala,Thrissur,First-time Buyer,2022-05-28
CUST03372,Karthik Nair,24,18-25,Male,IT Professional,963445,Single,Tamil Nadu,Coimbatore,First-time Buyer,2022-11-25
CUST03373,Manish Deshmukh,39,36-45,Male,IT Professional,1189814,Single,Odisha,Cuttack,Daily Commuter,2024-12-21
CUST03374,Siddharth Mishra,42,36-45,Male,Business Owner,2638753,Married,Telangana,Hyderabad,Enthusiast,2021-09-15
CUST03375,Vijay Verma,27,26-35,Male,Engineer,1607668,Married,Karnataka,Belagavi,Daily Commuter,2025-02-26
CUST03376,Rohan Gowda,35,26-35,Male,Defense Personnel,1227240,Married,Telangana,Hyderabad,Enthusiast,2022-03-12
CUST03377,Naveen Deshmukh,42,36-45,Male,IT Professional,1675263,Married,Madhya Pradesh,Indore,Enthusiast,2024-11-11
CUST03378,Isha Kulkarni,23,18-25,Female,Healthcare Professional,1688288,Single,Rajasthan,Udaipur,First-time Buyer,2024-01-14
CUST03379,Aditya Kulkarni,46,46-60,Male,Student,396270,Married,Delhi,South Delhi,Enthusiast,2024-06-04
CUST03380,Karthik Deshmukh,28,26-35,Male,Engineer,1431714,Single,Telangana,Nizamabad,First-time Buyer,2024-12-20
CUST03381,Rajesh Shah,25,18-25,Male,Government Employee,1368233,Single,Uttar Pradesh,Noida,Daily Commuter,2026-06-09
CUST03382,Pooja Reddy,31,26-35,Female,Government Employee,780997,Single,Punjab,Chandigarh,Daily Commuter,2020-08-14
CUST03383,Rohan Kumar,34,26-35,Male,IT Professional,1725218,Married,West Bengal,Durgapur,Touring / Adventure,2024-08-01
CUST03384,Deepak Reddy,20,18-25,Male,Business Owner,2782031,Single,Andhra Pradesh,Guntur,Touring / Adventure,2022-04-15
CUST03385,Abhishek Das,20,18-25,Male,IT Professional,2019556,Single,Bihar,Patna,Touring / Adventure,2023-12-24
CUST03386,Aarav Sharma,32,26-35,Male,Banker / Finance,1206438,Married,Andhra Pradesh,Tirupati,Enthusiast,2022-12-30
CUST03387,Vikram Banerjee,29,26-35,Male,Business Owner,2004169,Single,Andhra Pradesh,Tirupati,Premium Collector,2024-04-12
CUST03388,Preeti Pillai,36,36-45,Female,Engineer,1432455,Married,Gujarat,Surat,Enthusiast,2024-10-24
CUST03389,Dinesh Agarwal,19,18-25,Male,Engineer,784816,Single,Madhya Pradesh,Gwalior,Daily Commuter,2025-05-04
CUST03390,Preeti Das,35,26-35,Female,Banker / Finance,777060,Married,Maharashtra,Aurangabad,First-time Buyer,2024-03-25
CUST03391,Aarav Singh,34,26-35,Male,Banker / Finance,664637,Married,Haryana,Karnal,Premium Collector,2024-02-07
CUST03392,Abhishek Pillai,38,36-45,Male,Business Owner,2292844,Single,Kerala,Kozhikode,Premium Collector,2022-01-13
CUST03393,Vikram Agarwal,37,36-45,Male,Engineer,1283537,Married,Madhya Pradesh,Indore,Daily Commuter,2022-03-26
CUST03394,Anand Rao,31,26-35,Male,IT Professional,627808,Married,Uttar Pradesh,Noida,Touring / Adventure,2020-09-23
CUST03395,Manoj Reddy,27,26-35,Male,Engineer,586058,Married,Assam,Silchar,Touring / Adventure,2020-09-18
CUST03396,Pranav Sharma,24,18-25,Male,Business Owner,1355056,Single,Kerala,Kochi,Daily Commuter,2026-05-03
CUST03397,Vijay Pillai,21,18-25,Male,IT Professional,1653731,Single,Andhra Pradesh,Tirupati,First-time Buyer,2020-08-01
CUST03398,Pranav Agarwal,19,18-25,Male,Defense Personnel,972839,Single,Odisha,Bhubaneswar,Daily Commuter,2023-08-28
CUST03399,Arjun Bhat,30,26-35,Male,Student,462163,Married,Chhattisgarh,Bilaspur,Daily Commuter,2022-02-03
CUST03400,Radhika Verma,30,26-35,Female,IT Professional,1436995,Married,Delhi,New Delhi,Enthusiast,2020-07-12
CUST03401,Swati Sharma,30,26-35,Female,Healthcare Professional,1281030,Single,Delhi,New Delhi,Premium Collector,2020-08-03
CUST03402,Ashok Kulkarni,26,26-35,Male,Healthcare Professional,2213203,Married,Tamil Nadu,Coimbatore,Touring / Adventure,2025-06-08
CUST03403,Rahul Pandey,55,46-60,Male,Business Owner,1918001,Married,Gujarat,Surat,First-time Buyer,2020-06-19
CUST03404,Vivek Kumar,35,26-35,Male,IT Professional,1555397,Married,Haryana,Panipat,Daily Commuter,2023-06-17
CUST03405,Rajesh Patel,19,18-25,Male,Engineer,1373529,Single,Punjab,Chandigarh,First-time Buyer,2025-01-17
CUST03406,Dev Pandey,21,18-25,Male,Self-Employed / Freelancer,1175935,Married,West Bengal,Kolkata,First-time Buyer,2020-02-23
CUST03407,Dinesh Reddy,28,26-35,Male,Healthcare Professional,2448379,Married,Chhattisgarh,Bhilai,Premium Collector,2025-12-16
CUST03408,Yash Bhat,57,46-60,Male,Engineer,1233318,Single,Madhya Pradesh,Bhopal,Daily Commuter,2023-09-03
CUST03409,Ashok Verma,65,60+,Male,Defense Personnel,749197,Married,Gujarat,Ahmedabad,Touring / Adventure,2020-07-21
CUST03410,Pooja Gowda,37,36-45,Female,Self-Employed / Freelancer,640037,Married,West Bengal,Durgapur,Premium Collector,2023-01-15
CUST03411,Deepak Gowda,23,18-25,Male,Banker / Finance,1402854,Married,Uttar Pradesh,Lucknow,Enthusiast,2024-06-08
CUST03412,Ashok Menon,23,18-25,Male,Student,480097,Single,Madhya Pradesh,Gwalior,Daily Commuter,2023-12-13
CUST03413,Amit Patel,21,18-25,Male,Healthcare Professional,1129003,Single,Kerala,Kollam,First-time Buyer,2024-10-23
CUST03414,Deepika Menon,34,26-35,Female,IT Professional,1683653,Married,Madhya Pradesh,Bhopal,Touring / Adventure,2026-01-10
CUST03415,Shreya Joshi,21,18-25,Female,IT Professional,2020938,Married,Delhi,South Delhi,Touring / Adventure,2021-03-23
CUST03416,Ananya Patel,34,26-35,Female,Engineer,1711394,Single,Madhya Pradesh,Indore,Enthusiast,2021-12-20
CUST03417,Ganesh Das,27,26-35,Male,Banker / Finance,1276126,Married,Kerala,Kozhikode,Touring / Adventure,2025-11-10
CUST03418,Priya Mehta,27,26-35,Female,Government Employee,1088399,Married,Madhya Pradesh,Indore,Daily Commuter,2023-01-26
CUST03419,Naveen Reddy,25,18-25,Male,Engineer,1354225,Single,Rajasthan,Udaipur,Daily Commuter,2020-08-15
CUST03420,Vijay Rao,22,18-25,Male,IT Professional,1263239,Single,Odisha,Cuttack,First-time Buyer,2021-05-31
CUST03421,Ashok Kumar,24,18-25,Male,Student,571484,Single,Madhya Pradesh,Indore,First-time Buyer,2024-04-08
CUST03422,Ganesh Menon,31,26-35,Male,Business Owner,1551687,Married,Madhya Pradesh,Gwalior,Daily Commuter,2021-01-26
CUST03423,Dev Kulkarni,22,18-25,Male,Engineer,1585710,Single,Karnataka,Hubballi,First-time Buyer,2020-10-20
CUST03424,Vijay Gupta,35,26-35,Male,Engineer,714187,Married,Bihar,Muzaffarpur,Premium Collector,2021-02-20
CUST03425,Abhishek Singh,41,36-45,Male,Engineer,946020,Married,Madhya Pradesh,Jabalpur,Premium Collector,2025-03-27
CUST03426,Harish Deshmukh,19,18-25,Male,Engineer,643829,Single,Chhattisgarh,Raipur,First-time Buyer,2021-07-27
CUST03427,Sunita Patel,26,26-35,Female,IT Professional,1253745,Single,Kerala,Thrissur,Daily Commuter,2023-10-26
CUST03428,Aditya Mehta,36,36-45,Male,IT Professional,1879697,Married,Madhya Pradesh,Ujjain,Enthusiast,2025-10-03
CUST03429,Rahul Verma,18,18-25,Male,Self-Employed / Freelancer,1358353,Single,Odisha,Rourkela,Daily Commuter,2022-06-28
CUST03430,Preeti Iyer,39,36-45,Female,Business Owner,1001633,Married,Bihar,Patna,Daily Commuter,2023-09-02
CUST03431,Meera Deshmukh,49,46-60,Female,Healthcare Professional,2142746,Single,Tamil Nadu,Salem,Touring / Adventure,2022-02-16
CUST03432,Ashok Singh,31,26-35,Male,Business Owner,3456905,Married,Karnataka,Bengaluru,Touring / Adventure,2026-04-19
CUST03433,Prakash Patel,25,18-25,Male,Government Employee,958256,Single,Kerala,Thrissur,First-time Buyer,2020-10-09
CUST03434,Deepak Shah,41,36-45,Male,Self-Employed / Freelancer,727974,Married,Karnataka,Mysuru,First-time Buyer,2021-12-10
CUST03435,Amit Deshmukh,20,18-25,Male,Engineer,927075,Single,Andhra Pradesh,Guntur,Daily Commuter,2022-02-07
CUST03436,Vivek Pillai,22,18-25,Male,IT Professional,1612058,Single,Rajasthan,Udaipur,First-time Buyer,2023-01-14
CUST03437,Prakash Joshi,31,26-35,Male,Defense Personnel,938011,Married,Jharkhand,Ranchi,Premium Collector,2022-04-06
CUST03438,Manoj Das,24,18-25,Male,IT Professional,606821,Single,Jharkhand,Dhanbad,Daily Commuter,2022-10-02
CUST03439,Suresh Joshi,30,26-35,Male,Engineer,1204214,Married,Jharkhand,Ranchi,Touring / Adventure,2025-02-02
CUST03440,Vijay Banerjee,60,46-60,Male,Engineer,766746,Married,Bihar,Gaya,First-time Buyer,2022-05-31
CUST03441,Pranav Iyer,21,18-25,Male,IT Professional,1200893,Single,Uttar Pradesh,Lucknow,Enthusiast,2020-03-28
CUST03442,Tanvi Bhat,30,26-35,Female,Business Owner,1242074,Married,Delhi,North Delhi,Touring / Adventure,2020-11-10
CUST03443,Rahul Sharma,20,18-25,Male,Business Owner,2324160,Single,Haryana,Faridabad,Enthusiast,2024-09-06
CUST03444,Rajesh Kumar,21,18-25,Male,Self-Employed / Freelancer,744507,Single,Bihar,Patna,Daily Commuter,2024-08-16
CUST03445,Karan Singh,22,18-25,Male,Government Employee,1009251,Single,Assam,Dibrugarh,First-time Buyer,2024-12-09
CUST03446,Vijay Pandey,37,36-45,Male,IT Professional,974575,Married,Bihar,Muzaffarpur,Enthusiast,2021-12-17
CUST03447,Harish Reddy,31,26-35,Male,IT Professional,2104214,Married,Tamil Nadu,Salem,Touring / Adventure,2020-12-20
CUST03448,Yash Chowdhury,19,18-25,Male,Engineer,1242407,Single,Kerala,Kozhikode,First-time Buyer,2026-04-09
CUST03449,Manoj Shetty,36,36-45,Male,Business Owner,1991947,Married,Gujarat,Vadodara,Enthusiast,2025-12-27
CUST03450,Deepak Gowda,26,26-35,Male,Student,452755,Married,Tamil Nadu,Salem,Enthusiast,2025-11-18
CUST03451,Nidhi Shetty,35,26-35,Female,IT Professional,1091745,Single,Haryana,Karnal,Touring / Adventure,2020-02-05
CUST03452,Siddharth Gupta,31,26-35,Male,Business Owner,1713285,Single,Madhya Pradesh,Indore,Enthusiast,2022-04-17
CUST03453,Ramesh Verma,34,26-35,Male,Engineer,1407560,Single,Telangana,Nizamabad,Daily Commuter,2026-01-18
CUST03454,Priya Reddy,19,18-25,Female,Government Employee,1299561,Single,Haryana,Karnal,First-time Buyer,2022-11-02
CUST03455,Neha Pandey,24,18-25,Female,Business Owner,2641078,Single,Delhi,North Delhi,Enthusiast,2020-08-13
CUST03456,Deepika Kumar,31,26-35,Other,Government Employee,1143468,Married,Madhya Pradesh,Indore,Touring / Adventure,2023-09-20
CUST03457,Ritu Reddy,28,26-35,Female,Defense Personnel,575183,Single,Gujarat,Rajkot,Daily Commuter,2026-02-23
CUST03458,Manoj Kumar,18,18-25,Male,Business Owner,3208565,Married,Gujarat,Vadodara,Premium Collector,2021-05-23
CUST03459,Vikram Agarwal,30,26-35,Male,IT Professional,766080,Married,Haryana,Panipat,Daily Commuter,2023-01-22
CUST03460,Harish Rao,24,18-25,Male,Business Owner,2696810,Single,Haryana,Panipat,Touring / Adventure,2026-06-12
CUST03461,Nikhil Menon,23,18-25,Male,Business Owner,1863276,Single,Haryana,Karnal,First-time Buyer,2023-02-06
CUST03462,Rohan Pillai,34,26-35,Male,Healthcare Professional,2514075,Married,Karnataka,Mangaluru,Premium Collector,2021-02-04
CUST03463,Dev Patel,52,46-60,Male,Banker / Finance,1675954,Married,Rajasthan,Udaipur,Enthusiast,2020-02-02
CUST03464,Prakash Pillai,35,26-35,Male,Banker / Finance,1989251,Married,Jharkhand,Jamshedpur,Enthusiast,2023-10-31
CUST03465,Rohan Singh,38,36-45,Male,IT Professional,1855266,Married,Telangana,Nizamabad,Daily Commuter,2023-06-17
CUST03466,Pooja Chowdhury,44,36-45,Female,IT Professional,781228,Married,Madhya Pradesh,Jabalpur,Touring / Adventure,2023-08-17
CUST03467,Rajesh Sharma,29,26-35,Male,Healthcare Professional,1839205,Married,Maharashtra,Nashik,Premium Collector,2020-10-02
CUST03468,Rohan Gupta,31,26-35,Male,Government Employee,1081527,Married,Punjab,Ludhiana,Touring / Adventure,2022-03-19
CUST03469,Vikram Reddy,35,26-35,Male,Government Employee,1102595,Married,Punjab,Patiala,Enthusiast,2023-12-28
CUST03470,Radhika Iyer,21,18-25,Female,Business Owner,1621037,Single,Bihar,Muzaffarpur,First-time Buyer,2022-01-22
CUST03471,Karan Reddy,31,26-35,Male,Business Owner,1584195,Single,Madhya Pradesh,Indore,Touring / Adventure,2026-05-16
CUST03472,Sachin Gowda,31,26-35,Male,Self-Employed / Freelancer,863903,Married,Punjab,Patiala,Touring / Adventure,2025-07-25
CUST03473,Dinesh Menon,18,18-25,Male,Government Employee,610006,Single,Delhi,North Delhi,First-time Buyer,2022-12-06
CUST03474,Deepika Reddy,33,26-35,Female,IT Professional,1930421,Married,Kerala,Thiruvananthapuram,Touring / Adventure,2026-05-28
CUST03475,Dev Sharma,23,18-25,Male,Student,594931,Single,Andhra Pradesh,Guntur,Enthusiast,2020-10-30
CUST03476,Harish Nair,30,26-35,Male,Government Employee,1458858,Married,Uttar Pradesh,Noida,Daily Commuter,2023-06-06
CUST03477,Nikhil Kulkarni,29,26-35,Male,IT Professional,878064,Married,Maharashtra,Thane,Touring / Adventure,2026-03-03
CUST03478,Isha Chowdhury,18,18-25,Female,Engineer,647872,Single,Karnataka,Mysuru,Daily Commuter,2026-01-21
CUST03479,Vikram Agarwal,42,36-45,Male,Healthcare Professional,1887666,Married,Andhra Pradesh,Tirupati,Premium Collector,2021-09-07
CUST03480,Lokesh Banerjee,28,26-35,Male,Business Owner,2087018,Single,Delhi,West Delhi,Touring / Adventure,2024-04-06
CUST03481,Ashok Gowda,48,46-60,Male,Engineer,1756392,Married,Chhattisgarh,Bhilai,Daily Commuter,2020-06-26
CUST03482,Aarav Reddy,40,36-45,Male,Healthcare Professional,998599,Married,Assam,Guwahati,Enthusiast,2022-05-20
CUST03483,Karan Rao,35,26-35,Male,IT Professional,1913084,Married,Madhya Pradesh,Jabalpur,Daily Commuter,2021-08-25
CUST03484,Rahul Rao,34,26-35,Male,Government Employee,1203662,Married,Punjab,Patiala,Premium Collector,2025-07-29
CUST03485,Ramesh Pandey,34,26-35,Male,Self-Employed / Freelancer,1217934,Single,Telangana,Nizamabad,First-time Buyer,2022-10-04
CUST03486,Siddharth Patel,35,26-35,Male,Business Owner,1891434,Single,Uttar Pradesh,Varanasi,Daily Commuter,2023-01-14
CUST03487,Harish Kumar,32,26-35,Male,Self-Employed / Freelancer,1568301,Married,Tamil Nadu,Salem,Touring / Adventure,2021-05-20
CUST03488,Naveen Kumar,18,18-25,Male,IT Professional,609872,Single,Maharashtra,Aurangabad,Enthusiast,2022-06-13
CUST03489,Siddharth Gupta,19,18-25,Male,IT Professional,1912081,Single,Andhra Pradesh,Visakhapatnam,Enthusiast,2023-02-19
CUST03490,Yash Verma,30,26-35,Male,Healthcare Professional,1396639,Married,Andhra Pradesh,Visakhapatnam,Enthusiast,2025-10-31
CUST03491,Sachin Mishra,32,26-35,Male,Self-Employed / Freelancer,1256627,Single,Haryana,Panipat,First-time Buyer,2025-10-29
CUST03492,Yash Singh,24,18-25,Male,Engineer,1171372,Single,Uttar Pradesh,Ghaziabad,First-time Buyer,2022-09-21
CUST03493,Manish Patel,45,36-45,Male,IT Professional,2269495,Married,Odisha,Bhubaneswar,Premium Collector,2024-11-02
CUST03494,Suresh Banerjee,42,36-45,Male,Business Owner,2898963,Married,Maharashtra,Nagpur,Premium Collector,2022-02-17
CUST03495,Anand Pandey,26,26-35,Male,Student,486685,Single,Kerala,Kozhikode,Touring / Adventure,2021-02-07
CUST03496,Deepak Singh,18,18-25,Male,Defense Personnel,788704,Single,Kerala,Kozhikode,Daily Commuter,2024-06-14
CUST03497,Vijay Pillai,18,18-25,Male,IT Professional,1108207,Single,Bihar,Patna,Enthusiast,2024-06-22
CUST03498,Dinesh Kulkarni,28,26-35,Male,IT Professional,1708714,Single,Maharashtra,Thane,Touring / Adventure,2025-04-03
CUST03499,Prakash Gupta,19,18-25,Male,Engineer,1430351,Single,Delhi,South Delhi,Enthusiast,2020-02-21
CUST03500,Sachin Das,62,60+,Male,IT Professional,797898,Married,Haryana,Karnal,Touring / Adventure,2025-09-24
CUST03501,Deepak Agarwal,29,26-35,Male,Engineer,1616785,Married,Uttar Pradesh,Ghaziabad,Enthusiast,2023-09-04
CUST03502,Rajesh Menon,26,26-35,Male,Defense Personnel,1038648,Married,Rajasthan,Jaipur,Daily Commuter,2020-09-07
CUST03503,Ashok Gupta,29,26-35,Male,Business Owner,2436582,Married,Andhra Pradesh,Visakhapatnam,Premium Collector,2021-03-11
CUST03504,Harish Bhat,32,26-35,Male,IT Professional,1944214,Single,Kerala,Kochi,Daily Commuter,2025-12-14
CUST03505,Arjun Banerjee,34,26-35,Male,IT Professional,1188849,Married,Maharashtra,Nashik,Enthusiast,2024-02-24
CUST03506,Vikram Das,37,36-45,Male,Business Owner,1622209,Married,Uttar Pradesh,Kanpur,Enthusiast,2020-10-31
CUST03507,Sanjay Pillai,43,36-45,Male,IT Professional,1908774,Married,Goa,Panaji,Enthusiast,2024-05-17
CUST03508,Dinesh Rao,37,36-45,Male,Healthcare Professional,1603711,Single,Madhya Pradesh,Ujjain,Premium Collector,2020-07-27
CUST03509,Vikram Das,43,36-45,Male,Business Owner,2253160,Married,Rajasthan,Jaipur,Premium Collector,2024-10-20
CUST03510,Dinesh Deshmukh,53,46-60,Male,Healthcare Professional,1288663,Married,Rajasthan,Jodhpur,Enthusiast,2025-11-09
CUST03511,Aditya Shah,34,26-35,Male,Engineer,1736656,Single,Punjab,Ludhiana,Enthusiast,2023-10-20
CUST03512,Prakash Deshmukh,19,18-25,Male,Banker / Finance,1823808,Single,Madhya Pradesh,Ujjain,Daily Commuter,2026-01-02
CUST03513,Lokesh Gupta,39,36-45,Male,IT Professional,904217,Married,Rajasthan,Jodhpur,Daily Commuter,2022-06-07
CUST03514,Ganesh Shah,27,26-35,Male,Healthcare Professional,740270,Married,Rajasthan,Jaipur,Enthusiast,2022-10-09
CUST03515,Lokesh Joshi,22,18-25,Male,Business Owner,2195983,Single,Telangana,Karimnagar,Enthusiast,2025-01-17
CUST03516,Amit Mehta,18,18-25,Male,Banker / Finance,1812198,Single,Haryana,Panipat,First-time Buyer,2024-06-05
CUST03517,Arjun Mishra,34,26-35,Male,Business Owner,3068208,Married,Punjab,Chandigarh,Touring / Adventure,2024-08-25
CUST03518,Pranav Kulkarni,33,26-35,Male,Government Employee,1077366,Single,Kerala,Kollam,Touring / Adventure,2021-02-10
CUST03519,Sanjay Shah,34,26-35,Male,Business Owner,1379898,Married,Tamil Nadu,Madurai,Touring / Adventure,2025-04-18
CUST03520,Amit Pandey,31,26-35,Male,Business Owner,3040910,Married,Telangana,Nizamabad,Touring / Adventure,2024-04-27
CUST03521,Ashok Sharma,19,18-25,Male,Engineer,1419051,Married,Haryana,Karnal,First-time Buyer,2021-11-20
CUST03522,Rohan Nair,29,26-35,Male,Defense Personnel,478811,Single,Chhattisgarh,Bilaspur,Enthusiast,2024-05-18
CUST03523,Ramesh Bhat,59,46-60,Male,IT Professional,1460985,Married,Maharashtra,Nagpur,Premium Collector,2022-08-10
CUST03524,Aarav Rao,31,26-35,Male,Business Owner,1844369,Single,Karnataka,Mangaluru,First-time Buyer,2020-06-21
CUST03525,Preeti Iyer,22,18-25,Female,Engineer,894663,Single,Punjab,Jalandhar,Daily Commuter,2020-01-13
CUST03526,Arjun Shah,32,26-35,Male,Government Employee,1230612,Married,Delhi,North Delhi,Enthusiast,2023-12-09
CUST03527,Manish Iyer,47,46-60,Male,Defense Personnel,1023990,Married,Odisha,Bhubaneswar,Enthusiast,2025-02-01
CUST03528,Yash Joshi,26,26-35,Male,IT Professional,1494302,Single,Uttar Pradesh,Varanasi,Touring / Adventure,2020-06-18
CUST03529,Sneha Agarwal,25,18-25,Female,Banker / Finance,942975,Single,West Bengal,Durgapur,First-time Buyer,2026-01-23
CUST03530,Rahul Pillai,18,18-25,Male,IT Professional,1602666,Single,Andhra Pradesh,Vijayawada,Enthusiast,2025-02-12
CUST03531,Rahul Kumar,22,18-25,Male,Engineer,1510046,Married,Uttar Pradesh,Lucknow,First-time Buyer,2023-01-14
CUST03532,Swati Bhat,50,46-60,Female,Business Owner,1986646,Married,Maharashtra,Thane,Touring / Adventure,2026-03-04
CUST03533,Suresh Chowdhury,33,26-35,Male,Government Employee,1370625,Married,Assam,Dibrugarh,First-time Buyer,2024-02-10
CUST03534,Nikhil Nair,33,26-35,Male,Government Employee,1211700,Married,Delhi,South Delhi,Enthusiast,2025-11-05
CUST03535,Rahul Iyer,27,26-35,Male,IT Professional,1915051,Married,Karnataka,Mysuru,Touring / Adventure,2025-05-13
CUST03536,Naveen Menon,32,26-35,Male,IT Professional,638211,Married,Odisha,Bhubaneswar,Daily Commuter,2022-01-03
CUST03537,Lokesh Verma,34,26-35,Male,Engineer,1092917,Single,Karnataka,Mangaluru,Premium Collector,2023-09-15
CUST03538,Aditya Mehta,23,18-25,Male,Healthcare Professional,2399742,Single,Punjab,Ludhiana,Premium Collector,2025-12-16
CUST03539,Vivek Mishra,19,18-25,Male,Banker / Finance,1969054,Married,Kerala,Kochi,First-time Buyer,2025-08-17
CUST03540,Ramesh Gowda,34,26-35,Male,Healthcare Professional,1763107,Married,Punjab,Ludhiana,First-time Buyer,2021-02-23
CUST03541,Abhishek Pillai,21,18-25,Male,Banker / Finance,1992247,Single,Gujarat,Rajkot,First-time Buyer,2023-06-16
CUST03542,Karan Nair,31,26-35,Male,Engineer,1448620,Single,Telangana,Hyderabad,Premium Collector,2021-04-14
CUST03543,Rohan Kumar,38,36-45,Male,IT Professional,1968412,Married,Assam,Guwahati,Enthusiast,2020-12-02
CUST03544,Anand Verma,33,26-35,Male,Government Employee,967156,Married,Madhya Pradesh,Bhopal,Enthusiast,2022-01-09
CUST03545,Arjun Reddy,27,26-35,Male,Government Employee,1000785,Married,West Bengal,Kolkata,Daily Commuter,2025-10-02
CUST03546,Sanjay Kulkarni,38,36-45,Male,Engineer,1202342,Married,Punjab,Jalandhar,Enthusiast,2022-02-15
CUST03547,Karthik Nair,32,26-35,Male,Engineer,1788661,Single,Karnataka,Bengaluru,Daily Commuter,2020-04-25
CUST03548,Prakash Banerjee,26,26-35,Male,Defense Personnel,747706,Married,Telangana,Nizamabad,Premium Collector,2026-03-16
CUST03549,Sanjay Nair,39,36-45,Male,Government Employee,743163,Married,Delhi,North Delhi,Touring / Adventure,2021-12-08
CUST03550,Rohan Mehta,18,18-25,Male,IT Professional,2176835,Single,Haryana,Faridabad,Enthusiast,2025-09-10
CUST03551,Rahul Kulkarni,41,36-45,Male,Government Employee,796386,Single,Rajasthan,Udaipur,Enthusiast,2026-01-10
CUST03552,Pooja Das,37,36-45,Female,IT Professional,932237,Single,Uttar Pradesh,Noida,Enthusiast,2022-09-17
CUST03553,Prakash Banerjee,52,46-60,Male,Banker / Finance,1199229,Married,Delhi,New Delhi,Enthusiast,2020-09-10
CUST03554,Rahul Kumar,44,36-45,Male,IT Professional,2099989,Married,Maharashtra,Nagpur,Premium Collector,2023-12-27
CUST03555,Nikhil Gupta,30,26-35,Male,IT Professional,1169241,Married,Punjab,Chandigarh,Touring / Adventure,2020-11-23
CUST03556,Ashok Banerjee,21,18-25,Male,Engineer,1060432,Single,Jharkhand,Ranchi,First-time Buyer,2024-08-16
CUST03557,Anand Chowdhury,35,26-35,Male,Defense Personnel,760233,Married,Punjab,Jalandhar,Daily Commuter,2024-11-29
CUST03558,Rajesh Singh,23,18-25,Male,Government Employee,723714,Single,Kerala,Thrissur,Enthusiast,2023-07-23
CUST03559,Manoj Rao,32,26-35,Male,Defense Personnel,1246678,Married,Maharashtra,Mumbai,Enthusiast,2023-11-19
CUST03560,Abhishek Banerjee,28,26-35,Male,Engineer,572278,Single,Rajasthan,Udaipur,Touring / Adventure,2021-09-25
CUST03561,Nikhil Singh,39,36-45,Male,Student,485343,Single,Chhattisgarh,Bhilai,Enthusiast,2022-10-18
CUST03562,Lokesh Agarwal,35,26-35,Male,Healthcare Professional,711078,Single,West Bengal,Durgapur,Touring / Adventure,2024-07-15
CUST03563,Sanjay Rao,31,26-35,Male,Healthcare Professional,1422101,Married,Jharkhand,Jamshedpur,First-time Buyer,2025-09-14
CUST03564,Amit Sharma,62,60+,Male,Business Owner,1350531,Single,Delhi,North Delhi,Daily Commuter,2022-08-20
CUST03565,Abhishek Kulkarni,34,26-35,Male,Business Owner,2674789,Married,Delhi,West Delhi,Enthusiast,2023-03-17
CUST03566,Nikhil Nair,45,36-45,Male,Banker / Finance,951507,Married,Assam,Dibrugarh,Daily Commuter,2020-08-26
CUST03567,Vijay Banerjee,23,18-25,Male,Student,401604,Single,Tamil Nadu,Chennai,First-time Buyer,2023-11-27
CUST03568,Vikram Iyer,39,36-45,Male,Student,594626,Married,Delhi,South Delhi,Enthusiast,2023-02-01
CUST03569,Shreya Deshmukh,31,26-35,Female,Business Owner,2757939,Married,Maharashtra,Nashik,Touring / Adventure,2021-05-06
CUST03570,Vijay Menon,36,36-45,Male,IT Professional,2193923,Single,Goa,Panaji,Premium Collector,2025-01-06
CUST03571,Suresh Agarwal,43,36-45,Male,IT Professional,978416,Married,Chhattisgarh,Raipur,Touring / Adventure,2022-07-03
CUST03572,Manish Shetty,20,18-25,Male,Business Owner,1297479,Single,Uttar Pradesh,Kanpur,First-time Buyer,2026-01-16
CUST03573,Preeti Deshmukh,36,36-45,Other,Government Employee,707071,Married,Uttar Pradesh,Varanasi,Enthusiast,2023-01-03
CUST03574,Rohan Gowda,21,18-25,Male,IT Professional,1427872,Married,Kerala,Thrissur,Enthusiast,2022-07-11
CUST03575,Vivek Shah,31,26-35,Male,Business Owner,2219631,Married,Haryana,Faridabad,Enthusiast,2022-05-18
CUST03576,Rajesh Agarwal,29,26-35,Male,Business Owner,3048120,Single,Odisha,Cuttack,Premium Collector,2022-03-22
CUST03577,Deepak Rao,23,18-25,Male,IT Professional,1445043,Single,Andhra Pradesh,Tirupati,First-time Buyer,2020-09-26
CUST03578,Naveen Rao,33,26-35,Male,IT Professional,692740,Married,Tamil Nadu,Salem,Daily Commuter,2022-01-23
CUST03579,Rajesh Gupta,18,18-25,Male,Government Employee,1431210,Single,Andhra Pradesh,Visakhapatnam,First-time Buyer,2020-03-31
CUST03580,Vijay Deshmukh,26,26-35,Male,Healthcare Professional,1056279,Single,Maharashtra,Thane,Enthusiast,2026-06-22
CUST03581,Deepak Shah,33,26-35,Male,Business Owner,1795946,Married,Rajasthan,Jodhpur,Daily Commuter,2022-03-22
CUST03582,Pranav Singh,35,26-35,Male,Engineer,1582148,Married,Punjab,Patiala,Touring / Adventure,2023-08-02
CUST03583,Manoj Reddy,58,46-60,Male,Student,524982,Married,Karnataka,Mangaluru,Enthusiast,2026-05-14
CUST03584,Nidhi Mehta,20,18-25,Female,IT Professional,2347128,Single,Karnataka,Bengaluru,Touring / Adventure,2026-03-10
CUST03585,Ashok Kulkarni,40,36-45,Male,Banker / Finance,1613166,Married,Bihar,Patna,Daily Commuter,2026-04-02
CUST03586,Pooja Gupta,38,36-45,Female,Healthcare Professional,2555923,Married,Odisha,Rourkela,Premium Collector,2025-07-27
CUST03587,Pranav Kumar,19,18-25,Male,Self-Employed / Freelancer,1347740,Single,Punjab,Patiala,First-time Buyer,2023-03-11
CUST03588,Anand Das,32,26-35,Male,Defense Personnel,674424,Married,Maharashtra,Pune,Daily Commuter,2025-12-04
CUST03589,Anand Sharma,39,36-45,Male,Government Employee,803395,Single,Rajasthan,Jaipur,First-time Buyer,2020-03-16
CUST03590,Aarav Gupta,29,26-35,Male,Government Employee,613605,Married,Andhra Pradesh,Guntur,Touring / Adventure,2021-08-26
CUST03591,Rohan Shetty,25,18-25,Male,Defense Personnel,1177675,Married,Chhattisgarh,Bilaspur,First-time Buyer,2026-06-06
CUST03592,Sneha Shah,42,36-45,Female,Business Owner,986630,Single,Gujarat,Ahmedabad,Daily Commuter,2025-03-04
CUST03593,Ganesh Gowda,36,36-45,Male,IT Professional,1695073,Single,Uttar Pradesh,Varanasi,Daily Commuter,2021-05-11
CUST03594,Dinesh Bhat,28,26-35,Male,Government Employee,1257477,Single,Maharashtra,Mumbai,First-time Buyer,2021-10-08
CUST03595,Prakash Chowdhury,34,26-35,Male,Student,557422,Married,Telangana,Nizamabad,Touring / Adventure,2024-02-29
CUST03596,Pooja Chowdhury,35,26-35,Female,Government Employee,482871,Married,Andhra Pradesh,Guntur,Daily Commuter,2024-08-12
CUST03597,Pranav Shetty,33,26-35,Male,Business Owner,1985005,Married,Karnataka,Mangaluru,Daily Commuter,2026-04-22
CUST03598,Yash Chowdhury,56,46-60,Male,Business Owner,2488790,Married,Madhya Pradesh,Gwalior,Premium Collector,2025-02-26
CUST03599,Rahul Kumar,29,26-35,Other,Engineer,1675366,Married,Madhya Pradesh,Ujjain,Daily Commuter,2020-03-02
CUST03600,Sunita Mishra,35,26-35,Female,Defense Personnel,457839,Married,Telangana,Nizamabad,Enthusiast,2020-05-10
CUST03601,Arjun Shah,32,26-35,Male,Business Owner,2085814,Married,Haryana,Karnal,Touring / Adventure,2025-07-08
CUST03602,Prakash Sharma,22,18-25,Male,Engineer,832095,Single,Odisha,Bhubaneswar,Daily Commuter,2024-03-24
CUST03603,Pranav Deshmukh,26,26-35,Male,IT Professional,2059479,Single,Assam,Dibrugarh,Enthusiast,2022-01-01
CUST03604,Vijay Gowda,24,18-25,Male,Banker / Finance,1067141,Single,Haryana,Faridabad,First-time Buyer,2024-06-18
CUST03605,Anand Gupta,19,18-25,Male,Business Owner,2199269,Single,Maharashtra,Mumbai,Enthusiast,2021-10-12
CUST03606,Amit Das,19,18-25,Male,IT Professional,819434,Married,Gujarat,Vadodara,Daily Commuter,2020-05-12
CUST03607,Pranav Menon,27,26-35,Male,Student,476477,Single,Maharashtra,Nashik,Premium Collector,2023-02-16
CUST03608,Abhishek Joshi,58,46-60,Male,Healthcare Professional,2127175,Married,Jharkhand,Jamshedpur,Touring / Adventure,2023-05-20
CUST03609,Deepak Joshi,32,26-35,Male,IT Professional,1464171,Married,Madhya Pradesh,Ujjain,Daily Commuter,2020-03-19
CUST03610,Siddharth Nair,38,36-45,Male,IT Professional,1788368,Married,Madhya Pradesh,Gwalior,Enthusiast,2022-11-29
CUST03611,Harish Shetty,35,26-35,Male,Government Employee,886133,Married,Chhattisgarh,Bilaspur,Touring / Adventure,2021-09-05
CUST03612,Sanjay Bhat,24,18-25,Male,Banker / Finance,1746929,Single,Haryana,Gurugram,First-time Buyer,2023-12-09
CUST03613,Arjun Banerjee,22,18-25,Male,Defense Personnel,1067923,Single,Madhya Pradesh,Gwalior,First-time Buyer,2022-04-17
CUST03614,Prakash Gupta,18,18-25,Male,IT Professional,2206257,Married,Rajasthan,Jaipur,Enthusiast,2022-08-22
CUST03615,Priya Mishra,26,26-35,Female,IT Professional,636053,Married,Haryana,Faridabad,Premium Collector,2022-05-15
CUST03616,Karthik Mehta,65,60+,Male,IT Professional,1758487,Married,Rajasthan,Udaipur,Touring / Adventure,2021-05-05
CUST03617,Manish Shah,37,36-45,Male,Banker / Finance,994410,Married,Andhra Pradesh,Vijayawada,Daily Commuter,2022-09-05
CUST03618,Ganesh Banerjee,21,18-25,Male,Engineer,687236,Single,Uttar Pradesh,Kanpur,First-time Buyer,2026-06-05
CUST03619,Suresh Gowda,48,46-60,Male,Banker / Finance,1047329,Married,Andhra Pradesh,Tirupati,Touring / Adventure,2022-10-16
CUST03620,Ashok Reddy,19,18-25,Male,Defense Personnel,1299942,Single,Punjab,Chandigarh,Daily Commuter,2023-12-21
CUST03621,Aditya Mishra,26,26-35,Male,Engineer,1541085,Married,Karnataka,Belagavi,Touring / Adventure,2025-12-18
CUST03622,Nikhil Gupta,20,18-25,Male,Banker / Finance,1389232,Single,Jharkhand,Dhanbad,Daily Commuter,2020-01-17
CUST03623,Manoj Shetty,22,18-25,Male,IT Professional,889763,Single,Uttar Pradesh,Noida,First-time Buyer,2026-03-28
CUST03624,Harish Banerjee,28,26-35,Male,Self-Employed / Freelancer,1493614,Single,Chhattisgarh,Raipur,Daily Commuter,2023-11-23
CUST03625,Sanjay Nair,30,26-35,Male,Business Owner,1126988,Married,Tamil Nadu,Coimbatore,Touring / Adventure,2020-05-17
CUST03626,Vivek Patel,29,26-35,Male,Business Owner,1926673,Married,Bihar,Patna,Daily Commuter,2024-03-12
CUST03627,Ashok Iyer,34,26-35,Male,Healthcare Professional,2772405,Married,Chhattisgarh,Raipur,Touring / Adventure,2023-08-12
CUST03628,Aditya Deshmukh,24,18-25,Male,Business Owner,1526826,Single,Bihar,Muzaffarpur,First-time Buyer,2025-01-11
CUST03629,Ganesh Nair,34,26-35,Male,Government Employee,721194,Married,Delhi,South Delhi,Enthusiast,2025-10-26
CUST03630,Shreya Mehta,26,26-35,Female,Defense Personnel,1301839,Single,Assam,Guwahati,Daily Commuter,2020-03-28
CUST03631,Vijay Sharma,28,26-35,Male,Government Employee,458203,Married,Rajasthan,Jaipur,Touring / Adventure,2022-03-11
CUST03632,Sachin Das,29,26-35,Male,Defense Personnel,537052,Married,Gujarat,Vadodara,Enthusiast,2023-07-14
CUST03633,Aarav Pandey,55,46-60,Male,IT Professional,1357317,Single,Maharashtra,Mumbai,Premium Collector,2026-05-26
CUST03634,Deepika Rao,23,18-25,Female,Healthcare Professional,1673213,Single,Gujarat,Rajkot,First-time Buyer,2026-03-06
CUST03635,Prakash Das,18,18-25,Male,IT Professional,1328045,Single,Uttar Pradesh,Varanasi,Daily Commuter,2021-08-30
CUST03636,Aarav Banerjee,35,26-35,Male,IT Professional,1351082,Married,Kerala,Kollam,Enthusiast,2025-09-20
CUST03637,Dinesh Verma,55,46-60,Male,Business Owner,1977169,Single,Gujarat,Ahmedabad,Touring / Adventure,2021-03-26
CUST03638,Anand Rao,24,18-25,Male,IT Professional,1321240,Single,Tamil Nadu,Chennai,Daily Commuter,2021-08-20
CUST03639,Manoj Banerjee,34,26-35,Male,Self-Employed / Freelancer,1326075,Married,Karnataka,Belagavi,Touring / Adventure,2020-10-31
CUST03640,Nikhil Pandey,45,36-45,Male,IT Professional,1819547,Married,Rajasthan,Jodhpur,Enthusiast,2025-03-30
CUST03641,Preeti Pandey,19,18-25,Female,Healthcare Professional,2165201,Single,West Bengal,Durgapur,Touring / Adventure,2025-04-09
CUST03642,Sanjay Sharma,51,46-60,Male,Student,519271,Single,Uttar Pradesh,Lucknow,Enthusiast,2021-03-27
CUST03643,Radhika Nair,21,18-25,Female,Business Owner,1411429,Married,West Bengal,Durgapur,First-time Buyer,2025-11-07
CUST03644,Yash Gowda,37,36-45,Male,Business Owner,3235457,Married,Punjab,Jalandhar,Premium Collector,2024-06-01
CUST03645,Manoj Menon,39,36-45,Male,Banker / Finance,598644,Single,Andhra Pradesh,Visakhapatnam,Touring / Adventure,2026-05-10
CUST03646,Ganesh Singh,18,18-25,Male,Healthcare Professional,1686511,Single,Delhi,South Delhi,Daily Commuter,2026-05-17
CUST03647,Riya Gupta,43,36-45,Female,IT Professional,1543996,Married,Delhi,South Delhi,Daily Commuter,2022-09-03
CUST03648,Amit Shetty,30,26-35,Male,Government Employee,510018,Single,Karnataka,Mysuru,Touring / Adventure,2020-07-21
CUST03649,Arjun Verma,32,26-35,Male,IT Professional,1723619,Married,Kerala,Thiruvananthapuram,Premium Collector,2022-02-19
CUST03650,Ramesh Pillai,42,36-45,Male,Healthcare Professional,1696793,Married,Madhya Pradesh,Indore,Daily Commuter,2023-10-11
CUST03651,Aditya Shetty,24,18-25,Male,Engineer,620348,Single,Goa,Panaji,Daily Commuter,2024-02-22
CUST03652,Vivek Gowda,20,18-25,Male,Engineer,1714710,Single,Gujarat,Bhavnagar,Daily Commuter,2022-03-12
CUST03653,Deepak Banerjee,32,26-35,Male,Engineer,1015407,Married,Andhra Pradesh,Guntur,Premium Collector,2021-03-10
CUST03654,Lokesh Banerjee,43,36-45,Male,Self-Employed / Freelancer,899742,Married,Haryana,Karnal,Touring / Adventure,2020-06-12
CUST03655,Rahul Sharma,25,18-25,Male,Student,395299,Single,Odisha,Bhubaneswar,Daily Commuter,2020-12-13
CUST03656,Ganesh Patel,42,36-45,Male,Engineer,1443392,Single,Haryana,Panipat,Daily Commuter,2022-12-14
CUST03657,Manoj Pandey,40,36-45,Male,Business Owner,2661279,Single,Odisha,Cuttack,Touring / Adventure,2022-01-22
CUST03658,Vikram Joshi,22,18-25,Male,Business Owner,1866469,Single,Tamil Nadu,Chennai,Enthusiast,2020-09-30
CUST03659,Shreya Shah,26,26-35,Female,Government Employee,1102762,Single,Karnataka,Belagavi,Enthusiast,2024-03-12
CUST03660,Ganesh Deshmukh,29,26-35,Male,Defense Personnel,1251891,Single,Gujarat,Vadodara,Premium Collector,2020-07-16
CUST03661,Harish Kulkarni,41,36-45,Male,Government Employee,831127,Married,Maharashtra,Aurangabad,Enthusiast,2023-08-06
CUST03662,Suresh Sharma,61,60+,Male,Business Owner,1044903,Single,Goa,Panaji,Touring / Adventure,2024-11-19
CUST03663,Amit Mehta,34,26-35,Male,Self-Employed / Freelancer,1363684,Married,Uttar Pradesh,Lucknow,Daily Commuter,2022-04-25
CUST03664,Preeti Shetty,21,18-25,Female,Engineer,1438342,Single,Uttar Pradesh,Lucknow,First-time Buyer,2025-08-30
CUST03665,Rahul Kumar,51,46-60,Male,Healthcare Professional,722824,Married,Chhattisgarh,Bhilai,Enthusiast,2022-04-08
CUST03666,Karan Shetty,18,18-25,Male,Healthcare Professional,2373764,Single,Chhattisgarh,Bilaspur,Premium Collector,2025-01-30
CUST03667,Ashok Rao,27,26-35,Male,Engineer,1178945,Single,Karnataka,Mangaluru,Premium Collector,2026-03-25
CUST03668,Riya Reddy,19,18-25,Female,Business Owner,1431957,Single,Gujarat,Surat,Enthusiast,2024-08-26
CUST03669,Prakash Mishra,19,18-25,Male,IT Professional,878026,Single,Uttar Pradesh,Noida,Daily Commuter,2026-03-11
CUST03670,Vijay Verma,37,36-45,Male,IT Professional,2069648,Single,Jharkhand,Ranchi,Premium Collector,2022-12-12
CUST03671,Shreya Gupta,31,26-35,Female,IT Professional,2052071,Married,Delhi,West Delhi,Enthusiast,2020-11-15
CUST03672,Arjun Pillai,41,36-45,Male,Banker / Finance,1364159,Single,Uttar Pradesh,Varanasi,Enthusiast,2022-04-05
CUST03673,Dev Singh,27,26-35,Male,Business Owner,2811419,Married,Punjab,Patiala,Touring / Adventure,2024-12-25
CUST03674,Abhishek Pandey,20,18-25,Male,Self-Employed / Freelancer,670668,Single,Madhya Pradesh,Indore,First-time Buyer,2024-04-26
CUST03675,Rahul Mehta,31,26-35,Male,Engineer,835231,Single,Maharashtra,Pune,Enthusiast,2021-06-30
CUST03676,Preeti Patel,25,18-25,Female,IT Professional,2302559,Single,Maharashtra,Nashik,Premium Collector,2021-04-22
CUST03677,Deepak Das,27,26-35,Male,IT Professional,2028222,Single,Assam,Dibrugarh,Premium Collector,2023-09-20
CUST03678,Amit Menon,42,36-45,Male,IT Professional,1019925,Married,Gujarat,Bhavnagar,Enthusiast,2022-01-13
CUST03679,Rajesh Pillai,36,36-45,Male,IT Professional,1161740,Married,Chhattisgarh,Raipur,First-time Buyer,2020-04-01
CUST03680,Lokesh Gowda,31,26-35,Male,IT Professional,1339262,Single,Gujarat,Rajkot,Touring / Adventure,2021-02-13
CUST03681,Rohan Mishra,28,26-35,Male,Business Owner,1076010,Single,Uttar Pradesh,Kanpur,Enthusiast,2025-09-17
CUST03682,Prakash Bhat,19,18-25,Male,Defense Personnel,1112011,Single,Maharashtra,Mumbai,Daily Commuter,2023-02-14
CUST03683,Vikram Bhat,41,36-45,Male,Healthcare Professional,2001867,Married,Jharkhand,Ranchi,Premium Collector,2022-12-11
CUST03684,Ashok Chowdhury,20,18-25,Male,Defense Personnel,902948,Single,Telangana,Hyderabad,Daily Commuter,2020-12-15
CUST03685,Karan Chowdhury,24,18-25,Male,Government Employee,1126479,Single,Telangana,Karimnagar,Enthusiast,2026-05-28
CUST03686,Rahul Chowdhury,26,26-35,Male,Banker / Finance,1006634,Married,Tamil Nadu,Coimbatore,Touring / Adventure,2022-09-14
CUST03687,Preeti Agarwal,21,18-25,Female,Defense Personnel,760354,Married,Madhya Pradesh,Bhopal,Daily Commuter,2020-12-23
CUST03688,Pranav Bhat,34,26-35,Male,Defense Personnel,1326263,Single,Andhra Pradesh,Tirupati,Enthusiast,2022-08-25
CUST03689,Vikram Bhat,31,26-35,Male,IT Professional,796971,Married,Haryana,Gurugram,Daily Commuter,2025-03-01
CUST03690,Riya Kulkarni,53,46-60,Female,Government Employee,821513,Married,Assam,Silchar,First-time Buyer,2023-06-03
CUST03691,Ashok Deshmukh,27,26-35,Male,IT Professional,673344,Married,Haryana,Gurugram,Daily Commuter,2022-05-20
CUST03692,Sachin Iyer,23,18-25,Male,Government Employee,743167,Single,Kerala,Kochi,Daily Commuter,2025-08-21
CUST03693,Dev Reddy,19,18-25,Male,Engineer,1591359,Single,Bihar,Patna,First-time Buyer,2026-05-06
CUST03694,Nikhil Kumar,40,36-45,Male,Business Owner,3283541,Married,Uttar Pradesh,Kanpur,Enthusiast,2022-04-04
CUST03695,Manish Bhat,20,18-25,Male,Student,524649,Single,Maharashtra,Nagpur,First-time Buyer,2023-09-04
CUST03696,Siddharth Pillai,28,26-35,Male,IT Professional,841708,Married,Madhya Pradesh,Bhopal,Daily Commuter,2022-02-12
CUST03697,Manish Iyer,30,26-35,Male,Government Employee,1425195,Married,Punjab,Jalandhar,Touring / Adventure,2024-11-15
CUST03698,Aditya Reddy,19,18-25,Male,Government Employee,996028,Married,Jharkhand,Ranchi,Enthusiast,2025-07-15
CUST03699,Abhishek Joshi,38,36-45,Male,Student,543264,Married,Chhattisgarh,Bhilai,First-time Buyer,2023-12-11
CUST03700,Karthik Kulkarni,36,36-45,Male,Defense Personnel,456394,Married,Gujarat,Surat,Premium Collector,2025-08-21
CUST03701,Pranav Pillai,44,36-45,Male,Engineer,1608180,Married,Andhra Pradesh,Vijayawada,Daily Commuter,2023-10-26
CUST03702,Vaishnavi Patel,23,18-25,Female,IT Professional,1043150,Single,Karnataka,Belagavi,First-time Buyer,2022-11-08
CUST03703,Isha Deshmukh,33,26-35,Female,Business Owner,1384275,Single,Delhi,North Delhi,First-time Buyer,2023-12-02
CUST03704,Siddharth Pandey,33,26-35,Male,Engineer,1676393,Married,Haryana,Karnal,Enthusiast,2022-12-11
CUST03705,Dev Joshi,31,26-35,Male,Engineer,1092619,Married,Chhattisgarh,Bilaspur,Enthusiast,2023-06-12
CUST03706,Dev Nair,44,36-45,Male,Defense Personnel,1288251,Single,Andhra Pradesh,Tirupati,Touring / Adventure,2024-06-28
CUST03707,Manish Kumar,19,18-25,Male,IT Professional,1763236,Single,Delhi,West Delhi,First-time Buyer,2025-05-10
CUST03708,Sunita Rao,26,26-35,Female,Defense Personnel,1025339,Married,Gujarat,Ahmedabad,Premium Collector,2026-06-19
CUST03709,Vijay Menon,33,26-35,Male,Engineer,1007534,Single,Rajasthan,Jaipur,Premium Collector,2024-03-16
CUST03710,Naveen Bhat,23,18-25,Male,Business Owner,2465429,Single,West Bengal,Durgapur,Premium Collector,2024-07-16
CUST03711,Ashok Pillai,23,18-25,Male,Engineer,1130830,Single,Tamil Nadu,Madurai,First-time Buyer,2022-10-12
CUST03712,Rahul Patel,23,18-25,Male,Government Employee,875958,Single,Haryana,Panipat,Daily Commuter,2020-10-03
CUST03713,Anand Gupta,28,26-35,Male,Healthcare Professional,2660482,Married,Maharashtra,Thane,Premium Collector,2023-07-07
CUST03714,Manoj Singh,22,18-25,Male,Defense Personnel,581207,Single,Telangana,Nizamabad,First-time Buyer,2025-05-11
CUST03715,Vijay Sharma,26,26-35,Male,Healthcare Professional,2581625,Married,Kerala,Thiruvananthapuram,Touring / Adventure,2023-03-26
CUST03716,Sanjay Patel,33,26-35,Male,IT Professional,1267743,Single,Uttar Pradesh,Ghaziabad,Daily Commuter,2024-11-22
CUST03717,Karan Sharma,25,18-25,Male,Defense Personnel,646932,Single,Kerala,Kochi,Daily Commuter,2020-04-14
CUST03718,Lokesh Shah,29,26-35,Male,Government Employee,1204765,Single,Delhi,North Delhi,Daily Commuter,2026-05-21
CUST03719,Ananya Shah,34,26-35,Female,Student,496046,Married,Andhra Pradesh,Visakhapatnam,Premium Collector,2021-09-21
CUST03720,Pranav Deshmukh,32,26-35,Male,Business Owner,2030279,Single,Tamil Nadu,Coimbatore,Touring / Adventure,2022-12-17
CUST03721,Vivek Gupta,23,18-25,Male,Banker / Finance,587529,Single,Uttar Pradesh,Noida,First-time Buyer,2026-01-20
CUST03722,Karan Rao,26,26-35,Male,Engineer,1383415,Married,Chhattisgarh,Bhilai,Enthusiast,2023-01-03
CUST03723,Vivek Reddy,48,46-60,Male,IT Professional,1677981,Married,Uttar Pradesh,Kanpur,Touring / Adventure,2022-04-18
CUST03724,Vivek Bhat,28,26-35,Male,IT Professional,1143255,Married,Jharkhand,Jamshedpur,First-time Buyer,2024-05-24
CUST03725,Deepika Reddy,30,26-35,Female,Student,393713,Single,Gujarat,Rajkot,Enthusiast,2022-02-23
CUST03726,Vijay Agarwal,32,26-35,Male,Engineer,595204,Married,Haryana,Faridabad,Touring / Adventure,2024-06-26
CUST03727,Ganesh Rao,21,18-25,Male,Business Owner,2298136,Single,Maharashtra,Nashik,Touring / Adventure,2021-09-24
CUST03728,Anand Nair,30,26-35,Male,Government Employee,1398841,Married,Madhya Pradesh,Bhopal,Daily Commuter,2025-10-10
CUST03729,Sneha Shetty,39,36-45,Female,Healthcare Professional,1308416,Single,Assam,Guwahati,Daily Commuter,2020-01-19
CUST03730,Lakshmi Rao,43,36-45,Female,Business Owner,2324332,Single,Gujarat,Bhavnagar,Touring / Adventure,2024-12-14
CUST03731,Divya Agarwal,33,26-35,Female,IT Professional,1044327,Married,Madhya Pradesh,Jabalpur,Enthusiast,2025-12-27
CUST03732,Siddharth Pandey,31,26-35,Male,Engineer,719683,Single,Gujarat,Rajkot,Daily Commuter,2025-11-18
CUST03733,Amit Chowdhury,40,36-45,Male,Healthcare Professional,2181319,Married,Haryana,Gurugram,Touring / Adventure,2025-02-04
CUST03734,Ganesh Chowdhury,33,26-35,Male,Defense Personnel,1270652,Single,Maharashtra,Pune,Enthusiast,2023-08-08
CUST03735,Yash Shah,33,26-35,Male,Business Owner,980924,Single,Tamil Nadu,Coimbatore,Touring / Adventure,2023-05-01
CUST03736,Vijay Pillai,33,26-35,Male,Engineer,1580547,Married,Tamil Nadu,Chennai,First-time Buyer,2023-03-18
CUST03737,Nidhi Kumar,21,18-25,Female,IT Professional,1718707,Single,Punjab,Patiala,Daily Commuter,2023-07-05
CUST03738,Aditya Pandey,35,26-35,Male,Healthcare Professional,740962,Married,Bihar,Gaya,Daily Commuter,2021-03-07
CUST03739,Pooja Chowdhury,27,26-35,Female,Government Employee,1017415,Married,Madhya Pradesh,Ujjain,Touring / Adventure,2026-02-12
CUST03740,Suresh Shah,23,18-25,Male,IT Professional,1823282,Single,Maharashtra,Nagpur,Daily Commuter,2021-08-09
CUST03741,Pooja Pandey,29,26-35,Female,IT Professional,1499402,Single,Maharashtra,Thane,Daily Commuter,2022-03-15
CUST03742,Pooja Bhat,45,36-45,Female,Engineer,1505953,Married,Uttar Pradesh,Varanasi,Touring / Adventure,2026-01-11
CUST03743,Sachin Nair,35,26-35,Male,IT Professional,1319424,Married,Gujarat,Rajkot,Daily Commuter,2021-12-18
CUST03744,Prakash Rao,27,26-35,Male,IT Professional,1655205,Married,Delhi,New Delhi,Enthusiast,2021-10-22
CUST03745,Ramesh Pandey,33,26-35,Male,Healthcare Professional,1404776,Married,Telangana,Karimnagar,Enthusiast,2021-05-08
CUST03746,Rajesh Menon,32,26-35,Male,Business Owner,2641830,Single,Gujarat,Vadodara,Touring / Adventure,2025-03-20
CUST03747,Ganesh Shetty,36,36-45,Male,Business Owner,2452858,Single,Jharkhand,Ranchi,Touring / Adventure,2024-12-08
CUST03748,Anand Gowda,50,46-60,Male,Healthcare Professional,2754130,Married,Uttar Pradesh,Ghaziabad,Touring / Adventure,2024-06-28
CUST03749,Karan Pillai,33,26-35,Male,IT Professional,1106322,Single,Andhra Pradesh,Visakhapatnam,Premium Collector,2026-02-05
CUST03750,Divya Pandey,26,26-35,Female,Self-Employed / Freelancer,645184,Single,Kerala,Kochi,First-time Buyer,2021-10-02
CUST03751,Rahul Das,27,26-35,Male,IT Professional,984664,Married,Karnataka,Bengaluru,Touring / Adventure,2020-12-28
CUST03752,Rajesh Gowda,28,26-35,Male,Banker / Finance,1105934,Married,Delhi,South Delhi,Touring / Adventure,2023-03-07
CUST03753,Ramesh Patel,43,36-45,Male,Business Owner,2637006,Single,Tamil Nadu,Coimbatore,Enthusiast,2020-11-06
CUST03754,Aditya Deshmukh,42,36-45,Male,Defense Personnel,531772,Single,Uttar Pradesh,Varanasi,Enthusiast,2025-04-18
CUST03755,Manish Reddy,25,18-25,Male,Self-Employed / Freelancer,828457,Married,Chhattisgarh,Raipur,First-time Buyer,2025-07-15
CUST03756,Arjun Patel,19,18-25,Male,Healthcare Professional,1168299,Single,Maharashtra,Nagpur,First-time Buyer,2021-12-09
CUST03757,Swati Patel,20,18-25,Female,Business Owner,2928545,Married,Uttar Pradesh,Ghaziabad,Premium Collector,2022-01-20
CUST03758,Nikhil Banerjee,26,26-35,Male,Government Employee,572411,Married,West Bengal,Kolkata,Enthusiast,2026-04-23
CUST03759,Lakshmi Patel,28,26-35,Female,Business Owner,2756598,Married,Andhra Pradesh,Vijayawada,Premium Collector,2021-02-03
CUST03760,Sanjay Verma,33,26-35,Male,Banker / Finance,1980718,Married,Haryana,Gurugram,Daily Commuter,2023-05-26
CUST03761,Dev Shah,33,26-35,Male,Healthcare Professional,986405,Married,Andhra Pradesh,Visakhapatnam,Daily Commuter,2023-01-18
CUST03762,Pooja Deshmukh,51,46-60,Other,Business Owner,2365356,Single,Chhattisgarh,Raipur,Premium Collector,2023-11-22
CUST03763,Rahul Shah,26,26-35,Male,IT Professional,1549575,Married,Punjab,Jalandhar,Enthusiast,2023-10-23
CUST03764,Vivek Verma,41,36-45,Male,Healthcare Professional,1356435,Single,Kerala,Kollam,Premium Collector,2021-11-22
CUST03765,Siddharth Mehta,31,26-35,Male,Business Owner,1355796,Married,Karnataka,Belagavi,Daily Commuter,2024-12-08
CUST03766,Dinesh Chowdhury,55,46-60,Male,Business Owner,1137604,Married,Chhattisgarh,Raipur,Enthusiast,2024-10-11
CUST03767,Ramesh Gowda,45,36-45,Male,Student,470320,Married,Punjab,Chandigarh,Enthusiast,2021-04-01
CUST03768,Sanjay Bhat,29,26-35,Male,Defense Personnel,718459,Married,Kerala,Kollam,Touring / Adventure,2024-01-23
CUST03769,Aditya Mehta,23,18-25,Male,Government Employee,826654,Single,Telangana,Nizamabad,First-time Buyer,2023-09-05
CUST03770,Amit Shah,49,46-60,Male,IT Professional,1622580,Single,Madhya Pradesh,Ujjain,Touring / Adventure,2022-02-14
CUST03771,Rohan Bhat,50,46-60,Male,Engineer,1051255,Married,Gujarat,Ahmedabad,Daily Commuter,2022-02-23
CUST03772,Manish Deshmukh,26,26-35,Male,IT Professional,1952683,Married,Maharashtra,Nashik,Daily Commuter,2024-06-14
CUST03773,Nikhil Deshmukh,26,26-35,Male,Business Owner,2205131,Married,Odisha,Cuttack,Premium Collector,2025-04-20
CUST03774,Ramesh Bhat,32,26-35,Male,Business Owner,1239931,Married,Assam,Silchar,Touring / Adventure,2023-03-16
CUST03775,Ramesh Reddy,64,60+,Male,Defense Personnel,707624,Married,Karnataka,Mysuru,First-time Buyer,2025-03-07
CUST03776,Amit Banerjee,31,26-35,Male,Business Owner,2365522,Single,Karnataka,Mysuru,Touring / Adventure,2022-08-06
CUST03777,Pooja Shah,30,26-35,Female,IT Professional,1551987,Married,Haryana,Karnal,Premium Collector,2023-11-11
CUST03778,Dinesh Patel,24,18-25,Male,IT Professional,1370607,Single,Gujarat,Surat,First-time Buyer,2026-04-05
CUST03779,Harish Rao,19,18-25,Male,Self-Employed / Freelancer,1242702,Single,Tamil Nadu,Salem,Daily Commuter,2021-10-20
CUST03780,Yash Iyer,21,18-25,Male,IT Professional,1819376,Single,Gujarat,Surat,First-time Buyer,2023-03-15
CUST03781,Manish Banerjee,26,26-35,Male,Business Owner,3360811,Married,Karnataka,Hubballi,Premium Collector,2020-03-28
CUST03782,Deepak Sharma,39,36-45,Male,Business Owner,1177634,Married,Delhi,West Delhi,Daily Commuter,2025-09-25
CUST03783,Priya Menon,38,36-45,Female,Business Owner,1419575,Single,Uttar Pradesh,Ghaziabad,Premium Collector,2021-10-24
CUST03784,Deepak Kumar,35,26-35,Male,Engineer,1727863,Single,Tamil Nadu,Madurai,Premium Collector,2020-10-26
CUST03785,Pooja Kulkarni,24,18-25,Female,Defense Personnel,599162,Single,Andhra Pradesh,Vijayawada,First-time Buyer,2020-07-17
CUST03786,Ramesh Mehta,27,26-35,Male,IT Professional,1063573,Married,Maharashtra,Thane,Premium Collector,2022-12-22
CUST03787,Suresh Agarwal,23,18-25,Male,IT Professional,1029782,Single,Odisha,Cuttack,Enthusiast,2022-07-15
CUST03788,Suresh Kulkarni,27,26-35,Male,Healthcare Professional,1628119,Married,Gujarat,Ahmedabad,Daily Commuter,2024-04-04
CUST03789,Lokesh Shah,54,46-60,Male,IT Professional,2106025,Married,Kerala,Thiruvananthapuram,Enthusiast,2021-06-19
CUST03790,Harish Verma,57,46-60,Male,Defense Personnel,833194,Married,Madhya Pradesh,Gwalior,Daily Commuter,2023-12-28
CUST03791,Aditya Gupta,45,36-45,Male,Business Owner,3283378,Married,Delhi,South Delhi,Premium Collector,2022-02-22
CUST03792,Riya Pillai,29,26-35,Female,Business Owner,2846867,Married,Uttar Pradesh,Ghaziabad,Enthusiast,2024-01-17
CUST03793,Dev Nair,23,18-25,Male,Defense Personnel,928885,Single,Punjab,Jalandhar,First-time Buyer,2025-01-25
CUST03794,Manoj Sharma,37,36-45,Male,IT Professional,1200417,Married,Rajasthan,Udaipur,Touring / Adventure,2023-12-19
CUST03795,Amit Verma,22,18-25,Male,Government Employee,1144471,Single,Kerala,Kochi,First-time Buyer,2021-08-05
CUST03796,Anand Agarwal,30,26-35,Male,IT Professional,1402689,Married,Telangana,Karimnagar,Touring / Adventure,2024-08-12
CUST03797,Amit Chowdhury,32,26-35,Male,IT Professional,1104024,Married,Odisha,Bhubaneswar,Premium Collector,2022-02-08
CUST03798,Radhika Pillai,27,26-35,Female,IT Professional,1574431,Married,Delhi,North Delhi,Daily Commuter,2022-03-11
CUST03799,Naveen Kulkarni,33,26-35,Male,IT Professional,930551,Married,Chhattisgarh,Bilaspur,Enthusiast,2022-08-17
CUST03800,Harish Mishra,41,36-45,Male,IT Professional,1710429,Married,Maharashtra,Aurangabad,Premium Collector,2021-07-14
CUST03801,Pooja Sharma,30,26-35,Female,Student,598789,Married,Odisha,Bhubaneswar,Enthusiast,2023-08-31
CUST03802,Deepak Bhat,28,26-35,Male,Healthcare Professional,1207182,Married,Tamil Nadu,Chennai,Daily Commuter,2023-01-12
CUST03803,Amit Joshi,35,26-35,Male,Healthcare Professional,1766063,Married,Gujarat,Vadodara,First-time Buyer,2020-03-21
CUST03804,Ramesh Kulkarni,34,26-35,Male,Business Owner,1482660,Married,Andhra Pradesh,Guntur,Daily Commuter,2025-11-10
CUST03805,Yash Joshi,24,18-25,Male,Engineer,548352,Single,Odisha,Rourkela,First-time Buyer,2024-01-12
CUST03806,Lokesh Chowdhury,40,36-45,Male,IT Professional,1489962,Married,Gujarat,Bhavnagar,Enthusiast,2025-09-16
CUST03807,Sanjay Gowda,40,36-45,Male,Defense Personnel,1096827,Married,Rajasthan,Jodhpur,Daily Commuter,2022-06-21
CUST03808,Sachin Verma,39,36-45,Male,IT Professional,907337,Single,Maharashtra,Pune,Premium Collector,2023-10-16
CUST03809,Rahul Reddy,64,60+,Male,Government Employee,906538,Married,Uttar Pradesh,Noida,Daily Commuter,2026-01-05
CUST03810,Karthik Chowdhury,40,36-45,Male,Banker / Finance,1780563,Single,Delhi,South Delhi,Touring / Adventure,2026-03-20
CUST03811,Rajesh Shetty,58,46-60,Male,Self-Employed / Freelancer,615782,Single,Chhattisgarh,Bilaspur,Touring / Adventure,2021-06-03
CUST03812,Deepika Shah,21,18-25,Female,IT Professional,1256919,Single,Assam,Dibrugarh,First-time Buyer,2023-11-22
CUST03813,Sneha Joshi,43,36-45,Female,Government Employee,707159,Married,Uttar Pradesh,Kanpur,Touring / Adventure,2024-04-10
CUST03814,Divya Joshi,27,26-35,Female,IT Professional,1556786,Single,Haryana,Karnal,Touring / Adventure,2024-08-25
CUST03815,Ganesh Joshi,28,26-35,Male,Business Owner,1090071,Single,Uttar Pradesh,Kanpur,Touring / Adventure,2025-05-26
CUST03816,Aarav Iyer,41,36-45,Male,Banker / Finance,812936,Single,Maharashtra,Pune,Touring / Adventure,2023-05-03
CUST03817,Deepak Pillai,39,36-45,Male,IT Professional,2310746,Married,West Bengal,Kolkata,Premium Collector,2025-01-24
CUST03818,Karan Singh,36,36-45,Male,Engineer,1682142,Single,Karnataka,Bengaluru,Daily Commuter,2022-10-26
CUST03819,Neha Gupta,28,26-35,Female,Business Owner,2457177,Married,Maharashtra,Pune,Touring / Adventure,2025-11-20
CUST03820,Prakash Sharma,53,46-60,Male,IT Professional,641935,Married,Bihar,Muzaffarpur,Premium Collector,2024-01-21
CUST03821,Dev Bhat,29,26-35,Male,Engineer,1710824,Married,Kerala,Thiruvananthapuram,Daily Commuter,2021-02-27
CUST03822,Aditya Iyer,26,26-35,Male,Banker / Finance,779782,Married,Kerala,Thrissur,Touring / Adventure,2023-01-10
CUST03823,Ganesh Reddy,41,36-45,Male,Business Owner,834948,Single,Punjab,Chandigarh,Touring / Adventure,2024-12-09
CUST03824,Sachin Agarwal,34,26-35,Male,IT Professional,938932,Married,Maharashtra,Nagpur,Premium Collector,2020-01-24
CUST03825,Anand Deshmukh,33,26-35,Male,IT Professional,2123945,Single,Karnataka,Mysuru,Premium Collector,2023-01-15
CUST03826,Ganesh Shah,32,26-35,Male,IT Professional,2349875,Married,Maharashtra,Thane,Premium Collector,2024-08-30
CUST03827,Sanjay Menon,33,26-35,Male,Business Owner,2250654,Single,Kerala,Kollam,Enthusiast,2025-02-27
CUST03828,Riya Reddy,63,60+,Female,Business Owner,3394955,Single,Kerala,Thiruvananthapuram,Premium Collector,2023-09-23
CUST03829,Pooja Iyer,28,26-35,Female,Business Owner,3228984,Married,Bihar,Patna,Touring / Adventure,2025-07-08
CUST03830,Pooja Das,44,36-45,Female,Defense Personnel,1163654,Married,Tamil Nadu,Madurai,Enthusiast,2020-12-03
CUST03831,Radhika Mehta,20,18-25,Female,IT Professional,1987746,Married,Punjab,Chandigarh,Enthusiast,2020-07-12
CUST03832,Ramesh Shetty,34,26-35,Male,IT Professional,713943,Married,Odisha,Cuttack,Touring / Adventure,2024-08-11
CUST03833,Pranav Kulkarni,32,26-35,Male,Business Owner,2373933,Single,Bihar,Muzaffarpur,Touring / Adventure,2026-06-21
CUST03834,Vivek Shah,40,36-45,Male,IT Professional,938922,Married,Rajasthan,Jodhpur,Daily Commuter,2025-07-06
CUST03835,Nidhi Menon,34,26-35,Female,Engineer,1326058,Married,Uttar Pradesh,Lucknow,Daily Commuter,2022-09-25
CUST03836,Nikhil Pandey,35,26-35,Male,IT Professional,1670906,Married,Andhra Pradesh,Guntur,Daily Commuter,2023-12-30
CUST03837,Sachin Mehta,60,46-60,Male,Business Owner,3496929,Married,Rajasthan,Jodhpur,Premium Collector,2021-01-26
CUST03838,Tanvi Das,36,36-45,Female,Business Owner,1640138,Married,Haryana,Gurugram,Premium Collector,2024-08-19
CUST03839,Rahul Rao,22,18-25,Male,Government Employee,771969,Single,Madhya Pradesh,Bhopal,Enthusiast,2023-05-11
CUST03840,Amit Iyer,33,26-35,Male,Engineer,851845,Married,Chhattisgarh,Bhilai,Touring / Adventure,2022-07-31
CUST03841,Vikram Nair,42,36-45,Male,Government Employee,879264,Married,Gujarat,Surat,Daily Commuter,2021-11-06
CUST03842,Isha Pandey,60,46-60,Female,Defense Personnel,1070222,Married,Tamil Nadu,Madurai,Touring / Adventure,2025-10-27
CUST03843,Divya Mishra,32,26-35,Female,Banker / Finance,1102808,Single,Madhya Pradesh,Indore,Daily Commuter,2024-11-24
CUST03844,Pooja Reddy,20,18-25,Female,IT Professional,1894236,Single,West Bengal,Durgapur,Daily Commuter,2021-08-09
CUST03845,Suresh Mehta,43,36-45,Male,Business Owner,3196993,Married,Andhra Pradesh,Guntur,Premium Collector,2020-03-26
CUST03846,Sanjay Gupta,45,36-45,Male,Government Employee,1117693,Married,Punjab,Patiala,First-time Buyer,2025-05-24
CUST03847,Dinesh Gupta,28,26-35,Male,Business Owner,1143419,Single,Gujarat,Rajkot,Daily Commuter,2023-09-09
CUST03848,Deepika Pillai,21,18-25,Female,IT Professional,1549778,Single,Delhi,New Delhi,Enthusiast,2026-03-29
CUST03849,Ganesh Verma,30,26-35,Male,IT Professional,2189271,Married,Gujarat,Surat,Touring / Adventure,2024-01-09
CUST03850,Prakash Patel,24,18-25,Male,IT Professional,1760998,Single,Goa,Panaji,Enthusiast,2023-01-04
CUST03851,Kavya Agarwal,33,26-35,Female,Government Employee,1262343,Married,Odisha,Bhubaneswar,Enthusiast,2024-01-14
CUST03852,Vijay Nair,32,26-35,Male,Healthcare Professional,1885220,Single,Kerala,Kochi,Touring / Adventure,2023-03-02
CUST03853,Nikhil Gupta,20,18-25,Male,Government Employee,878324,Single,Delhi,North Delhi,Daily Commuter,2021-08-21
CUST03854,Rajesh Iyer,32,26-35,Male,IT Professional,2374417,Single,Kerala,Kochi,Touring / Adventure,2025-12-26
CUST03855,Vivek Das,32,26-35,Male,Engineer,1283768,Single,Assam,Silchar,Daily Commuter,2020-07-02
CUST03856,Anand Pillai,30,26-35,Male,Government Employee,963407,Single,Madhya Pradesh,Ujjain,First-time Buyer,2023-12-14
CUST03857,Amit Singh,51,46-60,Male,Business Owner,2643256,Married,Jharkhand,Ranchi,Premium Collector,2021-07-15
CUST03858,Naveen Mishra,23,18-25,Male,Business Owner,1118026,Married,Maharashtra,Mumbai,Daily Commuter,2021-05-30
CUST03859,Aditya Rao,41,36-45,Male,Healthcare Professional,1897028,Single,Kerala,Thiruvananthapuram,First-time Buyer,2025-12-31
CUST03860,Aarav Mehta,33,26-35,Male,Business Owner,3083791,Married,Karnataka,Mysuru,Enthusiast,2021-04-21
CUST03861,Amit Nair,31,26-35,Male,Business Owner,2416798,Single,Odisha,Rourkela,Premium Collector,2026-03-10
CUST03862,Ganesh Reddy,49,46-60,Male,Student,397993,Married,Bihar,Patna,Daily Commuter,2026-05-26
CUST03863,Nikhil Sharma,34,26-35,Male,IT Professional,2186699,Married,Bihar,Patna,Premium Collector,2025-01-06
CUST03864,Nidhi Pandey,33,26-35,Female,IT Professional,1859024,Married,Jharkhand,Dhanbad,Touring / Adventure,2020-04-08
CUST03865,Rahul Chowdhury,41,36-45,Male,Defense Personnel,1094221,Married,Andhra Pradesh,Tirupati,Enthusiast,2025-04-19
CUST03866,Deepak Gupta,21,18-25,Male,Self-Employed / Freelancer,1286117,Single,Maharashtra,Aurangabad,Daily Commuter,2021-08-28
CUST03867,Rajesh Gupta,36,36-45,Male,IT Professional,1123748,Married,Maharashtra,Aurangabad,Premium Collector,2025-02-10
CUST03868,Pranav Shah,27,26-35,Male,Government Employee,610526,Married,Madhya Pradesh,Gwalior,First-time Buyer,2024-09-18
CUST03869,Vivek Bhat,19,18-25,Male,Government Employee,1054938,Single,Gujarat,Surat,Daily Commuter,2026-06-27
CUST03870,Rohan Gupta,45,36-45,Male,Engineer,1718269,Married,Telangana,Karimnagar,Enthusiast,2020-06-07
CUST03871,Divya Gowda,19,18-25,Other,Healthcare Professional,2787576,Single,Goa,Panaji,Touring / Adventure,2020-05-21
CUST03872,Vikram Nair,26,26-35,Male,Student,415633,Married,West Bengal,Kolkata,Daily Commuter,2021-07-21
CUST03873,Vikram Gupta,34,26-35,Male,Engineer,825679,Married,Jharkhand,Dhanbad,Daily Commuter,2022-02-16
CUST03874,Arjun Joshi,25,18-25,Male,Government Employee,1382468,Single,Karnataka,Mangaluru,Enthusiast,2022-09-09
CUST03875,Divya Sharma,30,26-35,Female,Government Employee,876454,Married,Uttar Pradesh,Varanasi,Touring / Adventure,2024-10-01
CUST03876,Ritu Menon,43,36-45,Female,Healthcare Professional,2440726,Married,Punjab,Jalandhar,Enthusiast,2025-12-24
CUST03877,Nikhil Pillai,36,36-45,Male,Engineer,1645185,Married,Karnataka,Bengaluru,Premium Collector,2023-06-18
CUST03878,Aditya Banerjee,20,18-25,Male,Business Owner,1205504,Single,Punjab,Ludhiana,Daily Commuter,2023-08-24
CUST03879,Riya Kumar,55,46-60,Female,Healthcare Professional,1850504,Married,Andhra Pradesh,Vijayawada,Daily Commuter,2020-06-25
CUST03880,Yash Mehta,19,18-25,Male,IT Professional,1193119,Single,Tamil Nadu,Chennai,Enthusiast,2024-12-07
CUST03881,Naveen Iyer,39,36-45,Male,Engineer,1033354,Married,Bihar,Patna,Enthusiast,2022-02-25
CUST03882,Anand Patel,19,18-25,Male,IT Professional,2330930,Single,Chhattisgarh,Raipur,Premium Collector,2023-09-16
CUST03883,Aditya Deshmukh,40,36-45,Male,Healthcare Professional,2251947,Married,Assam,Guwahati,Enthusiast,2025-12-14
CUST03884,Vijay Kulkarni,30,26-35,Male,Business Owner,1972915,Married,Bihar,Muzaffarpur,Touring / Adventure,2021-04-04
CUST03885,Vijay Pillai,30,26-35,Male,Business Owner,2564616,Married,Bihar,Patna,Premium Collector,2022-08-02
CUST03886,Aditya Reddy,31,26-35,Male,Business Owner,2953836,Single,Maharashtra,Aurangabad,Premium Collector,2024-10-26
CUST03887,Karthik Joshi,18,18-25,Male,Engineer,1027372,Single,Goa,Panaji,Enthusiast,2022-09-02
CUST03888,Nikhil Gowda,34,26-35,Male,Defense Personnel,757582,Single,Karnataka,Bengaluru,First-time Buyer,2021-07-14
CUST03889,Aditya Joshi,58,46-60,Male,Government Employee,770821,Married,Bihar,Gaya,Enthusiast,2022-01-24
CUST03890,Vaishnavi Nair,31,26-35,Female,Banker / Finance,1796072,Married,Uttar Pradesh,Noida,Enthusiast,2021-11-16
CUST03891,Sachin Verma,35,26-35,Male,IT Professional,2323156,Married,Jharkhand,Jamshedpur,Enthusiast,2024-09-21
CUST03892,Dev Agarwal,39,36-45,Male,Engineer,1006660,Married,Tamil Nadu,Salem,Daily Commuter,2021-12-18
CUST03893,Ashok Rao,21,18-25,Male,Engineer,1186494,Single,Chhattisgarh,Raipur,First-time Buyer,2022-01-27
CUST03894,Meera Nair,26,26-35,Female,Engineer,1200691,Single,Haryana,Karnal,Daily Commuter,2023-11-08
CUST03895,Amit Patel,20,18-25,Male,Government Employee,1479757,Single,Rajasthan,Udaipur,Enthusiast,2025-10-17
CUST03896,Karan Rao,44,36-45,Male,IT Professional,1509783,Married,West Bengal,Durgapur,Touring / Adventure,2021-07-25
CUST03897,Sunita Banerjee,57,46-60,Female,Defense Personnel,1317847,Married,Andhra Pradesh,Guntur,Touring / Adventure,2022-02-04
CUST03898,Lokesh Gowda,35,26-35,Male,IT Professional,2279340,Married,Andhra Pradesh,Guntur,Premium Collector,2022-10-25
CUST03899,Pranav Agarwal,26,26-35,Male,Engineer,1258469,Single,Maharashtra,Thane,Premium Collector,2021-08-08
CUST03900,Ramesh Menon,56,46-60,Male,IT Professional,1151886,Married,Delhi,West Delhi,Enthusiast,2020-03-27
CUST03901,Aditya Verma,19,18-25,Male,Government Employee,476137,Single,Bihar,Gaya,Enthusiast,2025-04-01
CUST03902,Manoj Patel,32,26-35,Male,Defense Personnel,701920,Married,Karnataka,Bengaluru,Daily Commuter,2023-05-18
CUST03903,Radhika Das,23,18-25,Female,IT Professional,905107,Single,Telangana,Nizamabad,Daily Commuter,2024-06-02
CUST03904,Prakash Shetty,35,26-35,Male,Defense Personnel,914412,Married,Telangana,Karimnagar,Premium Collector,2021-05-14
CUST03905,Rajesh Joshi,30,26-35,Male,Engineer,1368441,Married,Chhattisgarh,Raipur,Daily Commuter,2020-08-03
CUST03906,Manish Reddy,28,26-35,Male,Business Owner,1389750,Married,Uttar Pradesh,Ghaziabad,Enthusiast,2024-04-04
CUST03907,Vivek Gowda,20,18-25,Male,Defense Personnel,659892,Single,Assam,Silchar,First-time Buyer,2023-12-22
CUST03908,Aditya Iyer,30,26-35,Male,IT Professional,1072763,Married,Haryana,Panipat,Premium Collector,2020-07-07
CUST03909,Sachin Mehta,37,36-45,Male,Healthcare Professional,1305013,Married,Madhya Pradesh,Jabalpur,Daily Commuter,2020-10-20
CUST03910,Lokesh Singh,21,18-25,Male,Defense Personnel,895021,Single,Andhra Pradesh,Tirupati,First-time Buyer,2024-05-19
CUST03911,Ganesh Nair,61,60+,Male,IT Professional,1543913,Single,Tamil Nadu,Salem,Enthusiast,2022-02-11
CUST03912,Manoj Deshmukh,44,36-45,Male,Government Employee,673002,Married,Madhya Pradesh,Ujjain,Touring / Adventure,2022-01-09
CUST03913,Naveen Nair,33,26-35,Male,Banker / Finance,1914051,Single,Gujarat,Surat,Premium Collector,2020-03-13
CUST03914,Pranav Rao,29,26-35,Male,Student,479880,Married,Haryana,Faridabad,Daily Commuter,2022-09-26
CUST03915,Anand Shetty,41,36-45,Male,Business Owner,3061991,Single,Assam,Dibrugarh,Premium Collector,2022-09-08
CUST03916,Nikhil Kulkarni,31,26-35,Male,Business Owner,1639227,Married,Rajasthan,Udaipur,Enthusiast,2021-08-11
CUST03917,Aditya Banerjee,30,26-35,Male,Healthcare Professional,715854,Married,Gujarat,Vadodara,Enthusiast,2024-05-21
CUST03918,Pranav Joshi,21,18-25,Male,IT Professional,1280861,Single,Uttar Pradesh,Lucknow,First-time Buyer,2024-08-21
CUST03919,Deepak Banerjee,20,18-25,Male,IT Professional,793466,Single,Goa,Panaji,First-time Buyer,2021-08-06
CUST03920,Prakash Shetty,31,26-35,Male,Engineer,873912,Married,Rajasthan,Jaipur,Daily Commuter,2022-07-05
CUST03921,Pooja Agarwal,35,26-35,Female,IT Professional,1436306,Married,Haryana,Panipat,Enthusiast,2024-08-03
CUST03922,Anand Mishra,29,26-35,Male,Student,395326,Married,Madhya Pradesh,Bhopal,Touring / Adventure,2026-03-25
CUST03923,Arjun Das,25,18-25,Male,IT Professional,827425,Single,Tamil Nadu,Coimbatore,Daily Commuter,2021-02-27
CUST03924,Karthik Kulkarni,51,46-60,Male,Business Owner,3473635,Married,Madhya Pradesh,Bhopal,Premium Collector,2024-08-14
CUST03925,Aarav Verma,33,26-35,Male,Government Employee,793291,Married,Uttar Pradesh,Kanpur,Touring / Adventure,2021-02-10
CUST03926,Lokesh Kumar,34,26-35,Male,Engineer,1303800,Married,Karnataka,Belagavi,Touring / Adventure,2025-06-29
CUST03927,Manoj Rao,24,18-25,Male,IT Professional,624056,Single,Madhya Pradesh,Indore,First-time Buyer,2020-02-15
CUST03928,Sanjay Singh,34,26-35,Male,IT Professional,1563519,Married,Gujarat,Surat,Touring / Adventure,2021-06-20
CUST03929,Ramesh Gowda,33,26-35,Male,Defense Personnel,963123,Married,Punjab,Patiala,Premium Collector,2021-12-14
CUST03930,Arjun Deshmukh,30,26-35,Male,IT Professional,1776480,Married,Gujarat,Rajkot,Premium Collector,2022-01-05
CUST03931,Siddharth Kulkarni,27,26-35,Male,Healthcare Professional,2515707,Married,Kerala,Kollam,Enthusiast,2023-12-24
CUST03932,Anita Menon,44,36-45,Female,IT Professional,2012532,Single,Haryana,Gurugram,Premium Collector,2026-06-25
CUST03933,Nikhil Mishra,37,36-45,Male,Engineer,1266189,Married,Uttar Pradesh,Ghaziabad,Enthusiast,2022-05-08
CUST03934,Nidhi Bhat,26,26-35,Female,IT Professional,2178561,Married,Uttar Pradesh,Noida,Premium Collector,2024-05-09
CUST03935,Karthik Pillai,59,46-60,Male,IT Professional,1867082,Single,Jharkhand,Jamshedpur,Touring / Adventure,2024-08-05
CUST03936,Suresh Rao,60,46-60,Male,Engineer,1485387,Married,Delhi,North Delhi,Enthusiast,2021-10-17
CUST03937,Rohan Shah,24,18-25,Male,IT Professional,1270196,Single,Andhra Pradesh,Vijayawada,Daily Commuter,2021-02-19
CUST03938,Sachin Iyer,24,18-25,Male,Business Owner,910468,Single,Gujarat,Ahmedabad,First-time Buyer,2022-02-13
CUST03939,Harish Iyer,22,18-25,Male,Defense Personnel,735018,Single,Maharashtra,Thane,First-time Buyer,2023-05-26
CUST03940,Riya Sharma,38,36-45,Female,Business Owner,2859588,Married,Kerala,Thiruvananthapuram,Touring / Adventure,2021-02-10
CUST03941,Pranav Sharma,27,26-35,Male,Student,596718,Married,Uttar Pradesh,Ghaziabad,Daily Commuter,2020-03-28
CUST03942,Ganesh Bhat,29,26-35,Male,Engineer,1537974,Married,Gujarat,Ahmedabad,Enthusiast,2024-09-25
CUST03943,Anand Kulkarni,25,18-25,Male,IT Professional,1951517,Single,Maharashtra,Nagpur,Daily Commuter,2020-06-01
CUST03944,Suresh Iyer,45,36-45,Male,Business Owner,1557115,Single,Maharashtra,Mumbai,Daily Commuter,2020-08-08
CUST03945,Prakash Agarwal,39,36-45,Male,Business Owner,1179166,Married,Kerala,Thiruvananthapuram,Enthusiast,2024-09-07
CUST03946,Vikram Shetty,36,36-45,Male,Student,563400,Married,Delhi,West Delhi,Enthusiast,2026-03-09
CUST03947,Sneha Bhat,28,26-35,Female,Engineer,1790781,Married,Gujarat,Rajkot,First-time Buyer,2020-09-17
CUST03948,Pooja Shetty,22,18-25,Female,Defense Personnel,488696,Single,Maharashtra,Nashik,First-time Buyer,2024-09-15
CUST03949,Pranav Gupta,39,36-45,Male,Engineer,822632,Married,Punjab,Jalandhar,First-time Buyer,2024-06-20
CUST03950,Prakash Nair,41,36-45,Other,IT Professional,1296618,Single,Kerala,Kochi,Premium Collector,2021-05-22
CUST03951,Kavya Das,36,36-45,Female,Engineer,1191463,Married,Bihar,Patna,Premium Collector,2022-01-15
CUST03952,Aarav Mehta,60,46-60,Male,Defense Personnel,538231,Married,Assam,Silchar,Enthusiast,2021-09-13
CUST03953,Rajesh Reddy,40,36-45,Male,IT Professional,1959589,Single,Punjab,Ludhiana,Premium Collector,2025-07-25
CUST03954,Vikram Reddy,18,18-25,Male,Business Owner,1317963,Single,Bihar,Gaya,Enthusiast,2024-12-13
CUST03955,Karthik Bhat,31,26-35,Male,IT Professional,1395693,Single,Delhi,North Delhi,Touring / Adventure,2021-09-24
CUST03956,Manoj Reddy,43,36-45,Male,Business Owner,2444268,Single,Haryana,Faridabad,Premium Collector,2020-08-14
CUST03957,Lokesh Gowda,23,18-25,Other,Government Employee,1144309,Single,Assam,Dibrugarh,Enthusiast,2023-09-30
CUST03958,Harish Das,23,18-25,Male,IT Professional,2339166,Single,Telangana,Karimnagar,Touring / Adventure,2025-10-29
CUST03959,Sanjay Patel,34,26-35,Male,Government Employee,1120097,Married,Gujarat,Bhavnagar,Daily Commuter,2023-12-26
CUST03960,Vijay Iyer,30,26-35,Male,Healthcare Professional,884118,Married,Assam,Guwahati,Daily Commuter,2026-02-25
CUST03961,Siddharth Gowda,22,18-25,Male,Business Owner,946565,Single,Madhya Pradesh,Gwalior,Daily Commuter,2020-07-17
CUST03962,Karan Singh,28,26-35,Male,IT Professional,1718083,Single,Assam,Silchar,First-time Buyer,2023-09-12
CUST03963,Manish Pillai,29,26-35,Male,Business Owner,3167101,Married,Punjab,Chandigarh,Premium Collector,2026-01-23
CUST03964,Karthik Shah,25,18-25,Male,IT Professional,1121318,Single,Gujarat,Bhavnagar,Daily Commuter,2026-04-15
CUST03965,Sachin Mishra,30,26-35,Male,IT Professional,803813,Married,West Bengal,Durgapur,Enthusiast,2023-08-28
CUST03966,Sanjay Menon,38,36-45,Male,Government Employee,488370,Married,Jharkhand,Jamshedpur,Daily Commuter,2025-12-27
CUST03967,Aarav Das,43,36-45,Male,Engineer,531005,Single,Jharkhand,Ranchi,Premium Collector,2023-05-28
CUST03968,Harish Sharma,29,26-35,Male,IT Professional,973335,Single,Bihar,Muzaffarpur,Enthusiast,2023-05-27
CUST03969,Isha Patel,51,46-60,Female,Self-Employed / Freelancer,830414,Single,Chhattisgarh,Bilaspur,Enthusiast,2020-10-11
CUST03970,Ashok Verma,19,18-25,Male,Banker / Finance,1659167,Married,Telangana,Nizamabad,Enthusiast,2024-10-18
CUST03971,Abhishek Kulkarni,45,36-45,Male,IT Professional,1107674,Married,Gujarat,Surat,Enthusiast,2023-03-02
CUST03972,Dev Deshmukh,37,36-45,Male,Government Employee,453522,Married,Punjab,Jalandhar,Premium Collector,2020-05-16
CUST03973,Vikram Kulkarni,43,36-45,Male,Defense Personnel,899514,Married,Bihar,Patna,First-time Buyer,2021-06-14
CUST03974,Dinesh Chowdhury,27,26-35,Male,Business Owner,920854,Married,Kerala,Kochi,Touring / Adventure,2022-08-31
CUST03975,Sachin Shetty,35,26-35,Male,Government Employee,1089961,Single,Madhya Pradesh,Indore,Touring / Adventure,2025-07-02
CUST03976,Karthik Rao,40,36-45,Male,IT Professional,947485,Married,West Bengal,Kolkata,Enthusiast,2023-06-06
CUST03977,Swati Gupta,35,26-35,Female,Government Employee,763576,Single,Maharashtra,Nashik,Premium Collector,2020-04-20
CUST03978,Vaishnavi Shah,24,18-25,Female,IT Professional,2395179,Married,Gujarat,Vadodara,Premium Collector,2023-02-06
CUST03979,Radhika Mishra,19,18-25,Female,Banker / Finance,904893,Single,Goa,Panaji,First-time Buyer,2024-11-20
CUST03980,Vikram Verma,22,18-25,Male,Government Employee,1110815,Single,Karnataka,Belagavi,First-time Buyer,2024-06-06
CUST03981,Harish Menon,26,26-35,Male,Banker / Finance,1361522,Single,Delhi,West Delhi,Premium Collector,2024-01-02
CUST03982,Rahul Gupta,21,18-25,Male,Business Owner,2378094,Single,Delhi,New Delhi,Touring / Adventure,2025-05-26
CUST03983,Meera Menon,30,26-35,Female,Government Employee,819441,Single,Rajasthan,Udaipur,Touring / Adventure,2021-03-10
CUST03984,Vijay Kumar,27,26-35,Male,Healthcare Professional,2635955,Married,Tamil Nadu,Salem,Touring / Adventure,2023-03-19
CUST03985,Vijay Gupta,22,18-25,Male,Healthcare Professional,2155366,Single,Karnataka,Hubballi,Touring / Adventure,2023-04-20
CUST03986,Lakshmi Deshmukh,51,46-60,Female,Engineer,1058103,Married,Andhra Pradesh,Vijayawada,Daily Commuter,2021-10-16
CUST03987,Arjun Kulkarni,45,36-45,Male,Banker / Finance,695884,Single,Andhra Pradesh,Vijayawada,Daily Commuter,2021-03-30
CUST03988,Karan Banerjee,33,26-35,Male,Engineer,738207,Married,Gujarat,Vadodara,Daily Commuter,2021-07-21
CUST03989,Vaishnavi Kumar,64,60+,Female,Business Owner,1823888,Married,Jharkhand,Jamshedpur,Enthusiast,2025-04-18
CUST03990,Yash Kulkarni,29,26-35,Male,Student,392646,Married,Tamil Nadu,Chennai,Daily Commuter,2026-02-10
CUST03991,Lokesh Rao,41,36-45,Male,IT Professional,2382035,Married,Rajasthan,Jaipur,Enthusiast,2020-12-25
CUST03992,Aditya Agarwal,32,26-35,Male,IT Professional,1262111,Married,Haryana,Gurugram,Enthusiast,2025-08-25
CUST03993,Vijay Rao,20,18-25,Male,IT Professional,1463413,Single,Kerala,Thrissur,First-time Buyer,2020-06-26
CUST03994,Nikhil Banerjee,30,26-35,Male,Business Owner,2622428,Single,Haryana,Faridabad,Enthusiast,2025-05-29
CUST03995,Ashok Nair,32,26-35,Male,Engineer,966740,Single,Kerala,Thrissur,Touring / Adventure,2023-06-05
CUST03996,Pranav Menon,30,26-35,Male,IT Professional,1576586,Married,Haryana,Panipat,First-time Buyer,2024-06-08
CUST03997,Arjun Singh,42,36-45,Male,Student,506304,Single,Chhattisgarh,Bilaspur,Touring / Adventure,2024-02-24
CUST03998,Suresh Deshmukh,24,18-25,Male,Student,449840,Married,Karnataka,Mysuru,Daily Commuter,2025-04-13
CUST03999,Naveen Menon,43,36-45,Male,Government Employee,1490653,Married,West Bengal,Durgapur,First-time Buyer,2024-10-16
CUST04000,Vikram Kulkarni,37,36-45,Male,Government Employee,1109153,Married,Chhattisgarh,Raipur,Daily Commuter,2022-03-11
CUST04001,Manoj Bhat,22,18-25,Male,Business Owner,2991574,Single,Bihar,Muzaffarpur,Premium Collector,2026-06-15
CUST04002,Abhishek Agarwal,29,26-35,Male,Business Owner,2695776,Married,Punjab,Jalandhar,Touring / Adventure,2025-12-08
CUST04003,Manoj Gupta,38,36-45,Male,Healthcare Professional,2389071,Married,Karnataka,Hubballi,Premium Collector,2023-03-09
CUST04004,Suresh Reddy,32,26-35,Male,Banker / Finance,1169688,Single,Rajasthan,Jodhpur,Enthusiast,2020-11-24
CUST04005,Ramesh Joshi,21,18-25,Male,Government Employee,1375234,Single,Delhi,South Delhi,First-time Buyer,2025-06-11
CUST04006,Rahul Pandey,22,18-25,Male,IT Professional,812446,Married,Kerala,Kollam,First-time Buyer,2024-08-28
CUST04007,Lokesh Das,20,18-25,Male,Healthcare Professional,1445476,Single,Odisha,Rourkela,Enthusiast,2022-03-27
CUST04008,Lokesh Pandey,30,26-35,Male,IT Professional,864920,Single,Delhi,North Delhi,Daily Commuter,2026-03-28
CUST04009,Naveen Patel,33,26-35,Male,Government Employee,1432902,Single,Delhi,West Delhi,Enthusiast,2026-02-02
CUST04010,Sachin Mehta,30,26-35,Male,IT Professional,2038299,Married,Delhi,North Delhi,Premium Collector,2024-05-30
CUST04011,Manish Bhat,29,26-35,Male,Engineer,1567885,Single,Telangana,Nizamabad,First-time Buyer,2023-10-06
CUST04012,Karthik Kumar,58,46-60,Male,Business Owner,3417108,Single,Madhya Pradesh,Indore,Premium Collector,2021-04-17
CUST04013,Karan Shetty,18,18-25,Male,Business Owner,1403661,Single,Uttar Pradesh,Varanasi,Enthusiast,2026-02-28
CUST04014,Nikhil Gupta,26,26-35,Male,Self-Employed / Freelancer,457724,Single,Maharashtra,Thane,Enthusiast,2025-06-25
CUST04015,Karthik Singh,19,18-25,Male,Business Owner,2238500,Single,Assam,Dibrugarh,Enthusiast,2026-01-18
CUST04016,Dev Deshmukh,44,36-45,Male,Business Owner,2510063,Married,Gujarat,Rajkot,Touring / Adventure,2021-09-19
CUST04017,Anita Bhat,24,18-25,Female,IT Professional,2064125,Single,Maharashtra,Mumbai,Enthusiast,2022-08-25
CUST04018,Sachin Das,30,26-35,Male,Business Owner,3142598,Married,Goa,Panaji,Premium Collector,2025-04-02
CUST04019,Vikram Reddy,30,26-35,Male,Engineer,1273776,Married,Kerala,Thrissur,Enthusiast,2024-06-19
CUST04020,Rajesh Patel,21,18-25,Male,Banker / Finance,1781588,Single,Kerala,Thrissur,First-time Buyer,2022-03-06
CUST04021,Dev Kulkarni,23,18-25,Male,Government Employee,521078,Married,Jharkhand,Ranchi,Daily Commuter,2021-04-13
CUST04022,Rahul Mehta,35,26-35,Male,IT Professional,1995452,Single,Kerala,Kollam,Touring / Adventure,2020-12-03
CUST04023,Rohan Sharma,28,26-35,Male,IT Professional,1333588,Married,Bihar,Patna,Enthusiast,2026-03-02
CUST04024,Harish Joshi,24,18-25,Male,Engineer,1203275,Single,West Bengal,Kolkata,Enthusiast,2025-10-15
CUST04025,Anand Singh,23,18-25,Male,Business Owner,1547256,Single,Haryana,Panipat,First-time Buyer,2022-12-15
CUST04026,Harish Deshmukh,31,26-35,Male,IT Professional,1839286,Married,Kerala,Thrissur,Touring / Adventure,2023-02-10
CUST04027,Dinesh Gupta,34,26-35,Male,IT Professional,1060065,Married,Jharkhand,Jamshedpur,Touring / Adventure,2025-05-30
CUST04028,Abhishek Kulkarni,18,18-25,Male,Government Employee,1318034,Single,Madhya Pradesh,Indore,Enthusiast,2020-01-09
CUST04029,Ganesh Reddy,29,26-35,Male,IT Professional,1156033,Married,Karnataka,Bengaluru,First-time Buyer,2024-01-06
CUST04030,Rajesh Deshmukh,35,26-35,Male,IT Professional,2126184,Married,Maharashtra,Nagpur,Enthusiast,2026-06-14
CUST04031,Aarav Shah,32,26-35,Male,Banker / Finance,700906,Single,Maharashtra,Pune,Touring / Adventure,2021-08-10
CUST04032,Radhika Rao,38,36-45,Female,Business Owner,1187350,Married,Punjab,Jalandhar,Enthusiast,2025-07-30
CUST04033,Karthik Agarwal,27,26-35,Male,IT Professional,1720929,Married,Chhattisgarh,Bhilai,Enthusiast,2022-02-03
CUST04034,Deepak Menon,45,36-45,Male,Banker / Finance,689436,Single,West Bengal,Kolkata,Premium Collector,2020-10-07
CUST04035,Manish Rao,33,26-35,Male,IT Professional,1734484,Married,Karnataka,Mangaluru,Daily Commuter,2025-03-04
CUST04036,Amit Menon,29,26-35,Male,IT Professional,1832086,Married,Maharashtra,Nagpur,First-time Buyer,2025-02-22
CUST04037,Siddharth Patel,33,26-35,Male,Business Owner,2364883,Married,Maharashtra,Pune,Premium Collector,2025-11-14
CUST04038,Vikram Gupta,27,26-35,Male,Government Employee,1152800,Single,Punjab,Patiala,Touring / Adventure,2024-01-08
CUST04039,Manish Mehta,21,18-25,Male,Defense Personnel,1084277,Single,Madhya Pradesh,Gwalior,Daily Commuter,2020-09-17
CUST04040,Karthik Shetty,33,26-35,Male,Business Owner,2163581,Married,Kerala,Kozhikode,Touring / Adventure,2024-11-10
CUST04041,Harish Shah,43,36-45,Male,Business Owner,2894712,Single,Rajasthan,Jodhpur,Premium Collector,2025-09-25
CUST04042,Ganesh Agarwal,25,18-25,Male,Business Owner,2998010,Single,West Bengal,Durgapur,Premium Collector,2021-04-29
CUST04043,Karthik Singh,40,36-45,Male,IT Professional,1478760,Married,Karnataka,Hubballi,First-time Buyer,2023-11-13
CUST04044,Arjun Kulkarni,22,18-25,Male,IT Professional,1168143,Married,Kerala,Kozhikode,First-time Buyer,2024-03-23
CUST04045,Nikhil Rao,18,18-25,Male,Engineer,1069741,Single,Uttar Pradesh,Ghaziabad,First-time Buyer,2023-08-04
CUST04046,Lokesh Chowdhury,39,36-45,Male,Self-Employed / Freelancer,1021676,Single,Rajasthan,Udaipur,Premium Collector,2020-04-10
CUST04047,Ramesh Joshi,31,26-35,Male,IT Professional,1173018,Single,Jharkhand,Ranchi,Touring / Adventure,2024-01-19
CUST04048,Isha Rao,37,36-45,Female,Business Owner,1925769,Married,West Bengal,Kolkata,Enthusiast,2024-08-28
CUST04049,Abhishek Joshi,32,26-35,Male,IT Professional,1641825,Single,Punjab,Jalandhar,Daily Commuter,2021-10-08
CUST04050,Vikram Rao,27,26-35,Male,IT Professional,2373706,Married,Uttar Pradesh,Varanasi,Touring / Adventure,2024-10-08
CUST04051,Siddharth Joshi,29,26-35,Male,IT Professional,1026093,Single,Rajasthan,Udaipur,Daily Commuter,2024-07-02
CUST04052,Ashok Shah,30,26-35,Male,Government Employee,1078787,Married,Madhya Pradesh,Bhopal,Enthusiast,2022-02-12
CUST04053,Rajesh Sharma,27,26-35,Male,IT Professional,998028,Married,Kerala,Thiruvananthapuram,Touring / Adventure,2021-11-04
CUST04054,Aditya Pandey,32,26-35,Male,Engineer,758139,Married,Assam,Guwahati,Enthusiast,2024-10-25
CUST04055,Dev Rao,30,26-35,Male,Student,358408,Single,Madhya Pradesh,Gwalior,Touring / Adventure,2020-11-04
CUST04056,Vikram Verma,22,18-25,Male,Healthcare Professional,1966641,Single,Uttar Pradesh,Ghaziabad,First-time Buyer,2022-07-05
CUST04057,Vivek Joshi,39,36-45,Male,Banker / Finance,560263,Single,Kerala,Kollam,Enthusiast,2021-08-24
CUST04058,Vaishnavi Pandey,62,60+,Female,IT Professional,2389142,Married,Telangana,Nizamabad,Touring / Adventure,2022-10-12
CUST04059,Vivek Gupta,18,18-25,Male,Banker / Finance,1642489,Single,Tamil Nadu,Coimbatore,Enthusiast,2026-06-12
CUST04060,Anand Shah,23,18-25,Male,Business Owner,3218837,Single,Madhya Pradesh,Indore,Touring / Adventure,2025-10-11
CUST04061,Sanjay Reddy,22,18-25,Male,Business Owner,2489918,Single,Maharashtra,Nagpur,Premium Collector,2022-06-18
CUST04062,Anita Rao,30,26-35,Female,Healthcare Professional,1335760,Married,Karnataka,Mangaluru,Daily Commuter,2020-07-10
CUST04063,Kavya Shetty,19,18-25,Female,IT Professional,1321328,Single,Rajasthan,Udaipur,Daily Commuter,2025-08-20
CUST04064,Suresh Agarwal,27,26-35,Male,Business Owner,1791558,Married,Rajasthan,Jodhpur,Enthusiast,2022-12-03
CUST04065,Rohan Shetty,25,18-25,Male,IT Professional,1102049,Married,Delhi,South Delhi,Daily Commuter,2024-10-19
CUST04066,Karan Kumar,22,18-25,Male,Engineer,1710394,Single,Karnataka,Hubballi,Daily Commuter,2024-04-07
CUST04067,Rajesh Joshi,31,26-35,Male,Banker / Finance,1854796,Single,Bihar,Muzaffarpur,Enthusiast,2023-06-27
CUST04068,Preeti Pandey,31,26-35,Female,Engineer,1067993,Married,Odisha,Cuttack,Premium Collector,2026-05-07
CUST04069,Pooja Joshi,32,26-35,Female,IT Professional,771760,Single,Andhra Pradesh,Tirupati,Enthusiast,2020-04-17
CUST04070,Ananya Shetty,19,18-25,Female,Defense Personnel,683447,Single,Haryana,Faridabad,First-time Buyer,2021-03-23
CUST04071,Nikhil Verma,22,18-25,Male,Student,427887,Married,Haryana,Karnal,Daily Commuter,2026-02-20
CUST04072,Prakash Chowdhury,47,46-60,Male,IT Professional,682786,Married,Tamil Nadu,Coimbatore,Enthusiast,2025-07-12
CUST04073,Rahul Kulkarni,34,26-35,Male,Engineer,1742182,Married,Madhya Pradesh,Gwalior,Premium Collector,2021-10-29
CUST04074,Vivek Rao,23,18-25,Male,Business Owner,2022693,Single,Assam,Guwahati,Premium Collector,2026-02-20
CUST04075,Siddharth Rao,44,36-45,Male,Defense Personnel,846889,Single,Punjab,Patiala,Premium Collector,2023-05-07
CUST04076,Karthik Joshi,18,18-25,Male,Engineer,1518754,Single,Assam,Guwahati,First-time Buyer,2023-12-27
CUST04077,Deepika Bhat,32,26-35,Female,Business Owner,2256297,Married,Andhra Pradesh,Tirupati,Enthusiast,2022-01-10
CUST04078,Preeti Kulkarni,29,26-35,Female,Defense Personnel,1329654,Married,Chhattisgarh,Bhilai,Daily Commuter,2024-06-11
CUST04079,Vivek Verma,27,26-35,Male,IT Professional,1560039,Married,Haryana,Gurugram,Touring / Adventure,2020-08-04
CUST04080,Sanjay Patel,26,26-35,Male,IT Professional,1740711,Married,Madhya Pradesh,Jabalpur,Enthusiast,2021-02-24
CUST04081,Sanjay Joshi,35,26-35,Male,Business Owner,1586713,Single,Gujarat,Vadodara,Enthusiast,2024-09-28
CUST04082,Manoj Reddy,37,36-45,Male,Business Owner,2155765,Married,Kerala,Thiruvananthapuram,Enthusiast,2026-06-13
CUST04083,Abhishek Iyer,22,18-25,Male,Government Employee,893783,Single,Gujarat,Surat,Daily Commuter,2020-07-10
CUST04084,Ganesh Mehta,18,18-25,Male,Defense Personnel,1359925,Single,Madhya Pradesh,Jabalpur,Enthusiast,2025-08-07
CUST04085,Dev Pillai,34,26-35,Male,Business Owner,2417185,Single,Madhya Pradesh,Ujjain,Touring / Adventure,2023-05-07
CUST04086,Neha Gupta,24,18-25,Female,Banker / Finance,688468,Single,Rajasthan,Udaipur,First-time Buyer,2023-04-16
CUST04087,Amit Singh,62,60+,Male,IT Professional,1389792,Single,Kerala,Kochi,Touring / Adventure,2022-12-22
CUST04088,Rohan Banerjee,45,36-45,Male,IT Professional,1370745,Single,Delhi,West Delhi,Enthusiast,2023-10-09
CUST04089,Ashok Banerjee,22,18-25,Male,IT Professional,1071100,Single,Delhi,West Delhi,First-time Buyer,2021-07-09
CUST04090,Harish Verma,33,26-35,Male,Business Owner,2284446,Married,Haryana,Faridabad,Touring / Adventure,2021-01-11
CUST04091,Pooja Mehta,40,36-45,Female,IT Professional,1241053,Married,Rajasthan,Jodhpur,Daily Commuter,2020-01-13
CUST04092,Radhika Mishra,19,18-25,Female,Banker / Finance,1901058,Married,Rajasthan,Jaipur,Daily Commuter,2022-04-11
CUST04093,Shreya Pillai,55,46-60,Female,Business Owner,2359780,Married,Kerala,Kozhikode,Touring / Adventure,2021-01-04
CUST04094,Arjun Sharma,29,26-35,Male,Business Owner,1673973,Married,Maharashtra,Nashik,Enthusiast,2023-06-13
CUST04095,Arjun Gowda,18,18-25,Male,IT Professional,2257034,Single,Jharkhand,Dhanbad,Touring / Adventure,2024-03-18
CUST04096,Dinesh Kulkarni,31,26-35,Male,Business Owner,1266324,Married,Assam,Silchar,Daily Commuter,2023-03-21
CUST04097,Ramesh Agarwal,20,18-25,Male,Defense Personnel,668652,Single,Karnataka,Mysuru,Enthusiast,2025-04-20
CUST04098,Deepak Reddy,33,26-35,Male,Engineer,1117815,Single,Assam,Silchar,Touring / Adventure,2026-05-10
CUST04099,Arjun Shetty,32,26-35,Male,IT Professional,1846626,Married,Chhattisgarh,Bilaspur,Daily Commuter,2023-11-10
CUST04100,Prakash Rao,29,26-35,Male,IT Professional,1677867,Married,Rajasthan,Jaipur,First-time Buyer,2026-02-17
CUST04101,Karthik Das,30,26-35,Male,Banker / Finance,1367636,Single,Uttar Pradesh,Ghaziabad,Daily Commuter,2025-05-23
CUST04102,Manoj Iyer,19,18-25,Male,Defense Personnel,533283,Single,Jharkhand,Jamshedpur,Enthusiast,2025-12-15
CUST04103,Abhishek Bhat,28,26-35,Male,Business Owner,2931613,Married,Karnataka,Mangaluru,Premium Collector,2022-08-29
CUST04104,Isha Gupta,21,18-25,Female,Defense Personnel,1003325,Single,Karnataka,Mysuru,First-time Buyer,2020-03-19
CUST04105,Ramesh Kulkarni,37,36-45,Male,Business Owner,1025872,Single,Kerala,Thiruvananthapuram,Enthusiast,2021-02-09
CUST04106,Sanjay Patel,41,36-45,Male,Government Employee,1234542,Single,Punjab,Patiala,Premium Collector,2024-12-13
CUST04107,Rajesh Mishra,26,26-35,Male,Business Owner,2929755,Married,Bihar,Gaya,Touring / Adventure,2021-01-05
CUST04108,Sneha Agarwal,32,26-35,Female,Government Employee,644951,Single,Telangana,Karimnagar,Touring / Adventure,2024-05-03
CUST04109,Arjun Mishra,32,26-35,Male,IT Professional,1614413,Single,Tamil Nadu,Madurai,First-time Buyer,2021-12-11
CUST04110,Karan Gowda,31,26-35,Male,Healthcare Professional,1041173,Married,Uttar Pradesh,Ghaziabad,First-time Buyer,2021-02-07
CUST04111,Aarav Pandey,30,26-35,Male,IT Professional,2142869,Single,Delhi,West Delhi,Touring / Adventure,2023-01-24
CUST04112,Aditya Mishra,35,26-35,Male,Government Employee,1421071,Married,Karnataka,Belagavi,Daily Commuter,2026-06-17
CUST04113,Rajesh Singh,34,26-35,Male,Defense Personnel,749693,Married,Haryana,Gurugram,Touring / Adventure,2021-05-08
CUST04114,Suresh Gupta,31,26-35,Male,Engineer,1402119,Married,Chhattisgarh,Raipur,Daily Commuter,2021-04-29
CUST04115,Nikhil Sharma,34,26-35,Male,Government Employee,576574,Married,Kerala,Kozhikode,Premium Collector,2023-03-27
CUST04116,Divya Mehta,26,26-35,Female,IT Professional,1739208,Married,Karnataka,Hubballi,Enthusiast,2025-06-30
CUST04117,Lakshmi Das,44,36-45,Female,IT Professional,1129288,Married,Uttar Pradesh,Kanpur,First-time Buyer,2025-01-28
CUST04118,Dev Shah,24,18-25,Male,IT Professional,2239499,Married,Karnataka,Mysuru,Enthusiast,2024-04-25
CUST04119,Dinesh Pillai,37,36-45,Male,Engineer,595287,Married,Chhattisgarh,Bhilai,Premium Collector,2023-11-24
CUST04120,Karthik Patel,38,36-45,Male,Healthcare Professional,1493142,Married,Telangana,Nizamabad,Enthusiast,2023-04-25
CUST04121,Harish Verma,45,36-45,Male,Business Owner,3162452,Single,Gujarat,Surat,Premium Collector,2026-05-14
CUST04122,Abhishek Reddy,38,36-45,Male,Engineer,1254280,Married,Goa,Panaji,Enthusiast,2021-07-10
CUST04123,Amit Deshmukh,33,26-35,Male,Business Owner,3221662,Married,Tamil Nadu,Chennai,Premium Collector,2023-08-18
CUST04124,Ramesh Mishra,22,18-25,Male,Defense Personnel,987961,Single,Tamil Nadu,Salem,First-time Buyer,2021-05-18
CUST04125,Anita Nair,24,18-25,Female,Defense Personnel,1202006,Single,Gujarat,Vadodara,Enthusiast,2024-10-23
CUST04126,Neha Chowdhury,18,18-25,Female,IT Professional,2129331,Single,Telangana,Nizamabad,Touring / Adventure,2021-11-22
CUST04127,Nidhi Chowdhury,26,26-35,Female,Banker / Finance,1212711,Married,Bihar,Muzaffarpur,Touring / Adventure,2022-12-31
CUST04128,Deepak Verma,20,18-25,Male,Banker / Finance,1397170,Single,Haryana,Gurugram,Enthusiast,2020-05-25
CUST04129,Yash Mishra,28,26-35,Male,IT Professional,1678097,Single,Chhattisgarh,Raipur,Enthusiast,2023-02-14
CUST04130,Prakash Singh,44,36-45,Male,Student,545750,Single,Delhi,South Delhi,Enthusiast,2026-02-28
CUST04131,Suresh Shetty,35,26-35,Male,Self-Employed / Freelancer,603038,Married,Rajasthan,Jodhpur,Daily Commuter,2026-03-09
CUST04132,Vikram Deshmukh,25,18-25,Male,IT Professional,1726676,Single,Maharashtra,Nashik,First-time Buyer,2023-10-02
CUST04133,Lokesh Nair,27,26-35,Male,Healthcare Professional,1951728,Single,Punjab,Ludhiana,Daily Commuter,2020-12-13
CUST04134,Priya Joshi,37,36-45,Female,IT Professional,1935491,Married,West Bengal,Durgapur,First-time Buyer,2021-03-06
CUST04135,Lokesh Verma,25,18-25,Male,Student,454807,Single,Tamil Nadu,Madurai,First-time Buyer,2022-01-11
CUST04136,Sanjay Das,20,18-25,Male,Healthcare Professional,984223,Single,Jharkhand,Dhanbad,First-time Buyer,2022-05-28
CUST04137,Abhishek Agarwal,41,36-45,Male,Defense Personnel,699252,Married,Maharashtra,Mumbai,First-time Buyer,2021-05-20
CUST04138,Suresh Patel,33,26-35,Male,IT Professional,1765195,Married,Madhya Pradesh,Jabalpur,Daily Commuter,2020-07-13
CUST04139,Dinesh Kumar,43,36-45,Male,Engineer,1709563,Married,Uttar Pradesh,Noida,Touring / Adventure,2022-03-30
CUST04140,Karthik Shetty,30,26-35,Male,Engineer,1670839,Single,Bihar,Patna,Premium Collector,2024-04-07
CUST04141,Preeti Kumar,36,36-45,Female,Healthcare Professional,1924652,Married,West Bengal,Durgapur,First-time Buyer,2022-06-20
CUST04142,Karthik Menon,26,26-35,Male,Engineer,768857,Single,Odisha,Cuttack,Touring / Adventure,2021-02-02
CUST04143,Siddharth Verma,30,26-35,Male,IT Professional,845788,Married,Rajasthan,Jaipur,Touring / Adventure,2024-01-29
CUST04144,Lokesh Kulkarni,21,18-25,Male,IT Professional,2135330,Married,Kerala,Thrissur,Premium Collector,2023-12-20
CUST04145,Aishwarya Joshi,35,26-35,Female,Business Owner,2293124,Married,Uttar Pradesh,Varanasi,Touring / Adventure,2025-07-24
CUST04146,Naveen Pandey,37,36-45,Male,IT Professional,1825185,Single,Rajasthan,Jaipur,Premium Collector,2022-05-20
CUST04147,Karthik Patel,19,18-25,Male,IT Professional,2025211,Single,Karnataka,Mysuru,Touring / Adventure,2021-06-29
CUST04148,Harish Singh,18,18-25,Male,Student,361246,Single,Jharkhand,Ranchi,Enthusiast,2021-02-14
CUST04149,Pranav Deshmukh,23,18-25,Male,Government Employee,629527,Single,Bihar,Patna,First-time Buyer,2023-12-18
CUST04150,Prakash Pillai,18,18-25,Male,Business Owner,871414,Single,Rajasthan,Jodhpur,First-time Buyer,2023-09-21
CUST04151,Rahul Iyer,49,46-60,Male,IT Professional,2121011,Married,Bihar,Muzaffarpur,Premium Collector,2021-09-03
CUST04152,Amit Mehta,62,60+,Male,IT Professional,2261118,Single,Haryana,Faridabad,Premium Collector,2026-06-06
CUST04153,Ashok Pillai,20,18-25,Male,Business Owner,2153305,Married,Madhya Pradesh,Bhopal,Premium Collector,2020-07-07
CUST04154,Deepak Singh,25,18-25,Male,IT Professional,2055149,Single,Telangana,Nizamabad,Premium Collector,2020-10-17
CUST04155,Priya Shah,33,26-35,Female,Business Owner,2106734,Single,Chhattisgarh,Raipur,Premium Collector,2020-09-15
CUST04156,Siddharth Deshmukh,28,26-35,Male,Engineer,862821,Married,Odisha,Rourkela,Daily Commuter,2022-11-20
CUST04157,Rahul Joshi,23,18-25,Male,IT Professional,824940,Single,Telangana,Hyderabad,Enthusiast,2020-11-01
CUST04158,Meera Menon,21,18-25,Female,Government Employee,872216,Married,Uttar Pradesh,Varanasi,Enthusiast,2020-11-16
CUST04159,Sanjay Nair,32,26-35,Male,IT Professional,874979,Married,Chhattisgarh,Bhilai,Daily Commuter,2026-04-04
CUST04160,Naveen Joshi,21,18-25,Male,Business Owner,1257273,Married,Kerala,Thiruvananthapuram,First-time Buyer,2022-05-14
CUST04161,Pooja Deshmukh,27,26-35,Female,Government Employee,1390276,Married,Kerala,Thrissur,Daily Commuter,2021-08-04
CUST04162,Vivek Nair,21,18-25,Male,IT Professional,2025638,Single,Kerala,Kochi,Touring / Adventure,2020-01-09
CUST04163,Ananya Das,45,36-45,Female,Engineer,1609061,Married,West Bengal,Kolkata,Daily Commuter,2024-07-12
CUST04164,Dev Reddy,24,18-25,Male,Engineer,1200505,Single,Tamil Nadu,Chennai,First-time Buyer,2020-11-21
CUST04165,Siddharth Reddy,23,18-25,Male,Business Owner,2666196,Married,Madhya Pradesh,Ujjain,Enthusiast,2021-09-02
CUST04166,Lakshmi Banerjee,42,36-45,Female,Business Owner,2032599,Married,Maharashtra,Thane,Touring / Adventure,2023-02-27
CUST04167,Prakash Sharma,24,18-25,Male,Engineer,832332,Single,Gujarat,Surat,First-time Buyer,2023-03-09
CUST04168,Pooja Iyer,18,18-25,Female,Government Employee,917478,Single,Kerala,Thrissur,First-time Buyer,2021-08-16
CUST04169,Neha Bhat,20,18-25,Female,Business Owner,2906782,Single,Punjab,Jalandhar,Premium Collector,2022-11-16
CUST04170,Lokesh Shah,29,26-35,Male,Banker / Finance,1358530,Married,Kerala,Kollam,Daily Commuter,2023-06-26
CUST04171,Isha Shetty,50,46-60,Female,Business Owner,1345081,Married,Punjab,Patiala,Touring / Adventure,2023-11-24
CUST04172,Ganesh Gowda,27,26-35,Male,Engineer,837198,Married,Punjab,Patiala,Daily Commuter,2023-03-06
CUST04173,Anita Agarwal,30,26-35,Female,Student,373076,Married,Uttar Pradesh,Varanasi,Enthusiast,2021-08-09
CUST04174,Karan Mehta,30,26-35,Male,Engineer,561100,Married,Andhra Pradesh,Tirupati,Touring / Adventure,2021-01-09
CUST04175,Lakshmi Gowda,47,46-60,Female,Defense Personnel,1069427,Single,Goa,Panaji,Premium Collector,2024-10-01
CUST04176,Rajesh Kulkarni,23,18-25,Male,Engineer,844010,Single,Tamil Nadu,Coimbatore,Daily Commuter,2021-10-29
CUST04177,Dinesh Pandey,46,46-60,Male,Self-Employed / Freelancer,1478737,Married,Maharashtra,Aurangabad,Premium Collector,2024-12-25
CUST04178,Preeti Mehta,27,26-35,Female,Defense Personnel,792509,Married,Madhya Pradesh,Jabalpur,Daily Commuter,2025-09-05
CUST04179,Nikhil Rao,65,60+,Male,Government Employee,1109273,Single,Gujarat,Bhavnagar,Enthusiast,2021-11-25
CUST04180,Naveen Das,41,36-45,Male,Business Owner,3150082,Single,Odisha,Cuttack,Enthusiast,2021-07-11
CUST04181,Amit Iyer,43,36-45,Male,Banker / Finance,1761788,Married,Assam,Silchar,Touring / Adventure,2026-04-25
CUST04182,Rohan Rao,43,36-45,Male,IT Professional,707292,Married,Jharkhand,Jamshedpur,Daily Commuter,2023-12-20
CUST04183,Sneha Das,29,26-35,Female,IT Professional,2390260,Married,Jharkhand,Jamshedpur,Enthusiast,2024-09-29
CUST04184,Ramesh Nair,24,18-25,Male,Government Employee,895840,Single,West Bengal,Kolkata,Enthusiast,2025-10-16
CUST04185,Anand Kumar,34,26-35,Male,Business Owner,2908239,Married,Tamil Nadu,Chennai,Premium Collector,2020-09-30
CUST04186,Lokesh Iyer,28,26-35,Male,Business Owner,1316527,Married,Andhra Pradesh,Guntur,Daily Commuter,2024-09-05
CUST04187,Rohan Menon,59,46-60,Male,Engineer,1607585,Married,Maharashtra,Aurangabad,Daily Commuter,2025-05-06
CUST04188,Sanjay Mehta,30,26-35,Male,IT Professional,1160672,Single,Haryana,Gurugram,Enthusiast,2025-04-20
CUST04189,Arjun Shetty,58,46-60,Male,IT Professional,1281276,Single,Jharkhand,Ranchi,Touring / Adventure,2022-01-17
CUST04190,Priya Shetty,18,18-25,Female,Business Owner,1067769,Single,Andhra Pradesh,Vijayawada,Enthusiast,2022-07-24
CUST04191,Pranav Singh,32,26-35,Male,IT Professional,2184642,Single,Odisha,Rourkela,Premium Collector,2020-08-12
CUST04192,Lakshmi Pillai,58,46-60,Female,Healthcare Professional,2747817,Single,Kerala,Thrissur,Premium Collector,2025-03-30
CUST04193,Anand Kulkarni,36,36-45,Male,IT Professional,1480335,Married,Gujarat,Bhavnagar,Enthusiast,2026-01-22
CUST04194,Sanjay Sharma,30,26-35,Male,Business Owner,2964921,Single,Kerala,Thiruvananthapuram,Premium Collector,2021-02-18
CUST04195,Karthik Menon,24,18-25,Male,Business Owner,1136592,Single,Haryana,Gurugram,First-time Buyer,2026-03-11
CUST04196,Isha Kumar,34,26-35,Female,Government Employee,1137746,Single,Karnataka,Mangaluru,Daily Commuter,2026-01-07
CUST04197,Lokesh Pandey,57,46-60,Male,Self-Employed / Freelancer,962826,Married,Uttar Pradesh,Kanpur,Daily Commuter,2023-01-26
CUST04198,Rahul Gupta,33,26-35,Male,Engineer,878383,Single,West Bengal,Kolkata,Touring / Adventure,2022-11-01
CUST04199,Radhika Mishra,35,26-35,Female,Engineer,1189711,Married,Assam,Silchar,Daily Commuter,2020-09-10
CUST04200,Manish Pandey,21,18-25,Male,Self-Employed / Freelancer,1049236,Single,Jharkhand,Ranchi,Enthusiast,2020-05-09
CUST04201,Karthik Bhat,24,18-25,Male,Business Owner,3384241,Married,Madhya Pradesh,Jabalpur,Touring / Adventure,2026-02-17
CUST04202,Dev Shah,21,18-25,Male,Business Owner,813707,Single,Haryana,Panipat,First-time Buyer,2022-11-02
CUST04203,Rajesh Mishra,20,18-25,Male,Healthcare Professional,969693,Single,Jharkhand,Ranchi,First-time Buyer,2020-12-20
CUST04204,Sanjay Joshi,32,26-35,Male,IT Professional,1452700,Married,Karnataka,Hubballi,Daily Commuter,2024-11-11
CUST04205,Aarav Sharma,34,26-35,Male,Banker / Finance,1896692,Married,Gujarat,Ahmedabad,Daily Commuter,2025-02-18
CUST04206,Meera Patel,41,36-45,Female,Student,529530,Married,Rajasthan,Jaipur,Touring / Adventure,2023-12-25
CUST04207,Arjun Agarwal,33,26-35,Male,Student,536511,Single,Delhi,North Delhi,Enthusiast,2025-04-15
CUST04208,Deepak Singh,41,36-45,Male,Self-Employed / Freelancer,1067739,Single,Gujarat,Vadodara,Enthusiast,2023-09-14
CUST04209,Riya Singh,23,18-25,Female,IT Professional,1155334,Married,Uttar Pradesh,Noida,Enthusiast,2025-04-21
CUST04210,Prakash Mishra,19,18-25,Male,Student,546793,Single,Uttar Pradesh,Varanasi,Enthusiast,2020-05-11
CUST04211,Ashok Iyer,25,18-25,Male,Engineer,1482480,Single,Punjab,Ludhiana,First-time Buyer,2022-10-19
CUST04212,Ashok Nair,36,36-45,Male,IT Professional,1930084,Married,Rajasthan,Jodhpur,First-time Buyer,2022-05-07
CUST04213,Ashok Chowdhury,19,18-25,Male,Business Owner,2419318,Single,Kerala,Kollam,Touring / Adventure,2022-12-21
CUST04214,Anand Shetty,42,36-45,Male,Business Owner,2453103,Single,Uttar Pradesh,Kanpur,Enthusiast,2025-11-28
CUST04215,Vijay Gowda,28,26-35,Male,Healthcare Professional,1662366,Married,Madhya Pradesh,Jabalpur,Premium Collector,2023-05-02
CUST04216,Ramesh Gowda,40,36-45,Male,Business Owner,2268224,Single,Karnataka,Mysuru,Premium Collector,2021-11-20
CUST04217,Vikram Mehta,22,18-25,Male,Defense Personnel,1150988,Single,Kerala,Thrissur,Daily Commuter,2023-03-24
CUST04218,Aishwarya Verma,26,26-35,Female,Business Owner,2648337,Married,Jharkhand,Dhanbad,Premium Collector,2020-06-09
CUST04219,Harish Sharma,36,36-45,Male,Business Owner,826990,Single,Maharashtra,Thane,Touring / Adventure,2021-01-31
CUST04220,Anand Banerjee,50,46-60,Male,Engineer,992791,Married,Maharashtra,Thane,Premium Collector,2024-12-26
CUST04221,Kavya Kumar,58,46-60,Female,IT Professional,1898729,Married,Kerala,Kochi,Touring / Adventure,2024-11-22
CUST04222,Divya Agarwal,36,36-45,Female,Business Owner,1936796,Married,Uttar Pradesh,Ghaziabad,Touring / Adventure,2023-12-05
CUST04223,Suresh Pandey,38,36-45,Male,Student,433921,Married,Karnataka,Hubballi,Daily Commuter,2025-10-03
CUST04224,Anand Mehta,24,18-25,Male,IT Professional,741973,Single,Maharashtra,Nashik,Daily Commuter,2023-07-14
CUST04225,Pooja Gupta,29,26-35,Female,Defense Personnel,1138858,Married,Maharashtra,Nashik,Touring / Adventure,2021-01-03
CUST04226,Amit Menon,32,26-35,Male,Government Employee,965376,Single,Maharashtra,Aurangabad,Enthusiast,2026-03-29
CUST04227,Deepak Bhat,25,18-25,Male,Student,449079,Single,Maharashtra,Pune,First-time Buyer,2020-09-23
CUST04228,Vijay Gupta,44,36-45,Male,Engineer,1636579,Married,Kerala,Thiruvananthapuram,Premium Collector,2024-04-25
CUST04229,Vikram Joshi,27,26-35,Male,Business Owner,1038748,Single,Andhra Pradesh,Guntur,Daily Commuter,2022-04-10
CUST04230,Arjun Patel,40,36-45,Male,Student,591182,Married,Haryana,Karnal,Enthusiast,2020-09-16
CUST04231,Manish Gupta,27,26-35,Male,IT Professional,694613,Married,Madhya Pradesh,Jabalpur,Touring / Adventure,2021-10-16
CUST04232,Vijay Pillai,35,26-35,Male,Student,446337,Married,Uttar Pradesh,Ghaziabad,Touring / Adventure,2020-03-29
CUST04233,Vikram Joshi,26,26-35,Male,Business Owner,826097,Married,Kerala,Thrissur,Daily Commuter,2023-05-09
CUST04234,Pranav Rao,44,36-45,Male,Business Owner,1366799,Single,Andhra Pradesh,Tirupati,Daily Commuter,2022-11-13
CUST04235,Manish Banerjee,40,36-45,Male,Defense Personnel,555087,Married,Odisha,Cuttack,Daily Commuter,2024-11-01
CUST04236,Pooja Reddy,21,18-25,Female,Banker / Finance,1026638,Single,Punjab,Patiala,Daily Commuter,2022-09-26
CUST04237,Rahul Shah,24,18-25,Male,Student,597792,Single,Bihar,Gaya,Daily Commuter,2021-12-21
CUST04238,Karthik Gupta,19,18-25,Male,Engineer,953071,Single,Assam,Guwahati,Daily Commuter,2026-05-23
CUST04239,Rajesh Reddy,37,36-45,Male,Government Employee,1336604,Single,Tamil Nadu,Chennai,Enthusiast,2025-09-20
CUST04240,Lokesh Mehta,19,18-25,Male,Business Owner,2978112,Single,Chhattisgarh,Raipur,Premium Collector,2024-02-21
CUST04241,Aarav Joshi,25,18-25,Male,Business Owner,2875909,Single,Karnataka,Mangaluru,Premium Collector,2024-09-11
CUST04242,Manish Reddy,35,26-35,Male,Business Owner,3248505,Married,Punjab,Jalandhar,Premium Collector,2021-08-17
CUST04243,Suresh Joshi,28,26-35,Male,Engineer,690082,Married,Kerala,Thrissur,Daily Commuter,2026-03-03
CUST04244,Rahul Kulkarni,35,26-35,Male,Defense Personnel,793413,Married,Odisha,Bhubaneswar,Touring / Adventure,2021-03-12
CUST04245,Rohan Nair,31,26-35,Male,Engineer,894848,Married,Karnataka,Mangaluru,Premium Collector,2022-02-17
CUST04246,Abhishek Mehta,25,18-25,Male,Engineer,1743901,Single,Karnataka,Hubballi,Enthusiast,2023-04-08
CUST04247,Manoj Kulkarni,23,18-25,Male,Government Employee,1184799,Single,Assam,Guwahati,First-time Buyer,2024-04-22
CUST04248,Sachin Sharma,39,36-45,Male,Banker / Finance,1426178,Married,Delhi,South Delhi,Daily Commuter,2023-12-12
CUST04249,Ashok Sharma,39,36-45,Male,Business Owner,2956526,Single,Karnataka,Mysuru,Touring / Adventure,2024-06-05
CUST04250,Arjun Bhat,40,36-45,Male,Engineer,1597359,Single,Uttar Pradesh,Noida,Touring / Adventure,2024-11-11
CUST04251,Aarav Shetty,56,46-60,Male,Student,519959,Single,Delhi,New Delhi,Daily Commuter,2020-05-23
CUST04252,Sanjay Deshmukh,49,46-60,Male,Engineer,1457329,Married,Kerala,Kozhikode,Daily Commuter,2020-05-01
CUST04253,Pranav Reddy,61,60+,Male,Engineer,781197,Single,Rajasthan,Udaipur,Touring / Adventure,2024-09-26
CUST04254,Dev Banerjee,29,26-35,Male,IT Professional,2022949,Married,Jharkhand,Ranchi,Touring / Adventure,2023-08-03
CUST04255,Kavya Kulkarni,21,18-25,Female,Defense Personnel,1229150,Single,Kerala,Kozhikode,First-time Buyer,2025-10-07
CUST04256,Siddharth Deshmukh,20,18-25,Male,Defense Personnel,491965,Single,Uttar Pradesh,Lucknow,First-time Buyer,2025-09-22
CUST04257,Manish Kulkarni,30,26-35,Male,Business Owner,2638822,Single,Goa,Panaji,Touring / Adventure,2021-03-18
CUST04258,Arjun Banerjee,56,46-60,Male,Healthcare Professional,1133052,Single,West Bengal,Durgapur,Touring / Adventure,2025-11-23
CUST04259,Karan Chowdhury,29,26-35,Male,IT Professional,1536786,Single,Telangana,Nizamabad,Touring / Adventure,2025-12-05
CUST04260,Pranav Iyer,33,26-35,Male,Engineer,1152693,Single,Madhya Pradesh,Indore,Enthusiast,2022-12-17
CUST04261,Vaishnavi Chowdhury,27,26-35,Female,IT Professional,998789,Married,Madhya Pradesh,Ujjain,Enthusiast,2021-08-16
CUST04262,Yash Joshi,28,26-35,Male,Government Employee,1398088,Married,Tamil Nadu,Chennai,Daily Commuter,2021-02-25
CUST04263,Yash Bhat,24,18-25,Male,IT Professional,1781703,Single,Madhya Pradesh,Jabalpur,First-time Buyer,2021-06-06
CUST04264,Pooja Chowdhury,31,26-35,Female,Healthcare Professional,1885905,Married,Andhra Pradesh,Visakhapatnam,Premium Collector,2026-06-20
CUST04265,Yash Chowdhury,26,26-35,Male,Business Owner,2437461,Married,Maharashtra,Mumbai,Premium Collector,2026-05-08
CUST04266,Suresh Bhat,32,26-35,Male,Government Employee,1471102,Single,Telangana,Nizamabad,Premium Collector,2022-01-19
CUST04267,Suresh Mehta,21,18-25,Male,Defense Personnel,823430,Married,Rajasthan,Jaipur,First-time Buyer,2022-02-21
CUST04268,Yash Pandey,32,26-35,Male,Banker / Finance,1224068,Married,Kerala,Thiruvananthapuram,Touring / Adventure,2021-12-30
CUST04269,Yash Sharma,42,36-45,Male,Healthcare Professional,1907726,Married,Maharashtra,Thane,First-time Buyer,2020-02-17
CUST04270,Ashok Pillai,23,18-25,Male,IT Professional,1795950,Single,Delhi,New Delhi,First-time Buyer,2022-06-23
CUST04271,Dev Menon,30,26-35,Male,IT Professional,857420,Married,Andhra Pradesh,Guntur,First-time Buyer,2021-12-30
CUST04272,Manish Bhat,45,36-45,Male,Business Owner,1734851,Married,Kerala,Kozhikode,Enthusiast,2025-03-21
CUST04273,Dev Patel,43,36-45,Male,Business Owner,3192140,Married,Assam,Guwahati,Premium Collector,2020-01-23
CUST04274,Nikhil Kumar,33,26-35,Male,Self-Employed / Freelancer,576321,Married,Kerala,Thiruvananthapuram,Daily Commuter,2020-03-10
CUST04275,Vikram Sharma,30,26-35,Male,Healthcare Professional,2069931,Married,Goa,Panaji,Touring / Adventure,2022-02-12
CUST04276,Aarav Verma,20,18-25,Male,IT Professional,1404254,Single,Andhra Pradesh,Visakhapatnam,Daily Commuter,2023-07-25
CUST04277,Suresh Verma,27,26-35,Male,Healthcare Professional,2302662,Married,Haryana,Faridabad,Premium Collector,2021-03-22
CUST04278,Isha Banerjee,20,18-25,Female,Defense Personnel,573084,Single,Maharashtra,Mumbai,First-time Buyer,2020-11-15
CUST04279,Rohan Patel,28,26-35,Male,Government Employee,1109962,Single,Assam,Silchar,First-time Buyer,2023-03-05
CUST04280,Aishwarya Rao,38,36-45,Female,Healthcare Professional,1055752,Married,Karnataka,Hubballi,Enthusiast,2020-12-11
CUST04281,Yash Rao,27,26-35,Male,Government Employee,825596,Single,Chhattisgarh,Raipur,Enthusiast,2023-04-16
CUST04282,Pooja Shetty,27,26-35,Female,IT Professional,2399935,Married,Telangana,Nizamabad,Enthusiast,2025-06-11
CUST04283,Aditya Mehta,35,26-35,Male,Student,541789,Married,Uttar Pradesh,Noida,Touring / Adventure,2020-07-31
CUST04284,Siddharth Singh,44,36-45,Male,Business Owner,2259351,Married,Telangana,Karimnagar,Touring / Adventure,2020-05-01
CUST04285,Pranav Shetty,20,18-25,Male,Government Employee,879026,Single,Jharkhand,Dhanbad,First-time Buyer,2021-06-01
CUST04286,Vivek Kulkarni,43,36-45,Male,Business Owner,1100889,Single,Telangana,Karimnagar,Daily Commuter,2023-06-26
CUST04287,Aditya Singh,21,18-25,Male,Healthcare Professional,1740485,Single,Gujarat,Rajkot,First-time Buyer,2025-02-05
CUST04288,Prakash Mehta,42,36-45,Male,Engineer,1655734,Single,West Bengal,Durgapur,Touring / Adventure,2020-09-05
CUST04289,Karan Shah,34,26-35,Male,IT Professional,2173431,Married,Kerala,Thrissur,Touring / Adventure,2025-10-30
CUST04290,Vivek Mehta,41,36-45,Male,IT Professional,1318176,Single,Haryana,Gurugram,Daily Commuter,2020-03-14
CUST04291,Siddharth Iyer,47,46-60,Male,Self-Employed / Freelancer,1116181,Married,Uttar Pradesh,Noida,Daily Commuter,2025-03-03
CUST04292,Ramesh Kumar,19,18-25,Male,Healthcare Professional,1634560,Single,Gujarat,Bhavnagar,First-time Buyer,2026-02-07
CUST04293,Rahul Sharma,32,26-35,Male,IT Professional,847214,Married,Karnataka,Mangaluru,Premium Collector,2020-07-23
CUST04294,Karthik Verma,32,26-35,Male,Self-Employed / Freelancer,941526,Married,Kerala,Kozhikode,Daily Commuter,2024-01-07
CUST04295,Ashok Gupta,39,36-45,Male,Student,415822,Single,Uttar Pradesh,Ghaziabad,Touring / Adventure,2023-05-17
CUST04296,Sunita Shah,26,26-35,Female,Business Owner,3327448,Married,Odisha,Bhubaneswar,Premium Collector,2021-02-04
CUST04297,Siddharth Pillai,22,18-25,Male,Government Employee,1152659,Single,Tamil Nadu,Coimbatore,Enthusiast,2023-04-27
CUST04298,Lokesh Agarwal,40,36-45,Male,Business Owner,3180587,Single,Bihar,Muzaffarpur,Enthusiast,2025-12-16
CUST04299,Dinesh Shah,27,26-35,Male,IT Professional,2005776,Single,Delhi,West Delhi,Enthusiast,2023-10-09
CUST04300,Manish Joshi,28,26-35,Male,Banker / Finance,1349314,Married,Gujarat,Ahmedabad,Premium Collector,2024-11-12
CUST04301,Swati Joshi,39,36-45,Female,IT Professional,2025982,Married,Kerala,Thiruvananthapuram,Premium Collector,2020-06-15
CUST04302,Harish Menon,41,36-45,Male,Engineer,692443,Married,Kerala,Thrissur,Premium Collector,2024-12-19
CUST04303,Yash Gowda,34,26-35,Other,IT Professional,2182602,Married,Tamil Nadu,Coimbatore,Premium Collector,2021-02-19
CUST04304,Ganesh Pandey,42,36-45,Male,Banker / Finance,1393047,Married,Assam,Dibrugarh,Enthusiast,2024-04-17
CUST04305,Vijay Kulkarni,33,26-35,Male,Healthcare Professional,2627625,Married,Delhi,New Delhi,Touring / Adventure,2022-01-22
CUST04306,Lokesh Kumar,30,26-35,Male,IT Professional,1261774,Married,Uttar Pradesh,Lucknow,Enthusiast,2025-11-27
CUST04307,Suresh Gowda,22,18-25,Male,Defense Personnel,634237,Single,Uttar Pradesh,Lucknow,Daily Commuter,2020-08-16
CUST04308,Ramesh Bhat,33,26-35,Male,Business Owner,2204194,Married,Jharkhand,Ranchi,Enthusiast,2021-02-12
CUST04309,Ashok Menon,32,26-35,Male,Engineer,1536003,Married,Kerala,Kochi,Touring / Adventure,2024-02-28
CUST04310,Swati Menon,39,36-45,Female,IT Professional,954304,Single,Jharkhand,Dhanbad,Daily Commuter,2024-10-31
CUST04311,Karthik Das,19,18-25,Male,Business Owner,2211924,Married,Uttar Pradesh,Lucknow,Touring / Adventure,2020-08-16
CUST04312,Amit Das,58,46-60,Male,Government Employee,1317202,Married,Madhya Pradesh,Indore,Daily Commuter,2022-11-26
CUST04313,Manoj Deshmukh,23,18-25,Male,IT Professional,1428280,Single,Jharkhand,Dhanbad,Enthusiast,2022-11-12
CUST04314,Nidhi Shah,31,26-35,Female,Government Employee,633171,Married,Haryana,Panipat,Daily Commuter,2022-01-23
CUST04315,Vikram Pandey,55,46-60,Male,Engineer,648898,Single,West Bengal,Kolkata,Enthusiast,2020-03-10
CUST04316,Aarav Rao,52,46-60,Male,IT Professional,1005319,Single,Delhi,North Delhi,Daily Commuter,2023-09-06
CUST04317,Pranav Bhat,26,26-35,Male,Business Owner,3391384,Married,Madhya Pradesh,Gwalior,Touring / Adventure,2026-05-31
CUST04318,Amit Reddy,34,26-35,Male,IT Professional,2052702,Married,Andhra Pradesh,Vijayawada,Enthusiast,2020-08-13
CUST04319,Sanjay Singh,24,18-25,Male,IT Professional,1021445,Single,Odisha,Bhubaneswar,First-time Buyer,2026-06-06
CUST04320,Divya Shetty,30,26-35,Female,Banker / Finance,1209517,Single,Maharashtra,Nagpur,First-time Buyer,2025-11-11
CUST04321,Suresh Joshi,22,18-25,Male,Engineer,951947,Single,Telangana,Karimnagar,First-time Buyer,2022-07-30
CUST04322,Siddharth Mishra,58,46-60,Male,Banker / Finance,1845228,Married,Goa,Panaji,Premium Collector,2022-04-08
CUST04323,Ganesh Pillai,42,36-45,Male,Healthcare Professional,2567351,Married,Gujarat,Rajkot,Enthusiast,2024-02-15
CUST04324,Harish Deshmukh,21,18-25,Male,Engineer,675741,Single,Goa,Panaji,Daily Commuter,2024-11-18
CUST04325,Deepak Chowdhury,39,36-45,Male,Business Owner,3439375,Married,Maharashtra,Mumbai,Touring / Adventure,2023-09-27
CUST04326,Anand Pandey,31,26-35,Male,IT Professional,2379903,Married,Karnataka,Mangaluru,Premium Collector,2023-08-10
CUST04327,Ganesh Rao,22,18-25,Male,Healthcare Professional,769558,Married,Andhra Pradesh,Tirupati,First-time Buyer,2021-06-11
CUST04328,Pooja Shetty,26,26-35,Female,Engineer,779165,Single,Madhya Pradesh,Ujjain,Daily Commuter,2021-08-04
CUST04329,Sneha Kulkarni,31,26-35,Female,IT Professional,1435295,Married,Karnataka,Bengaluru,Daily Commuter,2020-03-02
CUST04330,Dinesh Verma,33,26-35,Male,Business Owner,3258307,Single,Rajasthan,Jaipur,Premium Collector,2025-07-11
CUST04331,Tanvi Shah,31,26-35,Female,Business Owner,1140168,Married,Haryana,Karnal,First-time Buyer,2021-11-01
CUST04332,Nikhil Reddy,29,26-35,Male,Business Owner,1759542,Single,Delhi,North Delhi,Daily Commuter,2024-08-10
CUST04333,Amit Reddy,57,46-60,Male,IT Professional,905770,Married,Kerala,Kozhikode,Touring / Adventure,2020-02-06
CUST04334,Siddharth Bhat,27,26-35,Male,Engineer,967241,Married,Jharkhand,Jamshedpur,First-time Buyer,2023-07-03
CUST04335,Dinesh Das,49,46-60,Male,Defense Personnel,677226,Married,Maharashtra,Nagpur,Daily Commuter,2024-06-23
CUST04336,Rahul Verma,18,18-25,Male,Engineer,1449962,Single,Uttar Pradesh,Ghaziabad,Enthusiast,2023-01-05
CUST04337,Yash Sharma,31,26-35,Male,Defense Personnel,753433,Single,Maharashtra,Nashik,Enthusiast,2022-10-03
CUST04338,Vijay Bhat,30,26-35,Male,IT Professional,1740724,Married,Karnataka,Mysuru,Touring / Adventure,2025-02-07
CUST04339,Nidhi Shetty,22,18-25,Female,IT Professional,2195315,Single,Assam,Guwahati,Enthusiast,2020-04-27
CUST04340,Prakash Joshi,35,26-35,Male,Business Owner,2376300,Married,Karnataka,Belagavi,Touring / Adventure,2020-04-28
CUST04341,Sunita Nair,20,18-25,Female,Self-Employed / Freelancer,1103658,Single,Odisha,Bhubaneswar,Enthusiast,2023-05-13
CUST04342,Rahul Pandey,18,18-25,Male,Engineer,666797,Married,Kerala,Thrissur,First-time Buyer,2020-06-15
CUST04343,Naveen Shetty,40,36-45,Male,Government Employee,1227281,Married,Haryana,Gurugram,Touring / Adventure,2023-03-21
CUST04344,Naveen Nair,35,26-35,Male,IT Professional,2093581,Married,Kerala,Kochi,Enthusiast,2024-05-11
CUST04345,Harish Pandey,37,36-45,Male,Business Owner,2889300,Married,Gujarat,Ahmedabad,Touring / Adventure,2026-03-09
CUST04346,Vikram Mishra,19,18-25,Male,IT Professional,973810,Single,Karnataka,Belagavi,First-time Buyer,2020-05-10
CUST04347,Yash Mishra,34,26-35,Male,Engineer,1378887,Married,Madhya Pradesh,Bhopal,Daily Commuter,2020-04-25
CUST04348,Karthik Singh,28,26-35,Male,Business Owner,1952270,Married,Maharashtra,Mumbai,Premium Collector,2023-05-07
CUST04349,Sunita Shah,34,26-35,Female,Engineer,832770,Married,Uttar Pradesh,Lucknow,Premium Collector,2025-12-23
CUST04350,Anand Banerjee,29,26-35,Male,Business Owner,1489565,Married,Madhya Pradesh,Ujjain,Enthusiast,2024-12-30
CUST04351,Rohan Kumar,28,26-35,Male,Defense Personnel,1367862,Married,Chhattisgarh,Raipur,Touring / Adventure,2021-02-04
CUST04352,Karan Joshi,35,26-35,Male,IT Professional,2004638,Single,Goa,Panaji,Touring / Adventure,2021-05-03
CUST04353,Ganesh Shah,35,26-35,Male,Business Owner,2748788,Married,Assam,Dibrugarh,Enthusiast,2021-03-31
CUST04354,Arjun Pillai,39,36-45,Male,Student,529377,Married,Jharkhand,Dhanbad,Daily Commuter,2020-07-05
CUST04355,Rajesh Iyer,25,18-25,Male,Student,552667,Single,Odisha,Cuttack,Daily Commuter,2026-02-25
CUST04356,Aarav Menon,30,26-35,Male,Student,525566,Married,Madhya Pradesh,Indore,Daily Commuter,2025-11-02
CUST04357,Arjun Menon,29,26-35,Male,Healthcare Professional,1538447,Single,Telangana,Hyderabad,Daily Commuter,2022-02-09
CUST04358,Harish Mehta,26,26-35,Male,Business Owner,3157341,Married,Karnataka,Bengaluru,Touring / Adventure,2021-08-20
CUST04359,Siddharth Kumar,25,18-25,Male,Student,374398,Single,Assam,Silchar,First-time Buyer,2022-11-19
CUST04360,Manish Pillai,24,18-25,Male,Banker / Finance,1488174,Single,Punjab,Patiala,Daily Commuter,2024-03-22
CUST04361,Siddharth Deshmukh,37,36-45,Male,Business Owner,1444157,Married,Delhi,New Delhi,Daily Commuter,2021-09-19
CUST04362,Kavya Agarwal,32,26-35,Female,Banker / Finance,1897972,Single,Uttar Pradesh,Lucknow,Touring / Adventure,2020-08-08
CUST04363,Pooja Verma,26,26-35,Female,Banker / Finance,1335838,Single,Madhya Pradesh,Gwalior,Daily Commuter,2023-12-18
CUST04364,Vijay Banerjee,31,26-35,Male,Engineer,715638,Married,Jharkhand,Jamshedpur,First-time Buyer,2026-03-28
CUST04365,Harish Gowda,19,18-25,Male,Engineer,1190011,Married,Assam,Silchar,Daily Commuter,2024-01-12
CUST04366,Ganesh Banerjee,28,26-35,Male,Business Owner,2911650,Married,Maharashtra,Pune,Touring / Adventure,2025-05-07
CUST04367,Harish Patel,26,26-35,Male,Engineer,646747,Single,Uttar Pradesh,Ghaziabad,Enthusiast,2023-09-07
CUST04368,Deepika Iyer,60,46-60,Female,Banker / Finance,1424429,Single,Maharashtra,Pune,Premium Collector,2023-05-24
CUST04369,Rahul Pillai,26,26-35,Male,IT Professional,1587464,Single,Assam,Silchar,Enthusiast,2024-09-30
CUST04370,Rohan Singh,33,26-35,Male,IT Professional,1376369,Single,Tamil Nadu,Madurai,Premium Collector,2021-06-11
CUST04371,Manish Rao,28,26-35,Male,Banker / Finance,1077376,Married,Rajasthan,Jodhpur,Daily Commuter,2020-05-07
CUST04372,Vijay Kulkarni,20,18-25,Male,IT Professional,1419201,Single,Chhattisgarh,Raipur,First-time Buyer,2024-02-02
CUST04373,Pranav Agarwal,23,18-25,Male,Banker / Finance,1141105,Single,Kerala,Kochi,Enthusiast,2025-12-08
CUST04374,Ritu Iyer,19,18-25,Female,IT Professional,1791312,Single,Rajasthan,Udaipur,First-time Buyer,2021-06-16
CUST04375,Manish Shetty,35,26-35,Male,IT Professional,1026623,Single,Punjab,Jalandhar,Enthusiast,2023-07-30
CUST04376,Siddharth Sharma,23,18-25,Male,Business Owner,1273058,Married,Uttar Pradesh,Lucknow,Enthusiast,2020-06-15
CUST04377,Amit Pandey,30,26-35,Male,IT Professional,2047157,Married,Haryana,Faridabad,Touring / Adventure,2026-03-06
CUST04378,Lokesh Das,23,18-25,Male,Healthcare Professional,2014488,Single,Bihar,Muzaffarpur,Premium Collector,2023-02-28
CUST04379,Ashok Rao,49,46-60,Male,Healthcare Professional,2148229,Married,Telangana,Karimnagar,Premium Collector,2023-01-27
CUST04380,Ramesh Agarwal,28,26-35,Male,IT Professional,1961505,Single,Maharashtra,Aurangabad,Daily Commuter,2021-10-26
CUST04381,Anita Verma,28,26-35,Female,Banker / Finance,657177,Married,Rajasthan,Udaipur,Premium Collector,2025-09-11
CUST04382,Sneha Rao,25,18-25,Female,IT Professional,1636148,Single,Maharashtra,Mumbai,First-time Buyer,2025-08-09
CUST04383,Karan Deshmukh,33,26-35,Male,IT Professional,1294011,Single,Maharashtra,Mumbai,Touring / Adventure,2022-09-25
CUST04384,Aditya Menon,33,26-35,Male,Healthcare Professional,2076167,Single,Jharkhand,Ranchi,Touring / Adventure,2020-02-22
CUST04385,Anand Rao,38,36-45,Male,IT Professional,1977397,Married,Karnataka,Bengaluru,Premium Collector,2021-02-09
CUST04386,Dev Gowda,43,36-45,Male,Engineer,1049640,Married,Maharashtra,Thane,Daily Commuter,2025-04-23
CUST04387,Ashok Mehta,27,26-35,Male,Self-Employed / Freelancer,534393,Married,Madhya Pradesh,Bhopal,Touring / Adventure,2025-12-05
CUST04388,Rohan Kulkarni,26,26-35,Male,IT Professional,2312042,Married,Uttar Pradesh,Lucknow,Touring / Adventure,2021-07-16
CUST04389,Suresh Agarwal,33,26-35,Male,Healthcare Professional,1511089,Married,Goa,Panaji,Daily Commuter,2023-11-22
CUST04390,Lakshmi Deshmukh,32,26-35,Female,Defense Personnel,606084,Single,Madhya Pradesh,Jabalpur,Touring / Adventure,2022-04-16
CUST04391,Meera Sharma,30,26-35,Female,Business Owner,1521353,Married,Assam,Silchar,Enthusiast,2020-12-13
CUST04392,Vikram Shah,38,36-45,Male,Government Employee,822357,Married,Telangana,Hyderabad,Touring / Adventure,2025-09-23
CUST04393,Nikhil Deshmukh,22,18-25,Male,IT Professional,825026,Single,Tamil Nadu,Madurai,First-time Buyer,2024-10-30
CUST04394,Deepak Shah,33,26-35,Male,Engineer,1389655,Married,Uttar Pradesh,Lucknow,Daily Commuter,2021-06-06
CUST04395,Vivek Shah,21,18-25,Male,IT Professional,785946,Single,Gujarat,Ahmedabad,Enthusiast,2022-09-28
CUST04396,Aishwarya Reddy,18,18-25,Female,Government Employee,1320973,Single,Jharkhand,Dhanbad,Enthusiast,2021-01-24
CUST04397,Amit Chowdhury,38,36-45,Male,Defense Personnel,436104,Married,Maharashtra,Mumbai,Enthusiast,2025-03-05
CUST04398,Vijay Sharma,37,36-45,Male,Healthcare Professional,2054069,Married,Bihar,Muzaffarpur,Premium Collector,2021-10-23
CUST04399,Yash Verma,27,26-35,Male,Defense Personnel,747605,Married,Kerala,Kochi,Enthusiast,2025-03-29
CUST04400,Pranav Pillai,18,18-25,Male,Government Employee,648601,Single,Maharashtra,Aurangabad,First-time Buyer,2021-03-16
CUST04401,Amit Nair,27,26-35,Male,Engineer,753526,Single,Odisha,Cuttack,Touring / Adventure,2020-09-20
CUST04402,Abhishek Bhat,30,26-35,Male,Government Employee,783851,Married,Bihar,Patna,Premium Collector,2022-01-27
CUST04403,Ramesh Gowda,31,26-35,Male,Student,523147,Single,Punjab,Jalandhar,Daily Commuter,2026-06-22
CUST04404,Aishwarya Bhat,49,46-60,Female,Business Owner,947190,Single,Bihar,Gaya,Daily Commuter,2023-09-16
CUST04405,Arjun Singh,31,26-35,Male,IT Professional,2369209,Married,Punjab,Jalandhar,Touring / Adventure,2024-11-10
CUST04406,Pooja Gupta,18,18-25,Female,Defense Personnel,662025,Single,Odisha,Rourkela,Enthusiast,2023-11-30
CUST04407,Dinesh Banerjee,37,36-45,Male,Engineer,544370,Married,Andhra Pradesh,Guntur,Premium Collector,2026-04-18
CUST04408,Ganesh Deshmukh,26,26-35,Male,Engineer,1159922,Married,Goa,Panaji,Daily Commuter,2025-11-19
CUST04409,Vikram Menon,40,36-45,Male,IT Professional,1436461,Married,Madhya Pradesh,Bhopal,Touring / Adventure,2023-11-09
CUST04410,Dev Shah,49,46-60,Male,Banker / Finance,1902346,Married,Haryana,Karnal,Daily Commuter,2023-10-13
CUST04411,Nidhi Agarwal,20,18-25,Female,Business Owner,3389774,Single,Punjab,Ludhiana,Premium Collector,2024-05-25
CUST04412,Deepak Reddy,27,26-35,Male,IT Professional,1734466,Married,Andhra Pradesh,Guntur,Touring / Adventure,2025-11-18
CUST04413,Manish Pillai,46,46-60,Male,IT Professional,1270144,Married,Assam,Guwahati,First-time Buyer,2020-07-31
CUST04414,Aarav Deshmukh,31,26-35,Male,Business Owner,2456035,Married,Andhra Pradesh,Visakhapatnam,Touring / Adventure,2026-05-11
CUST04415,Nikhil Joshi,28,26-35,Male,Engineer,1671676,Married,Goa,Panaji,Touring / Adventure,2022-12-13
CUST04416,Nidhi Sharma,30,26-35,Female,Self-Employed / Freelancer,800222,Single,Tamil Nadu,Salem,Touring / Adventure,2022-07-27
CUST04417,Aarav Iyer,21,18-25,Male,IT Professional,2371950,Single,Karnataka,Belagavi,Premium Collector,2020-03-21
CUST04418,Ashok Agarwal,23,18-25,Male,Engineer,1116043,Single,Rajasthan,Udaipur,First-time Buyer,2023-11-12
CUST04419,Sneha Verma,21,18-25,Female,Business Owner,2959731,Single,Madhya Pradesh,Ujjain,Premium Collector,2026-01-12
CUST04420,Anand Gupta,57,46-60,Male,Healthcare Professional,2396711,Single,Karnataka,Mangaluru,Premium Collector,2024-10-09
CUST04421,Ashok Shah,31,26-35,Male,Government Employee,1390582,Married,Tamil Nadu,Chennai,First-time Buyer,2024-11-21
CUST04422,Pooja Rao,31,26-35,Female,Government Employee,891551,Married,Delhi,South Delhi,Enthusiast,2020-02-02
CUST04423,Radhika Bhat,61,60+,Female,Business Owner,2723308,Married,Karnataka,Bengaluru,Touring / Adventure,2022-03-18
CUST04424,Lokesh Deshmukh,51,46-60,Male,IT Professional,2241158,Married,Maharashtra,Aurangabad,Enthusiast,2024-03-27
CUST04425,Tanvi Gupta,27,26-35,Female,Banker / Finance,1271840,Married,Maharashtra,Mumbai,Enthusiast,2021-04-22
CUST04426,Ramesh Bhat,46,46-60,Male,Business Owner,1945885,Married,Rajasthan,Jaipur,Enthusiast,2025-10-20
CUST04427,Vivek Pillai,19,18-25,Male,Business Owner,2631698,Single,West Bengal,Kolkata,Premium Collector,2020-01-05
CUST04428,Vaishnavi Banerjee,19,18-25,Female,IT Professional,1580814,Married,Odisha,Rourkela,Daily Commuter,2024-05-27
CUST04429,Siddharth Rao,47,46-60,Male,Healthcare Professional,1449616,Married,Tamil Nadu,Coimbatore,Touring / Adventure,2021-06-30
CUST04430,Naveen Deshmukh,35,26-35,Male,Government Employee,1250216,Married,Delhi,New Delhi,Enthusiast,2025-12-24
CUST04431,Kavya Nair,60,46-60,Female,Defense Personnel,511378,Married,Punjab,Chandigarh,Touring / Adventure,2023-10-06
CUST04432,Prakash Singh,32,26-35,Male,Banker / Finance,1464914,Married,Uttar Pradesh,Lucknow,Daily Commuter,2022-10-21
CUST04433,Nikhil Shetty,26,26-35,Male,Student,400743,Married,Madhya Pradesh,Gwalior,Daily Commuter,2020-10-28
CUST04434,Deepak Shah,30,26-35,Male,Banker / Finance,706809,Married,Punjab,Jalandhar,First-time Buyer,2021-07-11
CUST04435,Rohan Gupta,52,46-60,Male,Healthcare Professional,900702,Married,Assam,Silchar,Enthusiast,2025-01-22
CUST04436,Nikhil Patel,18,18-25,Male,Business Owner,3491803,Single,Kerala,Thiruvananthapuram,Touring / Adventure,2025-10-28
CUST04437,Siddharth Gowda,22,18-25,Male,Engineer,1085406,Single,Kerala,Thiruvananthapuram,First-time Buyer,2023-04-02
CUST04438,Ganesh Pillai,31,26-35,Male,Engineer,1457594,Married,Delhi,North Delhi,Daily Commuter,2021-12-13
CUST04439,Divya Das,64,60+,Female,Government Employee,1051121,Married,Kerala,Kollam,Touring / Adventure,2026-04-16
CUST04440,Dinesh Reddy,30,26-35,Male,Government Employee,1229060,Single,Haryana,Panipat,Premium Collector,2025-04-06
CUST04441,Meera Verma,33,26-35,Female,Engineer,1298263,Single,Kerala,Kollam,Daily Commuter,2022-10-01
CUST04442,Ramesh Shetty,25,18-25,Male,Government Employee,915616,Single,Chhattisgarh,Bhilai,First-time Buyer,2023-10-26
CUST04443,Anand Joshi,27,26-35,Male,Business Owner,2039599,Married,West Bengal,Durgapur,Premium Collector,2025-12-06
CUST04444,Rajesh Agarwal,32,26-35,Male,Defense Personnel,1031193,Married,Haryana,Gurugram,Daily Commuter,2025-09-24
CUST04445,Harish Rao,26,26-35,Male,IT Professional,867838,Married,Maharashtra,Pune,Daily Commuter,2023-06-10
CUST04446,Siddharth Kulkarni,22,18-25,Male,IT Professional,1328163,Married,Chhattisgarh,Bilaspur,First-time Buyer,2020-02-02
CUST04447,Ashok Joshi,30,26-35,Male,Engineer,1105070,Married,Punjab,Jalandhar,Premium Collector,2020-04-07
CUST04448,Ashok Rao,34,26-35,Male,IT Professional,1829420,Married,Punjab,Patiala,Premium Collector,2022-09-13
CUST04449,Ganesh Agarwal,19,18-25,Male,Engineer,968618,Single,Kerala,Thrissur,First-time Buyer,2022-10-31
CUST04450,Rajesh Mehta,32,26-35,Male,Engineer,790640,Married,Rajasthan,Jaipur,Premium Collector,2023-03-16
CUST04451,Nikhil Kumar,20,18-25,Male,Banker / Finance,1895685,Single,Chhattisgarh,Bilaspur,Daily Commuter,2021-10-11
CUST04452,Amit Mishra,28,26-35,Male,IT Professional,1964060,Single,Gujarat,Bhavnagar,Daily Commuter,2023-06-04
CUST04453,Arjun Chowdhury,45,36-45,Male,Government Employee,624917,Married,Maharashtra,Mumbai,Touring / Adventure,2021-08-10
CUST04454,Karthik Nair,28,26-35,Male,Government Employee,1226999,Married,Madhya Pradesh,Ujjain,Touring / Adventure,2022-07-22
CUST04455,Rajesh Pillai,45,36-45,Male,Healthcare Professional,1439055,Married,Punjab,Ludhiana,Daily Commuter,2025-12-25
CUST04456,Deepak Nair,31,26-35,Male,Business Owner,2083103,Married,Andhra Pradesh,Guntur,Enthusiast,2025-06-26
CUST04457,Pranav Patel,21,18-25,Male,Government Employee,1229963,Married,Madhya Pradesh,Indore,Daily Commuter,2022-06-15
CUST04458,Yash Gupta,21,18-25,Male,Banker / Finance,1366609,Single,West Bengal,Durgapur,First-time Buyer,2024-09-16
CUST04459,Dinesh Shah,24,18-25,Male,Engineer,1504163,Single,Karnataka,Hubballi,Daily Commuter,2022-07-02
CUST04460,Pooja Rao,32,26-35,Female,IT Professional,1303025,Single,Chhattisgarh,Bilaspur,Enthusiast,2020-08-13
CUST04461,Rohan Agarwal,27,26-35,Male,Healthcare Professional,1282466,Married,Jharkhand,Dhanbad,Enthusiast,2020-12-06
CUST04462,Pooja Rao,58,46-60,Female,Business Owner,2451998,Married,Maharashtra,Thane,Touring / Adventure,2024-08-22
CUST04463,Aarav Mishra,45,36-45,Male,Engineer,1632216,Married,Bihar,Patna,Premium Collector,2025-09-18
CUST04464,Riya Deshmukh,38,36-45,Female,Engineer,669639,Married,Tamil Nadu,Chennai,Enthusiast,2025-11-22
CUST04465,Rahul Banerjee,21,18-25,Male,Student,446757,Single,Kerala,Thrissur,Daily Commuter,2025-08-12
CUST04466,Pranav Mehta,37,36-45,Male,Defense Personnel,1288681,Married,Andhra Pradesh,Tirupati,Touring / Adventure,2022-04-05
CUST04467,Harish Gowda,27,26-35,Male,Government Employee,682484,Single,Kerala,Kozhikode,Enthusiast,2024-04-27
CUST04468,Sachin Deshmukh,35,26-35,Male,Business Owner,3295293,Married,Gujarat,Surat,Touring / Adventure,2020-03-17
CUST04469,Aarav Sharma,22,18-25,Male,IT Professional,626886,Single,Assam,Silchar,Daily Commuter,2025-12-16
CUST04470,Pranav Pillai,19,18-25,Male,Banker / Finance,594993,Married,Madhya Pradesh,Bhopal,Daily Commuter,2025-12-06
CUST04471,Rajesh Singh,20,18-25,Male,Banker / Finance,853724,Single,Uttar Pradesh,Lucknow,First-time Buyer,2020-05-16
CUST04472,Aditya Mehta,44,36-45,Male,IT Professional,865094,Single,Haryana,Faridabad,Enthusiast,2024-01-22
CUST04473,Aarav Deshmukh,35,26-35,Male,Engineer,554820,Married,Gujarat,Surat,Touring / Adventure,2024-11-27
CUST04474,Prakash Mehta,24,18-25,Male,Student,437575,Single,Rajasthan,Jaipur,First-time Buyer,2022-05-29
CUST04475,Rohan Patel,40,36-45,Male,IT Professional,2022820,Married,Maharashtra,Nagpur,Enthusiast,2021-09-16
CUST04476,Karan Mishra,55,46-60,Male,Healthcare Professional,1788357,Married,Haryana,Karnal,Daily Commuter,2023-03-19
CUST04477,Rahul Deshmukh,42,36-45,Male,Engineer,1304195,Married,Andhra Pradesh,Vijayawada,Premium Collector,2022-03-30
CUST04478,Karthik Mehta,33,26-35,Male,Business Owner,3315403,Married,Madhya Pradesh,Jabalpur,Premium Collector,2022-05-17
CUST04479,Dev Sharma,35,26-35,Male,IT Professional,2010234,Married,Bihar,Patna,Touring / Adventure,2023-10-11
CUST04480,Karan Reddy,49,46-60,Male,IT Professional,1476166,Married,Tamil Nadu,Chennai,Enthusiast,2023-01-30
CUST04481,Kavya Reddy,42,36-45,Female,Defense Personnel,873950,Married,Uttar Pradesh,Kanpur,Enthusiast,2021-09-11
CUST04482,Ganesh Das,22,18-25,Male,Business Owner,3388644,Single,Madhya Pradesh,Ujjain,Enthusiast,2022-03-29
CUST04483,Aditya Rao,32,26-35,Male,Student,352726,Single,Gujarat,Surat,First-time Buyer,2024-05-26
CUST04484,Ramesh Menon,27,26-35,Male,Self-Employed / Freelancer,1295538,Married,Rajasthan,Jaipur,Daily Commuter,2024-03-18
CUST04485,Lakshmi Iyer,32,26-35,Female,Banker / Finance,1320920,Married,Delhi,North Delhi,Enthusiast,2021-10-17
CUST04486,Prakash Shah,63,60+,Male,Engineer,1196361,Married,Odisha,Cuttack,Daily Commuter,2022-09-23
CUST04487,Naveen Mehta,26,26-35,Male,Business Owner,1836668,Married,Tamil Nadu,Madurai,Premium Collector,2025-11-09
CUST04488,Suresh Kumar,36,36-45,Male,IT Professional,1256558,Married,Rajasthan,Jodhpur,Touring / Adventure,2023-10-14
CUST04489,Ramesh Kumar,24,18-25,Male,IT Professional,2383418,Single,Assam,Guwahati,Premium Collector,2023-01-04
CUST04490,Anand Pandey,45,36-45,Male,Government Employee,722990,Single,Madhya Pradesh,Gwalior,First-time Buyer,2022-01-09
CUST04491,Vikram Verma,41,36-45,Male,Engineer,1668459,Married,Kerala,Thrissur,Enthusiast,2025-12-29
CUST04492,Sanjay Agarwal,32,26-35,Male,Student,386748,Married,Madhya Pradesh,Jabalpur,Touring / Adventure,2024-09-23
CUST04493,Harish Joshi,51,46-60,Male,Healthcare Professional,2723656,Married,Gujarat,Rajkot,Touring / Adventure,2020-09-21
CUST04494,Ganesh Joshi,53,46-60,Male,Defense Personnel,916731,Single,Andhra Pradesh,Vijayawada,Enthusiast,2025-12-09
CUST04495,Abhishek Verma,35,26-35,Male,Business Owner,1668032,Married,West Bengal,Durgapur,Enthusiast,2023-08-19
CUST04496,Radhika Reddy,21,18-25,Female,Engineer,1365883,Single,Madhya Pradesh,Jabalpur,Daily Commuter,2020-05-11
CUST04497,Ramesh Rao,24,18-25,Male,Healthcare Professional,2554833,Single,Madhya Pradesh,Indore,Touring / Adventure,2020-02-27
CUST04498,Dinesh Shetty,26,26-35,Male,IT Professional,735922,Married,Rajasthan,Jaipur,Touring / Adventure,2022-02-09
CUST04499,Priya Gowda,19,18-25,Female,Healthcare Professional,2539984,Single,Maharashtra,Thane,Enthusiast,2024-09-02
CUST04500,Karan Iyer,43,36-45,Male,IT Professional,1147097,Married,Delhi,North Delhi,Daily Commuter,2020-06-05
CUST04501,Aditya Rao,29,26-35,Male,Defense Personnel,799177,Single,Haryana,Karnal,Premium Collector,2026-05-06
CUST04502,Rohan Reddy,39,36-45,Male,IT Professional,665127,Married,Delhi,New Delhi,Enthusiast,2024-05-01
CUST04503,Sanjay Joshi,32,26-35,Male,IT Professional,1288501,Single,Assam,Silchar,Daily Commuter,2021-04-09
CUST04504,Dev Joshi,33,26-35,Male,Government Employee,979101,Married,Goa,Panaji,Touring / Adventure,2020-04-29
CUST04505,Dev Kumar,23,18-25,Male,Government Employee,797442,Married,Haryana,Gurugram,Enthusiast,2024-11-28
CUST04506,Ramesh Verma,41,36-45,Male,IT Professional,2240828,Single,Tamil Nadu,Chennai,Premium Collector,2021-04-08
CUST04507,Naveen Gowda,25,18-25,Male,Business Owner,3135291,Single,Andhra Pradesh,Vijayawada,Premium Collector,2023-10-29
CUST04508,Karthik Menon,64,60+,Male,Business Owner,1390192,Single,Maharashtra,Pune,Daily Commuter,2021-07-08
CUST04509,Aditya Patel,40,36-45,Male,Student,523764,Married,Karnataka,Mysuru,Daily Commuter,2025-06-16
CUST04510,Ganesh Reddy,37,36-45,Male,Engineer,1076661,Married,Uttar Pradesh,Varanasi,Enthusiast,2023-10-10
CUST04511,Amit Verma,33,26-35,Male,Business Owner,1242966,Married,Kerala,Kollam,Touring / Adventure,2023-11-20
CUST04512,Vijay Menon,35,26-35,Male,Healthcare Professional,1582505,Married,Delhi,New Delhi,Premium Collector,2023-05-19
CUST04513,Manoj Sharma,25,18-25,Male,Business Owner,1336951,Single,Maharashtra,Aurangabad,Daily Commuter,2023-11-04
CUST04514,Manish Gowda,37,36-45,Male,IT Professional,1360185,Single,Chhattisgarh,Bilaspur,Daily Commuter,2025-01-25
CUST04515,Aarav Nair,27,26-35,Male,Business Owner,1764665,Married,Chhattisgarh,Bilaspur,Enthusiast,2021-11-14
CUST04516,Priya Joshi,19,18-25,Female,Engineer,1594404,Married,Haryana,Panipat,First-time Buyer,2020-01-14
CUST04517,Deepak Nair,25,18-25,Male,Banker / Finance,1776741,Single,Haryana,Faridabad,Daily Commuter,2025-06-13
CUST04518,Lokesh Shetty,21,18-25,Male,IT Professional,962408,Single,Tamil Nadu,Chennai,First-time Buyer,2024-08-28
CUST04519,Amit Chowdhury,28,26-35,Male,Business Owner,3489458,Single,Tamil Nadu,Coimbatore,Touring / Adventure,2020-10-30
CUST04520,Aditya Deshmukh,31,26-35,Male,Banker / Finance,1039347,Married,Tamil Nadu,Chennai,Enthusiast,2021-09-06
CUST04521,Suresh Gupta,27,26-35,Male,IT Professional,1880684,Single,Jharkhand,Ranchi,Daily Commuter,2022-05-10
CUST04522,Manoj Singh,19,18-25,Male,Business Owner,1522145,Single,West Bengal,Durgapur,Daily Commuter,2026-06-19
CUST04523,Rohan Verma,18,18-25,Male,Government Employee,1315490,Single,Chhattisgarh,Bhilai,Daily Commuter,2024-06-30
CUST04524,Lokesh Deshmukh,19,18-25,Male,IT Professional,2342659,Single,Maharashtra,Mumbai,Premium Collector,2025-04-30
CUST04525,Manoj Kulkarni,31,26-35,Male,Self-Employed / Freelancer,1094905,Married,Tamil Nadu,Salem,Enthusiast,2022-12-22
CUST04526,Rajesh Bhat,53,46-60,Male,Self-Employed / Freelancer,882464,Married,Gujarat,Surat,Touring / Adventure,2021-11-28
CUST04527,Aditya Kulkarni,21,18-25,Male,Defense Personnel,1131745,Single,Delhi,North Delhi,First-time Buyer,2021-03-19
CUST04528,Nikhil Agarwal,34,26-35,Male,IT Professional,998585,Single,Kerala,Kochi,Enthusiast,2025-03-20
CUST04529,Divya Verma,36,36-45,Female,Healthcare Professional,1662852,Married,Madhya Pradesh,Gwalior,Touring / Adventure,2024-03-22
CUST04530,Vikram Iyer,31,26-35,Male,IT Professional,1475238,Married,Kerala,Thiruvananthapuram,First-time Buyer,2020-07-12
CUST04531,Naveen Rao,29,26-35,Male,Defense Personnel,437557,Married,Jharkhand,Ranchi,Enthusiast,2026-01-13
CUST04532,Sunita Sharma,44,36-45,Female,Engineer,1360825,Married,Bihar,Muzaffarpur,Daily Commuter,2023-12-26
CUST04533,Pooja Joshi,60,46-60,Female,Self-Employed / Freelancer,1297381,Single,Goa,Panaji,Daily Commuter,2022-01-18
CUST04534,Naveen Gupta,62,60+,Male,Business Owner,3399514,Married,Uttar Pradesh,Kanpur,Premium Collector,2025-07-22
CUST04535,Sanjay Chowdhury,26,26-35,Male,Business Owner,2549352,Married,Karnataka,Mysuru,Enthusiast,2021-12-04
CUST04536,Manish Joshi,22,18-25,Male,Healthcare Professional,1324932,Single,Punjab,Chandigarh,First-time Buyer,2025-11-05
CUST04537,Arjun Kumar,35,26-35,Male,Self-Employed / Freelancer,1056325,Single,Gujarat,Ahmedabad,Enthusiast,2022-10-08
CUST04538,Ganesh Menon,35,26-35,Male,IT Professional,2334019,Married,Haryana,Gurugram,Touring / Adventure,2021-02-03
CUST04539,Vijay Reddy,20,18-25,Male,Government Employee,1344919,Married,Madhya Pradesh,Indore,First-time Buyer,2021-12-26
CUST04540,Preeti Gupta,19,18-25,Female,Business Owner,2717798,Single,Madhya Pradesh,Indore,Touring / Adventure,2021-08-08
CUST04541,Ramesh Nair,33,26-35,Male,Engineer,747306,Single,Rajasthan,Udaipur,First-time Buyer,2021-12-20
CUST04542,Karan Das,26,26-35,Male,Student,453158,Married,Telangana,Nizamabad,Daily Commuter,2022-10-12
CUST04543,Naveen Kulkarni,21,18-25,Male,IT Professional,1051075,Single,Kerala,Kollam,First-time Buyer,2024-04-16
CUST04544,Vivek Deshmukh,22,18-25,Male,Engineer,1283365,Married,Jharkhand,Jamshedpur,First-time Buyer,2025-08-10
CUST04545,Rohan Mehta,63,60+,Male,IT Professional,1685083,Single,Kerala,Thrissur,Touring / Adventure,2024-12-15
CUST04546,Anita Das,44,36-45,Female,IT Professional,1601842,Married,Maharashtra,Nagpur,Enthusiast,2025-06-22
CUST04547,Ananya Bhat,34,26-35,Female,Government Employee,601691,Married,Tamil Nadu,Madurai,Daily Commuter,2020-02-27
CUST04548,Rahul Mishra,27,26-35,Male,Healthcare Professional,2368258,Single,Tamil Nadu,Madurai,Enthusiast,2022-03-05
CUST04549,Vijay Singh,45,36-45,Male,Healthcare Professional,1589746,Married,Bihar,Patna,Premium Collector,2024-05-06
CUST04550,Harish Chowdhury,43,36-45,Male,Government Employee,591013,Married,Uttar Pradesh,Kanpur,Daily Commuter,2021-01-22
CUST04551,Arjun Deshmukh,20,18-25,Male,Engineer,838890,Married,West Bengal,Durgapur,Enthusiast,2021-07-19
CUST04552,Karan Gupta,45,36-45,Male,Student,509051,Single,Gujarat,Surat,Daily Commuter,2021-03-23
CUST04553,Ramesh Reddy,45,36-45,Male,IT Professional,1623854,Married,Karnataka,Hubballi,First-time Buyer,2025-08-10
CUST04554,Ananya Iyer,22,18-25,Female,Business Owner,1331216,Single,Madhya Pradesh,Ujjain,Enthusiast,2022-10-16
CUST04555,Dev Nair,22,18-25,Male,Defense Personnel,784838,Single,Jharkhand,Dhanbad,Daily Commuter,2025-07-10
CUST04556,Dev Agarwal,20,18-25,Male,Self-Employed / Freelancer,1580233,Single,Rajasthan,Udaipur,Enthusiast,2026-06-26
CUST04557,Vijay Deshmukh,22,18-25,Male,Defense Personnel,1141417,Single,Maharashtra,Pune,Enthusiast,2020-09-28
CUST04558,Karthik Das,25,18-25,Male,Engineer,1675349,Single,Rajasthan,Udaipur,First-time Buyer,2025-03-28
CUST04559,Manish Deshmukh,42,36-45,Male,Engineer,558148,Married,Punjab,Chandigarh,First-time Buyer,2023-10-25
CUST04560,Suresh Mehta,22,18-25,Male,Defense Personnel,1184225,Single,Rajasthan,Udaipur,First-time Buyer,2022-11-28
CUST04561,Vikram Banerjee,63,60+,Male,IT Professional,766980,Married,Uttar Pradesh,Kanpur,Daily Commuter,2020-06-30
CUST04562,Suresh Kumar,37,36-45,Male,IT Professional,1841592,Married,Haryana,Gurugram,Touring / Adventure,2020-02-28
CUST04563,Arjun Verma,31,26-35,Male,Student,518186,Married,Madhya Pradesh,Bhopal,Touring / Adventure,2021-08-25
CUST04564,Rajesh Das,23,18-25,Male,Student,538737,Single,Tamil Nadu,Madurai,First-time Buyer,2023-01-27
CUST04565,Sunita Patel,22,18-25,Female,Engineer,1204344,Single,Haryana,Gurugram,Daily Commuter,2025-11-21
CUST04566,Anand Pandey,20,18-25,Male,Business Owner,2082404,Single,Tamil Nadu,Chennai,Touring / Adventure,2023-06-05
CUST04567,Dinesh Das,28,26-35,Male,Engineer,1072963,Single,Odisha,Cuttack,Touring / Adventure,2024-02-23
CUST04568,Ananya Chowdhury,33,26-35,Female,Government Employee,833086,Married,Maharashtra,Thane,Touring / Adventure,2026-05-24
CUST04569,Manish Nair,30,26-35,Male,Business Owner,3278043,Single,Karnataka,Belagavi,Premium Collector,2021-12-26
CUST04570,Karthik Deshmukh,32,26-35,Male,Business Owner,1363784,Married,Rajasthan,Jaipur,Premium Collector,2021-02-02
CUST04571,Lakshmi Mehta,30,26-35,Female,Defense Personnel,808166,Married,Maharashtra,Thane,Daily Commuter,2023-05-08
CUST04572,Karthik Mehta,27,26-35,Male,Defense Personnel,902171,Married,Karnataka,Hubballi,Enthusiast,2021-12-12
CUST04573,Ramesh Deshmukh,50,46-60,Male,Healthcare Professional,2323382,Married,Maharashtra,Pune,Premium Collector,2020-07-31
CUST04574,Anand Banerjee,28,26-35,Male,Defense Personnel,1065181,Married,Karnataka,Mysuru,Enthusiast,2020-05-09
CUST04575,Deepak Gowda,37,36-45,Male,Government Employee,1152522,Married,Jharkhand,Ranchi,Enthusiast,2021-07-05
CUST04576,Siddharth Singh,52,46-60,Male,IT Professional,1777842,Single,Assam,Dibrugarh,Daily Commuter,2020-06-26
CUST04577,Preeti Sharma,20,18-25,Female,Healthcare Professional,1199191,Single,Andhra Pradesh,Vijayawada,First-time Buyer,2020-05-18
CUST04578,Dinesh Gupta,31,26-35,Male,Student,466924,Married,Karnataka,Hubballi,Touring / Adventure,2020-09-21
CUST04579,Ritu Joshi,34,26-35,Female,Engineer,1571424,Married,Andhra Pradesh,Vijayawada,Touring / Adventure,2022-10-30
CUST04580,Sunita Iyer,51,46-60,Female,Defense Personnel,786943,Single,Kerala,Thrissur,Daily Commuter,2021-01-19
CUST04581,Aishwarya Kumar,19,18-25,Female,Business Owner,3036534,Single,Bihar,Patna,Touring / Adventure,2025-08-27
CUST04582,Vivek Joshi,41,36-45,Male,Defense Personnel,1206630,Married,Madhya Pradesh,Indore,Daily Commuter,2022-01-24
CUST04583,Sneha Pandey,25,18-25,Female,Government Employee,1045072,Married,Kerala,Thiruvananthapuram,Enthusiast,2021-08-21
CUST04584,Amit Shah,46,46-60,Male,IT Professional,2037776,Married,Andhra Pradesh,Tirupati,Touring / Adventure,2024-11-11
CUST04585,Dinesh Gupta,23,18-25,Male,Business Owner,3462561,Married,Telangana,Karimnagar,Premium Collector,2021-09-07
CUST04586,Neha Deshmukh,26,26-35,Other,Government Employee,1387945,Single,Madhya Pradesh,Gwalior,Daily Commuter,2023-09-15
CUST04587,Pranav Pillai,42,36-45,Male,Defense Personnel,466008,Single,Kerala,Kozhikode,Daily Commuter,2024-03-12
CUST04588,Aarav Pillai,57,46-60,Male,IT Professional,1256128,Married,Karnataka,Bengaluru,Daily Commuter,2020-03-13
CUST04589,Kavya Kulkarni,24,18-25,Female,IT Professional,2388340,Single,Madhya Pradesh,Ujjain,Touring / Adventure,2020-05-17
CUST04590,Aarav Patel,32,26-35,Male,Government Employee,1330746,Married,Maharashtra,Thane,Premium Collector,2024-12-30
CUST04591,Manoj Menon,26,26-35,Male,IT Professional,1585341,Married,Tamil Nadu,Salem,Touring / Adventure,2024-11-12
CUST04592,Nikhil Menon,23,18-25,Male,IT Professional,1025745,Married,Maharashtra,Mumbai,First-time Buyer,2020-11-10
CUST04593,Anand Rao,23,18-25,Male,IT Professional,1958353,Single,Rajasthan,Jaipur,First-time Buyer,2025-06-20
CUST04594,Ashok Verma,60,46-60,Male,IT Professional,1907637,Single,Kerala,Kollam,Daily Commuter,2022-04-19
CUST04595,Rajesh Nair,27,26-35,Male,Healthcare Professional,2374777,Married,Assam,Guwahati,Touring / Adventure,2023-04-30
CUST04596,Rajesh Sharma,30,26-35,Male,Business Owner,1957372,Married,Kerala,Thrissur,First-time Buyer,2026-04-04
CUST04597,Karthik Iyer,24,18-25,Male,Healthcare Professional,1320308,Married,Gujarat,Surat,First-time Buyer,2020-10-24
CUST04598,Ramesh Singh,23,18-25,Male,Defense Personnel,1232127,Single,Tamil Nadu,Madurai,Daily Commuter,2021-03-02
CUST04599,Dev Mishra,32,26-35,Male,Engineer,1538698,Married,Kerala,Thiruvananthapuram,First-time Buyer,2024-02-28
CUST04600,Rajesh Gupta,45,36-45,Male,Engineer,1401025,Married,Uttar Pradesh,Ghaziabad,Enthusiast,2022-07-11
CUST04601,Ramesh Joshi,33,26-35,Male,Defense Personnel,437802,Married,Maharashtra,Nashik,Premium Collector,2021-07-13
CUST04602,Rahul Banerjee,23,18-25,Male,IT Professional,1898426,Married,Bihar,Muzaffarpur,First-time Buyer,2022-02-24
CUST04603,Deepak Menon,30,26-35,Male,Business Owner,2237020,Married,Maharashtra,Nashik,Premium Collector,2024-01-30
CUST04604,Karan Kumar,27,26-35,Male,Business Owner,1242672,Married,Kerala,Kochi,Daily Commuter,2025-06-17
CUST04605,Pranav Kumar,39,36-45,Male,Defense Personnel,1175319,Married,Uttar Pradesh,Noida,Daily Commuter,2020-08-22
CUST04606,Sunita Sharma,44,36-45,Female,Engineer,1441747,Married,Punjab,Jalandhar,Enthusiast,2024-02-14
CUST04607,Sachin Shetty,25,18-25,Male,Business Owner,1848027,Single,Tamil Nadu,Madurai,First-time Buyer,2024-09-05
CUST04608,Nikhil Rao,38,36-45,Male,Government Employee,1202870,Single,Delhi,New Delhi,Daily Commuter,2022-05-05
CUST04609,Manoj Shetty,45,36-45,Male,IT Professional,2379388,Married,Punjab,Jalandhar,Touring / Adventure,2023-04-27
CUST04610,Manish Shetty,33,26-35,Male,IT Professional,1321392,Married,Gujarat,Bhavnagar,Premium Collector,2024-07-15
CUST04611,Amit Iyer,29,26-35,Male,Engineer,1698609,Married,Odisha,Bhubaneswar,Touring / Adventure,2020-09-12
CUST04612,Sanjay Das,30,26-35,Male,Healthcare Professional,2102459,Married,Gujarat,Ahmedabad,Premium Collector,2020-10-14
CUST04613,Anand Pandey,21,18-25,Male,Healthcare Professional,2490055,Single,Madhya Pradesh,Indore,Touring / Adventure,2023-12-31
CUST04614,Nidhi Chowdhury,27,26-35,Female,Healthcare Professional,1616407,Single,Telangana,Karimnagar,Daily Commuter,2021-08-01
CUST04615,Dev Sharma,33,26-35,Male,Government Employee,1454898,Married,Delhi,West Delhi,Daily Commuter,2025-11-11
CUST04616,Sanjay Pandey,46,46-60,Male,Business Owner,2187267,Married,Jharkhand,Jamshedpur,Premium Collector,2022-05-05
CUST04617,Dinesh Kumar,60,46-60,Male,Business Owner,2601051,Married,Haryana,Panipat,Touring / Adventure,2023-06-27
CUST04618,Ashok Shah,26,26-35,Male,Business Owner,2760926,Single,Gujarat,Surat,Premium Collector,2020-12-24
CUST04619,Anand Das,28,26-35,Male,IT Professional,871259,Married,Uttar Pradesh,Kanpur,Daily Commuter,2025-01-25
CUST04620,Kavya Iyer,36,36-45,Female,IT Professional,1753041,Married,Punjab,Jalandhar,Daily Commuter,2025-10-26
CUST04621,Karan Kumar,28,26-35,Male,IT Professional,732778,Married,Jharkhand,Ranchi,Daily Commuter,2025-08-30
CUST04622,Aishwarya Reddy,26,26-35,Female,Engineer,1347801,Married,Delhi,West Delhi,Touring / Adventure,2025-05-23
CUST04623,Neha Chowdhury,24,18-25,Female,Engineer,756932,Single,Maharashtra,Mumbai,Enthusiast,2026-06-19
CUST04624,Harish Agarwal,62,60+,Male,Engineer,805428,Single,Telangana,Hyderabad,Touring / Adventure,2023-01-18
CUST04625,Preeti Agarwal,25,18-25,Female,IT Professional,895217,Single,Bihar,Patna,First-time Buyer,2023-06-19
CUST04626,Ramesh Pandey,40,36-45,Male,Business Owner,2902345,Married,Uttar Pradesh,Varanasi,Touring / Adventure,2020-01-22
CUST04627,Anand Pillai,28,26-35,Male,Business Owner,3009474,Single,Maharashtra,Pune,Touring / Adventure,2023-12-26
CUST04628,Sneha Kumar,45,36-45,Female,Student,434288,Married,Andhra Pradesh,Tirupati,Enthusiast,2020-04-22
CUST04629,Pranav Verma,25,18-25,Male,IT Professional,1687075,Single,Telangana,Hyderabad,Enthusiast,2022-10-20
CUST04630,Ganesh Shetty,23,18-25,Male,IT Professional,1908595,Single,Delhi,South Delhi,Daily Commuter,2024-10-23
CUST04631,Sanjay Rao,26,26-35,Male,IT Professional,1422446,Married,Chhattisgarh,Bhilai,Touring / Adventure,2021-04-12
CUST04632,Pooja Agarwal,26,26-35,Female,Business Owner,2749196,Single,Maharashtra,Pune,Touring / Adventure,2025-09-24
CUST04633,Dinesh Mehta,23,18-25,Male,Defense Personnel,571297,Single,Madhya Pradesh,Indore,Enthusiast,2020-03-04
CUST04634,Harish Pandey,29,26-35,Male,IT Professional,2163583,Married,Haryana,Faridabad,Premium Collector,2025-02-14
CUST04635,Priya Gowda,51,46-60,Female,Banker / Finance,1708983,Married,Delhi,New Delhi,First-time Buyer,2020-09-23
CUST04636,Karthik Das,47,46-60,Male,IT Professional,2196749,Single,Uttar Pradesh,Lucknow,Enthusiast,2022-08-31
CUST04637,Rahul Bhat,27,26-35,Male,IT Professional,1548531,Married,Chhattisgarh,Bilaspur,Touring / Adventure,2020-08-29
CUST04638,Sachin Singh,27,26-35,Male,Business Owner,3314032,Married,Delhi,West Delhi,Premium Collector,2021-11-23
CUST04639,Ashok Das,39,36-45,Male,IT Professional,1107760,Single,Andhra Pradesh,Visakhapatnam,Premium Collector,2022-04-22
CUST04640,Vijay Mishra,37,36-45,Male,IT Professional,1871903,Married,Uttar Pradesh,Kanpur,Enthusiast,2023-12-16
CUST04641,Suresh Gowda,28,26-35,Male,Self-Employed / Freelancer,817700,Married,Kerala,Kollam,Touring / Adventure,2024-03-02
CUST04642,Deepak Gupta,26,26-35,Male,Self-Employed / Freelancer,1467172,Single,Karnataka,Mysuru,Enthusiast,2025-02-23
CUST04643,Divya Chowdhury,34,26-35,Female,IT Professional,1059677,Married,Bihar,Gaya,Daily Commuter,2021-08-20
CUST04644,Rahul Mehta,54,46-60,Male,IT Professional,834422,Single,Tamil Nadu,Madurai,Daily Commuter,2024-01-27
CUST04645,Yash Chowdhury,33,26-35,Male,Banker / Finance,1407023,Married,Odisha,Cuttack,Enthusiast,2021-07-23
CUST04646,Nikhil Gupta,37,36-45,Male,Self-Employed / Freelancer,1217319,Single,Andhra Pradesh,Tirupati,Daily Commuter,2025-08-23
CUST04647,Aditya Mehta,27,26-35,Male,IT Professional,803055,Single,Chhattisgarh,Bilaspur,First-time Buyer,2023-09-24
CUST04648,Prakash Sharma,29,26-35,Male,Engineer,991780,Single,Kerala,Kollam,Touring / Adventure,2021-11-25
CUST04649,Rohan Shah,33,26-35,Male,Engineer,1277249,Married,Bihar,Muzaffarpur,Premium Collector,2023-12-21
CUST04650,Arjun Das,27,26-35,Male,Healthcare Professional,1358798,Married,Bihar,Gaya,Premium Collector,2023-12-05
CUST04651,Sachin Bhat,21,18-25,Other,Defense Personnel,823886,Single,Maharashtra,Thane,Daily Commuter,2020-04-19
CUST04652,Arjun Singh,20,18-25,Male,Government Employee,459492,Single,Punjab,Patiala,First-time Buyer,2021-07-14
CUST04653,Dinesh Das,32,26-35,Male,IT Professional,1798268,Single,Gujarat,Ahmedabad,Daily Commuter,2022-08-11
CUST04654,Rahul Shah,34,26-35,Male,Engineer,1636291,Married,Bihar,Muzaffarpur,Premium Collector,2025-06-20
CUST04655,Naveen Singh,31,26-35,Male,Business Owner,1788542,Married,Haryana,Gurugram,Touring / Adventure,2024-05-01
CUST04656,Dev Iyer,45,36-45,Male,Government Employee,784531,Married,Maharashtra,Nashik,Enthusiast,2021-09-05
CUST04657,Aditya Menon,20,18-25,Male,Engineer,934860,Single,Assam,Guwahati,First-time Buyer,2025-11-07
CUST04658,Pooja Rao,21,18-25,Female,Government Employee,1166399,Single,Gujarat,Vadodara,Daily Commuter,2024-06-20
CUST04659,Rajesh Gowda,29,26-35,Male,Defense Personnel,1279652,Married,Chhattisgarh,Raipur,Touring / Adventure,2025-09-20
CUST04660,Sachin Verma,29,26-35,Male,Banker / Finance,1979413,Married,Madhya Pradesh,Indore,Touring / Adventure,2023-02-05
CUST04661,Manoj Shah,31,26-35,Male,IT Professional,1291492,Married,Karnataka,Mysuru,Premium Collector,2021-06-29
CUST04662,Radhika Das,35,26-35,Female,Government Employee,778548,Married,Assam,Guwahati,Touring / Adventure,2022-08-17
CUST04663,Anand Bhat,39,36-45,Male,IT Professional,814620,Married,Rajasthan,Udaipur,Daily Commuter,2020-11-20
CUST04664,Sanjay Shetty,27,26-35,Male,Student,378229,Married,Rajasthan,Jodhpur,Touring / Adventure,2024-12-26
CUST04665,Dinesh Kulkarni,26,26-35,Male,Business Owner,1968249,Married,Delhi,West Delhi,First-time Buyer,2024-10-22
CUST04666,Ashok Sharma,27,26-35,Male,Banker / Finance,1297891,Married,Delhi,South Delhi,Touring / Adventure,2024-02-02
CUST04667,Naveen Iyer,25,18-25,Male,Healthcare Professional,732518,Single,Gujarat,Bhavnagar,First-time Buyer,2023-08-06
CUST04668,Abhishek Rao,18,18-25,Male,Banker / Finance,977737,Single,Tamil Nadu,Madurai,Enthusiast,2025-01-14
CUST04669,Aishwarya Shetty,35,26-35,Female,Healthcare Professional,1899632,Married,Maharashtra,Thane,Daily Commuter,2026-03-19
CUST04670,Kavya Rao,45,36-45,Female,IT Professional,1431583,Married,Odisha,Bhubaneswar,Premium Collector,2021-05-15
CUST04671,Rohan Bhat,21,18-25,Male,Government Employee,1496841,Single,Jharkhand,Jamshedpur,First-time Buyer,2026-04-07
CUST04672,Rahul Mishra,26,26-35,Male,IT Professional,1886224,Single,Karnataka,Hubballi,Touring / Adventure,2021-04-11
CUST04673,Prakash Rao,29,26-35,Male,Business Owner,3381125,Married,Punjab,Chandigarh,Premium Collector,2022-10-06
CUST04674,Aditya Mehta,39,36-45,Male,Engineer,1009731,Single,Odisha,Rourkela,Daily Commuter,2025-11-05
CUST04675,Rajesh Iyer,31,26-35,Male,Healthcare Professional,2124145,Married,Assam,Silchar,Premium Collector,2025-10-20
CUST04676,Vivek Gowda,27,26-35,Male,Business Owner,1359304,Single,Kerala,Kollam,Daily Commuter,2020-08-02
CUST04677,Rohan Kulkarni,33,26-35,Male,Business Owner,1389429,Married,Delhi,North Delhi,Premium Collector,2026-01-24
CUST04678,Preeti Singh,35,26-35,Female,IT Professional,1932870,Married,Rajasthan,Udaipur,Touring / Adventure,2026-06-02
CUST04679,Deepika Sharma,36,36-45,Female,IT Professional,1551455,Married,Delhi,West Delhi,Premium Collector,2021-03-20
CUST04680,Dev Agarwal,45,36-45,Male,Engineer,1439114,Married,Tamil Nadu,Chennai,Daily Commuter,2021-12-10
CUST04681,Arjun Rao,28,26-35,Male,Engineer,650659,Single,Delhi,West Delhi,Enthusiast,2021-06-09
CUST04682,Ganesh Rao,35,26-35,Male,IT Professional,1590410,Married,Chhattisgarh,Bilaspur,Enthusiast,2023-08-11
CUST04683,Aishwarya Patel,42,36-45,Female,Student,516953,Married,Odisha,Rourkela,Touring / Adventure,2026-05-09
CUST04684,Shreya Gupta,18,18-25,Female,IT Professional,1642067,Single,Tamil Nadu,Salem,First-time Buyer,2022-05-18
CUST04685,Arjun Mishra,33,26-35,Male,Business Owner,1099995,Single,Andhra Pradesh,Vijayawada,First-time Buyer,2021-11-21
CUST04686,Vikram Mehta,23,18-25,Male,Defense Personnel,1022126,Single,Goa,Panaji,Enthusiast,2020-04-30
CUST04687,Nikhil Das,31,26-35,Male,Engineer,838279,Single,Punjab,Ludhiana,Enthusiast,2025-12-02
CUST04688,Isha Chowdhury,44,36-45,Female,Engineer,897374,Married,Gujarat,Ahmedabad,Touring / Adventure,2025-09-07
CUST04689,Abhishek Kumar,31,26-35,Male,Government Employee,893784,Married,Karnataka,Mangaluru,Enthusiast,2021-04-22
CUST04690,Neha Shetty,23,18-25,Female,Student,427793,Single,Jharkhand,Ranchi,First-time Buyer,2026-05-19
CUST04691,Vikram Rao,38,36-45,Male,Government Employee,681121,Married,Andhra Pradesh,Guntur,Daily Commuter,2023-12-08
CUST04692,Amit Kulkarni,23,18-25,Male,Engineer,1349606,Single,Tamil Nadu,Madurai,First-time Buyer,2020-07-25
CUST04693,Aditya Shetty,28,26-35,Male,Healthcare Professional,1797269,Married,Uttar Pradesh,Ghaziabad,Daily Commuter,2023-07-19
CUST04694,Arjun Reddy,24,18-25,Male,Government Employee,745253,Single,Tamil Nadu,Chennai,Daily Commuter,2026-03-03
CUST04695,Naveen Iyer,27,26-35,Male,Business Owner,2372866,Married,Haryana,Faridabad,Premium Collector,2021-04-20
CUST04696,Karan Sharma,25,18-25,Male,Business Owner,1278432,Single,Punjab,Jalandhar,Enthusiast,2024-09-30
CUST04697,Nikhil Chowdhury,25,18-25,Male,Engineer,1589769,Single,Haryana,Gurugram,First-time Buyer,2025-08-21
CUST04698,Ganesh Chowdhury,26,26-35,Male,Engineer,1229354,Married,Jharkhand,Jamshedpur,Premium Collector,2025-10-10
CUST04699,Prakash Reddy,32,26-35,Male,Government Employee,1325143,Married,West Bengal,Durgapur,Enthusiast,2020-03-18
CUST04700,Aditya Banerjee,35,26-35,Male,Engineer,1210289,Single,Jharkhand,Ranchi,Daily Commuter,2023-03-29
CUST04701,Lakshmi Bhat,23,18-25,Female,Banker / Finance,1752362,Single,Chhattisgarh,Bilaspur,Enthusiast,2026-03-24
CUST04702,Vikram Bhat,35,26-35,Male,IT Professional,2238954,Married,Bihar,Patna,Enthusiast,2023-06-02
CUST04703,Manish Singh,39,36-45,Male,Self-Employed / Freelancer,1419611,Married,Assam,Silchar,Enthusiast,2023-12-06
CUST04704,Rohan Banerjee,53,46-60,Male,Defense Personnel,1227725,Married,Gujarat,Bhavnagar,Premium Collector,2025-01-07
CUST04705,Rohan Pandey,31,26-35,Male,Business Owner,1592028,Single,Andhra Pradesh,Vijayawada,Premium Collector,2025-04-15
CUST04706,Sanjay Nair,21,18-25,Male,Defense Personnel,594788,Married,Punjab,Chandigarh,Enthusiast,2021-05-20
CUST04707,Rohan Mehta,26,26-35,Male,Self-Employed / Freelancer,1393860,Single,Kerala,Kollam,Premium Collector,2024-11-11
CUST04708,Abhishek Kumar,32,26-35,Male,Banker / Finance,1359153,Single,Rajasthan,Jodhpur,Daily Commuter,2025-03-07
CUST04709,Karan Rao,53,46-60,Male,Defense Personnel,552452,Married,Chhattisgarh,Raipur,Daily Commuter,2025-04-14
CUST04710,Manish Banerjee,18,18-25,Male,Student,427267,Married,Kerala,Kollam,Daily Commuter,2026-03-20
CUST04711,Radhika Bhat,35,26-35,Female,Engineer,1630170,Married,Punjab,Jalandhar,Daily Commuter,2023-09-10
CUST04712,Naveen Mishra,43,36-45,Male,Business Owner,1265001,Single,Karnataka,Mangaluru,Touring / Adventure,2022-06-16
CUST04713,Meera Bhat,37,36-45,Female,IT Professional,1588784,Married,West Bengal,Kolkata,Premium Collector,2022-08-11
CUST04714,Arjun Mehta,40,36-45,Male,Engineer,1186545,Married,Karnataka,Belagavi,Daily Commuter,2025-06-27
CUST04715,Rajesh Gupta,27,26-35,Male,Student,421184,Married,Rajasthan,Udaipur,Touring / Adventure,2023-03-19
CUST04716,Aditya Rao,33,26-35,Male,Government Employee,496731,Single,Punjab,Jalandhar,Touring / Adventure,2022-09-25
CUST04717,Ashok Reddy,21,18-25,Male,Government Employee,1382601,Single,Assam,Guwahati,Daily Commuter,2025-03-07
CUST04718,Lokesh Gowda,44,36-45,Male,Defense Personnel,581614,Single,Haryana,Faridabad,Premium Collector,2024-11-18
CUST04719,Rajesh Gowda,55,46-60,Male,Engineer,1091295,Married,Maharashtra,Nashik,Enthusiast,2023-04-11
CUST04720,Pranav Pandey,42,36-45,Male,Business Owner,2088041,Married,Maharashtra,Thane,Premium Collector,2022-10-25
CUST04721,Aditya Joshi,22,18-25,Male,Government Employee,1400999,Single,Gujarat,Rajkot,Daily Commuter,2025-08-06
CUST04722,Manoj Kulkarni,33,26-35,Male,Defense Personnel,881567,Single,Tamil Nadu,Chennai,Daily Commuter,2025-02-19
CUST04723,Lokesh Joshi,26,26-35,Male,IT Professional,761034,Married,Punjab,Ludhiana,Touring / Adventure,2021-09-23
CUST04724,Aarav Chowdhury,55,46-60,Male,Defense Personnel,766009,Married,Odisha,Rourkela,Daily Commuter,2023-04-28
CUST04725,Prakash Chowdhury,28,26-35,Male,Government Employee,1386289,Married,Karnataka,Belagavi,Enthusiast,2020-01-22
CUST04726,Sneha Gowda,25,18-25,Female,Government Employee,513930,Single,Gujarat,Rajkot,First-time Buyer,2020-12-14
CUST04727,Ganesh Gupta,31,26-35,Male,IT Professional,2001966,Married,Kerala,Thiruvananthapuram,Touring / Adventure,2022-11-24
CUST04728,Aarav Mishra,22,18-25,Male,IT Professional,1096407,Single,Assam,Guwahati,First-time Buyer,2025-03-14
CUST04729,Manish Mehta,24,18-25,Male,Defense Personnel,435700,Single,Madhya Pradesh,Indore,Daily Commuter,2023-07-07
CUST04730,Arjun Patel,18,18-25,Male,Engineer,1520167,Single,Uttar Pradesh,Lucknow,Daily Commuter,2021-12-17
CUST04731,Prakash Mishra,33,26-35,Male,Engineer,1093545,Married,Maharashtra,Nagpur,Touring / Adventure,2025-09-08
CUST04732,Ananya Sharma,19,18-25,Female,Business Owner,2807124,Single,Punjab,Ludhiana,Touring / Adventure,2024-03-29
CUST04733,Dev Gowda,24,18-25,Male,IT Professional,1076145,Single,Delhi,North Delhi,Enthusiast,2023-05-20
CUST04734,Aditya Reddy,19,18-25,Male,Business Owner,1789114,Single,Haryana,Gurugram,First-time Buyer,2023-06-18
CUST04735,Ramesh Pandey,23,18-25,Male,Engineer,792928,Single,Telangana,Hyderabad,First-time Buyer,2024-02-01
CUST04736,Aarav Gowda,31,26-35,Male,Defense Personnel,410993,Married,Gujarat,Bhavnagar,Touring / Adventure,2025-02-25
CUST04737,Dev Kumar,34,26-35,Male,Student,580692,Married,Telangana,Hyderabad,Daily Commuter,2020-10-29
CUST04738,Aarav Banerjee,26,26-35,Male,Student,516387,Married,Madhya Pradesh,Indore,Premium Collector,2020-03-30
CUST04739,Vivek Deshmukh,44,36-45,Male,Student,559848,Married,Kerala,Thrissur,Enthusiast,2026-02-08
CUST04740,Dev Pandey,30,26-35,Male,Defense Personnel,919649,Married,West Bengal,Kolkata,Enthusiast,2020-09-15
CUST04741,Pranav Pillai,42,36-45,Male,Business Owner,3018229,Married,Kerala,Thiruvananthapuram,Premium Collector,2021-05-31
CUST04742,Ganesh Gowda,27,26-35,Male,IT Professional,1963874,Married,Karnataka,Mangaluru,Daily Commuter,2024-04-05
CUST04743,Ashok Deshmukh,42,36-45,Male,Engineer,1751099,Single,Madhya Pradesh,Gwalior,Daily Commuter,2025-11-02
CUST04744,Vivek Agarwal,48,46-60,Male,Healthcare Professional,1615710,Single,Bihar,Muzaffarpur,Daily Commuter,2026-03-12
CUST04745,Dinesh Agarwal,34,26-35,Other,IT Professional,794631,Married,Punjab,Chandigarh,Touring / Adventure,2024-03-16
CUST04746,Isha Agarwal,28,26-35,Female,IT Professional,1812432,Single,Andhra Pradesh,Tirupati,Touring / Adventure,2026-03-14
CUST04747,Rajesh Joshi,20,18-25,Male,Student,589745,Single,Goa,Panaji,First-time Buyer,2020-03-07
CUST04748,Prakash Verma,24,18-25,Male,Government Employee,801805,Married,Haryana,Faridabad,First-time Buyer,2026-01-15
CUST04749,Anand Gowda,32,26-35,Male,Government Employee,828948,Married,Kerala,Thiruvananthapuram,Daily Commuter,2022-09-10
CUST04750,Yash Mehta,65,60+,Male,Engineer,750235,Married,Gujarat,Rajkot,Enthusiast,2021-08-03
CUST04751,Meera Patel,32,26-35,Female,Government Employee,650375,Married,Delhi,New Delhi,Premium Collector,2026-05-18
CUST04752,Naveen Rao,30,26-35,Male,IT Professional,1209509,Married,Kerala,Kollam,Enthusiast,2021-07-24
CUST04753,Manoj Kumar,65,60+,Male,Defense Personnel,1334238,Single,Delhi,New Delhi,Touring / Adventure,2025-01-10
CUST04754,Dinesh Deshmukh,21,18-25,Male,IT Professional,656637,Single,Delhi,New Delhi,Daily Commuter,2020-08-13
CUST04755,Lokesh Sharma,27,26-35,Male,Government Employee,972007,Married,Tamil Nadu,Madurai,Enthusiast,2022-06-10
CUST04756,Deepak Bhat,56,46-60,Male,Business Owner,1140576,Married,Kerala,Kozhikode,Enthusiast,2025-12-10
CUST04757,Naveen Kumar,23,18-25,Male,IT Professional,2030102,Single,Madhya Pradesh,Indore,Enthusiast,2020-03-06
CUST04758,Rohan Singh,50,46-60,Male,Government Employee,625263,Married,Bihar,Patna,Enthusiast,2023-10-05
CUST04759,Pranav Shah,20,18-25,Male,IT Professional,1706908,Single,Chhattisgarh,Bilaspur,Daily Commuter,2025-12-24
CUST04760,Dinesh Menon,36,36-45,Male,Business Owner,3213134,Married,Telangana,Hyderabad,Premium Collector,2026-04-08
CUST04761,Dinesh Shetty,18,18-25,Male,Government Employee,1483796,Single,Punjab,Jalandhar,First-time Buyer,2024-08-17
CUST04762,Rahul Menon,32,26-35,Male,Engineer,1209772,Single,Telangana,Hyderabad,Daily Commuter,2024-05-14
CUST04763,Suresh Shah,33,26-35,Male,IT Professional,1727033,Single,Tamil Nadu,Chennai,Touring / Adventure,2025-09-21
CUST04764,Rahul Singh,44,36-45,Male,Engineer,1742314,Single,West Bengal,Kolkata,Premium Collector,2023-05-19
CUST04765,Aditya Iyer,24,18-25,Male,Business Owner,1520810,Single,Odisha,Cuttack,Enthusiast,2023-12-15
CUST04766,Preeti Mishra,39,36-45,Female,Business Owner,837737,Single,Haryana,Panipat,Touring / Adventure,2020-03-23
CUST04767,Riya Singh,37,36-45,Female,Business Owner,994946,Married,Maharashtra,Thane,Touring / Adventure,2021-11-25
CUST04768,Lokesh Kumar,27,26-35,Male,IT Professional,619844,Married,West Bengal,Kolkata,Premium Collector,2023-09-27
CUST04769,Divya Joshi,28,26-35,Female,Business Owner,2743448,Single,Gujarat,Surat,Touring / Adventure,2026-01-24
CUST04770,Vivek Gowda,30,26-35,Male,Business Owner,2370058,Married,West Bengal,Durgapur,Touring / Adventure,2020-05-01
CUST04771,Nikhil Shetty,45,36-45,Male,Government Employee,670428,Married,Rajasthan,Jodhpur,Enthusiast,2022-07-16
CUST04772,Abhishek Kumar,20,18-25,Male,IT Professional,1254338,Single,Madhya Pradesh,Jabalpur,Daily Commuter,2021-09-14
CUST04773,Amit Sharma,35,26-35,Male,Government Employee,545171,Married,Chhattisgarh,Raipur,Enthusiast,2023-07-18
CUST04774,Dinesh Das,45,36-45,Male,Government Employee,1363272,Married,Maharashtra,Pune,Enthusiast,2021-09-11
CUST04775,Pooja Banerjee,52,46-60,Female,Government Employee,1449179,Married,Punjab,Chandigarh,Enthusiast,2022-08-26
CUST04776,Pooja Banerjee,22,18-25,Female,Engineer,1164640,Single,Bihar,Gaya,Enthusiast,2025-02-20
CUST04777,Deepak Chowdhury,30,26-35,Male,IT Professional,1003496,Married,Punjab,Patiala,Daily Commuter,2020-10-21
CUST04778,Rahul Gupta,21,18-25,Male,Business Owner,2784905,Single,Bihar,Muzaffarpur,Enthusiast,2021-03-01
CUST04779,Swati Singh,18,18-25,Female,Student,484348,Single,Gujarat,Bhavnagar,First-time Buyer,2023-04-07
CUST04780,Vaishnavi Verma,30,26-35,Other,Defense Personnel,1180091,Single,Karnataka,Mysuru,Premium Collector,2023-11-22
CUST04781,Karan Banerjee,38,36-45,Male,Banker / Finance,1852466,Married,West Bengal,Durgapur,First-time Buyer,2024-11-06
CUST04782,Siddharth Pandey,40,36-45,Male,Business Owner,3321019,Married,Bihar,Muzaffarpur,Touring / Adventure,2024-02-07
CUST04783,Rajesh Reddy,25,18-25,Male,Business Owner,3115451,Single,Odisha,Rourkela,Touring / Adventure,2020-12-28
CUST04784,Ganesh Kulkarni,32,26-35,Male,Banker / Finance,1836021,Married,Punjab,Chandigarh,Touring / Adventure,2022-01-14
CUST04785,Prakash Deshmukh,33,26-35,Male,Engineer,652651,Married,Andhra Pradesh,Tirupati,Touring / Adventure,2024-09-09
CUST04786,Suresh Shetty,37,36-45,Male,Engineer,1791916,Married,Rajasthan,Jaipur,Premium Collector,2025-03-20
CUST04787,Nikhil Pandey,28,26-35,Male,Business Owner,3263336,Married,Rajasthan,Jodhpur,Premium Collector,2021-03-04
CUST04788,Rohan Mehta,29,26-35,Male,Healthcare Professional,2510316,Single,Maharashtra,Pune,Premium Collector,2023-01-17
CUST04789,Ashok Mehta,55,46-60,Male,Business Owner,3411915,Married,Assam,Dibrugarh,Premium Collector,2020-06-07
CUST04790,Pooja Chowdhury,44,36-45,Female,IT Professional,1397825,Married,Andhra Pradesh,Vijayawada,Daily Commuter,2022-10-08
CUST04791,Kavya Gowda,28,26-35,Female,Engineer,623719,Married,Tamil Nadu,Coimbatore,Enthusiast,2025-09-20
CUST04792,Yash Mehta,28,26-35,Male,Engineer,1040396,Married,Delhi,New Delhi,Touring / Adventure,2023-02-12
CUST04793,Manish Patel,35,26-35,Male,Healthcare Professional,2761010,Married,Uttar Pradesh,Lucknow,Enthusiast,2026-04-07
CUST04794,Rohan Pandey,18,18-25,Male,Business Owner,2513339,Single,Bihar,Patna,Enthusiast,2022-11-26
CUST04795,Naveen Deshmukh,53,46-60,Male,IT Professional,2263204,Married,Karnataka,Mangaluru,Enthusiast,2024-08-07
CUST04796,Aditya Agarwal,34,26-35,Male,Self-Employed / Freelancer,497570,Married,Maharashtra,Nashik,Daily Commuter,2025-12-10
CUST04797,Arjun Deshmukh,40,36-45,Male,IT Professional,1568267,Married,West Bengal,Durgapur,Touring / Adventure,2025-03-14
CUST04798,Manish Mehta,25,18-25,Male,Engineer,1671168,Single,Haryana,Panipat,First-time Buyer,2023-12-01
CUST04799,Deepak Nair,41,36-45,Male,Engineer,1698863,Married,Madhya Pradesh,Bhopal,Enthusiast,2023-05-04
CUST04800,Ashok Gowda,34,26-35,Male,Defense Personnel,437644,Married,Madhya Pradesh,Bhopal,Enthusiast,2023-04-28
CUST04801,Vijay Mehta,21,18-25,Male,Banker / Finance,732707,Single,Madhya Pradesh,Jabalpur,Daily Commuter,2021-08-08
CUST04802,Lakshmi Singh,26,26-35,Female,Engineer,1252219,Single,West Bengal,Kolkata,Enthusiast,2024-12-18
CUST04803,Rajesh Joshi,31,26-35,Male,Business Owner,3457352,Single,Haryana,Faridabad,Premium Collector,2021-07-30
CUST04804,Dev Shah,42,36-45,Male,Business Owner,1979198,Married,Kerala,Kochi,Touring / Adventure,2022-10-18
CUST04805,Sneha Kulkarni,54,46-60,Female,IT Professional,1536484,Married,Uttar Pradesh,Kanpur,Premium Collector,2025-04-17
CUST04806,Suresh Rao,40,36-45,Male,Business Owner,1053442,Married,Goa,Panaji,Enthusiast,2021-07-27
CUST04807,Deepak Mehta,30,26-35,Male,IT Professional,2159901,Married,Delhi,South Delhi,Enthusiast,2024-03-18
CUST04808,Arjun Nair,28,26-35,Male,IT Professional,1991683,Married,Punjab,Patiala,First-time Buyer,2026-06-21
CUST04809,Nidhi Kumar,31,26-35,Female,Student,482102,Married,Karnataka,Mangaluru,Enthusiast,2022-05-20
CUST04810,Manish Singh,35,26-35,Male,Government Employee,579517,Single,Chhattisgarh,Bhilai,Touring / Adventure,2023-05-03
CUST04811,Vivek Agarwal,29,26-35,Male,Business Owner,2774862,Married,Kerala,Thiruvananthapuram,Touring / Adventure,2021-02-27
CUST04812,Yash Bhat,31,26-35,Male,Healthcare Professional,1908714,Single,Madhya Pradesh,Gwalior,Enthusiast,2020-01-04
CUST04813,Manoj Banerjee,40,36-45,Male,Engineer,1264508,Married,Haryana,Faridabad,Daily Commuter,2025-04-19
CUST04814,Manoj Kumar,38,36-45,Male,Business Owner,1249345,Married,Haryana,Panipat,Daily Commuter,2024-12-07
CUST04815,Naveen Menon,26,26-35,Male,Government Employee,461115,Single,Haryana,Faridabad,Touring / Adventure,2023-05-13
CUST04816,Manoj Kulkarni,23,18-25,Male,Student,388209,Single,Assam,Guwahati,Daily Commuter,2022-10-26
CUST04817,Dinesh Joshi,20,18-25,Male,Business Owner,2704599,Single,Karnataka,Bengaluru,Premium Collector,2025-10-13
CUST04818,Arjun Pandey,47,46-60,Male,Defense Personnel,732419,Married,Kerala,Kollam,Daily Commuter,2024-07-05
CUST04819,Aditya Agarwal,31,26-35,Male,Defense Personnel,1396619,Married,Jharkhand,Jamshedpur,Daily Commuter,2020-02-06
CUST04820,Suresh Chowdhury,54,46-60,Male,IT Professional,1913504,Married,Telangana,Hyderabad,Touring / Adventure,2024-10-30
CUST04821,Sanjay Kumar,29,26-35,Male,Government Employee,949254,Married,Uttar Pradesh,Noida,Daily Commuter,2021-10-26
CUST04822,Suresh Bhat,40,36-45,Male,Healthcare Professional,2294001,Married,Maharashtra,Aurangabad,Touring / Adventure,2021-10-08
CUST04823,Suresh Verma,32,26-35,Male,Engineer,1353712,Single,Rajasthan,Jaipur,Enthusiast,2021-05-21
CUST04824,Lokesh Verma,35,26-35,Male,Banker / Finance,1450125,Single,Telangana,Karimnagar,Enthusiast,2020-04-30
CUST04825,Shreya Patel,25,18-25,Female,Business Owner,1432832,Single,Delhi,North Delhi,Enthusiast,2024-11-12
CUST04826,Rohan Bhat,32,26-35,Male,Business Owner,2660646,Single,Tamil Nadu,Coimbatore,Enthusiast,2022-09-19
CUST04827,Vaishnavi Patel,30,26-35,Female,Student,412086,Married,Goa,Panaji,Touring / Adventure,2020-01-04
CUST04828,Rajesh Sharma,58,46-60,Male,Business Owner,2854387,Single,Delhi,South Delhi,Premium Collector,2026-01-20
CUST04829,Nikhil Das,29,26-35,Male,Engineer,634990,Married,Madhya Pradesh,Jabalpur,Daily Commuter,2022-03-10
CUST04830,Abhishek Joshi,32,26-35,Male,Business Owner,3048679,Married,Jharkhand,Dhanbad,Touring / Adventure,2025-09-07
CUST04831,Sanjay Shah,33,26-35,Male,Healthcare Professional,1480071,Single,Andhra Pradesh,Guntur,Touring / Adventure,2020-08-01
CUST04832,Karthik Nair,33,26-35,Male,Government Employee,1252988,Married,Punjab,Jalandhar,Enthusiast,2020-10-19
CUST04833,Vivek Singh,26,26-35,Male,IT Professional,2291111,Single,Andhra Pradesh,Guntur,Premium Collector,2024-12-04
CUST04834,Rahul Iyer,30,26-35,Male,Banker / Finance,1241019,Married,Chhattisgarh,Raipur,Daily Commuter,2023-11-07
CUST04835,Prakash Kumar,43,36-45,Male,Healthcare Professional,2577794,Married,Gujarat,Vadodara,Touring / Adventure,2021-06-28
CUST04836,Deepak Menon,35,26-35,Male,Healthcare Professional,1454977,Married,Maharashtra,Mumbai,Touring / Adventure,2024-04-10
CUST04837,Vivek Sharma,32,26-35,Male,Business Owner,2472634,Married,Haryana,Karnal,Premium Collector,2020-04-29
CUST04838,Ashok Joshi,34,26-35,Male,Government Employee,1195529,Married,Maharashtra,Nagpur,Daily Commuter,2022-01-30
CUST04839,Pranav Deshmukh,44,36-45,Male,Healthcare Professional,844310,Single,Karnataka,Belagavi,Premium Collector,2022-08-16
CUST04840,Karan Mishra,21,18-25,Male,Government Employee,1497499,Single,Madhya Pradesh,Indore,First-time Buyer,2020-09-22
CUST04841,Dinesh Reddy,18,18-25,Male,Engineer,565438,Single,Maharashtra,Nagpur,First-time Buyer,2023-08-30
CUST04842,Ramesh Mehta,26,26-35,Male,Banker / Finance,1566716,Single,Kerala,Kollam,Enthusiast,2023-12-10
CUST04843,Shreya Joshi,27,26-35,Female,Banker / Finance,669463,Married,Kerala,Kollam,Touring / Adventure,2022-12-15
CUST04844,Karan Joshi,30,26-35,Male,IT Professional,2222882,Married,Haryana,Karnal,Enthusiast,2023-05-23
CUST04845,Aarav Kumar,23,18-25,Male,Government Employee,950976,Single,Rajasthan,Udaipur,Enthusiast,2020-03-01
CUST04846,Radhika Mehta,25,18-25,Female,Government Employee,663753,Single,Andhra Pradesh,Vijayawada,Enthusiast,2024-12-27
CUST04847,Vaishnavi Bhat,34,26-35,Female,Business Owner,1664388,Single,Telangana,Hyderabad,Daily Commuter,2022-02-22
CUST04848,Abhishek Mehta,25,18-25,Male,IT Professional,754240,Single,Delhi,North Delhi,First-time Buyer,2024-06-21
CUST04849,Neha Kulkarni,21,18-25,Female,IT Professional,1110298,Married,Bihar,Gaya,First-time Buyer,2021-04-06
CUST04850,Ramesh Bhat,31,26-35,Male,Banker / Finance,1286502,Single,Maharashtra,Aurangabad,Enthusiast,2022-12-31
CUST04851,Karan Pandey,24,18-25,Male,IT Professional,1893868,Single,Madhya Pradesh,Indore,First-time Buyer,2025-10-20
CUST04852,Karan Patel,26,26-35,Male,Healthcare Professional,992524,Married,Kerala,Kollam,Touring / Adventure,2022-12-19
CUST04853,Nidhi Mishra,31,26-35,Female,Business Owner,2393129,Married,Gujarat,Bhavnagar,Touring / Adventure,2025-11-16
CUST04854,Naveen Gupta,21,18-25,Male,Engineer,1125333,Single,Gujarat,Rajkot,First-time Buyer,2026-02-09
CUST04855,Rahul Reddy,39,36-45,Male,Banker / Finance,1905844,Married,Gujarat,Rajkot,Touring / Adventure,2024-03-17
CUST04856,Aditya Mishra,35,26-35,Male,Banker / Finance,1578377,Married,Andhra Pradesh,Vijayawada,Enthusiast,2025-01-29
CUST04857,Anand Sharma,20,18-25,Male,Engineer,1406582,Single,Tamil Nadu,Madurai,First-time Buyer,2021-04-24
CUST04858,Ramesh Menon,22,18-25,Male,IT Professional,1338525,Single,Jharkhand,Dhanbad,Enthusiast,2024-08-21
CUST04859,Amit Agarwal,32,26-35,Male,Engineer,1012085,Married,Kerala,Thrissur,Daily Commuter,2022-11-25
CUST04860,Deepak Rao,19,18-25,Male,Engineer,1324120,Single,Chhattisgarh,Bilaspur,First-time Buyer,2023-06-20
CUST04861,Vikram Sharma,29,26-35,Male,Engineer,839228,Single,Bihar,Gaya,Enthusiast,2022-04-07
CUST04862,Prakash Singh,22,18-25,Male,Engineer,1617898,Single,Assam,Silchar,First-time Buyer,2022-06-27
CUST04863,Nikhil Mehta,23,18-25,Male,Business Owner,1180209,Single,Chhattisgarh,Bhilai,Enthusiast,2024-01-13
CUST04864,Ashok Joshi,44,36-45,Male,IT Professional,2352549,Married,Punjab,Patiala,Touring / Adventure,2020-03-02
CUST04865,Ashok Agarwal,34,26-35,Male,Healthcare Professional,2221428,Married,Delhi,West Delhi,Premium Collector,2020-10-10
CUST04866,Amit Deshmukh,19,18-25,Male,Defense Personnel,802706,Married,Telangana,Karimnagar,First-time Buyer,2023-03-22
CUST04867,Nikhil Deshmukh,31,26-35,Male,Government Employee,719080,Single,Bihar,Patna,Daily Commuter,2023-11-11
CUST04868,Aishwarya Kumar,50,46-60,Female,Government Employee,1429756,Married,Gujarat,Bhavnagar,Touring / Adventure,2022-12-23
CUST04869,Priya Kulkarni,33,26-35,Female,Business Owner,2898689,Married,Uttar Pradesh,Ghaziabad,Touring / Adventure,2020-01-12
CUST04870,Suresh Menon,35,26-35,Male,IT Professional,1663786,Married,Assam,Guwahati,Enthusiast,2025-01-06
CUST04871,Dev Sharma,44,36-45,Male,IT Professional,1348420,Married,Madhya Pradesh,Ujjain,Daily Commuter,2025-09-19
CUST04872,Anita Mishra,30,26-35,Female,Business Owner,2179791,Married,Maharashtra,Pune,Premium Collector,2021-12-15
CUST04873,Preeti Deshmukh,45,36-45,Female,IT Professional,2132801,Married,Tamil Nadu,Madurai,Touring / Adventure,2023-07-05
CUST04874,Sunita Gupta,24,18-25,Female,Banker / Finance,1767507,Single,Andhra Pradesh,Tirupati,First-time Buyer,2025-02-03
CUST04875,Ashok Pillai,34,26-35,Male,Healthcare Professional,2166352,Married,Goa,Panaji,Enthusiast,2020-11-25
CUST04876,Ramesh Shah,30,26-35,Male,Engineer,1409046,Married,Maharashtra,Nagpur,Touring / Adventure,2025-02-09
CUST04877,Naveen Kumar,39,36-45,Male,IT Professional,1474364,Married,Delhi,New Delhi,Daily Commuter,2020-07-13
CUST04878,Harish Kumar,28,26-35,Male,Government Employee,1125093,Married,Punjab,Ludhiana,Enthusiast,2023-02-15
CUST04879,Rohan Mishra,41,36-45,Male,IT Professional,2317065,Married,Haryana,Karnal,Premium Collector,2020-12-01
CUST04880,Karthik Iyer,31,26-35,Male,Engineer,810854,Married,Karnataka,Bengaluru,Daily Commuter,2024-04-14
CUST04881,Preeti Mishra,20,18-25,Female,Government Employee,607025,Single,Bihar,Muzaffarpur,Daily Commuter,2021-07-14
CUST04882,Pranav Menon,44,36-45,Male,Self-Employed / Freelancer,684071,Married,Uttar Pradesh,Lucknow,Enthusiast,2025-05-29
CUST04883,Arjun Nair,32,26-35,Male,Government Employee,1483241,Single,Delhi,North Delhi,Enthusiast,2021-06-23
CUST04884,Nikhil Rao,27,26-35,Male,Defense Personnel,1207985,Married,Haryana,Karnal,Premium Collector,2021-03-07
CUST04885,Amit Joshi,30,26-35,Male,Government Employee,648365,Married,Punjab,Jalandhar,First-time Buyer,2025-05-25
CUST04886,Amit Pillai,26,26-35,Male,Engineer,911659,Single,Delhi,South Delhi,Enthusiast,2021-01-13
CUST04887,Suresh Singh,34,26-35,Male,Government Employee,1293298,Married,Karnataka,Hubballi,Daily Commuter,2022-09-13
CUST04888,Harish Nair,31,26-35,Male,Business Owner,2539252,Single,Tamil Nadu,Madurai,Touring / Adventure,2022-07-22
CUST04889,Suresh Menon,54,46-60,Male,Healthcare Professional,1009088,Single,Telangana,Hyderabad,Premium Collector,2024-08-09
CUST04890,Siddharth Reddy,29,26-35,Male,Government Employee,1475619,Single,Uttar Pradesh,Noida,Touring / Adventure,2023-03-17
CUST04891,Ramesh Banerjee,35,26-35,Male,Engineer,1773145,Married,Tamil Nadu,Chennai,Enthusiast,2022-05-09
CUST04892,Ramesh Pillai,37,36-45,Male,IT Professional,1570611,Married,Assam,Guwahati,Touring / Adventure,2022-11-20
CUST04893,Aarav Gowda,26,26-35,Male,Defense Personnel,491009,Married,Delhi,West Delhi,Daily Commuter,2021-09-20
CUST04894,Amit Joshi,28,26-35,Male,Engineer,580307,Single,Assam,Silchar,First-time Buyer,2023-10-13
CUST04895,Vikram Nair,49,46-60,Male,Healthcare Professional,2025360,Married,Kerala,Kollam,Touring / Adventure,2023-12-10
CUST04896,Harish Rao,61,60+,Male,Business Owner,1219866,Married,Madhya Pradesh,Ujjain,Touring / Adventure,2023-03-02
CUST04897,Neha Bhat,19,18-25,Female,Business Owner,3300580,Single,Gujarat,Bhavnagar,Premium Collector,2024-07-08
CUST04898,Aarav Mehta,22,18-25,Male,Government Employee,574538,Single,Maharashtra,Aurangabad,Enthusiast,2022-07-12
CUST04899,Dev Verma,20,18-25,Male,Government Employee,739171,Single,Uttar Pradesh,Varanasi,Daily Commuter,2020-04-02
CUST04900,Vijay Gowda,33,26-35,Male,Government Employee,1257337,Single,Maharashtra,Nashik,Premium Collector,2020-02-15
CUST04901,Lokesh Shetty,19,18-25,Male,IT Professional,2124395,Single,Telangana,Karimnagar,Touring / Adventure,2022-05-08
CUST04902,Manish Patel,31,26-35,Male,Engineer,785018,Married,Madhya Pradesh,Jabalpur,Daily Commuter,2021-06-24
CUST04903,Vivek Sharma,19,18-25,Male,Government Employee,1204867,Married,Goa,Panaji,First-time Buyer,2025-06-17
CUST04904,Pooja Bhat,27,26-35,Female,Business Owner,2908235,Married,Rajasthan,Jodhpur,Premium Collector,2020-06-10
CUST04905,Manoj Reddy,35,26-35,Male,Self-Employed / Freelancer,1141937,Married,Assam,Silchar,Premium Collector,2022-09-19
CUST04906,Aditya Deshmukh,19,18-25,Male,IT Professional,761180,Single,Bihar,Muzaffarpur,Daily Commuter,2022-11-20
CUST04907,Aarav Gupta,23,18-25,Male,Business Owner,3035031,Single,Kerala,Thiruvananthapuram,Premium Collector,2026-01-28
CUST04908,Siddharth Pandey,31,26-35,Male,Banker / Finance,682613,Single,Goa,Panaji,Premium Collector,2023-05-20
CUST04909,Naveen Kulkarni,18,18-25,Male,Business Owner,3193766,Single,Punjab,Patiala,Enthusiast,2024-04-23
CUST04910,Rajesh Shetty,40,36-45,Male,Government Employee,1346653,Married,Kerala,Kollam,Daily Commuter,2020-03-28
CUST04911,Aarav Gupta,35,26-35,Male,IT Professional,2164382,Married,Uttar Pradesh,Ghaziabad,Premium Collector,2022-02-02
CUST04912,Vikram Pandey,33,26-35,Male,IT Professional,1839181,Married,Jharkhand,Jamshedpur,Enthusiast,2021-09-30
CUST04913,Yash Kumar,34,26-35,Male,Engineer,1658784,Single,Punjab,Chandigarh,Enthusiast,2020-06-24
CUST04914,Prakash Rao,23,18-25,Male,Healthcare Professional,2177147,Single,Andhra Pradesh,Guntur,Premium Collector,2023-05-31
CUST04915,Deepak Pandey,38,36-45,Male,Healthcare Professional,776768,Married,Kerala,Kozhikode,Touring / Adventure,2025-08-27
CUST04916,Ashok Iyer,29,26-35,Male,Business Owner,3483367,Single,Andhra Pradesh,Visakhapatnam,Touring / Adventure,2023-12-24
CUST04917,Harish Patel,45,36-45,Male,Student,567682,Married,Odisha,Cuttack,Enthusiast,2026-05-30
CUST04918,Vivek Deshmukh,19,18-25,Male,Engineer,1519037,Single,Assam,Silchar,Daily Commuter,2022-04-13
CUST04919,Dinesh Rao,27,26-35,Male,Engineer,921298,Married,Chhattisgarh,Raipur,Touring / Adventure,2021-01-16
CUST04920,Vikram Nair,34,26-35,Male,Engineer,1638089,Single,Uttar Pradesh,Ghaziabad,Enthusiast,2020-04-02
CUST04921,Manish Iyer,34,26-35,Male,Engineer,729397,Single,Tamil Nadu,Chennai,Enthusiast,2020-05-07
CUST04922,Pooja Mishra,31,26-35,Female,IT Professional,2028033,Married,Andhra Pradesh,Visakhapatnam,Enthusiast,2021-01-27
CUST04923,Prakash Bhat,26,26-35,Male,Defense Personnel,607606,Married,Telangana,Nizamabad,Daily Commuter,2025-09-02
CUST04924,Divya Sharma,27,26-35,Female,Banker / Finance,1732554,Single,Odisha,Rourkela,Enthusiast,2021-11-14
CUST04925,Ananya Pandey,41,36-45,Female,IT Professional,2300088,Married,Maharashtra,Nagpur,Touring / Adventure,2025-09-20
CUST04926,Vivek Sharma,22,18-25,Male,Business Owner,985328,Single,Madhya Pradesh,Indore,Enthusiast,2023-09-26
CUST04927,Prakash Mehta,46,46-60,Male,IT Professional,1780544,Single,Delhi,New Delhi,Daily Commuter,2020-03-11
CUST04928,Sanjay Das,18,18-25,Male,Business Owner,3386626,Single,Andhra Pradesh,Tirupati,Premium Collector,2022-04-22
CUST04929,Rohan Gupta,41,36-45,Male,IT Professional,2311823,Married,Telangana,Nizamabad,Touring / Adventure,2020-02-04
CUST04930,Karthik Mehta,30,26-35,Male,Student,371593,Married,Delhi,West Delhi,Enthusiast,2020-05-01
CUST04931,Shreya Menon,34,26-35,Female,IT Professional,891259,Single,Tamil Nadu,Coimbatore,Touring / Adventure,2022-09-18
CUST04932,Ganesh Pillai,32,26-35,Male,Banker / Finance,599911,Married,Karnataka,Bengaluru,Touring / Adventure,2023-07-19
CUST04933,Suresh Gowda,23,18-25,Male,IT Professional,1847968,Single,Delhi,New Delhi,Daily Commuter,2020-03-29
CUST04934,Lokesh Mishra,36,36-45,Male,Self-Employed / Freelancer,992578,Married,Tamil Nadu,Madurai,Touring / Adventure,2022-04-26
CUST04935,Prakash Banerjee,41,36-45,Male,Banker / Finance,853691,Married,Haryana,Karnal,Premium Collector,2022-05-09
CUST04936,Ganesh Singh,36,36-45,Male,IT Professional,868863,Married,Odisha,Cuttack,Enthusiast,2020-07-11
CUST04937,Radhika Pillai,45,36-45,Female,Government Employee,1304356,Married,Rajasthan,Jodhpur,Touring / Adventure,2020-03-08
CUST04938,Rahul Menon,32,26-35,Male,IT Professional,1136898,Married,West Bengal,Durgapur,Daily Commuter,2021-02-25
CUST04939,Abhishek Mishra,25,18-25,Male,Engineer,532006,Single,Haryana,Gurugram,Enthusiast,2020-07-20
CUST04940,Vikram Agarwal,34,26-35,Male,Government Employee,1261810,Single,Uttar Pradesh,Kanpur,Enthusiast,2021-03-18
CUST04941,Pooja Verma,33,26-35,Female,IT Professional,1471464,Married,Delhi,North Delhi,Enthusiast,2020-05-12
CUST04942,Isha Joshi,23,18-25,Female,Self-Employed / Freelancer,1261693,Single,Tamil Nadu,Madurai,Daily Commuter,2023-02-21
CUST04943,Abhishek Sharma,32,26-35,Male,Banker / Finance,1760926,Married,Odisha,Cuttack,Touring / Adventure,2022-09-14
CUST04944,Prakash Das,48,46-60,Male,Engineer,1542721,Single,Telangana,Karimnagar,Enthusiast,2021-10-23
CUST04945,Pranav Mishra,25,18-25,Male,Business Owner,1814887,Single,Jharkhand,Dhanbad,Daily Commuter,2021-03-23
CUST04946,Karan Shetty,18,18-25,Male,Engineer,960560,Single,Kerala,Thiruvananthapuram,First-time Buyer,2025-06-03
CUST04947,Vijay Menon,24,18-25,Male,Business Owner,1929711,Single,Odisha,Rourkela,First-time Buyer,2022-08-10
CUST04948,Pooja Pillai,32,26-35,Female,IT Professional,2194419,Married,Madhya Pradesh,Indore,Premium Collector,2020-10-18
CUST04949,Lokesh Das,28,26-35,Male,IT Professional,1091321,Single,Haryana,Faridabad,Touring / Adventure,2020-11-13
CUST04950,Pranav Verma,43,36-45,Male,Business Owner,2468750,Married,Karnataka,Mysuru,Premium Collector,2023-12-22
CUST04951,Suresh Joshi,27,26-35,Male,IT Professional,928443,Married,Gujarat,Vadodara,Enthusiast,2026-02-20
CUST04952,Meera Banerjee,65,60+,Female,Engineer,560267,Married,Odisha,Bhubaneswar,Enthusiast,2025-06-19
CUST04953,Ganesh Chowdhury,54,46-60,Male,Engineer,1332045,Married,Gujarat,Surat,Enthusiast,2025-01-19
CUST04954,Siddharth Agarwal,30,26-35,Male,Business Owner,2818586,Single,Jharkhand,Ranchi,Enthusiast,2025-12-02
CUST04955,Arjun Reddy,37,36-45,Male,Student,511464,Married,Gujarat,Bhavnagar,Daily Commuter,2023-01-30
CUST04956,Pranav Iyer,20,18-25,Male,Defense Personnel,719398,Married,Maharashtra,Mumbai,First-time Buyer,2021-03-16
CUST04957,Manoj Agarwal,50,46-60,Male,Business Owner,2611106,Married,Rajasthan,Jaipur,Touring / Adventure,2020-10-02
CUST04958,Anand Rao,41,36-45,Male,Business Owner,1578063,Married,Jharkhand,Dhanbad,Daily Commuter,2022-07-06
CUST04959,Amit Shetty,18,18-25,Male,Government Employee,624274,Single,Kerala,Kollam,Enthusiast,2021-10-01
CUST04960,Manoj Singh,34,26-35,Male,IT Professional,1735234,Single,Punjab,Jalandhar,Touring / Adventure,2022-01-12
CUST04961,Ganesh Bhat,23,18-25,Male,Engineer,1529508,Single,Uttar Pradesh,Ghaziabad,Enthusiast,2020-04-27
CUST04962,Ganesh Agarwal,19,18-25,Male,Business Owner,3477974,Single,Haryana,Panipat,Touring / Adventure,2021-03-10
CUST04963,Pranav Singh,34,26-35,Male,Business Owner,2932464,Married,Kerala,Thrissur,Touring / Adventure,2021-05-23
CUST04964,Harish Gupta,44,36-45,Male,IT Professional,2071857,Married,Tamil Nadu,Madurai,Touring / Adventure,2020-07-23
CUST04965,Anita Rao,32,26-35,Female,IT Professional,822512,Single,Rajasthan,Udaipur,Enthusiast,2020-03-24
CUST04966,Suresh Bhat,25,18-25,Male,IT Professional,2121546,Single,Andhra Pradesh,Visakhapatnam,Premium Collector,2025-08-08
CUST04967,Nidhi Das,56,46-60,Female,Business Owner,3227943,Married,Maharashtra,Pune,Enthusiast,2025-01-23
CUST04968,Harish Mehta,25,18-25,Male,Business Owner,1013075,Single,Chhattisgarh,Bhilai,First-time Buyer,2026-02-28
CUST04969,Vaishnavi Mishra,30,26-35,Female,IT Professional,1171613,Single,Assam,Silchar,Daily Commuter,2023-04-08
CUST04970,Pooja Banerjee,24,18-25,Female,Business Owner,1544532,Single,Uttar Pradesh,Lucknow,First-time Buyer,2024-12-26
CUST04971,Pooja Singh,23,18-25,Female,Engineer,1630526,Married,Kerala,Kollam,First-time Buyer,2021-09-11
CUST04972,Dev Bhat,24,18-25,Male,Business Owner,3011583,Single,Uttar Pradesh,Lucknow,Touring / Adventure,2025-07-06
CUST04973,Divya Sharma,22,18-25,Female,Banker / Finance,1045468,Single,Bihar,Muzaffarpur,First-time Buyer,2024-01-12
CUST04974,Ramesh Sharma,38,36-45,Male,Business Owner,2796907,Single,Karnataka,Mangaluru,Premium Collector,2024-07-08
CUST04975,Nikhil Singh,30,26-35,Male,Student,481458,Married,Gujarat,Surat,Daily Commuter,2023-11-22
CUST04976,Vikram Chowdhury,58,46-60,Male,Engineer,1453708,Married,Maharashtra,Aurangabad,Premium Collector,2022-01-23
CUST04977,Ananya Deshmukh,27,26-35,Female,Government Employee,776026,Married,Punjab,Jalandhar,Touring / Adventure,2026-01-19
CUST04978,Pranav Rao,28,26-35,Male,Government Employee,1358430,Married,Maharashtra,Thane,Enthusiast,2025-10-14
CUST04979,Anand Chowdhury,35,26-35,Male,IT Professional,1285541,Married,Gujarat,Ahmedabad,Enthusiast,2024-10-21
CUST04980,Anand Pandey,41,36-45,Male,IT Professional,987298,Married,Punjab,Chandigarh,Daily Commuter,2026-03-29
CUST04981,Ashok Banerjee,29,26-35,Male,Engineer,1407538,Married,Madhya Pradesh,Gwalior,Enthusiast,2023-01-15
CUST04982,Sanjay Sharma,33,26-35,Male,Engineer,1571903,Married,Punjab,Chandigarh,Daily Commuter,2025-02-15
CUST04983,Arjun Menon,58,46-60,Male,IT Professional,1642758,Married,Haryana,Faridabad,Premium Collector,2022-08-24
CUST04984,Vijay Banerjee,41,36-45,Male,IT Professional,839926,Married,Gujarat,Rajkot,Touring / Adventure,2021-01-17
CUST04985,Anand Banerjee,50,46-60,Male,Business Owner,1151495,Single,Haryana,Karnal,Touring / Adventure,2021-04-05
CUST04986,Sunita Joshi,32,26-35,Female,Defense Personnel,1181023,Married,Tamil Nadu,Salem,Touring / Adventure,2022-10-30
CUST04987,Lokesh Pillai,43,36-45,Male,Government Employee,558718,Married,Jharkhand,Ranchi,Premium Collector,2022-03-16
CUST04988,Ganesh Gowda,32,26-35,Male,Healthcare Professional,2405158,Single,Maharashtra,Pune,Enthusiast,2022-06-06
CUST04989,Manoj Patel,36,36-45,Male,IT Professional,1835346,Married,Gujarat,Vadodara,Enthusiast,2025-04-26
CUST04990,Vivek Bhat,26,26-35,Male,IT Professional,1978462,Married,Andhra Pradesh,Vijayawada,Daily Commuter,2023-09-12
CUST04991,Tanvi Verma,18,18-25,Female,Healthcare Professional,2676326,Single,Uttar Pradesh,Noida,Touring / Adventure,2024-04-13
CUST04992,Karthik Iyer,35,26-35,Male,Engineer,1690758,Married,Punjab,Ludhiana,Daily Commuter,2020-01-21
CUST04993,Aarav Mehta,25,18-25,Male,Defense Personnel,921857,Married,Bihar,Gaya,Daily Commuter,2023-10-16
CUST04994,Karan Mehta,25,18-25,Male,Student,382019,Married,Gujarat,Surat,Daily Commuter,2022-09-12
CUST04995,Rohan Shetty,25,18-25,Male,Banker / Finance,1424120,Single,Maharashtra,Nagpur,First-time Buyer,2020-09-22
CUST04996,Dev Reddy,22,18-25,Male,IT Professional,1420750,Single,Karnataka,Hubballi,First-time Buyer,2022-06-10
CUST04997,Sanjay Banerjee,27,26-35,Male,IT Professional,1281527,Married,Kerala,Kochi,Enthusiast,2023-12-01
CUST04998,Nikhil Menon,26,26-35,Male,IT Professional,1699685,Married,Jharkhand,Ranchi,Daily Commuter,2021-12-05
CUST04999,Harish Sharma,42,36-45,Male,Engineer,1041116,Married,Madhya Pradesh,Bhopal,Daily Commuter,2020-01-27
CUST05000,Suresh Chowdhury,29,26-35,Male,IT Professional,1102717,Married,Uttar Pradesh,Noida,Daily Commuter,2025-01-20
