Finance_ID,Sale_ID,Customer_ID,Bank,Loan_Amount,Down_Payment,Tenure_Months,Interest_Rate_Pct,EMI
FIN00001,SALE19787,CUST00590,Bajaj Finance,166000,31889,48,11.08,4297
FIN00002,SALE14466,CUST03483,HDFC Bank,175000,59906,24,9.58,8041
FIN00003,SALE13515,CUST03218,Bajaj Finance,163000,33490,12,10.58,14374
FIN00004,SALE02623,CUST02748,SBI Auto Loans,288000,57023,24,12.02,13560
FIN00005,SALE08903,CUST01468,SBI Auto Loans,273000,70016,48,9.21,6821
FIN00006,SALE04971,CUST00406,Bajaj Finance,237000,76757,24,10.06,10943
FIN00007,SALE17912,CUST01785,ICICI Bank,257000,89632,60,11.8,5691
FIN00008,SALE18707,CUST00547,HDFC Bank,173000,46792,36,10.73,5642
FIN00009,SALE09813,CUST04310,Axis Bank,142000,42156,36,8.99,4515
FIN00010,SALE13502,CUST02120,HDFC Bank,124000,45448,24,10.03,5724
FIN00011,SALE04953,CUST00649,ICICI Bank,167000,61613,36,8.64,5283
FIN00012,SALE07090,CUST00798,ICICI Bank,267000,56956,48,10.9,6888
FIN00013,SALE00848,CUST00931,SBI Auto Loans,288000,58202,12,8.91,25174
FIN00014,SALE07605,CUST00125,ICICI Bank,128000,44089,36,10.6,4166
FIN00015,SALE00410,CUST03709,Bajaj Finance,353000,63812,36,12.42,11796
FIN00016,SALE13874,CUST02282,TVS Credit,159000,32205,36,9.36,5083
FIN00017,SALE18796,CUST02361,ICICI Bank,135000,31887,36,10.36,4379
FIN00018,SALE00153,CUST01065,TVS Credit,139000,49512,24,9.11,6357
FIN00019,SALE05746,CUST02686,HDFC Bank,128000,34909,36,11.57,4225
FIN00020,SALE15786,CUST02523,Bajaj Finance,163000,55528,36,8.97,5181
FIN00021,SALE09577,CUST03863,HDFC Bank,305000,109140,36,9.88,9824
FIN00022,SALE00645,CUST02627,ICICI Bank,328000,85111,36,11.6,10832
FIN00023,SALE13747,CUST03654,TVS Credit,124000,46550,36,11.96,4116
FIN00024,SALE01580,CUST02853,SBI Auto Loans,166000,63653,24,9.55,7626
FIN00025,SALE10596,CUST04849,Cholamandalam Finance,141000,28206,24,9.12,6449
FIN00026,SALE15039,CUST04564,ICICI Bank,177000,41705,36,8.69,5603
FIN00027,SALE12422,CUST04599,HDFC Bank,181000,53908,48,11.85,4753
FIN00028,SALE01510,CUST04143,Bajaj Finance,142000,29744,36,11.64,4692
FIN00029,SALE14224,CUST04900,SBI Auto Loans,163000,48003,36,9.19,5198
FIN00030,SALE15364,CUST01751,SBI Auto Loans,166000,56018,24,8.79,7568
FIN00031,SALE13855,CUST01907,HDFC Bank,146000,52725,48,11.07,3778
FIN00032,SALE04246,CUST03601,SBI Auto Loans,173000,52514,24,10.08,7989
FIN00033,SALE18370,CUST04247,TVS Credit,172000,47180,36,10.44,5586
FIN00034,SALE04371,CUST00364,HDFC Bank,176000,41010,36,11.08,5769
FIN00035,SALE01083,CUST02931,TVS Credit,233000,90809,24,10.08,10760
FIN00036,SALE03288,CUST01297,SBI Auto Loans,177000,37770,36,10.42,5746
FIN00037,SALE14254,CUST02802,ICICI Bank,134000,32416,48,10.73,3446
FIN00038,SALE06482,CUST01992,ICICI Bank,238000,88226,36,11.9,7894
FIN00039,SALE07791,CUST01710,Bajaj Finance,146000,38441,48,12.1,3852
FIN00040,SALE07834,CUST01579,HDFC Bank,141000,30822,36,11.6,4656
FIN00041,SALE09208,CUST04458,SBI Auto Loans,164000,32331,48,9.62,4130
FIN00042,SALE17697,CUST03422,Bajaj Finance,129000,41051,36,9.1,4108
FIN00043,SALE05090,CUST04158,HDFC Bank,259000,65471,36,10.62,8433
FIN00044,SALE01543,CUST03668,Axis Bank,185000,49443,24,10.8,8605
FIN00045,SALE09411,CUST01244,HDFC Bank,181000,38386,36,11.88,6001
FIN00046,SALE06562,CUST00703,HDFC Bank,155000,36351,36,8.72,4909
FIN00047,SALE06001,CUST00878,SBI Auto Loans,198000,37481,60,10.01,4208
FIN00048,SALE14120,CUST02296,Cholamandalam Finance,161000,68180,36,11.46,5306
FIN00049,SALE12581,CUST04425,Bajaj Finance,129000,36385,60,9.0,2678
FIN00050,SALE08244,CUST04032,TVS Credit,131000,37300,24,11.4,6130
FIN00051,SALE03492,CUST03564,SBI Auto Loans,130000,39448,48,11.97,3421
FIN00052,SALE15398,CUST00533,TVS Credit,196000,34451,36,10.0,6324
FIN00053,SALE12955,CUST00246,ICICI Bank,154000,35931,36,12.36,5142
FIN00054,SALE19844,CUST04702,ICICI Bank,172000,60474,36,10.41,5583
FIN00055,SALE04181,CUST00118,HDFC Bank,137000,34660,36,10.8,4472
FIN00056,SALE13318,CUST00474,HDFC Bank,122000,47440,36,9.91,3931
FIN00057,SALE07456,CUST01607,SBI Auto Loans,173000,61674,48,8.77,4286
FIN00058,SALE04928,CUST04847,SBI Auto Loans,140000,55923,12,11.07,12378
FIN00059,SALE04680,CUST00886,Hero FinCorp,154000,41811,24,12.22,7265
FIN00060,SALE04832,CUST04896,HDFC Bank,160000,42088,36,10.57,5206
FIN00061,SALE03362,CUST03643,SBI Auto Loans,123000,45343,36,10.71,4010
FIN00062,SALE12909,CUST00339,Bajaj Finance,165000,54784,36,9.98,5323
FIN00063,SALE08385,CUST04944,HDFC Bank,177000,57559,24,11.44,8286
FIN00064,SALE04600,CUST03577,Hero FinCorp,129000,41773,12,9.6,11317
FIN00065,SALE12602,CUST01120,ICICI Bank,186000,48274,36,11.36,6121
FIN00066,SALE09042,CUST04383,Bajaj Finance,175000,58580,36,8.63,5535
FIN00067,SALE08411,CUST03858,Bajaj Finance,178000,43006,36,11.3,5853
FIN00068,SALE11597,CUST00019,ICICI Bank,150000,45504,36,9.96,4837
FIN00069,SALE19528,CUST03746,SBI Auto Loans,177000,46136,12,10.61,15611
FIN00070,SALE03569,CUST00817,SBI Auto Loans,122000,48193,36,9.39,3902
FIN00071,SALE10042,CUST00681,ICICI Bank,155000,39490,36,10.16,5013
FIN00072,SALE13634,CUST01480,TVS Credit,146000,60709,48,11.0,3773
FIN00073,SALE05271,CUST03784,Axis Bank,184000,49818,60,9.35,3851
FIN00074,SALE08648,CUST04551,HDFC Bank,119000,47454,36,11.49,3924
FIN00075,SALE05042,CUST04619,ICICI Bank,139000,58849,36,9.03,4422
FIN00076,SALE14414,CUST03812,ICICI Bank,118000,44621,36,10.55,3838
FIN00077,SALE02326,CUST02942,HDFC Bank,157000,64748,48,10.15,3993
FIN00078,SALE09736,CUST00751,HDFC Bank,159000,57098,36,11.1,5213
FIN00079,SALE18572,CUST04413,ICICI Bank,164000,55891,24,12.26,7740
FIN00080,SALE06072,CUST00954,HDFC Bank,176000,56993,36,9.27,5619
FIN00081,SALE08868,CUST02081,ICICI Bank,135000,36017,24,8.6,6143
FIN00082,SALE14837,CUST04090,SBI Auto Loans,130000,39893,48,11.63,3400
FIN00083,SALE08032,CUST04234,SBI Auto Loans,165000,54799,24,8.53,7502
FIN00084,SALE04128,CUST04211,Axis Bank,327000,86436,36,11.9,10845
FIN00085,SALE00618,CUST01534,HDFC Bank,149000,58505,36,10.98,4877
FIN00086,SALE19638,CUST00658,Axis Bank,199000,35474,60,10.27,4255
FIN00087,SALE00225,CUST00930,ICICI Bank,122000,49070,36,10.1,3942
FIN00088,SALE00034,CUST03987,ICICI Bank,170000,51021,36,9.97,5483
FIN00089,SALE16472,CUST01373,HDFC Bank,172000,39207,12,12.05,15286
FIN00090,SALE03630,CUST01572,Hero FinCorp,212000,56814,36,9.91,6832
FIN00091,SALE02959,CUST01421,SBI Auto Loans,159000,62877,48,12.4,4218
FIN00092,SALE14228,CUST02497,HDFC Bank,152000,65029,12,12.03,13507
FIN00093,SALE00415,CUST04555,ICICI Bank,132000,32806,48,9.7,3329
FIN00094,SALE10743,CUST04954,ICICI Bank,170000,64199,36,9.05,5410
FIN00095,SALE02655,CUST04764,HDFC Bank,177000,46392,36,10.52,5755
FIN00096,SALE03705,CUST03337,HDFC Bank,180000,34415,60,12.5,4050
FIN00097,SALE09673,CUST04083,SBI Auto Loans,276000,50123,12,12.18,24546
FIN00098,SALE05868,CUST04353,HDFC Bank,202000,35448,48,9.12,5038
FIN00099,SALE12276,CUST02345,ICICI Bank,253000,61115,12,9.8,22219
FIN00100,SALE02935,CUST00474,ICICI Bank,260000,102632,36,11.86,8618
FIN00101,SALE11710,CUST02786,ICICI Bank,261000,83019,48,10.57,6691
FIN00102,SALE01499,CUST02109,SBI Auto Loans,135000,35090,12,10.46,11898
FIN00103,SALE04261,CUST01382,SBI Auto Loans,180000,39564,36,11.54,5939
FIN00104,SALE05867,CUST01279,Hero FinCorp,301000,60452,48,8.7,7448
FIN00105,SALE01668,CUST03604,HDFC Bank,255000,65885,24,8.95,11644
FIN00106,SALE02721,CUST03323,Cholamandalam Finance,162000,56126,60,8.62,3333
FIN00107,SALE04321,CUST01225,ICICI Bank,125000,41697,36,8.75,3960
FIN00108,SALE19511,CUST02830,SBI Auto Loans,132000,37517,24,9.31,6049
FIN00109,SALE08529,CUST03701,HDFC Bank,166000,44287,36,11.43,5468
FIN00110,SALE03321,CUST02318,Bajaj Finance,132000,37700,48,8.68,3265
FIN00111,SALE14893,CUST02152,SBI Auto Loans,128000,42406,36,11.4,4215
FIN00112,SALE14134,CUST00115,TVS Credit,173000,42586,12,12.41,15404
FIN00113,SALE03018,CUST03177,ICICI Bank,258000,81129,24,10.91,12014
FIN00114,SALE14950,CUST02725,HDFC Bank,165000,63697,24,9.93,7609
FIN00115,SALE00840,CUST00803,TVS Credit,137000,56460,24,11.29,6404
FIN00116,SALE17098,CUST03606,Cholamandalam Finance,135000,37026,36,8.77,4279
FIN00117,SALE02057,CUST02053,HDFC Bank,167000,66398,60,9.83,3534
FIN00118,SALE01033,CUST00965,ICICI Bank,183000,38235,36,8.5,5777
FIN00119,SALE06808,CUST01126,Hero FinCorp,247000,97192,24,8.79,11260
FIN00120,SALE17377,CUST01850,TVS Credit,180000,51569,36,11.7,5953
FIN00121,SALE19759,CUST04143,TVS Credit,122000,47514,12,11.45,10808
FIN00122,SALE12311,CUST03323,SBI Auto Loans,168000,51950,24,12.02,7910
FIN00123,SALE13132,CUST04683,Bajaj Finance,147000,51314,24,11.22,6866
FIN00124,SALE02807,CUST03434,HDFC Bank,142000,54972,48,12.38,3766
FIN00125,SALE03313,CUST00655,HDFC Bank,163000,66245,36,9.35,5210
FIN00126,SALE13742,CUST04708,TVS Credit,173000,61592,60,11.46,3801
FIN00127,SALE13375,CUST00695,SBI Auto Loans,179000,34644,48,10.24,4561
FIN00128,SALE02928,CUST01695,Axis Bank,182000,50118,24,9.81,8382
FIN00129,SALE05417,CUST03330,TVS Credit,163000,53566,36,11.85,5402
FIN00130,SALE06633,CUST00209,Axis Bank,130000,37574,12,9.52,11400
FIN00131,SALE19739,CUST03144,Bajaj Finance,304000,94466,24,10.61,14114
FIN00132,SALE15094,CUST01432,TVS Credit,140000,48409,48,12.31,3708
FIN00133,SALE02660,CUST03844,SBI Auto Loans,128000,33926,48,11.67,3350
FIN00134,SALE04122,CUST00212,SBI Auto Loans,188000,51086,24,11.72,8825
FIN00135,SALE04037,CUST04323,Bajaj Finance,186000,33512,36,10.56,6051
FIN00136,SALE05243,CUST04436,Bajaj Finance,139000,26266,36,10.92,4545
FIN00137,SALE10005,CUST04654,Bajaj Finance,157000,60859,12,9.26,13749
FIN00138,SALE12299,CUST01212,SBI Auto Loans,168000,53648,24,10.27,7773
FIN00139,SALE15549,CUST02902,Axis Bank,159000,37420,12,8.74,13886
FIN00140,SALE12023,CUST03008,TVS Credit,143000,54004,24,9.07,6538
FIN00141,SALE19691,CUST02522,HDFC Bank,181000,39919,24,9.28,8292
FIN00142,SALE00195,CUST00829,SBI Auto Loans,203000,59250,36,9.01,6456
FIN00143,SALE18249,CUST01207,Bajaj Finance,138000,26097,36,9.3,4408
FIN00144,SALE19977,CUST03769,Bajaj Finance,156000,60911,36,8.96,4958
FIN00145,SALE02048,CUST04067,SBI Auto Loans,155000,64488,24,9.21,7096
FIN00146,SALE06667,CUST03709,HDFC Bank,259000,62787,24,11.82,12170
FIN00147,SALE06151,CUST02066,SBI Auto Loans,291000,58798,36,9.55,9328
FIN00148,SALE04873,CUST04446,TVS Credit,193000,36468,36,8.52,6094
FIN00149,SALE01968,CUST03388,TVS Credit,194000,79666,36,9.57,6221
FIN00150,SALE02272,CUST01000,HDFC Bank,142000,29583,36,12.27,4735
FIN00151,SALE14095,CUST00332,SBI Auto Loans,181000,39495,36,11.45,5964
FIN00152,SALE19385,CUST00784,TVS Credit,124000,33473,24,12.05,5840
FIN00153,SALE17563,CUST01391,HDFC Bank,172000,42402,12,11.59,15249
FIN00154,SALE10180,CUST02956,SBI Auto Loans,148000,48896,36,9.3,4727
FIN00155,SALE11303,CUST01321,HDFC Bank,184000,37624,36,9.25,5873
FIN00156,SALE03243,CUST04582,ICICI Bank,159000,62353,36,12.42,5313
FIN00157,SALE06653,CUST01906,SBI Auto Loans,162000,34163,60,9.49,3402
FIN00158,SALE14055,CUST03179,ICICI Bank,168000,50516,48,10.17,4275
FIN00159,SALE05451,CUST03913,TVS Credit,167000,68347,24,11.89,7853
FIN00160,SALE09508,CUST02466,TVS Credit,164000,55105,36,8.96,5212
FIN00161,SALE08723,CUST01558,Bajaj Finance,159000,37427,36,12.1,5289
FIN00162,SALE17453,CUST01650,ICICI Bank,231000,89346,48,10.79,5947
FIN00163,SALE16424,CUST01742,HDFC Bank,153000,66186,36,9.22,4881
FIN00164,SALE15008,CUST03408,HDFC Bank,133000,35911,36,9.37,4252
FIN00165,SALE08534,CUST04270,SBI Auto Loans,282000,65310,48,9.23,7048
FIN00166,SALE01899,CUST02241,Bajaj Finance,188000,45337,60,10.58,4048
FIN00167,SALE09594,CUST01019,HDFC Bank,122000,50372,60,12.29,2732
FIN00168,SALE17136,CUST01657,ICICI Bank,246000,80036,36,11.18,8075
FIN00169,SALE13586,CUST04626,SBI Auto Loans,135000,37054,36,11.91,4478
FIN00170,SALE12913,CUST00844,HDFC Bank,150000,45568,36,10.67,4887
FIN00171,SALE11042,CUST02409,TVS Credit,178000,58328,36,9.94,5739
FIN00172,SALE01886,CUST03059,TVS Credit,141000,28440,24,9.58,6479
FIN00173,SALE10245,CUST01443,HDFC Bank,216000,55270,36,10.92,7063
FIN00174,SALE15944,CUST02317,HDFC Bank,161000,69471,60,9.33,3368
FIN00175,SALE10401,CUST04188,HDFC Bank,176000,41707,36,10.69,5736
FIN00176,SALE18110,CUST02895,SBI Auto Loans,172000,46872,36,9.73,5528
FIN00177,SALE10268,CUST04296,ICICI Bank,157000,65947,36,10.91,5133
FIN00178,SALE02535,CUST01071,TVS Credit,183000,36159,36,12.32,6106
FIN00179,SALE15017,CUST03247,HDFC Bank,138000,31907,36,10.19,4465
FIN00180,SALE04361,CUST02907,TVS Credit,121000,47896,48,10.13,3076
FIN00181,SALE19374,CUST02879,HDFC Bank,139000,31119,24,12.49,6575
FIN00182,SALE03818,CUST04991,Axis Bank,244000,82596,36,9.41,7806
FIN00183,SALE08940,CUST02749,ICICI Bank,184000,35319,36,11.79,6093
FIN00184,SALE10922,CUST02534,Axis Bank,272000,51750,48,11.32,7072
FIN00185,SALE10443,CUST02045,SBI Auto Loans,184000,49281,24,9.72,8467
FIN00186,SALE16666,CUST02598,Bajaj Finance,156000,53207,36,11.82,5168
FIN00187,SALE02534,CUST04080,HDFC Bank,191000,45188,36,11.36,6286
FIN00188,SALE02717,CUST00074,ICICI Bank,282000,80347,12,10.66,24879
FIN00189,SALE18447,CUST04138,HDFC Bank,157000,63664,36,12.33,5239
FIN00190,SALE10191,CUST03513,HDFC Bank,182000,55555,24,8.6,8281
FIN00191,SALE13819,CUST01509,Bajaj Finance,146000,48803,48,11.32,3796
FIN00192,SALE12537,CUST02336,TVS Credit,183000,36739,36,11.24,6012
FIN00193,SALE00121,CUST02446,TVS Credit,136000,35001,48,10.05,3453
FIN00194,SALE07046,CUST02949,Bajaj Finance,190000,46546,36,12.22,6331
FIN00195,SALE02919,CUST00374,ICICI Bank,140000,51120,12,10.91,12368
FIN00196,SALE18978,CUST02965,HDFC Bank,176000,44044,24,10.86,8192
FIN00197,SALE15382,CUST02181,Axis Bank,156000,65330,36,8.66,4936
FIN00198,SALE19639,CUST03825,Hero FinCorp,194000,34620,24,11.73,9108
FIN00199,SALE18617,CUST03320,Hero FinCorp,283000,81034,36,9.29,9038
FIN00200,SALE04773,CUST01264,Bajaj Finance,192000,38914,36,8.83,6090
FIN00201,SALE08350,CUST00423,ICICI Bank,127000,42586,24,11.2,5931
FIN00202,SALE15252,CUST01997,SBI Auto Loans,265000,95466,24,12.48,12534
FIN00203,SALE14699,CUST02996,HDFC Bank,174000,45982,48,12.06,4587
FIN00204,SALE15054,CUST04261,HDFC Bank,215000,48443,48,8.85,5335
FIN00205,SALE10484,CUST04377,HDFC Bank,294000,112142,24,12.45,13901
FIN00206,SALE14426,CUST04440,Bajaj Finance,186000,50108,48,10.69,4779
FIN00207,SALE06363,CUST02931,Bajaj Finance,138000,57254,24,12.44,6525
FIN00208,SALE06035,CUST01322,ICICI Bank,251000,71478,60,10.02,5335
FIN00209,SALE15436,CUST00001,SBI Auto Loans,196000,37117,24,12.29,9253
FIN00210,SALE15803,CUST02746,HDFC Bank,345000,66038,36,9.69,11082
FIN00211,SALE11942,CUST01489,HDFC Bank,270000,48384,36,11.36,8886
FIN00212,SALE19755,CUST00091,HDFC Bank,228000,43195,24,9.6,10479
FIN00213,SALE17562,CUST00128,TVS Credit,255000,66780,24,9.24,11678
FIN00214,SALE12872,CUST04406,SBI Auto Loans,121000,48022,36,11.52,3991
FIN00215,SALE17103,CUST01376,SBI Auto Loans,137000,32162,24,8.86,6250
FIN00216,SALE16770,CUST04099,SBI Auto Loans,177000,50339,36,8.54,5591
FIN00217,SALE05137,CUST00775,HDFC Bank,123000,38770,24,11.6,5767
FIN00218,SALE16093,CUST03392,Cholamandalam Finance,150000,45646,36,10.85,4900
FIN00219,SALE02570,CUST04141,HDFC Bank,171000,63026,36,10.0,5518
FIN00220,SALE00079,CUST00563,HDFC Bank,346000,65355,36,12.4,11558
FIN00221,SALE05199,CUST03100,HDFC Bank,171000,42582,24,9.69,7866
FIN00222,SALE01720,CUST02596,TVS Credit,166000,42793,24,12.14,7825
FIN00223,SALE10561,CUST00517,HDFC Bank,140000,51829,36,9.41,4479
FIN00224,SALE01260,CUST00745,HDFC Bank,131000,36325,48,10.2,3335
FIN00225,SALE12539,CUST03948,Cholamandalam Finance,159000,38763,36,10.58,5174
FIN00226,SALE16053,CUST01652,ICICI Bank,182000,36409,12,11.89,16161
FIN00227,SALE02141,CUST01461,SBI Auto Loans,176000,60539,24,9.99,8121
FIN00228,SALE07473,CUST04769,HDFC Bank,163000,66385,36,11.11,5345
FIN00229,SALE05585,CUST00604,Bajaj Finance,147000,50193,24,9.45,6746
FIN00230,SALE13622,CUST01334,HDFC Bank,140000,52456,24,8.76,6380
FIN00231,SALE09732,CUST03707,ICICI Bank,196000,41048,60,11.65,4325
FIN00232,SALE06018,CUST03505,SBI Auto Loans,236000,87471,60,11.34,5171
FIN00233,SALE12648,CUST02164,SBI Auto Loans,168000,46162,24,9.18,7689
FIN00234,SALE01888,CUST03901,Bajaj Finance,134000,35969,36,11.72,4433
FIN00235,SALE19440,CUST02646,HDFC Bank,250000,76010,36,8.8,7927
FIN00236,SALE02835,CUST04209,Bajaj Finance,172000,46407,60,12.16,3840
FIN00237,SALE07110,CUST03332,HDFC Bank,282000,63640,36,8.84,8947
FIN00238,SALE00329,CUST03390,SBI Auto Loans,276000,49708,36,11.4,9088
FIN00239,SALE09896,CUST02801,Bajaj Finance,186000,35785,36,10.72,6065
FIN00240,SALE01728,CUST02631,HDFC Bank,150000,48605,48,11.48,3912
FIN00241,SALE00692,CUST00912,Bajaj Finance,162000,35921,36,11.18,5317
FIN00242,SALE15962,CUST00842,Cholamandalam Finance,130000,41130,24,11.53,6091
FIN00243,SALE16656,CUST02047,TVS Credit,174000,37827,36,9.63,5584
FIN00244,SALE14592,CUST04055,ICICI Bank,149000,36343,24,10.54,6913
FIN00245,SALE07134,CUST00912,SBI Auto Loans,162000,69898,24,9.91,7469
FIN00246,SALE13670,CUST01861,SBI Auto Loans,148000,49084,24,9.08,6767
FIN00247,SALE12670,CUST02235,Bajaj Finance,144000,26302,48,10.01,3653
FIN00248,SALE16431,CUST00315,SBI Auto Loans,168000,63647,24,11.61,7878
FIN00249,SALE08820,CUST03388,Bajaj Finance,120000,42764,24,11.98,5648
FIN00250,SALE04539,CUST01777,Bajaj Finance,166000,65578,60,11.23,3628
FIN00251,SALE14555,CUST01370,HDFC Bank,170000,65031,60,8.97,3526
FIN00252,SALE08184,CUST01286,ICICI Bank,169000,64340,24,9.27,7742
FIN00253,SALE14109,CUST04144,SBI Auto Loans,189000,48341,36,12.31,6306
FIN00254,SALE08196,CUST01520,SBI Auto Loans,157000,40729,12,11.16,13888
FIN00255,SALE02365,CUST03586,SBI Auto Loans,152000,45929,60,10.19,3244
FIN00256,SALE12533,CUST01740,HDFC Bank,164000,55761,12,11.38,14524
FIN00257,SALE02447,CUST00611,ICICI Bank,154000,45167,12,10.01,13540
FIN00258,SALE09710,CUST04523,HDFC Bank,138000,32852,36,10.77,4503
FIN00259,SALE01067,CUST00533,SBI Auto Loans,170000,58234,36,9.56,5450
FIN00260,SALE12573,CUST00025,ICICI Bank,159000,39140,24,8.67,7240
FIN00261,SALE13328,CUST00275,ICICI Bank,155000,63525,12,10.38,13654
FIN00262,SALE09219,CUST04518,Bajaj Finance,186000,48359,36,8.97,5912
FIN00263,SALE06219,CUST00652,ICICI Bank,135000,35207,24,9.19,6179
FIN00264,SALE17169,CUST00655,Bajaj Finance,197000,39396,12,9.03,17231
FIN00265,SALE11317,CUST04654,Hero FinCorp,164000,69314,24,12.13,7730
FIN00266,SALE07076,CUST00341,HDFC Bank,229000,93531,36,8.55,7234
FIN00267,SALE08203,CUST03101,Bajaj Finance,156000,33260,36,9.15,4972
FIN00268,SALE17409,CUST04134,Bajaj Finance,141000,26649,48,8.56,3479
FIN00269,SALE05415,CUST02482,HDFC Bank,155000,42072,48,10.45,3965
FIN00270,SALE00412,CUST03703,HDFC Bank,176000,60558,36,8.5,5556
FIN00271,SALE01139,CUST00518,Axis Bank,167000,30497,36,10.08,5395
FIN00272,SALE13568,CUST03313,ICICI Bank,126000,45946,24,12.18,5942
FIN00273,SALE07160,CUST04039,HDFC Bank,267000,51067,36,11.23,8770
FIN00274,SALE15668,CUST04455,Bajaj Finance,155000,42786,24,10.92,7218
FIN00275,SALE06794,CUST02726,SBI Auto Loans,158000,41261,48,9.24,3950
FIN00276,SALE19728,CUST01452,HDFC Bank,196000,34940,48,11.3,5094
FIN00277,SALE18750,CUST03760,TVS Credit,186000,34366,36,11.68,6149
FIN00278,SALE01608,CUST01344,SBI Auto Loans,297000,57485,36,9.17,9468
FIN00279,SALE14679,CUST00541,SBI Auto Loans,166000,31698,36,11.66,5487
FIN00280,SALE06677,CUST02832,ICICI Bank,182000,49033,48,12.28,4818
FIN00281,SALE08550,CUST00934,SBI Auto Loans,200000,36665,12,11.48,17721
FIN00282,SALE12295,CUST02848,Cholamandalam Finance,180000,38519,48,8.87,4468
FIN00283,SALE08539,CUST04980,HDFC Bank,130000,40720,36,11.79,4305
FIN00284,SALE13323,CUST02481,SBI Auto Loans,300000,112900,48,8.8,7437
FIN00285,SALE18228,CUST04944,SBI Auto Loans,184000,47439,48,8.91,4571
FIN00286,SALE17983,CUST02186,SBI Auto Loans,272000,92867,36,12.43,9090
FIN00287,SALE06010,CUST02013,Bajaj Finance,266000,81243,36,10.5,8646
FIN00288,SALE11934,CUST03773,Bajaj Finance,162000,54749,36,10.78,5287
FIN00289,SALE01322,CUST00765,SBI Auto Loans,222000,49744,36,11.9,7363
FIN00290,SALE01472,CUST03913,Hero FinCorp,247000,100127,48,8.91,6136
FIN00291,SALE14917,CUST02665,ICICI Bank,197000,35920,48,10.2,5015
FIN00292,SALE14507,CUST03450,HDFC Bank,271000,75241,36,10.86,8854
FIN00293,SALE05077,CUST03962,TVS Credit,137000,34937,12,9.17,11992
FIN00294,SALE10025,CUST04291,HDFC Bank,147000,52265,48,12.18,3884
FIN00295,SALE19448,CUST03618,Bajaj Finance,294000,53023,48,12.36,7794
FIN00296,SALE07055,CUST04962,ICICI Bank,198000,67457,24,10.38,9171
FIN00297,SALE05258,CUST04603,TVS Credit,262000,62634,36,9.34,8373
FIN00298,SALE18470,CUST04901,ICICI Bank,138000,27462,12,11.95,12258
FIN00299,SALE14985,CUST03163,ICICI Bank,162000,32092,12,11.91,14387
FIN00300,SALE09674,CUST00240,SBI Auto Loans,115000,43059,36,10.94,3762
FIN00301,SALE10478,CUST04656,ICICI Bank,249000,92307,12,11.08,22016
FIN00302,SALE12173,CUST02533,ICICI Bank,138000,33871,36,9.9,4446
FIN00303,SALE04768,CUST00433,Axis Bank,133000,52128,36,11.75,4402
FIN00304,SALE11341,CUST00549,ICICI Bank,276000,81758,36,8.91,8765
FIN00305,SALE18763,CUST01715,HDFC Bank,171000,49718,48,12.01,4504
FIN00306,SALE05968,CUST03438,Cholamandalam Finance,156000,65251,24,12.19,7357
FIN00307,SALE06443,CUST03560,HDFC Bank,181000,37429,48,9.9,4582
FIN00308,SALE07579,CUST00160,Axis Bank,294000,114719,24,8.76,13399
FIN00309,SALE17640,CUST04806,TVS Credit,166000,30379,36,11.01,5435
FIN00310,SALE07425,CUST04519,HDFC Bank,144000,48029,48,11.57,3762
FIN00311,SALE05030,CUST04348,Bajaj Finance,183000,51636,12,10.44,16126
FIN00312,SALE17976,CUST01935,SBI Auto Loans,167000,52942,36,9.42,5343
FIN00313,SALE19267,CUST04038,SBI Auto Loans,173000,61604,24,11.79,8127
FIN00314,SALE09107,CUST04310,HDFC Bank,204000,70532,24,10.43,9454
FIN00315,SALE13416,CUST01760,Hero FinCorp,250000,72965,36,9.98,8064
FIN00316,SALE03068,CUST01427,Axis Bank,331000,84023,36,9.88,10662
FIN00317,SALE02715,CUST01400,HDFC Bank,195000,77212,36,11.85,6463
FIN00318,SALE18387,CUST03788,SBI Auto Loans,168000,50714,12,10.47,14807
FIN00319,SALE02904,CUST00996,Bajaj Finance,234000,91862,36,8.77,7416
FIN00320,SALE08434,CUST04569,SBI Auto Loans,151000,45238,36,12.03,5018
FIN00321,SALE11313,CUST03304,ICICI Bank,180000,55445,36,10.38,5840
FIN00322,SALE10117,CUST01097,Bajaj Finance,167000,30996,24,11.24,7802
FIN00323,SALE02508,CUST00023,ICICI Bank,170000,43787,24,9.33,7792
FIN00324,SALE03272,CUST02372,Bajaj Finance,170000,50692,24,10.26,7865
FIN00325,SALE17644,CUST03025,ICICI Bank,129000,33103,24,11.92,6068
FIN00326,SALE09373,CUST04688,SBI Auto Loans,138000,32195,36,10.8,4505
FIN00327,SALE01982,CUST02013,SBI Auto Loans,176000,42255,48,10.5,4506
FIN00328,SALE17275,CUST03438,HDFC Bank,145000,51763,60,10.8,3138
FIN00329,SALE15947,CUST03373,HDFC Bank,162000,61568,24,11.99,7625
FIN00330,SALE06395,CUST01039,TVS Credit,137000,59099,24,11.73,6432
FIN00331,SALE16737,CUST00803,HDFC Bank,140000,56042,36,11.22,4598
FIN00332,SALE00762,CUST02670,HDFC Bank,235000,87334,36,11.61,7762
FIN00333,SALE16776,CUST04657,Bajaj Finance,166000,52440,48,11.32,4316
FIN00334,SALE08141,CUST04741,Bajaj Finance,129000,40841,36,8.99,4102
FIN00335,SALE15977,CUST04804,Bajaj Finance,171000,55922,36,10.08,5524
FIN00336,SALE11360,CUST00345,Hero FinCorp,139000,31513,24,12.15,6553
FIN00337,SALE15059,CUST03399,Bajaj Finance,127000,30961,60,10.16,2708
FIN00338,SALE04396,CUST01935,Cholamandalam Finance,175000,46560,36,11.03,5732
FIN00339,SALE13267,CUST03117,HDFC Bank,172000,44548,36,9.84,5537
FIN00340,SALE01295,CUST00356,SBI Auto Loans,135000,34930,36,10.14,4365
FIN00341,SALE02339,CUST00880,SBI Auto Loans,196000,38639,48,8.6,4840
FIN00342,SALE06874,CUST03096,SBI Auto Loans,243000,99303,48,10.08,6172
FIN00343,SALE06124,CUST00505,Bajaj Finance,152000,55937,48,8.71,3762
FIN00344,SALE12330,CUST00696,HDFC Bank,172000,46736,36,12.2,5729
FIN00345,SALE05399,CUST03526,Hero FinCorp,190000,42669,48,12.22,5024
FIN00346,SALE16066,CUST04412,SBI Auto Loans,187000,32905,48,12.5,4970
FIN00347,SALE10803,CUST03103,TVS Credit,142000,54219,36,9.43,4544
FIN00348,SALE14789,CUST03790,ICICI Bank,130000,39820,24,11.01,6060
FIN00349,SALE03633,CUST01951,HDFC Bank,155000,58028,36,10.51,5039
FIN00350,SALE13958,CUST01224,HDFC Bank,182000,34345,12,9.19,15932
FIN00351,SALE04624,CUST00532,Bajaj Finance,133000,30604,24,11.3,6217
FIN00352,SALE03572,CUST02490,Bajaj Finance,143000,28236,24,10.2,6612
FIN00353,SALE06663,CUST00820,ICICI Bank,140000,31616,24,10.95,6522
FIN00354,SALE02686,CUST03568,SBI Auto Loans,146000,26066,36,12.3,4870
FIN00355,SALE13505,CUST02060,Bajaj Finance,172000,56891,12,11.15,15214
FIN00356,SALE04531,CUST00440,ICICI Bank,129000,37877,36,8.84,4093
FIN00357,SALE04059,CUST01001,HDFC Bank,163000,56124,36,10.35,5286
FIN00358,SALE11196,CUST02545,SBI Auto Loans,129000,41281,36,10.75,4208
FIN00359,SALE19709,CUST03008,Bajaj Finance,185000,43756,36,10.81,6040
FIN00360,SALE10676,CUST04900,Bajaj Finance,141000,55850,36,10.1,4556
FIN00361,SALE18396,CUST00152,SBI Auto Loans,170000,37512,36,11.67,5620
FIN00362,SALE04861,CUST04336,HDFC Bank,134000,24790,24,10.83,6235
FIN00363,SALE15402,CUST04668,HDFC Bank,181000,47515,24,9.15,8281
FIN00364,SALE19226,CUST04393,ICICI Bank,156000,64179,36,12.22,5198
FIN00365,SALE09317,CUST00524,HDFC Bank,129000,43234,12,10.93,11397
FIN00366,SALE17942,CUST03157,ICICI Bank,293000,119665,48,10.72,7533
FIN00367,SALE15804,CUST01706,Axis Bank,167000,52011,36,9.16,5323
FIN00368,SALE19426,CUST01263,HDFC Bank,239000,96543,36,11.66,7899
FIN00369,SALE19735,CUST03683,Bajaj Finance,149000,36998,36,9.94,4804
FIN00370,SALE12152,CUST01283,ICICI Bank,193000,42479,36,10.48,6271
FIN00371,SALE11976,CUST04497,HDFC Bank,186000,47723,48,9.47,4670
FIN00372,SALE05339,CUST02003,HDFC Bank,120000,51321,48,11.23,3115
FIN00373,SALE04596,CUST03262,Cholamandalam Finance,159000,60778,36,9.07,5061
FIN00374,SALE00120,CUST00572,TVS Credit,179000,35212,36,9.95,5772
FIN00375,SALE14710,CUST03800,Bajaj Finance,121000,48595,12,10.08,10642
FIN00376,SALE18647,CUST02362,TVS Credit,290000,111802,36,10.79,9465
FIN00377,SALE03787,CUST04708,Bajaj Finance,122000,48217,48,12.14,3221
FIN00378,SALE07988,CUST04063,HDFC Bank,162000,51347,12,10.57,14285
FIN00379,SALE00982,CUST01271,ICICI Bank,174000,60595,48,9.73,4391
FIN00380,SALE08216,CUST03297,HDFC Bank,216000,56564,36,9.51,6920
FIN00381,SALE09033,CUST02796,Hero FinCorp,161000,57936,48,9.19,4021
FIN00382,SALE02671,CUST04421,HDFC Bank,155000,66674,36,11.35,5100
FIN00383,SALE11198,CUST00963,HDFC Bank,250000,73595,36,8.51,7893
FIN00384,SALE13908,CUST01598,SBI Auto Loans,198000,37238,12,11.0,17500
FIN00385,SALE19227,CUST02362,TVS Credit,326000,77579,36,11.99,10826
FIN00386,SALE03681,CUST03346,ICICI Bank,154000,39598,36,9.08,4903
FIN00387,SALE06756,CUST04712,HDFC Bank,139000,59162,12,10.23,12235
FIN00388,SALE06307,CUST02648,Bajaj Finance,196000,34325,36,10.43,6364
FIN00389,SALE02186,CUST00955,Bajaj Finance,265000,74691,48,11.49,6912
FIN00390,SALE11286,CUST03326,ICICI Bank,138000,51119,48,9.11,3441
FIN00391,SALE18182,CUST00848,Axis Bank,301000,104452,36,12.35,10048
FIN00392,SALE00409,CUST01940,Bajaj Finance,253000,94431,24,11.47,11847
FIN00393,SALE02873,CUST03759,Bajaj Finance,135000,35562,36,11.39,4445
FIN00394,SALE17895,CUST02795,ICICI Bank,155000,37648,36,9.33,4953
FIN00395,SALE13439,CUST01477,TVS Credit,164000,61535,48,8.98,4080
FIN00396,SALE03103,CUST01713,ICICI Bank,270000,51258,36,8.66,8543
FIN00397,SALE04011,CUST02113,Bajaj Finance,174000,57240,60,12.32,3899
FIN00398,SALE06570,CUST03765,Bajaj Finance,278000,80645,24,11.8,13060
FIN00399,SALE10424,CUST00299,ICICI Bank,142000,48446,36,12.09,4723
FIN00400,SALE09721,CUST02239,SBI Auto Loans,164000,69366,24,11.49,7681
FIN00401,SALE11425,CUST03489,Bajaj Finance,274000,89597,24,11.1,12783
FIN00402,SALE14196,CUST03094,Bajaj Finance,261000,82362,48,9.46,6552
FIN00403,SALE13291,CUST02194,HDFC Bank,143000,29169,48,11.52,3732
FIN00404,SALE14972,CUST00266,HDFC Bank,172000,44615,36,11.28,5654
FIN00405,SALE19981,CUST00639,TVS Credit,187000,33526,12,9.25,16375
FIN00406,SALE10102,CUST01246,Bajaj Finance,157000,64615,48,11.68,4110
FIN00407,SALE11791,CUST04452,Bajaj Finance,182000,38859,36,10.14,5885
FIN00408,SALE08124,CUST04324,HDFC Bank,137000,34182,36,8.58,4330
FIN00409,SALE08295,CUST01373,Bajaj Finance,214000,58881,36,11.7,7077
FIN00410,SALE15056,CUST03404,ICICI Bank,299000,104805,24,11.72,14036
FIN00411,SALE03441,CUST01554,HDFC Bank,121000,47652,48,9.0,3011
FIN00412,SALE05144,CUST04079,HDFC Bank,142000,54101,24,10.31,6573
FIN00413,SALE05654,CUST04503,TVS Credit,249000,71780,12,10.78,21981
FIN00414,SALE06365,CUST01279,TVS Credit,143000,29278,12,10.95,12635
FIN00415,SALE03065,CUST04242,Cholamandalam Finance,139000,30979,36,12.15,4627
FIN00416,SALE16301,CUST04687,TVS Credit,259000,62540,12,10.65,22849
FIN00417,SALE04657,CUST01196,TVS Credit,135000,34965,48,8.58,3333
FIN00418,SALE08453,CUST02819,SBI Auto Loans,227000,43994,36,8.85,7203
FIN00419,SALE12127,CUST01071,HDFC Bank,256000,101557,12,9.77,22479
FIN00420,SALE11218,CUST00467,TVS Credit,144000,57336,36,11.7,4762
FIN00421,SALE02992,CUST03265,Hero FinCorp,222000,50845,48,8.52,5474
FIN00422,SALE09888,CUST03635,HDFC Bank,170000,49418,36,8.7,5382
FIN00423,SALE08187,CUST00222,SBI Auto Loans,145000,25957,36,10.82,4735
FIN00424,SALE03146,CUST04618,HDFC Bank,187000,46663,24,11.06,8721
FIN00425,SALE19710,CUST04559,Cholamandalam Finance,163000,33136,36,11.9,5406
FIN00426,SALE04345,CUST03015,ICICI Bank,165000,31163,24,9.89,7606
FIN00427,SALE07201,CUST01497,SBI Auto Loans,121000,49187,36,11.8,4007
FIN00428,SALE14944,CUST04149,Axis Bank,229000,93749,36,9.17,7300
FIN00429,SALE06212,CUST03602,HDFC Bank,160000,62662,36,12.28,5336
FIN00430,SALE19333,CUST04916,HDFC Bank,240000,81306,12,10.53,21159
FIN00431,SALE03851,CUST03638,Cholamandalam Finance,154000,42882,36,11.85,5104
FIN00432,SALE12502,CUST00590,SBI Auto Loans,155000,35152,60,10.37,3322
FIN00433,SALE16574,CUST01649,Hero FinCorp,158000,40910,24,8.86,7208
FIN00434,SALE11787,CUST02944,TVS Credit,249000,97449,36,12.25,8300
FIN00435,SALE01484,CUST00277,SBI Auto Loans,163000,50506,48,10.44,4169
FIN00436,SALE04831,CUST00594,ICICI Bank,161000,53845,48,11.74,4219
FIN00437,SALE18713,CUST01062,HDFC Bank,178000,41248,36,8.67,5633
FIN00438,SALE04048,CUST01417,Bajaj Finance,151000,48511,60,10.6,3253
FIN00439,SALE05716,CUST00638,Hero FinCorp,170000,50774,36,8.57,5372
FIN00440,SALE09065,CUST04652,Bajaj Finance,136000,33489,24,11.23,6353
FIN00441,SALE10897,CUST01410,SBI Auto Loans,254000,80382,36,8.82,8056
FIN00442,SALE15070,CUST03339,ICICI Bank,166000,53558,60,10.38,3558
FIN00443,SALE07779,CUST04053,TVS Credit,136000,28591,24,12.39,6427
FIN00444,SALE17416,CUST03887,HDFC Bank,126000,44657,48,11.73,3301
FIN00445,SALE15967,CUST01253,ICICI Bank,133000,26819,24,9.67,6117
FIN00446,SALE04095,CUST04765,Bajaj Finance,140000,56421,12,10.64,12350
FIN00447,SALE09484,CUST01342,SBI Auto Loans,174000,62044,36,9.82,5600
FIN00448,SALE04639,CUST03848,ICICI Bank,142000,54333,24,9.17,6498
FIN00449,SALE17979,CUST02441,ICICI Bank,182000,51563,48,10.09,4624
FIN00450,SALE17872,CUST03523,Hero FinCorp,168000,63713,36,11.55,5544
FIN00451,SALE15485,CUST02446,ICICI Bank,123000,44855,36,8.94,3908
FIN00452,SALE19940,CUST02428,HDFC Bank,120000,50923,12,10.72,10590
FIN00453,SALE07208,CUST04000,Bajaj Finance,188000,42083,12,8.88,16430
FIN00454,SALE01600,CUST02365,SBI Auto Loans,320000,89463,24,9.03,14624
FIN00455,SALE09953,CUST04175,Bajaj Finance,144000,27531,24,9.79,6631
FIN00456,SALE11520,CUST02753,TVS Credit,140000,24755,36,9.1,4458
FIN00457,SALE09799,CUST03237,ICICI Bank,154000,56249,36,10.62,5014
FIN00458,SALE15516,CUST03273,HDFC Bank,176000,39893,24,11.55,8248
FIN00459,SALE03890,CUST02113,ICICI Bank,165000,52503,36,11.55,5445
FIN00460,SALE12658,CUST02371,HDFC Bank,153000,45672,36,11.4,5038
FIN00461,SALE13052,CUST00184,Cholamandalam Finance,302000,102576,24,11.38,14129
FIN00462,SALE00027,CUST04678,Bajaj Finance,267000,51135,36,11.02,8744
FIN00463,SALE14285,CUST04284,HDFC Bank,121000,49909,36,11.05,3964
FIN00464,SALE17861,CUST02256,SBI Auto Loans,130000,35971,48,12.47,3453
FIN00465,SALE00030,CUST03676,Bajaj Finance,184000,37745,12,9.29,16116
FIN00466,SALE01944,CUST00975,SBI Auto Loans,124000,44287,12,11.81,11006
FIN00467,SALE15188,CUST02366,HDFC Bank,255000,68754,36,12.47,8527
FIN00468,SALE19196,CUST04693,TVS Credit,171000,43681,48,8.61,4224
FIN00469,SALE08934,CUST02988,HDFC Bank,267000,48114,24,10.53,12386
FIN00470,SALE19211,CUST01827,SBI Auto Loans,165000,31921,60,12.27,3693
FIN00471,SALE04234,CUST01334,ICICI Bank,151000,44888,36,8.95,4798
FIN00472,SALE04665,CUST01390,TVS Credit,121000,50894,36,8.88,3841
FIN00473,SALE14418,CUST02502,Bajaj Finance,315000,96587,36,12.05,10470
FIN00474,SALE00413,CUST04943,SBI Auto Loans,155000,39415,48,11.54,4047
FIN00475,SALE08093,CUST03893,Axis Bank,161000,31308,24,11.3,7526
FIN00476,SALE13740,CUST04539,HDFC Bank,151000,47465,36,10.73,4924
FIN00477,SALE00092,CUST03313,SBI Auto Loans,183000,51946,48,11.9,4810
FIN00478,SALE07875,CUST04643,Axis Bank,119000,50730,12,11.27,10532
FIN00479,SALE15230,CUST01488,Bajaj Finance,136000,31797,36,11.28,4471
FIN00480,SALE07345,CUST03265,HDFC Bank,193000,43310,48,9.13,4815
FIN00481,SALE11544,CUST04847,Axis Bank,154000,40461,24,11.29,7198
FIN00482,SALE11445,CUST00997,HDFC Bank,126000,39429,36,11.86,4177
FIN00483,SALE16502,CUST00241,Bajaj Finance,161000,33451,24,8.56,7323
FIN00484,SALE03837,CUST00656,SBI Auto Loans,232000,91337,36,8.67,7342
FIN00485,SALE05871,CUST00665,Bajaj Finance,171000,63225,12,9.25,14974
FIN00486,SALE09828,CUST02477,ICICI Bank,187000,32707,36,9.63,6002
FIN00487,SALE16391,CUST03241,Bajaj Finance,186000,47881,36,10.6,6054
FIN00488,SALE09925,CUST00484,SBI Auto Loans,122000,46923,60,8.67,2513
FIN00489,SALE18282,CUST00589,ICICI Bank,194000,38145,36,9.3,6196
FIN00490,SALE07599,CUST04171,Bajaj Finance,184000,34762,36,11.54,6071
FIN00491,SALE09790,CUST04184,ICICI Bank,232000,94310,24,9.66,10669
FIN00492,SALE15630,CUST01316,ICICI Bank,163000,55681,24,12.11,7681
FIN00493,SALE07488,CUST00714,SBI Auto Loans,123000,46975,24,12.47,5817
FIN00494,SALE13678,CUST01357,Hero FinCorp,124000,48135,24,11.28,5796
FIN00495,SALE03500,CUST00936,TVS Credit,141000,48307,24,9.54,6477
FIN00496,SALE13866,CUST03551,Bajaj Finance,161000,36982,36,8.86,5109
FIN00497,SALE06521,CUST00370,SBI Auto Loans,170000,51082,36,12.23,5665
FIN00498,SALE00873,CUST00542,ICICI Bank,145000,54228,36,11.44,4777
FIN00499,SALE14255,CUST01727,ICICI Bank,153000,43638,36,9.8,4923
FIN00500,SALE08976,CUST02682,HDFC Bank,157000,38926,24,9.07,7178
FIN00501,SALE00948,CUST01115,ICICI Bank,167000,66005,36,11.38,5497
FIN00502,SALE05870,CUST00079,ICICI Bank,166000,30999,24,8.64,7556
FIN00503,SALE11748,CUST02394,Bajaj Finance,132000,30302,24,8.81,6019
FIN00504,SALE02102,CUST00592,ICICI Bank,333000,73931,24,8.6,15152
FIN00505,SALE18951,CUST04777,HDFC Bank,165000,69921,24,10.89,7682
FIN00506,SALE03722,CUST00191,Bajaj Finance,118000,47901,24,11.21,5511
FIN00507,SALE16221,CUST02002,ICICI Bank,157000,56798,48,8.92,3901
FIN00508,SALE02536,CUST00471,TVS Credit,162000,52944,48,9.01,4032
FIN00509,SALE15245,CUST00706,HDFC Bank,192000,40808,48,9.99,4869
FIN00510,SALE17462,CUST03103,ICICI Bank,162000,56391,36,10.01,5228
FIN00511,SALE10193,CUST03894,HDFC Bank,136000,35348,36,8.89,4318
FIN00512,SALE16515,CUST04273,HDFC Bank,176000,52058,24,9.67,8095
FIN00513,SALE05282,CUST04571,SBI Auto Loans,182000,37618,36,11.32,5986
FIN00514,SALE16716,CUST02513,ICICI Bank,164000,65933,24,10.57,7611
FIN00515,SALE13371,CUST04364,Bajaj Finance,247000,97215,24,9.04,11289
FIN00516,SALE19875,CUST03104,ICICI Bank,202000,71525,60,9.57,4249
FIN00517,SALE00629,CUST01870,SBI Auto Loans,179000,41669,36,9.23,5711
FIN00518,SALE17023,CUST01069,TVS Credit,196000,77555,24,9.83,9029
FIN00519,SALE18140,CUST04470,Hero FinCorp,160000,53013,24,11.77,7515
FIN00520,SALE07041,CUST01834,TVS Credit,156000,62936,36,9.82,5021
FIN00521,SALE17955,CUST04049,ICICI Bank,269000,57170,36,11.05,8813
FIN00522,SALE14685,CUST00257,Bajaj Finance,130000,37981,36,11.64,4296
FIN00523,SALE13558,CUST00626,Bajaj Finance,160000,29317,60,12.11,3568
FIN00524,SALE19099,CUST04250,HDFC Bank,120000,50901,36,10.09,3877
FIN00525,SALE09767,CUST04927,HDFC Bank,175000,60563,36,11.38,5761
FIN00526,SALE11584,CUST02058,SBI Auto Loans,187000,32914,36,10.51,6079
FIN00527,SALE08451,CUST04681,SBI Auto Loans,166000,32767,24,8.72,7562
FIN00528,SALE10599,CUST02715,HDFC Bank,160000,51298,48,11.7,4190
FIN00529,SALE04510,CUST02469,HDFC Bank,170000,39291,36,11.8,5630
FIN00530,SALE08422,CUST02771,TVS Credit,163000,36347,36,9.55,5225
FIN00531,SALE08483,CUST02216,ICICI Bank,159000,35238,36,12.18,5295
FIN00532,SALE00377,CUST00780,ICICI Bank,156000,39857,24,11.81,7330
FIN00533,SALE10804,CUST03432,ICICI Bank,167000,54568,36,10.06,5393
FIN00534,SALE09281,CUST04036,ICICI Bank,148000,49810,48,9.42,3713
FIN00535,SALE06181,CUST03259,HDFC Bank,267000,75995,36,8.6,8441
FIN00536,SALE18958,CUST01660,SBI Auto Loans,178000,39297,24,10.35,8243
FIN00537,SALE17105,CUST00303,Hero FinCorp,328000,82763,36,10.33,10635
FIN00538,SALE13006,CUST02698,Bajaj Finance,164000,49956,36,11.1,5377
FIN00539,SALE17687,CUST01132,Hero FinCorp,245000,80267,36,9.91,7895
FIN00540,SALE04722,CUST04174,HDFC Bank,127000,41502,36,9.15,4047
FIN00541,SALE15550,CUST03046,HDFC Bank,212000,59668,36,12.19,7061
FIN00542,SALE01155,CUST03492,HDFC Bank,227000,96055,36,11.43,7478
FIN00543,SALE15670,CUST03911,ICICI Bank,128000,44275,48,8.64,3163
FIN00544,SALE09705,CUST01101,ICICI Bank,244000,79540,36,12.15,8122
FIN00545,SALE18096,CUST02490,Bajaj Finance,187000,51646,48,8.66,4623
FIN00546,SALE04030,CUST00428,TVS Credit,164000,34529,48,8.53,4045
FIN00547,SALE10345,CUST02799,SBI Auto Loans,144000,51408,36,9.37,4604
FIN00548,SALE13497,CUST02154,SBI Auto Loans,173000,48805,24,11.59,8111
FIN00549,SALE10354,CUST04492,Bajaj Finance,172000,58677,36,11.27,5653
FIN00550,SALE03451,CUST01368,Bajaj Finance,130000,36652,48,10.62,3336
FIN00551,SALE07282,CUST00359,ICICI Bank,234000,80452,48,9.54,5883
FIN00552,SALE16421,CUST00138,HDFC Bank,172000,46592,12,10.83,15188
FIN00553,SALE09609,CUST02456,HDFC Bank,188000,48386,24,10.19,8692
FIN00554,SALE12774,CUST00869,HDFC Bank,122000,45013,24,10.63,5665
FIN00555,SALE18625,CUST00809,HDFC Bank,165000,32092,36,11.46,5438
FIN00556,SALE06422,CUST04864,Cholamandalam Finance,140000,24857,36,10.41,4544
FIN00557,SALE00511,CUST00781,TVS Credit,184000,36791,24,9.76,8470
FIN00558,SALE18571,CUST04943,HDFC Bank,183000,36170,48,10.64,4698
FIN00559,SALE12777,CUST02128,ICICI Bank,161000,47743,36,11.22,5288
FIN00560,SALE13293,CUST00551,Bajaj Finance,169000,65251,24,11.35,7904
FIN00561,SALE02924,CUST04343,HDFC Bank,260000,100935,24,8.5,11818
FIN00562,SALE04478,CUST03442,HDFC Bank,156000,60954,36,12.16,5193
FIN00563,SALE05365,CUST01183,Hero FinCorp,120000,45525,36,11.01,3929
FIN00564,SALE04587,CUST03295,ICICI Bank,171000,65058,48,9.35,4284
FIN00565,SALE18983,CUST00800,Axis Bank,187000,40997,48,10.51,4789
FIN00566,SALE10910,CUST04099,TVS Credit,130000,40113,36,10.01,4195
FIN00567,SALE18303,CUST02701,Axis Bank,126000,44106,24,8.91,5751
FIN00568,SALE00849,CUST01847,Bajaj Finance,132000,37550,36,11.98,4383
FIN00569,SALE03396,CUST00197,HDFC Bank,188000,45680,36,8.57,5941
FIN00570,SALE06028,CUST02305,Cholamandalam Finance,181000,35838,36,10.42,5876
FIN00571,SALE05204,CUST02359,HDFC Bank,177000,56539,12,9.52,15522
FIN00572,SALE13862,CUST00856,ICICI Bank,166000,29670,24,11.51,7776
FIN00573,SALE06423,CUST03273,SBI Auto Loans,152000,35385,24,8.5,6909
FIN00574,SALE10287,CUST01323,HDFC Bank,131000,40642,24,12.43,6193
FIN00575,SALE08417,CUST01040,TVS Credit,165000,34231,48,10.05,4189
FIN00576,SALE08586,CUST01127,SBI Auto Loans,265000,59112,24,11.03,12355
FIN00577,SALE08930,CUST01286,SBI Auto Loans,182000,37083,36,10.19,5889
FIN00578,SALE07639,CUST00108,SBI Auto Loans,144000,26203,36,10.07,4651
FIN00579,SALE11290,CUST01132,TVS Credit,176000,62201,48,11.62,4602
FIN00580,SALE18806,CUST03241,ICICI Bank,163000,53731,60,11.04,3547
FIN00581,SALE06686,CUST04272,Bajaj Finance,254000,69552,24,11.59,11908
FIN00582,SALE11804,CUST04896,ICICI Bank,124000,48243,12,9.92,10897
FIN00583,SALE13925,CUST01706,SBI Auto Loans,126000,43223,48,10.74,3241
FIN00584,SALE09290,CUST03284,SBI Auto Loans,114000,48309,24,8.62,5188
FIN00585,SALE03662,CUST02004,HDFC Bank,150000,34735,24,8.66,6829
FIN00586,SALE19849,CUST04714,Bajaj Finance,197000,36074,36,9.22,6285
FIN00587,SALE08814,CUST03218,ICICI Bank,164000,55474,36,8.55,5181
FIN00588,SALE05800,CUST01912,ICICI Bank,127000,43096,24,11.36,5940
FIN00589,SALE09555,CUST00222,Axis Bank,264000,57751,36,9.74,8486
FIN00590,SALE08397,CUST02755,SBI Auto Loans,133000,34845,12,9.98,11692
FIN00591,SALE14973,CUST04459,HDFC Bank,153000,63666,60,11.01,3327
FIN00592,SALE16888,CUST03207,ICICI Bank,141000,51719,36,8.78,4469
FIN00593,SALE03558,CUST00281,HDFC Bank,184000,41367,36,10.55,5985
FIN00594,SALE09429,CUST00811,HDFC Bank,188000,45730,24,9.0,8589
FIN00595,SALE06704,CUST02384,Axis Bank,127000,43011,36,10.05,4101
FIN00596,SALE07827,CUST03887,SBI Auto Loans,122000,45104,24,10.98,5685
FIN00597,SALE10645,CUST02682,Axis Bank,174000,47959,36,9.82,5600
FIN00598,SALE19742,CUST00164,HDFC Bank,165000,30973,48,9.99,4184
FIN00599,SALE18403,CUST03101,Bajaj Finance,188000,46074,24,11.1,8771
FIN00600,SALE04663,CUST01322,Bajaj Finance,225000,46615,24,9.27,10307
FIN00601,SALE15405,CUST00469,Bajaj Finance,242000,81028,36,11.32,7959
FIN00602,SALE00249,CUST00974,HDFC Bank,155000,53334,12,11.79,13756
FIN00603,SALE04327,CUST02950,ICICI Bank,183000,51580,36,8.83,5805
FIN00604,SALE09791,CUST04627,HDFC Bank,131000,31548,36,12.29,4369
FIN00605,SALE05085,CUST01958,ICICI Bank,201000,35301,36,10.67,6549
FIN00606,SALE13473,CUST02649,ICICI Bank,168000,66591,36,10.05,5425
FIN00607,SALE15247,CUST02619,TVS Credit,133000,37084,36,10.38,4315
FIN00608,SALE11127,CUST01455,HDFC Bank,155000,29077,36,12.0,5148
FIN00609,SALE13133,CUST02298,HDFC Bank,168000,50338,24,12.29,7931
FIN00610,SALE18680,CUST03261,Bajaj Finance,161000,65847,36,10.93,5266
FIN00611,SALE19950,CUST02375,Cholamandalam Finance,305000,106081,48,8.75,7554
FIN00612,SALE17936,CUST01500,SBI Auto Loans,291000,69496,36,8.74,9219
FIN00613,SALE16388,CUST03843,Bajaj Finance,124000,44566,36,10.88,4053
FIN00614,SALE17881,CUST00371,Bajaj Finance,119000,50528,36,11.11,3902
FIN00615,SALE13045,CUST03735,Bajaj Finance,194000,40389,36,10.21,6279
FIN00616,SALE00742,CUST03392,Bajaj Finance,124000,45051,24,12.06,5841
FIN00617,SALE05469,CUST02276,SBI Auto Loans,164000,47155,36,11.34,5396
FIN00618,SALE06537,CUST04493,SBI Auto Loans,133000,37109,36,11.07,4359
FIN00619,SALE09566,CUST03554,ICICI Bank,176000,45449,36,11.91,5838
FIN00620,SALE19897,CUST01769,SBI Auto Loans,183000,36830,36,12.1,6087
FIN00621,SALE08270,CUST02720,ICICI Bank,152000,45873,48,12.18,4016
FIN00622,SALE00246,CUST02305,HDFC Bank,187000,45700,24,10.89,8706
FIN00623,SALE01335,CUST03549,HDFC Bank,139000,59152,48,10.96,3590
FIN00624,SALE06767,CUST02151,HDFC Bank,198000,38429,24,12.22,9341
FIN00625,SALE19221,CUST01822,TVS Credit,188000,77808,60,12.13,4194
FIN00626,SALE07940,CUST01163,ICICI Bank,175000,43828,24,11.49,8196
FIN00627,SALE16779,CUST02254,Hero FinCorp,159000,60322,36,9.24,5074
FIN00628,SALE12320,CUST03976,SBI Auto Loans,133000,34447,36,9.76,4277
FIN00629,SALE15582,CUST04313,SBI Auto Loans,327000,90452,24,11.11,15257
FIN00630,SALE13181,CUST02121,Bajaj Finance,134000,35413,24,9.69,6164
FIN00631,SALE04751,CUST03634,ICICI Bank,125000,47215,48,9.42,3136
FIN00632,SALE18719,CUST00757,SBI Auto Loans,155000,33988,12,11.48,13734
FIN00633,SALE19425,CUST02240,ICICI Bank,151000,62195,24,12.18,7121
FIN00634,SALE18795,CUST02706,Bajaj Finance,182000,53336,36,9.41,5822
FIN00635,SALE16353,CUST03953,Cholamandalam Finance,197000,36859,24,10.4,9127
FIN00636,SALE01524,CUST02126,Axis Bank,256000,85244,36,10.12,8275
FIN00637,SALE12503,CUST01479,TVS Credit,160000,60311,12,8.63,13965
FIN00638,SALE04434,CUST02273,ICICI Bank,129000,33532,48,10.37,3295
FIN00639,SALE19744,CUST03965,Bajaj Finance,160000,68021,24,10.93,7452
FIN00640,SALE00979,CUST04944,HDFC Bank,140000,56748,24,9.66,6438
FIN00641,SALE02630,CUST02042,ICICI Bank,180000,51893,48,11.44,4691
FIN00642,SALE11219,CUST02772,HDFC Bank,259000,81233,12,9.58,22720
FIN00643,SALE11560,CUST02773,SBI Auto Loans,179000,55474,24,11.25,8364
FIN00644,SALE14552,CUST03541,SBI Auto Loans,159000,31140,36,11.91,5274
FIN00645,SALE04610,CUST01586,ICICI Bank,141000,53176,36,8.57,4456
FIN00646,SALE02918,CUST01919,Bajaj Finance,144000,26473,48,12.17,3804
FIN00647,SALE18726,CUST02455,SBI Auto Loans,120000,48406,12,12.05,10665
FIN00648,SALE06901,CUST00481,SBI Auto Loans,243000,79620,24,10.64,11285
FIN00649,SALE09157,CUST01638,SBI Auto Loans,160000,60278,48,12.25,4233
FIN00650,SALE07050,CUST03640,HDFC Bank,177000,58145,12,9.86,15550
FIN00651,SALE16650,CUST00749,ICICI Bank,134000,37000,36,9.51,4293
FIN00652,SALE18899,CUST03629,ICICI Bank,157000,31675,36,9.07,4998
FIN00653,SALE13436,CUST03458,Bajaj Finance,164000,47869,12,9.76,14400
FIN00654,SALE00499,CUST01653,SBI Auto Loans,174000,46097,12,9.31,15242
FIN00655,SALE09288,CUST01090,SBI Auto Loans,162000,34393,24,9.31,7424
FIN00656,SALE05446,CUST02346,ICICI Bank,255000,67387,60,9.84,5398
FIN00657,SALE09650,CUST04966,TVS Credit,164000,55866,36,9.73,5271
FIN00658,SALE05926,CUST00201,HDFC Bank,193000,73549,36,11.19,6336
FIN00659,SALE09403,CUST04251,SBI Auto Loans,150000,47138,48,11.25,3895
FIN00660,SALE05226,CUST04130,SBI Auto Loans,171000,47060,24,9.11,7821
FIN00661,SALE12859,CUST04082,ICICI Bank,131000,36855,36,8.68,4146
FIN00662,SALE05759,CUST01668,ICICI Bank,163000,68790,60,11.54,3588
FIN00663,SALE03609,CUST02116,ICICI Bank,244000,79382,12,8.58,21291
FIN00664,SALE16824,CUST00736,HDFC Bank,252000,70950,36,11.64,8327
FIN00665,SALE02068,CUST04918,HDFC Bank,172000,42926,48,9.66,4334
FIN00666,SALE11307,CUST04362,HDFC Bank,151000,61453,36,11.74,4997
FIN00667,SALE08109,CUST00357,Bajaj Finance,133000,55154,12,11.54,11788
FIN00668,SALE02215,CUST02744,ICICI Bank,183000,37683,24,10.4,8478
FIN00669,SALE09585,CUST00411,SBI Auto Loans,175000,46695,24,9.98,8074
FIN00670,SALE02208,CUST02939,HDFC Bank,145000,26736,60,8.51,2976
FIN00671,SALE03047,CUST03900,Bajaj Finance,137000,33724,36,9.2,4369
FIN00672,SALE12693,CUST02295,HDFC Bank,144000,28072,48,10.81,3708
FIN00673,SALE19359,CUST02966,Bajaj Finance,174000,44552,36,9.96,5611
FIN00674,SALE11724,CUST02376,HDFC Bank,165000,46339,12,9.71,14484
FIN00675,SALE09805,CUST04328,Bajaj Finance,171000,46877,36,11.66,5652
FIN00676,SALE09499,CUST04577,TVS Credit,273000,49403,24,11.85,12832
FIN00677,SALE19067,CUST01237,SBI Auto Loans,188000,77921,12,12.16,16718
FIN00678,SALE04806,CUST04664,ICICI Bank,185000,34575,36,11.4,6092
FIN00679,SALE19312,CUST02345,ICICI Bank,164000,31096,36,9.52,5255
FIN00680,SALE13501,CUST00502,Bajaj Finance,128000,39851,48,8.91,3180
FIN00681,SALE02550,CUST00322,SBI Auto Loans,340000,74208,36,9.34,10866
FIN00682,SALE18212,CUST00605,HDFC Bank,196000,73147,36,11.03,6420
FIN00683,SALE03727,CUST00189,Bajaj Finance,163000,68262,24,10.05,7525
FIN00684,SALE07189,CUST00487,HDFC Bank,116000,47649,24,10.9,5401
FIN00685,SALE15568,CUST00417,Bajaj Finance,144000,54231,48,9.52,3619
FIN00686,SALE12656,CUST04970,SBI Auto Loans,153000,44308,48,11.5,3992
FIN00687,SALE16899,CUST02459,SBI Auto Loans,181000,57664,36,8.92,5749
FIN00688,SALE05012,CUST03406,HDFC Bank,240000,80701,12,11.52,21270
FIN00689,SALE18213,CUST04775,Cholamandalam Finance,138000,33931,24,10.31,6388
FIN00690,SALE09998,CUST03662,HDFC Bank,147000,52443,36,11.34,4836
FIN00691,SALE12301,CUST03070,HDFC Bank,138000,53667,36,10.37,4477
FIN00692,SALE16343,CUST03431,SBI Auto Loans,130000,41387,36,9.28,4151
FIN00693,SALE14976,CUST04446,HDFC Bank,166000,64828,24,9.01,7584
FIN00694,SALE17139,CUST02103,TVS Credit,159000,53557,24,10.42,7368
FIN00695,SALE12750,CUST00166,SBI Auto Loans,271000,54046,24,8.81,12357
FIN00696,SALE10480,CUST01457,HDFC Bank,145000,54049,36,10.85,4737
FIN00697,SALE06204,CUST01412,SBI Auto Loans,143000,28514,36,12.19,4763
FIN00698,SALE19166,CUST01144,TVS Credit,159000,65680,48,10.95,4106
FIN00699,SALE15517,CUST04662,SBI Auto Loans,196000,77575,36,10.29,6351
FIN00700,SALE01454,CUST03308,ICICI Bank,171000,62623,24,10.11,7899
FIN00701,SALE04762,CUST02166,ICICI Bank,220000,53832,12,11.99,19546
FIN00702,SALE14803,CUST00641,Bajaj Finance,193000,42628,36,11.03,6321
FIN00703,SALE05876,CUST03074,SBI Auto Loans,149000,64229,36,12.06,4953
FIN00704,SALE15524,CUST00062,ICICI Bank,155000,41641,48,11.86,4071
FIN00705,SALE16936,CUST04152,TVS Credit,151000,47021,24,10.46,7000
FIN00706,SALE15350,CUST04883,HDFC Bank,179000,56420,48,9.01,4455
FIN00707,SALE00868,CUST00716,HDFC Bank,137000,31920,24,9.59,6296
FIN00708,SALE02416,CUST02075,Axis Bank,165000,30544,12,11.05,14587
FIN00709,SALE11272,CUST04846,TVS Credit,173000,47013,24,9.08,7910
FIN00710,SALE00930,CUST01316,ICICI Bank,169000,49759,24,11.9,7948
FIN00711,SALE15771,CUST00492,HDFC Bank,147000,43262,36,12.11,4890
FIN00712,SALE13733,CUST00263,SBI Auto Loans,240000,84458,36,12.21,7996
FIN00713,SALE14615,CUST02543,HDFC Bank,139000,31040,48,10.87,3584
FIN00714,SALE05062,CUST03462,SBI Auto Loans,182000,38621,36,8.89,5778
FIN00715,SALE16481,CUST03571,Axis Bank,196000,38667,36,10.75,6394
FIN00716,SALE12626,CUST04714,Cholamandalam Finance,163000,36036,36,8.57,5151
FIN00717,SALE00903,CUST01383,ICICI Bank,158000,62005,36,11.02,5174
FIN00718,SALE14839,CUST03325,Hero FinCorp,193000,39655,48,12.26,5107
FIN00719,SALE05911,CUST03463,ICICI Bank,167000,63720,12,9.88,14673
FIN00720,SALE02698,CUST01612,HDFC Bank,156000,65551,36,11.59,5151
FIN00721,SALE12507,CUST03241,HDFC Bank,132000,33445,12,10.39,11629
FIN00722,SALE01357,CUST03398,Bajaj Finance,285000,75569,48,12.1,7519
FIN00723,SALE05874,CUST00173,HDFC Bank,146000,48147,24,9.85,6727
FIN00724,SALE01431,CUST03571,ICICI Bank,135000,56922,12,12.46,12024
FIN00725,SALE13280,CUST02427,SBI Auto Loans,273000,69402,12,12.38,24304
FIN00726,SALE13094,CUST00898,SBI Auto Loans,140000,57259,24,10.37,6484
FIN00727,SALE04105,CUST01225,SBI Auto Loans,167000,65168,24,12.49,7900
FIN00728,SALE03308,CUST04555,ICICI Bank,172000,46689,36,12.49,5753
FIN00729,SALE11149,CUST04200,HDFC Bank,295000,111857,36,8.61,9327
FIN00730,SALE07212,CUST01931,Hero FinCorp,247000,94481,24,11.1,11524
FIN00731,SALE16323,CUST00212,Bajaj Finance,127000,43118,60,12.22,2839
FIN00732,SALE03172,CUST00612,Hero FinCorp,194000,38064,12,9.02,16967
FIN00733,SALE05570,CUST00289,HDFC Bank,291000,55027,36,9.33,9298
FIN00734,SALE09806,CUST02681,HDFC Bank,140000,31126,36,10.74,4566
FIN00735,SALE05900,CUST03464,Hero FinCorp,179000,42642,36,12.46,5985
FIN00736,SALE10574,CUST03347,HDFC Bank,222000,46043,36,12.01,7375
FIN00737,SALE05976,CUST00058,SBI Auto Loans,194000,41233,60,9.47,4072
FIN00738,SALE13196,CUST00959,HDFC Bank,159000,36418,24,9.71,7316
FIN00739,SALE09439,CUST03355,SBI Auto Loans,165000,64325,48,10.0,4185
FIN00740,SALE10352,CUST02404,ICICI Bank,182000,34036,36,12.18,6061
FIN00741,SALE16999,CUST01858,HDFC Bank,323000,85502,36,9.94,10413
FIN00742,SALE10325,CUST04907,TVS Credit,161000,35400,36,8.74,5100
FIN00743,SALE11667,CUST00857,SBI Auto Loans,152000,45580,36,11.89,5041
FIN00744,SALE02286,CUST00571,Bajaj Finance,190000,38102,24,9.86,8755
FIN00745,SALE05414,CUST02639,HDFC Bank,145000,46288,24,11.03,6760
FIN00746,SALE09374,CUST00225,HDFC Bank,264000,94927,36,10.26,8551
FIN00747,SALE13001,CUST04857,SBI Auto Loans,262000,62816,48,12.23,6929
FIN00748,SALE15433,CUST02075,ICICI Bank,152000,45948,24,9.18,6957
FIN00749,SALE00607,CUST04808,ICICI Bank,179000,42225,36,12.23,5965
FIN00750,SALE18068,CUST02721,HDFC Bank,137000,55867,48,9.4,3435
FIN00751,SALE05695,CUST00684,HDFC Bank,257000,104566,36,11.87,8520
FIN00752,SALE06782,CUST01960,Hero FinCorp,133000,33720,36,11.57,4390
FIN00753,SALE02647,CUST00385,ICICI Bank,186000,48276,48,8.7,4602
FIN00754,SALE06733,CUST03580,SBI Auto Loans,143000,46752,60,11.15,3120
FIN00755,SALE09170,CUST01542,HDFC Bank,185000,50347,36,8.88,5873
FIN00756,SALE17380,CUST04743,ICICI Bank,122000,47916,60,10.92,2648
FIN00757,SALE17755,CUST04756,TVS Credit,160000,28936,36,10.22,5179
FIN00758,SALE18506,CUST04512,Bajaj Finance,248000,77869,24,10.79,11535
FIN00759,SALE15679,CUST00557,ICICI Bank,151000,42438,48,10.69,3880
FIN00760,SALE18116,CUST02598,HDFC Bank,186000,50581,36,11.83,6163
FIN00761,SALE15723,CUST04625,ICICI Bank,163000,33019,36,9.56,5226
FIN00762,SALE14706,CUST02156,Axis Bank,158000,61026,48,10.04,4010
FIN00763,SALE00722,CUST04192,HDFC Bank,137000,32899,60,9.51,2878
FIN00764,SALE05192,CUST00640,Bajaj Finance,161000,34399,36,10.9,5263
FIN00765,SALE14781,CUST03779,SBI Auto Loans,162000,58948,24,11.32,7575
FIN00766,SALE01860,CUST03074,ICICI Bank,162000,67906,24,11.41,7581
FIN00767,SALE06754,CUST04916,Bajaj Finance,143000,50318,24,10.04,6601
FIN00768,SALE10913,CUST04949,Bajaj Finance,133000,34267,36,10.58,4328
FIN00769,SALE05807,CUST03555,SBI Auto Loans,234000,90935,48,12.27,6193
FIN00770,SALE13041,CUST04850,ICICI Bank,127000,44435,36,9.83,4088
FIN00771,SALE01953,CUST00400,HDFC Bank,178000,58382,36,10.64,5797
FIN00772,SALE02605,CUST04065,ICICI Bank,184000,48968,60,9.22,3839
FIN00773,SALE09667,CUST04579,Bajaj Finance,259000,65304,36,8.56,8183
FIN00774,SALE16799,CUST01473,Axis Bank,134000,33793,36,11.19,4399
FIN00775,SALE03710,CUST00765,HDFC Bank,227000,93962,24,10.43,10520
FIN00776,SALE07419,CUST03454,SBI Auto Loans,183000,49745,24,11.97,8612
FIN00777,SALE19922,CUST00145,HDFC Bank,141000,57786,36,12.04,4686
FIN00778,SALE08449,CUST04016,TVS Credit,159000,49340,36,9.21,5072
FIN00779,SALE08845,CUST02732,ICICI Bank,267000,51571,36,10.36,8661
FIN00780,SALE19939,CUST03703,ICICI Bank,154000,41302,36,11.54,5081
FIN00781,SALE01496,CUST00525,HDFC Bank,250000,77003,24,11.6,11722
FIN00782,SALE08146,CUST01983,HDFC Bank,171000,63779,36,11.02,5600
FIN00783,SALE17515,CUST01284,SBI Auto Loans,175000,46283,36,11.6,5779
FIN00784,SALE00066,CUST01793,HDFC Bank,122000,48137,36,8.89,3873
FIN00785,SALE12375,CUST04669,HDFC Bank,254000,68495,48,9.86,6425
FIN00786,SALE17919,CUST02559,SBI Auto Loans,169000,29484,36,10.05,5457
FIN00787,SALE03974,CUST00949,ICICI Bank,150000,46188,36,10.13,4849
FIN00788,SALE15585,CUST02822,Bajaj Finance,154000,59506,24,11.07,7183
FIN00789,SALE06943,CUST02898,Bajaj Finance,186000,50510,36,12.34,6208
FIN00790,SALE11583,CUST01353,Bajaj Finance,181000,77839,36,11.16,5939
FIN00791,SALE13725,CUST04519,Bajaj Finance,156000,60534,36,11.0,5107
FIN00792,SALE15887,CUST03110,Axis Bank,146000,52266,24,10.22,6752
FIN00793,SALE15796,CUST01356,HDFC Bank,167000,63171,36,11.43,5501
FIN00794,SALE14463,CUST02927,Bajaj Finance,134000,33812,36,9.71,4306
FIN00795,SALE13474,CUST01840,HDFC Bank,152000,44448,24,10.79,7070
FIN00796,SALE05151,CUST02538,Bajaj Finance,134000,31797,24,11.64,6285
FIN00797,SALE17930,CUST00083,Axis Bank,132000,52304,24,9.47,6059
FIN00798,SALE00807,CUST00575,SBI Auto Loans,178000,41191,36,8.54,5622
FIN00799,SALE09576,CUST01312,HDFC Bank,288000,59729,36,11.97,9562
FIN00800,SALE00611,CUST01636,SBI Auto Loans,165000,69062,60,9.57,3471
FIN00801,SALE18491,CUST04384,Hero FinCorp,156000,42872,48,12.35,4135
FIN00802,SALE04595,CUST04994,ICICI Bank,167000,52778,36,9.84,5376
FIN00803,SALE07645,CUST01741,Bajaj Finance,165000,56268,24,11.55,7732
FIN00804,SALE08234,CUST04880,TVS Credit,144000,26659,36,9.4,4606
FIN00805,SALE05797,CUST02737,SBI Auto Loans,131000,38103,24,10.58,6080
FIN00806,SALE15387,CUST02376,Bajaj Finance,152000,61992,36,10.71,4955
FIN00807,SALE11764,CUST03414,Axis Bank,211000,59524,48,9.91,5342
FIN00808,SALE07392,CUST02423,Axis Bank,208000,56803,36,9.02,6616
FIN00809,SALE14184,CUST03054,HDFC Bank,277000,87038,36,9.57,8882
FIN00810,SALE12391,CUST03847,Bajaj Finance,167000,39843,36,12.34,5574
FIN00811,SALE11028,CUST00338,ICICI Bank,159000,31837,36,9.08,5062
FIN00812,SALE19662,CUST04288,HDFC Bank,175000,44922,48,9.91,4431
FIN00813,SALE09713,CUST01116,SBI Auto Loans,131000,40283,36,11.94,4347
FIN00814,SALE13206,CUST02786,HDFC Bank,122000,50345,24,9.4,5596
FIN00815,SALE11760,CUST01079,Axis Bank,180000,39168,48,9.12,4490
FIN00816,SALE15897,CUST02487,Bajaj Finance,184000,46389,48,11.93,4839
FIN00817,SALE08676,CUST03445,Bajaj Finance,166000,67724,12,10.18,14608
FIN00818,SALE05105,CUST00770,ICICI Bank,266000,60582,48,12.29,7043
FIN00819,SALE17894,CUST03513,Cholamandalam Finance,161000,56408,36,11.99,5347
FIN00820,SALE13166,CUST04913,TVS Credit,254000,91228,60,12.35,5695
FIN00821,SALE01371,CUST02809,Bajaj Finance,125000,45951,12,11.2,11059
FIN00822,SALE07011,CUST01437,TVS Credit,129000,42534,12,12.16,11471
FIN00823,SALE15606,CUST00095,HDFC Bank,321000,81183,24,11.83,15085
FIN00824,SALE12594,CUST02699,HDFC Bank,145000,40395,36,12.16,4827
FIN00825,SALE07348,CUST04786,ICICI Bank,131000,53118,24,12.19,6178
FIN00826,SALE04648,CUST00067,SBI Auto Loans,172000,44439,24,10.09,7944
FIN00827,SALE02294,CUST03601,HDFC Bank,146000,50801,36,8.9,4636
FIN00828,SALE02530,CUST01274,SBI Auto Loans,164000,55256,36,11.54,5411
FIN00829,SALE15853,CUST02729,ICICI Bank,170000,46859,12,8.65,14839
FIN00830,SALE15125,CUST03545,HDFC Bank,179000,41685,48,11.12,4637
FIN00831,SALE15371,CUST03166,Cholamandalam Finance,152000,64354,36,8.95,4830
FIN00832,SALE12472,CUST01941,ICICI Bank,182000,52502,36,9.07,5793
FIN00833,SALE00352,CUST04010,HDFC Bank,122000,47146,36,10.48,3964
FIN00834,SALE04462,CUST02105,Bajaj Finance,162000,55026,24,11.17,7563
FIN00835,SALE02089,CUST02735,TVS Credit,136000,31623,60,8.93,2819
FIN00836,SALE02516,CUST02737,HDFC Bank,139000,24967,24,10.47,6444
FIN00837,SALE09663,CUST02748,TVS Credit,175000,54411,48,12.45,4647
FIN00838,SALE00232,CUST04710,ICICI Bank,200000,35467,24,10.59,9284
FIN00839,SALE13394,CUST00092,SBI Auto Loans,158000,61486,36,11.34,5198
FIN00840,SALE00170,CUST04650,HDFC Bank,143000,48227,60,9.27,2987
FIN00841,SALE00879,CUST03900,TVS Credit,142000,27921,36,9.86,4573
FIN00842,SALE09420,CUST00931,SBI Auto Loans,228000,93236,48,11.98,6002
FIN00843,SALE06336,CUST04599,HDFC Bank,185000,35008,36,11.35,6087
FIN00844,SALE04335,CUST04243,SBI Auto Loans,146000,50880,36,10.84,4769
FIN00845,SALE00751,CUST02560,HDFC Bank,171000,62492,36,9.59,5485
FIN00846,SALE14845,CUST00364,HDFC Bank,150000,46846,60,8.94,3109
FIN00847,SALE11640,CUST04252,HDFC Bank,243000,80705,60,12.07,5414
FIN00848,SALE18005,CUST04566,Bajaj Finance,140000,24657,36,11.56,4621
FIN00849,SALE00434,CUST04604,ICICI Bank,175000,41857,24,11.18,8171
FIN00850,SALE05099,CUST00290,ICICI Bank,138000,33642,48,12.02,3635
FIN00851,SALE07423,CUST02848,Cholamandalam Finance,139000,29896,36,10.45,4515
FIN00852,SALE12668,CUST00848,HDFC Bank,227000,47335,48,10.38,5799
FIN00853,SALE16455,CUST00833,ICICI Bank,272000,53052,12,10.44,23969
FIN00854,SALE18704,CUST03284,HDFC Bank,167000,66863,36,8.53,5274
FIN00855,SALE03132,CUST02705,ICICI Bank,197000,37056,36,10.85,6436
FIN00856,SALE12064,CUST00162,Hero FinCorp,159000,62541,24,12.06,7489
FIN00857,SALE08150,CUST03259,SBI Auto Loans,216000,56716,48,10.29,5508
FIN00858,SALE11940,CUST01358,ICICI Bank,162000,57805,24,9.49,7437
FIN00859,SALE13896,CUST01910,Cholamandalam Finance,170000,36300,24,10.48,7882
FIN00860,SALE13913,CUST02210,ICICI Bank,140000,59412,12,11.05,12377
FIN00861,SALE08887,CUST01190,Axis Bank,177000,56991,24,10.41,8201
FIN00862,SALE16373,CUST01371,SBI Auto Loans,165000,65982,12,8.79,14413
FIN00863,SALE18588,CUST01592,Bajaj Finance,123000,47389,36,9.75,3954
FIN00864,SALE03116,CUST00465,TVS Credit,255000,64153,36,11.96,8465
FIN00865,SALE18953,CUST03983,Bajaj Finance,158000,57825,12,9.81,13877
FIN00866,SALE16800,CUST02419,HDFC Bank,182000,37428,48,11.64,4761
FIN00867,SALE13504,CUST03972,TVS Credit,139000,31912,36,10.78,4536
FIN00868,SALE10321,CUST00186,ICICI Bank,172000,41511,36,12.1,5721
FIN00869,SALE14739,CUST03994,HDFC Bank,157000,35889,36,8.88,4984
FIN00870,SALE16609,CUST02966,HDFC Bank,153000,61239,60,12.36,3431
FIN00871,SALE19543,CUST00966,HDFC Bank,142000,52646,24,10.46,6583
FIN00872,SALE07948,CUST01227,Bajaj Finance,186000,35457,24,11.97,8753
FIN00873,SALE10625,CUST00195,SBI Auto Loans,164000,34768,48,9.17,4094
FIN00874,SALE08801,CUST03305,HDFC Bank,188000,32991,36,9.81,6049
FIN00875,SALE19550,CUST03822,SBI Auto Loans,156000,40258,36,11.07,5112
FIN00876,SALE03607,CUST02082,Bajaj Finance,267000,97956,24,11.32,12484
FIN00877,SALE09402,CUST00093,HDFC Bank,142000,52213,24,11.31,6639
FIN00878,SALE07490,CUST02146,Hero FinCorp,265000,99626,12,12.16,23565
FIN00879,SALE15716,CUST04632,Cholamandalam Finance,222000,52207,36,11.9,7363
FIN00880,SALE10843,CUST00101,TVS Credit,121000,46447,12,9.62,10616
FIN00881,SALE13430,CUST01218,ICICI Bank,188000,34017,24,11.26,8785
FIN00882,SALE07344,CUST03162,SBI Auto Loans,174000,59534,36,10.25,5635
FIN00883,SALE14843,CUST02506,Hero FinCorp,147000,47466,12,10.0,12924
FIN00884,SALE03120,CUST04380,Bajaj Finance,182000,34683,36,10.3,5898
FIN00885,SALE05292,CUST02203,ICICI Bank,154000,62477,48,10.09,3912
FIN00886,SALE17915,CUST02686,Cholamandalam Finance,175000,59333,36,11.98,5811
FIN00887,SALE02748,CUST01147,TVS Credit,120000,38369,36,9.94,3869
FIN00888,SALE05136,CUST02899,HDFC Bank,127000,42869,36,9.79,4085
FIN00889,SALE13997,CUST04608,Bajaj Finance,142000,54114,24,8.5,6455
FIN00890,SALE10023,CUST01435,HDFC Bank,179000,40085,36,10.28,5799
FIN00891,SALE02939,CUST03040,TVS Credit,162000,59106,48,12.14,4277
FIN00892,SALE12073,CUST02704,Cholamandalam Finance,156000,63075,24,12.36,7370
FIN00893,SALE18607,CUST00162,ICICI Bank,138000,59351,48,10.01,3501
FIN00894,SALE19552,CUST04443,HDFC Bank,157000,52611,36,9.16,5004
FIN00895,SALE01725,CUST04885,TVS Credit,169000,50359,48,9.6,4254
FIN00896,SALE08505,CUST02096,HDFC Bank,144000,52558,24,11.0,6712
FIN00897,SALE17335,CUST03001,HDFC Bank,173000,49126,48,10.43,4424
FIN00898,SALE19973,CUST04759,Hero FinCorp,176000,59351,36,11.07,5768
FIN00899,SALE18770,CUST03832,Bajaj Finance,121000,51362,24,10.77,5627
FIN00900,SALE14468,CUST01662,ICICI Bank,125000,45330,24,9.76,5754
FIN00901,SALE12284,CUST03350,TVS Credit,163000,35556,36,10.44,5293
FIN00902,SALE09457,CUST04371,ICICI Bank,153000,45692,24,8.75,6972
FIN00903,SALE05498,CUST00692,SBI Auto Loans,267000,57445,36,9.76,8585
FIN00904,SALE13861,CUST01966,TVS Credit,145000,53439,24,11.73,6807
FIN00905,SALE15351,CUST01709,HDFC Bank,134000,35978,48,9.32,3355
FIN00906,SALE08488,CUST01213,HDFC Bank,147000,41654,60,10.07,3128
FIN00907,SALE06674,CUST04977,ICICI Bank,152000,59929,36,9.96,4902
FIN00908,SALE01611,CUST02469,HDFC Bank,178000,40528,36,8.9,5652
FIN00909,SALE00622,CUST03454,SBI Auto Loans,120000,46741,36,9.47,3842
FIN00910,SALE11318,CUST01089,HDFC Bank,126000,43488,48,8.87,3128
FIN00911,SALE17376,CUST00897,TVS Credit,156000,58320,24,10.16,7210
FIN00912,SALE17399,CUST00838,Axis Bank,181000,33399,36,11.95,6007
FIN00913,SALE11750,CUST01432,HDFC Bank,279000,59741,24,10.52,12941
FIN00914,SALE09099,CUST00141,ICICI Bank,272000,54386,36,11.57,8979
FIN00915,SALE13818,CUST02630,SBI Auto Loans,141000,56550,36,11.24,4632
FIN00916,SALE17768,CUST01551,TVS Credit,176000,56918,36,11.23,5781
FIN00917,SALE18268,CUST02895,Bajaj Finance,126000,45987,36,8.73,3991
FIN00918,SALE07668,CUST00240,ICICI Bank,181000,54907,36,9.7,5815
FIN00919,SALE19765,CUST04435,ICICI Bank,170000,42689,36,10.25,5505
FIN00920,SALE06187,CUST01569,Bajaj Finance,196000,42633,24,8.81,8937
FIN00921,SALE10013,CUST02594,HDFC Bank,185000,47689,12,8.99,16178
FIN00922,SALE04279,CUST04722,ICICI Bank,163000,58866,36,10.12,5269
FIN00923,SALE01874,CUST03524,HDFC Bank,132000,27409,60,10.13,2813
FIN00924,SALE01116,CUST02706,Bajaj Finance,291000,51758,36,10.89,9512
FIN00925,SALE01425,CUST01231,HDFC Bank,124000,46846,12,9.97,10900
FIN00926,SALE08256,CUST00226,Bajaj Finance,123000,43217,12,12.24,10942
FIN00927,SALE18913,CUST00361,TVS Credit,265000,56734,36,11.75,8770
FIN00928,SALE01380,CUST04346,SBI Auto Loans,154000,38544,60,11.61,3395
FIN00929,SALE05591,CUST01389,Bajaj Finance,136000,27047,48,8.89,3377
FIN00930,SALE13187,CUST04845,SBI Auto Loans,138000,58469,12,10.78,12183
FIN00931,SALE18463,CUST01993,TVS Credit,148000,48310,36,11.24,4862
FIN00932,SALE16025,CUST00109,Hero FinCorp,152000,34294,48,10.47,3890
FIN00933,SALE14149,CUST04081,SBI Auto Loans,154000,42582,24,11.3,7199
FIN00934,SALE02850,CUST00674,HDFC Bank,180000,55209,24,12.45,8511
FIN00935,SALE03497,CUST04360,SBI Auto Loans,238000,102093,36,11.64,7864
FIN00936,SALE17990,CUST02401,TVS Credit,121000,48648,48,12.23,3200
FIN00937,SALE05218,CUST01901,TVS Credit,159000,61435,36,10.03,5133
FIN00938,SALE04346,CUST00746,Bajaj Finance,246000,73408,36,12.18,8192
FIN00939,SALE01378,CUST03138,Cholamandalam Finance,171000,42344,60,9.97,3631
FIN00940,SALE18666,CUST03219,SBI Auto Loans,179000,51891,48,9.21,4472
FIN00941,SALE09501,CUST00934,HDFC Bank,156000,62922,24,9.26,7145
FIN00942,SALE03985,CUST00307,Bajaj Finance,150000,49353,36,10.92,4905
FIN00943,SALE19132,CUST03841,Hero FinCorp,180000,44662,48,9.8,4548
FIN00944,SALE01088,CUST00346,Bajaj Finance,188000,44588,36,11.6,6208
FIN00945,SALE14941,CUST03386,HDFC Bank,152000,41701,36,8.52,4800
FIN00946,SALE13919,CUST01469,Bajaj Finance,120000,49691,36,10.19,3883
FIN00947,SALE04447,CUST03295,Bajaj Finance,323000,88276,36,11.15,10598
FIN00948,SALE04829,CUST03578,HDFC Bank,191000,46684,36,11.54,6302
FIN00949,SALE17418,CUST00090,SBI Auto Loans,140000,32356,24,10.76,6510
FIN00950,SALE04887,CUST04318,TVS Credit,181000,37725,36,8.92,5749
FIN00951,SALE13125,CUST03198,HDFC Bank,185000,35931,12,11.49,16393
FIN00952,SALE15677,CUST02908,HDFC Bank,138000,31924,24,11.7,6477
FIN00953,SALE08660,CUST01581,SBI Auto Loans,168000,50477,36,11.49,5539
FIN00954,SALE13883,CUST04875,HDFC Bank,268000,68142,48,10.88,6911
FIN00955,SALE04343,CUST03397,HDFC Bank,158000,62483,60,12.19,3530
FIN00956,SALE07288,CUST01252,HDFC Bank,167000,31348,36,9.84,5376
FIN00957,SALE08610,CUST02073,SBI Auto Loans,262000,55814,48,11.23,6801
FIN00958,SALE12332,CUST00929,Axis Bank,166000,57763,24,10.52,7700
FIN00959,SALE15164,CUST03118,HDFC Bank,181000,33318,12,12.34,16110
FIN00960,SALE08678,CUST00851,ICICI Bank,343000,71029,24,8.92,15657
FIN00961,SALE18926,CUST02839,SBI Auto Loans,196000,38425,60,8.91,4060
FIN00962,SALE19598,CUST04954,SBI Auto Loans,143000,27951,36,10.37,4639
FIN00963,SALE07830,CUST01679,Bajaj Finance,169000,66695,36,9.91,5446
FIN00964,SALE13597,CUST04442,Axis Bank,132000,39132,24,9.11,6037
FIN00965,SALE13099,CUST01705,TVS Credit,202000,37867,36,8.66,6392
FIN00966,SALE03052,CUST02258,SBI Auto Loans,122000,49162,36,10.53,3967
FIN00967,SALE06066,CUST04116,SBI Auto Loans,189000,46230,24,8.68,8607
FIN00968,SALE14933,CUST04612,SBI Auto Loans,143000,47422,48,10.96,3693
FIN00969,SALE02661,CUST00329,Bajaj Finance,174000,40268,36,9.08,5540
FIN00970,SALE18225,CUST01104,ICICI Bank,165000,47546,36,10.28,5346
FIN00971,SALE09714,CUST02653,SBI Auto Loans,129000,41250,48,10.17,3282
FIN00972,SALE19522,CUST00546,ICICI Bank,190000,43067,36,8.74,6019
FIN00973,SALE12103,CUST03932,ICICI Bank,192000,38229,12,12.14,17072
FIN00974,SALE14780,CUST03854,TVS Credit,174000,46484,24,11.36,8139
FIN00975,SALE15767,CUST02459,ICICI Bank,134000,35200,36,8.59,4236
FIN00976,SALE15806,CUST01848,HDFC Bank,175000,43601,48,12.45,4647
FIN00977,SALE07216,CUST01858,SBI Auto Loans,240000,80949,36,9.8,7722
FIN00978,SALE19223,CUST02329,ICICI Bank,141000,30612,24,11.46,6602
FIN00979,SALE01777,CUST02243,Bajaj Finance,188000,71242,48,11.14,4872
FIN00980,SALE18258,CUST00470,Bajaj Finance,145000,51561,24,11.89,6818
FIN00981,SALE04470,CUST03125,HDFC Bank,172000,45675,36,11.54,5675
FIN00982,SALE15513,CUST02579,Axis Bank,146000,25978,12,11.88,12964
FIN00983,SALE13882,CUST00828,Hero FinCorp,162000,30022,24,9.08,7407
FIN00984,SALE14746,CUST02514,TVS Credit,235000,92735,36,10.83,7675
FIN00985,SALE17223,CUST03494,ICICI Bank,167000,66909,36,8.78,5293
FIN00986,SALE13664,CUST02717,HDFC Bank,137000,52924,36,8.58,4330
FIN00987,SALE08421,CUST02506,HDFC Bank,169000,50174,36,8.56,5340
FIN00988,SALE09217,CUST00947,Axis Bank,161000,49379,12,10.52,14193
FIN00989,SALE07965,CUST02676,SBI Auto Loans,185000,34073,36,11.85,6131
FIN00990,SALE05610,CUST01998,Hero FinCorp,139000,58194,36,12.06,4621
FIN00991,SALE02692,CUST03573,SBI Auto Loans,183000,37845,24,11.39,8562
FIN00992,SALE16513,CUST04735,Bajaj Finance,140000,58041,24,12.0,6590
FIN00993,SALE05550,CUST02390,SBI Auto Loans,155000,34887,12,8.65,13530
FIN00994,SALE11418,CUST01693,SBI Auto Loans,278000,68172,24,8.83,12679
FIN00995,SALE12166,CUST02915,Bajaj Finance,159000,37746,36,10.46,5165
FIN00996,SALE09430,CUST02621,Bajaj Finance,121000,50184,36,12.29,4036
FIN00997,SALE04413,CUST00464,ICICI Bank,158000,40595,36,10.05,5102
FIN00998,SALE11124,CUST04386,Hero FinCorp,172000,52092,36,10.61,5599
FIN00999,SALE11770,CUST01574,Bajaj Finance,136000,31640,48,8.7,3365
FIN01000,SALE14921,CUST01653,SBI Auto Loans,288000,76790,36,9.24,9191
FIN01001,SALE10898,CUST01003,ICICI Bank,168000,53642,36,12.08,5586
FIN01002,SALE07950,CUST02315,HDFC Bank,145000,51570,36,11.59,4788
FIN01003,SALE00244,CUST04733,TVS Credit,138000,30882,36,11.67,4562
FIN01004,SALE05044,CUST01056,SBI Auto Loans,143000,29052,36,11.86,4740
FIN01005,SALE03554,CUST03627,TVS Credit,144000,27704,24,8.67,6557
FIN01006,SALE09140,CUST04194,Cholamandalam Finance,315000,96189,48,10.83,8115
FIN01007,SALE11387,CUST04028,HDFC Bank,186000,34990,24,11.91,8748
FIN01008,SALE13231,CUST02572,Hero FinCorp,170000,48247,36,9.97,5483
FIN01009,SALE17186,CUST00740,HDFC Bank,178000,58673,36,8.66,5632
FIN01010,SALE14754,CUST00237,ICICI Bank,157000,64513,48,8.9,3900
FIN01011,SALE06622,CUST02316,HDFC Bank,237000,82739,36,8.93,7529
FIN01012,SALE10342,CUST04704,TVS Credit,126000,38820,60,11.61,2778
FIN01013,SALE15344,CUST04822,Axis Bank,303000,106670,60,8.9,6275
FIN01014,SALE19103,CUST03977,TVS Credit,147000,45961,48,9.18,3671
FIN01015,SALE05524,CUST03140,TVS Credit,158000,51050,36,11.07,5178
FIN01016,SALE00220,CUST02880,ICICI Bank,196000,41345,24,9.58,9006
FIN01017,SALE07272,CUST04057,ICICI Bank,159000,39001,24,10.21,7352
FIN01018,SALE14398,CUST03988,TVS Credit,139000,45508,36,9.64,4462
FIN01019,SALE13381,CUST03218,SBI Auto Loans,139000,29951,24,10.61,6453
FIN01020,SALE04330,CUST03028,ICICI Bank,151000,62736,36,10.47,4906
FIN01021,SALE18788,CUST03678,SBI Auto Loans,294000,71058,36,11.63,9713
FIN01022,SALE12832,CUST00694,HDFC Bank,242000,75676,36,9.56,7759
FIN01023,SALE03328,CUST00801,Hero FinCorp,266000,77427,36,9.46,8516
FIN01024,SALE09286,CUST01744,ICICI Bank,184000,52528,36,8.79,5833
FIN01025,SALE19954,CUST04094,ICICI Bank,190000,38358,12,10.79,16774
FIN01026,SALE05015,CUST03480,HDFC Bank,123000,46413,36,9.98,3968
FIN01027,SALE16493,CUST03745,Bajaj Finance,164000,57607,36,10.1,5300
FIN01028,SALE11258,CUST03254,SBI Auto Loans,174000,47854,36,8.89,5524
FIN01029,SALE00302,CUST03924,ICICI Bank,193000,40652,24,10.39,8941
FIN01030,SALE07582,CUST00147,ICICI Bank,185000,33448,24,10.43,8574
FIN01031,SALE16308,CUST04293,SBI Auto Loans,173000,48129,24,10.32,8009
FIN01032,SALE16346,CUST01567,Cholamandalam Finance,121000,51342,36,9.24,3861
FIN01033,SALE02631,CUST01420,SBI Auto Loans,126000,45940,36,11.69,4166
FIN01034,SALE14199,CUST02694,HDFC Bank,256000,69421,36,9.47,8197
FIN01035,SALE05830,CUST02389,ICICI Bank,122000,46129,36,9.08,3884
FIN01036,SALE12306,CUST02551,HDFC Bank,147000,52133,36,9.95,4740
FIN01037,SALE02072,CUST01343,TVS Credit,169000,49299,24,8.97,7718
FIN01038,SALE11285,CUST01221,ICICI Bank,125000,45605,48,12.35,3313
FIN01039,SALE12025,CUST03005,Hero FinCorp,178000,40462,24,11.7,8354
FIN01040,SALE14492,CUST03138,Bajaj Finance,297000,118590,24,11.59,13924
FIN01041,SALE06268,CUST00289,Axis Bank,153000,62043,36,10.67,4985
FIN01042,SALE18397,CUST01516,TVS Credit,121000,48811,36,11.62,3997
FIN01043,SALE15030,CUST02202,Axis Bank,182000,33768,36,11.13,5970
FIN01044,SALE17875,CUST03397,Axis Bank,163000,36423,36,9.69,5236
FIN01045,SALE05135,CUST03488,ICICI Bank,122000,37541,36,10.78,3981
FIN01046,SALE08943,CUST03867,Bajaj Finance,136000,34455,12,10.39,11981
FIN01047,SALE06796,CUST04168,ICICI Bank,172000,46966,24,12.22,8114
FIN01048,SALE16291,CUST03346,Bajaj Finance,133000,38044,12,11.94,11813
FIN01049,SALE15535,CUST03044,SBI Auto Loans,129000,40879,36,11.46,4251
FIN01050,SALE07368,CUST04182,Bajaj Finance,123000,49087,24,9.2,5631
FIN01051,SALE07629,CUST02151,HDFC Bank,179000,42049,24,10.81,8327
FIN01052,SALE07261,CUST04311,Bajaj Finance,194000,39657,36,9.89,6250
FIN01053,SALE05856,CUST03802,ICICI Bank,168000,51819,36,11.44,5535
FIN01054,SALE05861,CUST02132,TVS Credit,139000,56597,12,12.48,12381
FIN01055,SALE05307,CUST03185,ICICI Bank,163000,35567,36,10.91,5329
FIN01056,SALE15084,CUST01156,Bajaj Finance,199000,36203,24,10.28,9209
FIN01057,SALE05342,CUST04666,SBI Auto Loans,171000,56989,36,10.95,5594
FIN01058,SALE13087,CUST02150,Hero FinCorp,223000,50038,36,11.79,7384
FIN01059,SALE01889,CUST02637,Axis Bank,196000,38016,36,10.89,6407
FIN01060,SALE12199,CUST03186,Bajaj Finance,246000,76116,36,11.37,8097
FIN01061,SALE14889,CUST02249,SBI Auto Loans,139000,56401,36,9.75,4469
FIN01062,SALE19504,CUST00454,HDFC Bank,177000,59229,36,10.32,5738
FIN01063,SALE17756,CUST00922,ICICI Bank,321000,85873,12,11.73,28480
FIN01064,SALE00802,CUST02169,SBI Auto Loans,118000,45216,12,9.79,10363
FIN01065,SALE14574,CUST04931,HDFC Bank,156000,63429,24,10.49,7234
FIN01066,SALE15833,CUST01081,ICICI Bank,193000,43375,48,9.27,4828
FIN01067,SALE00745,CUST02526,TVS Credit,152000,45779,24,9.62,6987
FIN01068,SALE09703,CUST00580,ICICI Bank,256000,109822,60,9.41,5365
FIN01069,SALE06014,CUST03322,ICICI Bank,250000,96542,36,12.35,8345
FIN01070,SALE15057,CUST00093,Cholamandalam Finance,145000,51070,24,12.28,6845
FIN01071,SALE07164,CUST01576,HDFC Bank,268000,80234,36,12.05,8908
FIN01072,SALE16180,CUST02116,HDFC Bank,147000,49773,24,10.86,6842
FIN01073,SALE00638,CUST02129,Axis Bank,151000,42997,36,12.17,5028
FIN01074,SALE19753,CUST01686,SBI Auto Loans,152000,45372,24,9.77,6998
FIN01075,SALE11658,CUST02224,TVS Credit,133000,36636,48,11.53,3472
FIN01076,SALE12664,CUST02086,SBI Auto Loans,191000,42997,24,11.83,8976
FIN01077,SALE17720,CUST01214,TVS Credit,312000,95240,36,9.52,9997
FIN01078,SALE13751,CUST04626,HDFC Bank,199000,34826,36,9.07,6335
FIN01079,SALE12354,CUST01282,HDFC Bank,138000,31715,36,11.83,4572
FIN01080,SALE06064,CUST00079,ICICI Bank,151000,59239,36,12.2,5030
FIN01081,SALE05118,CUST02838,TVS Credit,297000,115065,36,8.54,9381
FIN01082,SALE05191,CUST04899,Bajaj Finance,179000,33745,12,9.32,15680
FIN01083,SALE18115,CUST02819,Bajaj Finance,142000,57465,36,8.78,4501
FIN01084,SALE08955,CUST03969,Bajaj Finance,164000,52998,24,8.79,7477
FIN01085,SALE17355,CUST04122,ICICI Bank,267000,78052,24,9.7,12284
FIN01086,SALE14979,CUST04994,HDFC Bank,170000,62438,36,11.56,5611
FIN01087,SALE16823,CUST03883,TVS Credit,189000,39233,36,10.41,6135
FIN01088,SALE18025,CUST02082,HDFC Bank,152000,60811,12,9.79,13348
FIN01089,SALE19664,CUST03318,ICICI Bank,186000,42911,24,8.7,8472
FIN01090,SALE02478,CUST00722,HDFC Bank,243000,88615,48,11.87,6384
FIN01091,SALE04162,CUST04058,HDFC Bank,180000,40291,24,10.13,8317
FIN01092,SALE08800,CUST02420,TVS Credit,291000,75744,48,9.31,7284
FIN01093,SALE18775,CUST04269,HDFC Bank,141000,53000,48,9.42,3537
FIN01094,SALE12968,CUST03177,Bajaj Finance,192000,81439,36,9.28,6131
FIN01095,SALE04893,CUST01808,SBI Auto Loans,178000,40430,36,8.92,5654
FIN01096,SALE01636,CUST01522,HDFC Bank,158000,38683,36,11.42,5204
FIN01097,SALE01404,CUST03776,SBI Auto Loans,121000,47442,48,11.99,3186
FIN01098,SALE19917,CUST00448,HDFC Bank,185000,36665,24,11.77,8689
FIN01099,SALE14967,CUST03389,Axis Bank,168000,62507,24,12.18,7922
FIN01100,SALE06115,CUST02590,HDFC Bank,290000,114100,24,12.2,13678
FIN01101,SALE08840,CUST01657,ICICI Bank,128000,39783,24,12.04,6028
FIN01102,SALE18333,CUST00478,HDFC Bank,264000,60011,36,12.38,8817
FIN01103,SALE07841,CUST03704,Bajaj Finance,167000,66853,24,10.23,7724
FIN01104,SALE15071,CUST03286,TVS Credit,176000,43860,24,9.7,8097
FIN01105,SALE08785,CUST00410,ICICI Bank,165000,30443,24,8.67,7513
FIN01106,SALE03720,CUST04526,SBI Auto Loans,171000,48565,24,11.63,8020
FIN01107,SALE07527,CUST02855,TVS Credit,179000,59655,36,10.27,5799
FIN01108,SALE14010,CUST03766,TVS Credit,158000,61971,36,8.66,4999
FIN01109,SALE04388,CUST01885,SBI Auto Loans,260000,83493,36,11.93,8627
FIN01110,SALE08545,CUST01827,Bajaj Finance,161000,36081,24,9.4,7385
FIN01111,SALE03503,CUST04831,TVS Credit,145000,44234,60,9.67,3057
FIN01112,SALE10741,CUST02118,Bajaj Finance,305000,55831,48,12.15,8054
FIN01113,SALE18789,CUST02609,HDFC Bank,119000,48872,24,8.54,5411
FIN01114,SALE11072,CUST04959,Hero FinCorp,145000,26625,36,12.39,4843
FIN01115,SALE14758,CUST01451,Bajaj Finance,259000,105304,24,11.01,12073
FIN01116,SALE10217,CUST02359,ICICI Bank,146000,50971,24,8.96,6667
FIN01117,SALE12508,CUST02992,SBI Auto Loans,138000,26122,36,10.04,4455
FIN01118,SALE14801,CUST00665,Bajaj Finance,114000,47653,36,9.99,3678
FIN01119,SALE04046,CUST02720,ICICI Bank,137000,50125,48,9.41,3436
FIN01120,SALE18314,CUST01475,SBI Auto Loans,165000,51232,24,11.11,7699
FIN01121,SALE13407,CUST00892,ICICI Bank,124000,46022,24,12.37,5859
FIN01122,SALE06247,CUST02216,Bajaj Finance,165000,66944,24,9.43,7571
FIN01123,SALE12381,CUST04244,ICICI Bank,328000,78268,48,10.9,8461
FIN01124,SALE12584,CUST04188,HDFC Bank,297000,63616,48,9.91,7520
FIN01125,SALE11234,CUST03694,HDFC Bank,168000,70157,36,12.33,5607
FIN01126,SALE05684,CUST00684,ICICI Bank,134000,32956,36,8.92,4256
FIN01127,SALE04848,CUST00051,Axis Bank,214000,56652,24,10.12,9887
FIN01128,SALE11864,CUST04368,SBI Auto Loans,185000,49482,36,11.91,6137
FIN01129,SALE04790,CUST02119,Bajaj Finance,143000,28442,48,9.64,3602
FIN01130,SALE15231,CUST00991,Bajaj Finance,154000,52973,24,11.48,7212
FIN01131,SALE12443,CUST02249,Axis Bank,161000,37697,36,11.28,5292
FIN01132,SALE07284,CUST04412,HDFC Bank,174000,57493,24,9.01,7950
FIN01133,SALE00865,CUST02775,HDFC Bank,129000,42419,12,8.72,11264
FIN01134,SALE03546,CUST03040,Cholamandalam Finance,181000,35605,24,11.73,8497
FIN01135,SALE13411,CUST01750,SBI Auto Loans,179000,37455,36,9.97,5773
FIN01136,SALE02383,CUST02800,ICICI Bank,268000,77486,36,9.32,8562
FIN01137,SALE00911,CUST03083,SBI Auto Loans,164000,33040,24,10.84,7632
FIN01138,SALE15950,CUST02752,HDFC Bank,166000,30280,36,9.6,5325
FIN01139,SALE05582,CUST04485,HDFC Bank,208000,58139,36,10.73,6783
FIN01140,SALE05587,CUST02363,HDFC Bank,151000,47585,36,11.41,4973
FIN01141,SALE04459,CUST04701,TVS Credit,268000,59234,24,10.23,12395
FIN01142,SALE01044,CUST02785,ICICI Bank,153000,42380,24,8.69,6968
FIN01143,SALE05156,CUST00864,Axis Bank,127000,44872,36,11.26,4173
FIN01144,SALE04164,CUST02310,TVS Credit,180000,52507,36,11.48,5934
FIN01145,SALE03865,CUST04725,TVS Credit,221000,50782,12,11.67,19601
FIN01146,SALE01092,CUST02784,ICICI Bank,168000,51191,36,11.89,5571
FIN01147,SALE05842,CUST00164,HDFC Bank,174000,45894,36,9.87,5604
FIN01148,SALE03545,CUST01186,HDFC Bank,180000,38692,12,8.61,15709
FIN01149,SALE13309,CUST02745,ICICI Bank,123000,48287,36,9.68,3950
FIN01150,SALE15653,CUST02880,Bajaj Finance,140000,24888,36,8.93,4447
FIN01151,SALE14399,CUST00860,SBI Auto Loans,151000,46558,24,10.62,7011
FIN01152,SALE19473,CUST02381,HDFC Bank,126000,41844,36,12.25,4200
FIN01153,SALE07598,CUST02653,Hero FinCorp,143000,26966,36,11.44,4711
FIN01154,SALE10464,CUST01095,HDFC Bank,167000,71025,36,9.36,5339
FIN01155,SALE02653,CUST01418,SBI Auto Loans,141000,29848,36,11.37,4641
FIN01156,SALE17974,CUST02452,HDFC Bank,128000,42344,24,12.31,6044
FIN01157,SALE19054,CUST04585,HDFC Bank,282000,62688,60,9.28,5892
FIN01158,SALE00193,CUST04313,HDFC Bank,143000,27474,36,10.54,4651
FIN01159,SALE18584,CUST02726,ICICI Bank,162000,35702,36,11.38,5333
FIN01160,SALE13965,CUST03700,ICICI Bank,200000,41011,24,8.73,9112
FIN01161,SALE15867,CUST04258,TVS Credit,174000,44754,48,9.94,4408
FIN01162,SALE16872,CUST05000,HDFC Bank,141000,28390,36,9.9,4543
FIN01163,SALE00328,CUST00735,ICICI Bank,134000,32976,12,9.62,11757
FIN01164,SALE15447,CUST02347,ICICI Bank,149000,50451,36,11.69,4927
FIN01165,SALE03431,CUST00293,SBI Auto Loans,167000,29998,48,9.7,4212
FIN01166,SALE06052,CUST02719,ICICI Bank,175000,44500,36,12.46,5851
FIN01167,SALE17016,CUST04871,HDFC Bank,177000,56408,60,8.7,3649
FIN01168,SALE19406,CUST04096,Bajaj Finance,159000,42462,60,12.18,3551
FIN01169,SALE15353,CUST04956,SBI Auto Loans,151000,43936,36,11.73,4996
FIN01170,SALE02637,CUST03862,HDFC Bank,194000,45709,36,11.93,6437
FIN01171,SALE03003,CUST03182,HDFC Bank,325000,83680,36,9.36,10389
FIN01172,SALE01429,CUST01612,ICICI Bank,179000,42783,36,9.23,5711
FIN01173,SALE14203,CUST00549,SBI Auto Loans,174000,61734,36,10.51,5656
FIN01174,SALE05735,CUST02673,Bajaj Finance,193000,69437,24,11.75,9063
FIN01175,SALE17277,CUST02012,Bajaj Finance,157000,38592,24,9.54,7211
FIN01176,SALE03106,CUST02769,Axis Bank,173000,55517,48,9.46,4343
FIN01177,SALE08356,CUST04715,HDFC Bank,171000,46622,12,9.31,14979
FIN01178,SALE17482,CUST01521,SBI Auto Loans,322000,88995,36,10.27,10431
FIN01179,SALE01360,CUST01056,HDFC Bank,133000,56849,24,10.25,6153
FIN01180,SALE19200,CUST03344,ICICI Bank,194000,38016,48,11.74,5084
FIN01181,SALE18160,CUST00690,ICICI Bank,157000,64821,24,10.87,7308
FIN01182,SALE01483,CUST01163,HDFC Bank,121000,46244,24,10.84,5631
FIN01183,SALE15183,CUST01727,Bajaj Finance,155000,64761,36,11.35,5100
FIN01184,SALE19097,CUST01950,ICICI Bank,344000,71470,24,11.03,16038
FIN01185,SALE13871,CUST03943,Bajaj Finance,167000,46098,48,9.41,4188
FIN01186,SALE06588,CUST00876,Bajaj Finance,124000,44740,36,12.38,4141
FIN01187,SALE09965,CUST04683,SBI Auto Loans,121000,44780,48,10.09,3074
FIN01188,SALE14204,CUST02022,SBI Auto Loans,138000,31037,24,8.75,6289
FIN01189,SALE07797,CUST04187,ICICI Bank,133000,38006,36,9.71,4273
FIN01190,SALE07545,CUST04624,HDFC Bank,125000,44271,24,8.92,5706
FIN01191,SALE18206,CUST00714,TVS Credit,158000,38803,36,10.86,5162
FIN01192,SALE05454,CUST03992,TVS Credit,176000,40718,60,8.53,3613
FIN01193,SALE19949,CUST01628,HDFC Bank,162000,49016,36,9.07,5157
FIN01194,SALE13843,CUST01479,ICICI Bank,161000,60197,36,10.3,5218
FIN01195,SALE01541,CUST03351,SBI Auto Loans,178000,41691,36,9.42,5695
FIN01196,SALE19156,CUST04145,Axis Bank,343000,60595,36,10.94,11220
FIN01197,SALE08808,CUST04921,ICICI Bank,165000,33529,36,11.27,5423
FIN01198,SALE18567,CUST00274,SBI Auto Loans,127000,44695,48,11.23,3297
FIN01199,SALE00754,CUST02321,SBI Auto Loans,140000,55230,36,12.2,4663
FIN01200,SALE05413,CUST00490,HDFC Bank,177000,41617,24,9.1,8094
FIN01201,SALE19566,CUST04743,Axis Bank,156000,34489,12,10.59,13758
FIN01202,SALE16771,CUST00318,TVS Credit,181000,53684,36,10.13,5851
FIN01203,SALE02980,CUST04447,HDFC Bank,135000,34873,24,9.93,6225
FIN01204,SALE18678,CUST01524,ICICI Bank,120000,47847,48,12.19,3171
FIN01205,SALE14898,CUST03854,TVS Credit,125000,41091,24,11.48,5854
FIN01206,SALE07594,CUST00045,HDFC Bank,163000,35743,36,11.78,5397
FIN01207,SALE19535,CUST02235,HDFC Bank,184000,34681,24,10.75,8555
FIN01208,SALE00700,CUST02111,HDFC Bank,325000,88694,60,11.22,7102
FIN01209,SALE03971,CUST04590,HDFC Bank,169000,38031,12,10.76,14918
FIN01210,SALE04850,CUST00521,TVS Credit,247000,75729,36,9.03,7858
FIN01211,SALE02066,CUST03681,HDFC Bank,122000,37792,24,11.9,5737
FIN01212,SALE10471,CUST02240,TVS Credit,130000,37647,24,11.16,6069
FIN01213,SALE02976,CUST04767,ICICI Bank,165000,50178,12,9.34,14456
FIN01214,SALE09769,CUST03377,HDFC Bank,180000,40720,12,10.75,15888
FIN01215,SALE06013,CUST00352,Bajaj Finance,197000,37736,36,9.27,6289
FIN01216,SALE00221,CUST00470,Bajaj Finance,128000,41635,48,10.19,3258
FIN01217,SALE12458,CUST04961,ICICI Bank,159000,60137,36,12.06,5286
FIN01218,SALE05805,CUST03363,SBI Auto Loans,181000,53309,36,8.62,5724
FIN01219,SALE01790,CUST00434,SBI Auto Loans,124000,40599,36,10.36,4022
FIN01220,SALE15162,CUST04904,Bajaj Finance,236000,98836,36,9.03,7508
FIN01221,SALE18299,CUST01700,TVS Credit,145000,45152,48,11.36,3773
FIN01222,SALE04320,CUST03344,ICICI Bank,140000,56808,24,11.18,6537
FIN01223,SALE19867,CUST04929,HDFC Bank,167000,53966,36,10.0,5389
FIN01224,SALE01300,CUST04049,Hero FinCorp,177000,60973,36,10.93,5789
FIN01225,SALE16898,CUST03657,TVS Credit,126000,45714,36,11.76,4171
FIN01226,SALE04099,CUST03992,SBI Auto Loans,236000,86240,36,12.37,7880
FIN01227,SALE14529,CUST03843,TVS Credit,142000,28574,36,9.28,4534
FIN01228,SALE12492,CUST03188,TVS Credit,123000,44152,36,9.89,3963
FIN01229,SALE15818,CUST00938,Bajaj Finance,162000,58412,36,11.23,5321
FIN01230,SALE13517,CUST04079,SBI Auto Loans,258000,107941,48,8.95,6414
FIN01231,SALE03896,CUST01375,SBI Auto Loans,270000,50838,48,8.84,6698
FIN01232,SALE07035,CUST00025,Axis Bank,172000,43668,36,12.3,5738
FIN01233,SALE13269,CUST03943,HDFC Bank,194000,42031,36,9.06,6175
FIN01234,SALE09900,CUST01110,SBI Auto Loans,157000,41578,24,8.95,7169
FIN01235,SALE18721,CUST03577,Cholamandalam Finance,186000,35779,36,10.84,6075
FIN01236,SALE18467,CUST02523,Bajaj Finance,123000,40445,24,11.32,5751
FIN01237,SALE01926,CUST00534,Hero FinCorp,169000,29936,24,12.06,7960
FIN01238,SALE18407,CUST03152,SBI Auto Loans,260000,60791,36,11.41,8563
FIN01239,SALE01733,CUST04038,Bajaj Finance,185000,36819,24,11.01,8623
FIN01240,SALE09754,CUST04417,ICICI Bank,262000,62459,24,10.06,12097
FIN01241,SALE04780,CUST04633,Bajaj Finance,158000,61270,36,11.15,5184
FIN01242,SALE19274,CUST01965,SBI Auto Loans,177000,42605,24,11.82,8317
FIN01243,SALE10524,CUST02659,HDFC Bank,142000,25743,24,8.99,6487
FIN01244,SALE19809,CUST04698,Bajaj Finance,124000,45566,48,9.46,3113
FIN01245,SALE18008,CUST02806,ICICI Bank,196000,38058,36,10.51,6371
FIN01246,SALE07177,CUST01543,Bajaj Finance,124000,44128,24,9.62,5700
FIN01247,SALE12314,CUST00626,SBI Auto Loans,189000,35445,12,10.48,16658
FIN01248,SALE02879,CUST04487,Hero FinCorp,142000,50556,36,11.22,4664
FIN01249,SALE10032,CUST02318,Bajaj Finance,167000,52917,48,10.12,4245
FIN01250,SALE11170,CUST02134,ICICI Bank,178000,55751,36,8.57,5625
FIN01251,SALE10496,CUST03932,HDFC Bank,265000,53466,36,9.27,8460
FIN01252,SALE01842,CUST03538,Bajaj Finance,192000,43413,48,12.2,5075
FIN01253,SALE12334,CUST01894,Bajaj Finance,163000,57043,12,11.76,14464
FIN01254,SALE01881,CUST01621,ICICI Bank,154000,40017,60,9.51,3235
FIN01255,SALE07655,CUST00969,TVS Credit,162000,45847,36,10.66,5278
FIN01256,SALE16400,CUST03298,ICICI Bank,177000,35999,36,9.18,5643
FIN01257,SALE12133,CUST04777,HDFC Bank,191000,67469,36,10.26,6186
FIN01258,SALE13159,CUST00532,Hero FinCorp,160000,59901,36,9.45,5122
FIN01259,SALE13475,CUST00695,ICICI Bank,182000,33816,24,11.74,8545
FIN01260,SALE04793,CUST00951,HDFC Bank,160000,60920,24,11.03,7459
FIN01261,SALE03241,CUST03712,Cholamandalam Finance,285000,59405,24,11.38,13334
FIN01262,SALE06910,CUST04468,ICICI Bank,154000,62428,24,9.91,7100
FIN01263,SALE00059,CUST01572,Bajaj Finance,172000,55201,12,10.26,15142
FIN01264,SALE14311,CUST02418,HDFC Bank,346000,70637,48,9.87,8754
FIN01265,SALE17887,CUST04934,ICICI Bank,119000,48916,12,10.38,10483
FIN01266,SALE02494,CUST00087,SBI Auto Loans,246000,97062,48,10.25,6269
FIN01267,SALE06306,CUST00215,SBI Auto Loans,157000,41965,12,12.13,13959
FIN01268,SALE01221,CUST04410,Axis Bank,146000,45877,24,9.11,6677
FIN01269,SALE16121,CUST03257,Cholamandalam Finance,183000,36204,60,11.26,4003
FIN01270,SALE08768,CUST04054,SBI Auto Loans,157000,39009,36,12.47,5250
FIN01271,SALE11630,CUST02671,ICICI Bank,166000,55830,24,11.71,7792
FIN01272,SALE11653,CUST01121,Bajaj Finance,135000,32744,48,9.38,3384
FIN01273,SALE08824,CUST00716,SBI Auto Loans,131000,31654,24,10.26,6061
FIN01274,SALE07332,CUST04837,ICICI Bank,143000,50710,36,11.2,4695
FIN01275,SALE11031,CUST01420,HDFC Bank,147000,43443,12,10.45,12954
FIN01276,SALE14653,CUST04098,SBI Auto Loans,177000,59012,24,12.06,8337
FIN01277,SALE16568,CUST02248,Axis Bank,141000,51710,36,11.24,4632
FIN01278,SALE18227,CUST04509,HDFC Bank,176000,57435,24,10.76,8183
FIN01279,SALE09255,CUST03224,TVS Credit,145000,25483,24,11.56,6796
FIN01280,SALE10583,CUST02422,HDFC Bank,162000,36379,36,8.53,5116
FIN01281,SALE17217,CUST04032,HDFC Bank,175000,61663,24,9.21,8012
FIN01282,SALE17905,CUST03593,HDFC Bank,161000,37614,36,9.31,5143
FIN01283,SALE01106,CUST04201,Hero FinCorp,223000,91610,24,8.56,10143
FIN01284,SALE10004,CUST00844,ICICI Bank,161000,58556,24,9.5,7392
FIN01285,SALE04392,CUST00397,SBI Auto Loans,162000,56724,60,11.08,3529
FIN01286,SALE13790,CUST01123,HDFC Bank,140000,50725,48,10.43,3580
FIN01287,SALE13617,CUST00588,SBI Auto Loans,184000,52818,36,11.34,6054
FIN01288,SALE07365,CUST01044,Hero FinCorp,121000,44109,36,9.85,3896
FIN01289,SALE10199,CUST00350,Bajaj Finance,277000,60907,24,11.08,12921
FIN01290,SALE06957,CUST02926,SBI Auto Loans,185000,51573,36,12.07,6151
FIN01291,SALE00718,CUST00741,SBI Auto Loans,230000,88017,48,11.35,5984
FIN01292,SALE05167,CUST03903,Axis Bank,184000,51123,60,8.9,3811
FIN01293,SALE02996,CUST03440,ICICI Bank,135000,33347,36,12.28,4502
FIN01294,SALE17568,CUST03866,SBI Auto Loans,132000,38243,24,11.56,6187
FIN01295,SALE15065,CUST00130,HDFC Bank,142000,29606,48,12.39,3767
FIN01296,SALE05082,CUST02909,Bajaj Finance,281000,85438,36,11.0,9200
FIN01297,SALE17328,CUST04475,ICICI Bank,132000,39916,36,12.06,4388
FIN01298,SALE04795,CUST00194,HDFC Bank,335000,75906,12,12.44,29833
FIN01299,SALE07238,CUST03431,SBI Auto Loans,179000,59616,24,10.27,8282
FIN01300,SALE11600,CUST04943,TVS Credit,218000,45785,12,11.31,19299
FIN01301,SALE01049,CUST03155,TVS Credit,175000,41433,60,9.0,3633
FIN01302,SALE11358,CUST01888,HDFC Bank,285000,121255,12,8.89,24909
FIN01303,SALE16250,CUST04851,ICICI Bank,143000,27161,12,10.63,12614
FIN01304,SALE09608,CUST02597,HDFC Bank,228000,46722,36,10.91,7455
FIN01305,SALE11499,CUST01354,ICICI Bank,180000,39908,36,11.04,5896
FIN01306,SALE10335,CUST04154,Hero FinCorp,149000,49091,24,10.2,6889
FIN01307,SALE09355,CUST00404,HDFC Bank,192000,35773,48,8.68,4749
FIN01308,SALE18353,CUST03362,HDFC Bank,124000,33688,48,10.63,3183
FIN01309,SALE09132,CUST02590,SBI Auto Loans,154000,64985,36,11.67,5091
FIN01310,SALE08535,CUST04886,Bajaj Finance,129000,30404,48,8.81,3199
FIN01311,SALE05628,CUST01450,TVS Credit,138000,57332,36,11.55,4554
FIN01312,SALE18878,CUST03279,HDFC Bank,178000,46839,12,8.65,15537
FIN01313,SALE07285,CUST02536,ICICI Bank,160000,37419,36,10.63,5210
FIN01314,SALE15662,CUST00173,SBI Auto Loans,146000,26229,36,11.56,4819
FIN01315,SALE03415,CUST00052,TVS Credit,275000,52050,36,11.58,9079
FIN01316,SALE07987,CUST02052,ICICI Bank,138000,33180,24,8.53,6275
FIN01317,SALE14350,CUST03493,SBI Auto Loans,137000,48931,60,12.1,3054
FIN01318,SALE08685,CUST04858,TVS Credit,123000,46092,24,12.2,5802
FIN01319,SALE17336,CUST04832,Bajaj Finance,140000,32027,36,9.43,4480
FIN01320,SALE14167,CUST02279,SBI Auto Loans,180000,41088,24,9.38,8255
FIN01321,SALE15976,CUST03126,ICICI Bank,175000,42997,36,10.0,5647
FIN01322,SALE13995,CUST03589,ICICI Bank,248000,73563,36,11.9,8225
FIN01323,SALE12444,CUST03523,Hero FinCorp,161000,36264,12,11.07,14235
FIN01324,SALE15117,CUST04829,Bajaj Finance,186000,43081,24,11.53,8715
FIN01325,SALE02743,CUST02849,Bajaj Finance,178000,49121,60,10.24,3803
FIN01326,SALE19467,CUST02558,Hero FinCorp,180000,38692,12,9.66,15796
FIN01327,SALE18483,CUST02659,Bajaj Finance,161000,31670,36,12.12,5357
FIN01328,SALE00593,CUST02258,Axis Bank,127000,38833,36,9.02,4040
FIN01329,SALE07308,CUST02662,Bajaj Finance,198000,37145,36,11.34,6514
FIN01330,SALE01508,CUST02401,SBI Auto Loans,252000,59366,36,9.77,8104
FIN01331,SALE04101,CUST00302,SBI Auto Loans,121000,49640,48,9.15,3020
FIN01332,SALE09928,CUST02154,HDFC Bank,123000,39687,36,12.06,4089
FIN01333,SALE05433,CUST00197,TVS Credit,186000,48939,36,10.14,6014
FIN01334,SALE03717,CUST01056,ICICI Bank,124000,47215,36,11.31,4078
FIN01335,SALE00205,CUST01137,Axis Bank,188000,36745,24,9.87,8664
FIN01336,SALE13343,CUST00029,Cholamandalam Finance,133000,55739,36,11.83,4407
FIN01337,SALE01159,CUST04401,HDFC Bank,139000,58116,24,9.52,6383
FIN01338,SALE16508,CUST03813,ICICI Bank,161000,35827,24,11.3,7526
FIN01339,SALE19748,CUST02312,ICICI Bank,223000,47771,60,12.16,4979
FIN01340,SALE14862,CUST02311,SBI Auto Loans,147000,52369,36,9.09,4681
FIN01341,SALE17896,CUST02727,HDFC Bank,151000,38797,36,11.37,4970
FIN01342,SALE04363,CUST03195,ICICI Bank,354000,63978,36,11.54,11680
FIN01343,SALE02189,CUST01791,ICICI Bank,166000,31964,12,11.42,14704
FIN01344,SALE02222,CUST04293,Axis Bank,145000,51758,36,10.45,4709
FIN01345,SALE12522,CUST04438,HDFC Bank,158000,54708,36,10.13,5108
FIN01346,SALE13096,CUST00201,SBI Auto Loans,155000,63226,36,10.75,5056
FIN01347,SALE17076,CUST03509,SBI Auto Loans,181000,37364,48,11.05,4682
FIN01348,SALE09618,CUST03940,SBI Auto Loans,135000,35758,36,11.27,4437
FIN01349,SALE07874,CUST00843,Bajaj Finance,198000,35292,12,11.43,17539
FIN01350,SALE11078,CUST01642,HDFC Bank,154000,44456,60,9.13,3207
FIN01351,SALE13008,CUST04414,SBI Auto Loans,152000,45072,48,9.1,3790
FIN01352,SALE00039,CUST02458,SBI Auto Loans,145000,51008,24,10.53,6727
FIN01353,SALE01137,CUST03638,Bajaj Finance,153000,43755,36,12.18,5095
FIN01354,SALE10366,CUST01994,HDFC Bank,148000,62587,36,9.3,4727
FIN01355,SALE15248,CUST03544,HDFC Bank,138000,52743,48,9.81,3487
FIN01356,SALE02278,CUST02360,ICICI Bank,153000,63638,36,11.1,5016
FIN01357,SALE00485,CUST04665,SBI Auto Loans,187000,46558,36,12.26,6234
FIN01358,SALE07281,CUST02268,ICICI Bank,178000,38525,36,12.13,5923
FIN01359,SALE16354,CUST02083,TVS Credit,128000,42753,60,12.33,2869
FIN01360,SALE14811,CUST04862,SBI Auto Loans,134000,36593,24,10.75,6230
FIN01361,SALE01053,CUST03701,Bajaj Finance,309000,99816,36,11.29,10159
FIN01362,SALE03385,CUST00477,SBI Auto Loans,180000,52438,24,12.14,8485
FIN01363,SALE09239,CUST00581,SBI Auto Loans,325000,83802,36,9.85,10464
FIN01364,SALE16850,CUST00546,HDFC Bank,164000,69799,48,10.93,4233
FIN01365,SALE03439,CUST03593,ICICI Bank,166000,67487,48,9.31,4155
FIN01366,SALE06048,CUST00008,Bajaj Finance,157000,30052,12,9.25,13748
FIN01367,SALE16243,CUST02613,HDFC Bank,229000,88332,12,9.58,20088
FIN01368,SALE14072,CUST00116,TVS Credit,137000,33570,24,11.14,6394
FIN01369,SALE11872,CUST04347,ICICI Bank,139000,32433,12,12.13,12358
FIN01370,SALE19723,CUST01267,ICICI Bank,124000,45598,24,10.2,5733
FIN01371,SALE13765,CUST02875,Bajaj Finance,262000,98949,36,9.08,8341
FIN01372,SALE05182,CUST02856,Axis Bank,182000,34700,24,10.77,8463
FIN01373,SALE00679,CUST04674,Hero FinCorp,260000,61569,24,9.09,11889
FIN01374,SALE04538,CUST04040,HDFC Bank,174000,62855,36,11.72,5756
FIN01375,SALE13197,CUST04255,TVS Credit,181000,52046,36,11.46,5965
FIN01376,SALE06849,CUST02605,HDFC Bank,148000,50402,36,10.72,4826
FIN01377,SALE13642,CUST04265,TVS Credit,162000,57630,36,10.02,5229
FIN01378,SALE05541,CUST02632,ICICI Bank,156000,42623,48,12.32,4133
FIN01379,SALE12707,CUST03513,SBI Auto Loans,244000,80662,48,9.28,6104
FIN01380,SALE19527,CUST03530,SBI Auto Loans,162000,35962,24,10.33,7500
FIN01381,SALE18238,CUST03978,ICICI Bank,181000,47503,36,8.84,5742
FIN01382,SALE11122,CUST04545,HDFC Bank,152000,58482,36,10.63,4950
FIN01383,SALE01213,CUST04857,SBI Auto Loans,194000,37281,48,10.69,4985
FIN01384,SALE08991,CUST00459,Axis Bank,172000,55386,36,11.64,5683
FIN01385,SALE14545,CUST03367,Bajaj Finance,137000,52346,48,12.0,3608
FIN01386,SALE19517,CUST02912,TVS Credit,185000,49142,60,9.46,3882
FIN01387,SALE06210,CUST00855,ICICI Bank,168000,63890,12,10.61,14818
FIN01388,SALE12605,CUST04410,Bajaj Finance,161000,60799,36,8.65,5094
FIN01389,SALE16661,CUST01848,ICICI Bank,196000,37899,36,10.2,6343
FIN01390,SALE06460,CUST02894,ICICI Bank,173000,36185,36,9.24,5521
FIN01391,SALE11157,CUST02271,ICICI Bank,297000,112025,36,8.99,9443
FIN01392,SALE16959,CUST00112,HDFC Bank,195000,36338,24,12.26,9203
FIN01393,SALE19718,CUST04605,SBI Auto Loans,183000,44707,36,10.78,5972
FIN01394,SALE04148,CUST01731,SBI Auto Loans,349000,63399,36,9.69,11211
FIN01395,SALE15289,CUST04599,ICICI Bank,192000,78159,24,10.75,8926
FIN01396,SALE07880,CUST00065,Bajaj Finance,259000,103564,24,9.9,11940
FIN01397,SALE08805,CUST03256,Bajaj Finance,159000,57622,12,8.7,13883
FIN01398,SALE00400,CUST02621,HDFC Bank,167000,52663,36,11.23,5486
FIN01399,SALE05460,CUST03085,TVS Credit,149000,48334,36,11.15,4889
FIN01400,SALE19002,CUST03009,Bajaj Finance,272000,69456,36,9.42,8703
FIN01401,SALE13320,CUST01461,SBI Auto Loans,122000,48273,36,10.38,3958
FIN01402,SALE01576,CUST04192,ICICI Bank,131000,40665,24,11.66,6146
FIN01403,SALE05904,CUST04829,Hero FinCorp,142000,27407,12,9.66,12462
FIN01404,SALE15397,CUST04583,ICICI Bank,142000,49280,48,9.63,3576
FIN01405,SALE19370,CUST02723,Axis Bank,140000,53073,24,10.19,6473
FIN01406,SALE01684,CUST03336,Bajaj Finance,193000,41657,24,10.06,8911
FIN01407,SALE12957,CUST01033,HDFC Bank,163000,58295,36,9.0,5183
FIN01408,SALE00168,CUST01174,Bajaj Finance,142000,52427,24,11.67,6663
FIN01409,SALE00277,CUST02548,HDFC Bank,294000,52114,36,9.36,9398
FIN01410,SALE01692,CUST03867,SBI Auto Loans,167000,49382,48,8.8,4140
FIN01411,SALE03377,CUST04406,ICICI Bank,165000,56700,48,9.47,4143
FIN01412,SALE10638,CUST00711,TVS Credit,161000,30043,36,9.35,5146
FIN01413,SALE00702,CUST03419,Bajaj Finance,138000,33201,36,11.49,4550
FIN01414,SALE08921,CUST00980,SBI Auto Loans,145000,50673,36,9.36,4635
FIN01415,SALE19560,CUST00371,Bajaj Finance,157000,64028,12,12.31,13972
FIN01416,SALE10598,CUST03545,HDFC Bank,141000,25241,36,12.04,4686
FIN01417,SALE01439,CUST00995,HDFC Bank,271000,52218,36,11.82,8978
FIN01418,SALE04461,CUST04653,HDFC Bank,144000,27712,36,8.82,4567
FIN01419,SALE10228,CUST01624,Bajaj Finance,214000,60645,36,10.37,6942
FIN01420,SALE05537,CUST02043,ICICI Bank,171000,35541,12,11.32,15139
FIN01421,SALE16292,CUST01739,Bajaj Finance,178000,56016,24,9.94,8209
FIN01422,SALE06721,CUST03146,Bajaj Finance,131000,38920,36,10.75,4273
FIN01423,SALE00674,CUST01972,ICICI Bank,180000,39055,24,9.58,8271
FIN01424,SALE12938,CUST00428,Hero FinCorp,162000,65211,36,9.91,5220
FIN01425,SALE17952,CUST02391,SBI Auto Loans,165000,66643,48,11.53,4307
FIN01426,SALE08737,CUST03101,HDFC Bank,133000,31163,36,9.01,4230
FIN01427,SALE13228,CUST00997,SBI Auto Loans,169000,51315,36,12.01,5614
FIN01428,SALE07053,CUST03478,SBI Auto Loans,183000,36089,24,11.43,8566
FIN01429,SALE14462,CUST03425,SBI Auto Loans,241000,83758,24,12.23,11371
FIN01430,SALE03955,CUST02278,Bajaj Finance,126000,42328,12,10.05,11080
FIN01431,SALE01423,CUST02264,TVS Credit,134000,32887,48,10.41,3425
FIN01432,SALE13766,CUST01632,ICICI Bank,132000,37669,36,9.05,4201
FIN01433,SALE13686,CUST02714,SBI Auto Loans,140000,52873,24,10.17,6471
FIN01434,SALE09096,CUST03124,ICICI Bank,172000,41421,24,11.9,8089
FIN01435,SALE16606,CUST02042,TVS Credit,284000,59798,48,10.4,7258
FIN01436,SALE17230,CUST02178,ICICI Bank,140000,29771,36,9.8,4504
FIN01437,SALE02745,CUST03870,ICICI Bank,155000,30771,36,11.06,5079
FIN01438,SALE09564,CUST01184,SBI Auto Loans,143000,26357,24,8.95,6530
FIN01439,SALE15087,CUST01586,SBI Auto Loans,187000,34678,12,8.83,16339
FIN01440,SALE13610,CUST03356,HDFC Bank,218000,53604,36,10.5,7086
FIN01441,SALE13514,CUST02686,TVS Credit,162000,59601,36,11.94,5376
FIN01442,SALE03370,CUST03259,HDFC Bank,130000,36964,36,11.59,4292
FIN01443,SALE05330,CUST04475,HDFC Bank,138000,30423,24,9.91,6362
FIN01444,SALE07708,CUST02499,Bajaj Finance,144000,48415,12,10.21,12674
FIN01445,SALE02027,CUST03604,SBI Auto Loans,159000,29378,24,9.53,7303
FIN01446,SALE14172,CUST02186,SBI Auto Loans,128000,34241,24,9.76,5892
FIN01447,SALE08190,CUST00683,ICICI Bank,130000,41583,60,12.1,2898
FIN01448,SALE04288,CUST02217,Cholamandalam Finance,165000,54475,48,8.61,4076
FIN01449,SALE04902,CUST03785,ICICI Bank,207000,66604,36,10.16,6695
FIN01450,SALE10833,CUST01915,SBI Auto Loans,165000,52783,48,9.52,4147
FIN01451,SALE19240,CUST01327,SBI Auto Loans,128000,38755,60,8.77,2643
FIN01452,SALE12728,CUST04851,Bajaj Finance,179000,41560,24,10.27,8282
FIN01453,SALE10446,CUST01276,ICICI Bank,165000,32213,12,10.91,14576
FIN01454,SALE04810,CUST02255,TVS Credit,130000,42321,36,11.31,4275
FIN01455,SALE11854,CUST03383,HDFC Bank,253000,62044,36,8.86,8029
FIN01456,SALE11848,CUST01274,SBI Auto Loans,234000,88647,36,8.75,7414
FIN01457,SALE14016,CUST02259,ICICI Bank,155000,61806,48,9.36,3884
FIN01458,SALE19338,CUST04386,HDFC Bank,157000,62900,36,8.66,4968
FIN01459,SALE10531,CUST04441,Hero FinCorp,138000,32160,36,11.64,4560
FIN01460,SALE06154,CUST00662,Axis Bank,232000,90435,48,9.71,5852
FIN01461,SALE05371,CUST00522,HDFC Bank,155000,52021,24,10.96,7221
FIN01462,SALE01855,CUST04053,HDFC Bank,126000,45939,36,8.58,3982
FIN01463,SALE08144,CUST03748,HDFC Bank,155000,64605,48,12.03,4084
FIN01464,SALE17435,CUST00590,Bajaj Finance,297000,115569,36,8.81,9418
FIN01465,SALE00775,CUST00129,HDFC Bank,179000,42226,36,12.13,5956
FIN01466,SALE15530,CUST02857,HDFC Bank,148000,40373,24,11.32,6920
FIN01467,SALE02738,CUST01033,SBI Auto Loans,167000,67634,36,11.09,5474
FIN01468,SALE10542,CUST01701,SBI Auto Loans,155000,62643,24,10.1,7160
FIN01469,SALE10673,CUST04837,TVS Credit,162000,57264,36,10.88,5294
FIN01470,SALE16643,CUST02957,HDFC Bank,133000,37858,24,12.09,6266
FIN01471,SALE08346,CUST03907,Bajaj Finance,271000,75804,48,11.61,7085
FIN01472,SALE17676,CUST02886,SBI Auto Loans,163000,34345,36,9.95,5256
FIN01473,SALE17924,CUST02226,TVS Credit,172000,47771,36,9.27,5491
FIN01474,SALE19976,CUST04351,SBI Auto Loans,177000,42199,36,10.94,5790
FIN01475,SALE19455,CUST01697,Bajaj Finance,130000,35789,36,12.26,4334
FIN01476,SALE10569,CUST01990,Bajaj Finance,155000,59792,36,11.82,5135
FIN01477,SALE17603,CUST01925,ICICI Bank,196000,34806,24,10.46,9086
FIN01478,SALE13286,CUST03346,TVS Credit,142000,27549,36,11.84,4706
FIN01479,SALE07012,CUST01996,ICICI Bank,177000,44336,60,11.19,3865
FIN01480,SALE08673,CUST01926,HDFC Bank,143000,46886,24,10.44,6628
FIN01481,SALE12068,CUST00784,ICICI Bank,241000,85423,12,11.76,21386
FIN01482,SALE13939,CUST02108,HDFC Bank,136000,35974,48,8.89,3377
FIN01483,SALE05559,CUST02632,Axis Bank,166000,30712,24,10.02,7662
FIN01484,SALE09775,CUST02844,TVS Credit,169000,59181,24,10.59,7845
FIN01485,SALE10704,CUST00506,HDFC Bank,131000,39366,60,12.15,2924
FIN01486,SALE03870,CUST01230,ICICI Bank,157000,36664,24,11.57,7359
FIN01487,SALE14112,CUST04567,SBI Auto Loans,130000,37219,48,9.02,3236
FIN01488,SALE14961,CUST03361,HDFC Bank,281000,53860,24,10.43,13023
FIN01489,SALE08832,CUST00232,Bajaj Finance,266000,58265,24,9.74,12243
FIN01490,SALE09134,CUST03619,TVS Credit,163000,34290,24,10.24,7540
FIN01491,SALE02033,CUST02675,SBI Auto Loans,190000,39808,36,11.66,6280
FIN01492,SALE02105,CUST01196,Axis Bank,163000,56836,36,10.82,5323
FIN01493,SALE02438,CUST01738,Bajaj Finance,154000,42697,12,10.46,13572
FIN01494,SALE11329,CUST02346,SBI Auto Loans,185000,50649,12,10.99,16350
FIN01495,SALE03135,CUST01264,Bajaj Finance,165000,34505,12,9.71,14484
FIN01496,SALE01220,CUST03645,HDFC Bank,168000,66727,36,8.89,5334
FIN01497,SALE10058,CUST04016,HDFC Bank,122000,35539,36,10.73,3979
FIN01498,SALE05753,CUST01042,ICICI Bank,123000,44512,36,8.55,3886
FIN01499,SALE14098,CUST02252,SBI Auto Loans,142000,28643,12,12.45,12646
FIN01500,SALE16808,CUST03139,HDFC Bank,149000,50126,36,12.13,4958
FIN01501,SALE19986,CUST04545,SBI Auto Loans,124000,38224,12,11.64,10996
FIN01502,SALE17927,CUST04241,SBI Auto Loans,176000,65293,36,11.12,5772
FIN01503,SALE03882,CUST02891,SBI Auto Loans,158000,64519,24,8.57,7187
FIN01504,SALE15471,CUST00184,Bajaj Finance,158000,66705,36,11.36,5200
FIN01505,SALE06389,CUST03912,HDFC Bank,250000,75063,48,9.11,6234
FIN01506,SALE11362,CUST04666,ICICI Bank,121000,49190,36,11.89,4013
FIN01507,SALE15656,CUST02354,Bajaj Finance,270000,92479,36,11.43,8895
FIN01508,SALE15676,CUST02613,SBI Auto Loans,256000,68229,36,11.13,8397
FIN01509,SALE00105,CUST02168,HDFC Bank,194000,76618,24,10.07,8958
FIN01510,SALE05125,CUST04843,Bajaj Finance,251000,91115,36,9.53,8044
FIN01511,SALE06413,CUST00309,ICICI Bank,150000,42870,12,9.88,13179
FIN01512,SALE03223,CUST04646,ICICI Bank,194000,36896,36,9.52,6216
FIN01513,SALE18535,CUST04487,HDFC Bank,251000,66272,36,12.1,8349
FIN01514,SALE11666,CUST04113,Bajaj Finance,158000,54119,24,10.9,7357
FIN01515,SALE06578,CUST01750,HDFC Bank,240000,82008,48,8.79,5949
FIN01516,SALE16849,CUST02735,HDFC Bank,167000,62479,48,9.85,4224
FIN01517,SALE19575,CUST01522,SBI Auto Loans,156000,40946,24,12.45,7376
FIN01518,SALE16042,CUST04653,Bajaj Finance,150000,48988,36,9.32,4792
FIN01519,SALE19051,CUST04941,HDFC Bank,190000,38932,36,9.99,6130
FIN01520,SALE02711,CUST02183,ICICI Bank,194000,40497,12,8.64,16933
FIN01521,SALE00916,CUST04784,SBI Auto Loans,162000,57513,36,11.62,5351
FIN01522,SALE10882,CUST00716,HDFC Bank,140000,26847,36,9.62,4492
FIN01523,SALE12767,CUST00305,TVS Credit,249000,77541,36,10.5,8093
FIN01524,SALE07995,CUST04369,Axis Bank,133000,38557,36,12.31,4437
FIN01525,SALE06377,CUST01229,TVS Credit,162000,54350,36,11.99,5380
FIN01526,SALE01307,CUST04765,SBI Auto Loans,186000,48732,36,12.17,6193
FIN01527,SALE09547,CUST02055,Bajaj Finance,129000,39863,12,10.21,11354
FIN01528,SALE06839,CUST02283,SBI Auto Loans,219000,51510,48,9.1,5460
FIN01529,SALE05102,CUST04218,Axis Bank,158000,41440,24,12.26,7457
FIN01530,SALE16146,CUST04476,ICICI Bank,140000,56658,36,10.3,4537
FIN01531,SALE02288,CUST00759,TVS Credit,161000,35904,12,9.84,14142
FIN01532,SALE10992,CUST02040,TVS Credit,226000,89526,24,11.79,10616
FIN01533,SALE19727,CUST01809,SBI Auto Loans,195000,75513,24,11.78,9159
FIN01534,SALE02773,CUST04286,ICICI Bank,147000,46269,48,11.6,3842
FIN01535,SALE01606,CUST01996,SBI Auto Loans,188000,46318,24,9.32,8616
FIN01536,SALE17737,CUST04147,TVS Credit,125000,46219,36,8.51,3947
FIN01537,SALE03927,CUST01077,HDFC Bank,132000,30324,36,9.66,4238
FIN01538,SALE13654,CUST02968,Axis Bank,126000,37004,48,11.38,3280
FIN01539,SALE02875,CUST03621,Bajaj Finance,123000,43755,24,11.64,5769
FIN01540,SALE06319,CUST02300,ICICI Bank,135000,35513,24,10.87,6284
FIN01541,SALE18814,CUST04648,ICICI Bank,126000,43759,36,12.46,4213
FIN01542,SALE04195,CUST03017,SBI Auto Loans,275000,91556,24,10.96,12812
FIN01543,SALE07679,CUST03742,HDFC Bank,166000,48261,36,10.06,5361
FIN01544,SALE05580,CUST02356,ICICI Bank,195000,44484,36,9.67,6262
FIN01545,SALE18585,CUST00617,ICICI Bank,149000,44254,24,9.09,6813
FIN01546,SALE14756,CUST04710,ICICI Bank,149000,45463,36,11.14,4888
FIN01547,SALE02343,CUST04327,Axis Bank,144000,26147,24,10.67,6689
FIN01548,SALE19393,CUST03649,Axis Bank,136000,58302,48,12.21,3595
FIN01549,SALE05992,CUST02179,ICICI Bank,152000,55914,24,11.66,7131
FIN01550,SALE01779,CUST03396,HDFC Bank,162000,58182,60,11.61,3572
FIN01551,SALE03152,CUST00535,HDFC Bank,160000,55174,36,10.95,5234
FIN01552,SALE01711,CUST03543,SBI Auto Loans,183000,34686,48,9.16,4568
FIN01553,SALE18793,CUST02641,HDFC Bank,167000,31359,24,10.18,7720
FIN01554,SALE14397,CUST00727,ICICI Bank,255000,66737,12,11.49,22596
FIN01555,SALE17073,CUST03865,SBI Auto Loans,137000,32917,24,9.72,6304
FIN01556,SALE08268,CUST03960,HDFC Bank,230000,92633,36,11.45,7579
FIN01557,SALE14029,CUST02027,HDFC Bank,261000,61309,12,11.51,23130
FIN01558,SALE09456,CUST01201,Axis Bank,139000,32815,24,8.97,6348
FIN01559,SALE08613,CUST04304,HDFC Bank,138000,32286,36,10.25,4469
FIN01560,SALE17146,CUST00726,ICICI Bank,308000,54739,36,10.03,9943
FIN01561,SALE06289,CUST00449,ICICI Bank,141000,29255,24,11.83,6626
FIN01562,SALE17414,CUST04974,SBI Auto Loans,133000,36857,48,11.65,3480
FIN01563,SALE12709,CUST01129,TVS Credit,156000,60626,12,11.24,13805
FIN01564,SALE17820,CUST00108,HDFC Bank,158000,35840,36,10.26,5118
FIN01565,SALE08491,CUST02899,ICICI Bank,182000,51466,36,11.99,6044
FIN01566,SALE18790,CUST02563,Axis Bank,174000,46220,48,11.08,4504
FIN01567,SALE18787,CUST03360,SBI Auto Loans,169000,30173,60,10.59,3640
FIN01568,SALE18211,CUST02972,TVS Credit,176000,40499,36,9.33,5624
FIN01569,SALE08587,CUST01877,HDFC Bank,280000,79685,48,10.38,7153
FIN01570,SALE14838,CUST03479,Bajaj Finance,169000,51773,36,10.06,5458
FIN01571,SALE09200,CUST02547,HDFC Bank,127000,39859,36,11.97,4216
FIN01572,SALE01896,CUST04130,ICICI Bank,122000,42419,48,10.66,3133
FIN01573,SALE15941,CUST03403,SBI Auto Loans,127000,35550,12,10.41,11190
FIN01574,SALE05794,CUST04267,TVS Credit,165000,53624,24,9.86,7603
FIN01575,SALE11989,CUST03081,SBI Auto Loans,160000,39060,48,11.22,4152
FIN01576,SALE01919,CUST03934,ICICI Bank,270000,55395,24,12.16,12730
FIN01577,SALE09627,CUST00868,ICICI Bank,137000,32473,36,10.39,4446
FIN01578,SALE09256,CUST03171,ICICI Bank,139000,25965,12,10.11,12227
FIN01579,SALE06267,CUST04168,Axis Bank,144000,49447,48,9.75,3635
FIN01580,SALE08246,CUST03677,Bajaj Finance,167000,30519,24,10.54,7748
FIN01581,SALE06233,CUST03208,ICICI Bank,184000,37956,12,8.74,16069
FIN01582,SALE16214,CUST04613,SBI Auto Loans,191000,43839,36,9.7,6136
FIN01583,SALE08126,CUST00622,TVS Credit,200000,73560,48,9.52,5027
FIN01584,SALE07852,CUST01292,SBI Auto Loans,183000,37870,24,12.16,8628
FIN01585,SALE07516,CUST03546,ICICI Bank,273000,53302,24,8.74,12439
FIN01586,SALE03319,CUST04615,Axis Bank,154000,42301,36,11.0,5042
FIN01587,SALE13745,CUST01497,HDFC Bank,153000,43981,36,9.22,4881
FIN01588,SALE19438,CUST03738,Bajaj Finance,138000,58362,36,8.65,4366
FIN01589,SALE16594,CUST00444,Bajaj Finance,167000,66827,36,9.81,5374
FIN01590,SALE18942,CUST04311,SBI Auto Loans,152000,45915,24,12.1,7162
FIN01591,SALE09687,CUST04046,Bajaj Finance,167000,67804,36,9.78,5371
FIN01592,SALE11264,CUST00323,TVS Credit,160000,38036,12,11.18,14155
FIN01593,SALE16562,CUST00840,SBI Auto Loans,118000,40263,36,10.11,3814
FIN01594,SALE16549,CUST04721,SBI Auto Loans,166000,65433,24,8.61,7554
FIN01595,SALE11011,CUST02069,SBI Auto Loans,175000,43730,36,11.24,5749
FIN01596,SALE09169,CUST00364,Bajaj Finance,248000,72378,24,9.79,11420
FIN01597,SALE07088,CUST03118,HDFC Bank,166000,59420,36,10.88,5425
FIN01598,SALE05412,CUST04407,SBI Auto Loans,158000,60648,36,8.72,5004
FIN01599,SALE08946,CUST01362,ICICI Bank,176000,57832,36,11.55,5808
FIN01600,SALE07714,CUST01463,TVS Credit,164000,55346,36,10.61,5339
FIN01601,SALE01416,CUST04304,HDFC Bank,252000,74632,60,10.48,5414
FIN01602,SALE14289,CUST02973,SBI Auto Loans,273000,88283,48,10.09,6936
FIN01603,SALE12308,CUST02830,ICICI Bank,229000,96879,36,9.49,7334
FIN01604,SALE02982,CUST00469,HDFC Bank,171000,63620,60,11.3,3744
FIN01605,SALE01093,CUST01125,HDFC Bank,154000,65942,24,11.77,7233
FIN01606,SALE09990,CUST03891,Axis Bank,152000,41832,24,8.58,6915
FIN01607,SALE08883,CUST03708,HDFC Bank,192000,42318,36,8.71,6080
FIN01608,SALE14625,CUST04538,TVS Credit,123000,45262,24,11.13,5740
FIN01609,SALE17340,CUST01982,ICICI Bank,274000,69607,36,11.11,8985
FIN01610,SALE09299,CUST04875,HDFC Bank,126000,38550,24,11.51,5902
FIN01611,SALE15757,CUST02368,ICICI Bank,160000,59447,48,9.01,3982
FIN01612,SALE13429,CUST00823,HDFC Bank,182000,38502,60,10.27,3891
FIN01613,SALE04555,CUST04147,Bajaj Finance,179000,41804,36,9.76,5756
FIN01614,SALE02648,CUST02759,HDFC Bank,139000,47218,36,10.23,4500
FIN01615,SALE18413,CUST01297,ICICI Bank,163000,34141,12,9.67,14305
FIN01616,SALE00368,CUST03218,Cholamandalam Finance,170000,62211,36,10.01,5486
FIN01617,SALE18018,CUST04838,SBI Auto Loans,174000,58623,24,10.53,8072
FIN01618,SALE06860,CUST04610,ICICI Bank,131000,39703,60,12.26,2931
FIN01619,SALE03984,CUST04937,HDFC Bank,151000,62820,36,10.79,4929
FIN01620,SALE07018,CUST00495,ICICI Bank,125000,41252,36,10.3,4051
FIN01621,SALE19999,CUST01626,Bajaj Finance,136000,53988,60,9.02,2824
FIN01622,SALE15598,CUST01367,Cholamandalam Finance,163000,56111,36,10.24,5278
FIN01623,SALE15581,CUST02998,ICICI Bank,170000,51516,36,9.11,5415
FIN01624,SALE00223,CUST03001,TVS Credit,141000,56616,12,12.02,12529
FIN01625,SALE08357,CUST00830,TVS Credit,257000,69752,36,8.72,8139
FIN01626,SALE11912,CUST01475,ICICI Bank,162000,31382,36,11.15,5315
FIN01627,SALE16016,CUST03936,Axis Bank,190000,46519,36,12.13,6323
FIN01628,SALE05514,CUST02423,Hero FinCorp,169000,49133,36,8.94,5369
FIN01629,SALE04157,CUST00465,TVS Credit,190000,76669,24,12.47,8986
FIN01630,SALE19927,CUST03229,SBI Auto Loans,178000,40436,12,9.28,15589
FIN01631,SALE08231,CUST04531,Bajaj Finance,195000,73361,48,8.58,4814
FIN01632,SALE07147,CUST04615,Axis Bank,166000,70019,36,12.38,5544
FIN01633,SALE16955,CUST03472,ICICI Bank,263000,60930,36,11.21,8636
FIN01634,SALE01975,CUST04590,SBI Auto Loans,172000,60599,36,10.84,5618
FIN01635,SALE00268,CUST00485,SBI Auto Loans,166000,50464,36,10.5,5395
FIN01636,SALE18847,CUST02587,TVS Credit,167000,41593,36,10.55,5432
FIN01637,SALE03365,CUST00401,HDFC Bank,284000,79580,24,11.24,13268
FIN01638,SALE06760,CUST04259,HDFC Bank,133000,53587,36,9.09,4235
FIN01639,SALE09215,CUST01721,TVS Credit,182000,49054,36,9.18,5803
FIN01640,SALE00791,CUST02469,ICICI Bank,183000,34686,36,12.19,6095
FIN01641,SALE11870,CUST00302,ICICI Bank,274000,89981,36,12.32,9143
FIN01642,SALE01915,CUST01685,HDFC Bank,238000,87981,24,12.09,11213
FIN01643,SALE15920,CUST01804,TVS Credit,300000,61726,36,12.45,10029
FIN01644,SALE16920,CUST00958,TVS Credit,147000,46267,24,9.72,6764
FIN01645,SALE16958,CUST02328,SBI Auto Loans,157000,59563,36,11.29,5162
FIN01646,SALE06276,CUST03932,ICICI Bank,130000,40902,24,8.85,5930
FIN01647,SALE12237,CUST02850,ICICI Bank,249000,75852,48,9.22,6222
FIN01648,SALE16507,CUST03646,TVS Credit,147000,50654,36,10.09,4749
FIN01649,SALE16560,CUST01936,SBI Auto Loans,156000,64586,36,12.11,5190
FIN01650,SALE14157,CUST04219,ICICI Bank,154000,62228,24,11.67,7226
FIN01651,SALE10493,CUST04679,ICICI Bank,212000,61637,48,11.71,5553
FIN01652,SALE11979,CUST01438,Hero FinCorp,181000,33378,36,11.58,5976
FIN01653,SALE12141,CUST01987,Bajaj Finance,184000,49652,36,10.18,5953
FIN01654,SALE00608,CUST01884,SBI Auto Loans,126000,45881,48,12.17,3329
FIN01655,SALE13657,CUST03288,ICICI Bank,212000,59560,48,11.92,5574
FIN01656,SALE03965,CUST04550,HDFC Bank,137000,34558,12,11.22,12122
FIN01657,SALE12976,CUST04210,Hero FinCorp,248000,97886,12,12.31,22070
FIN01658,SALE16902,CUST03141,HDFC Bank,150000,49464,36,10.57,4880
FIN01659,SALE14834,CUST04157,HDFC Bank,180000,38724,36,9.06,5729
FIN01660,SALE11262,CUST00383,SBI Auto Loans,157000,39580,36,9.49,5028
FIN01661,SALE08191,CUST01206,ICICI Bank,138000,57148,12,12.12,12269
FIN01662,SALE04925,CUST02964,ICICI Bank,158000,48914,36,10.43,5130
FIN01663,SALE00550,CUST00591,HDFC Bank,143000,26649,36,9.73,4596
FIN01664,SALE15348,CUST04989,TVS Credit,124000,48167,36,11.22,4073
FIN01665,SALE12997,CUST00832,Axis Bank,134000,36302,24,8.55,6094
FIN01666,SALE11335,CUST02345,HDFC Bank,136000,31108,24,10.02,6277
FIN01667,SALE09877,CUST00448,SBI Auto Loans,269000,55495,24,12.25,12694
FIN01668,SALE06141,CUST04137,Bajaj Finance,163000,53011,36,9.06,5188
FIN01669,SALE14346,CUST01479,SBI Auto Loans,138000,27584,48,9.94,3496
FIN01670,SALE10604,CUST02762,TVS Credit,165000,63788,24,9.44,7571
FIN01671,SALE07858,CUST02264,HDFC Bank,137000,56081,36,11.69,4530
FIN01672,SALE08266,CUST03086,Bajaj Finance,222000,46958,24,11.57,10406
FIN01673,SALE19946,CUST00092,Bajaj Finance,262000,83841,36,10.74,8545
FIN01674,SALE15496,CUST01929,ICICI Bank,201000,68428,36,8.82,6375
FIN01675,SALE07124,CUST04998,Bajaj Finance,198000,36672,36,9.19,6314
FIN01676,SALE02576,CUST01460,Bajaj Finance,170000,51449,48,8.84,4218
FIN01677,SALE01514,CUST03850,TVS Credit,220000,50867,36,10.8,7182
FIN01678,SALE02641,CUST02540,SBI Auto Loans,179000,39596,48,11.27,4650
FIN01679,SALE09398,CUST02463,HDFC Bank,170000,49000,24,11.09,7930
FIN01680,SALE18392,CUST03810,ICICI Bank,163000,65830,24,10.58,7565
FIN01681,SALE14170,CUST03253,TVS Credit,187000,47006,24,9.05,8547
FIN01682,SALE01826,CUST02055,SBI Auto Loans,165000,52691,48,11.79,4328
FIN01683,SALE17060,CUST01776,Bajaj Finance,176000,58880,36,10.27,5701
FIN01684,SALE10711,CUST00723,Hero FinCorp,134000,37707,24,8.9,6116
FIN01685,SALE09991,CUST03731,ICICI Bank,133000,30527,36,11.84,4407
FIN01686,SALE17614,CUST03325,TVS Credit,339000,73550,36,11.4,11163
FIN01687,SALE11596,CUST02254,SBI Auto Loans,133000,30763,36,9.41,4255
FIN01688,SALE17969,CUST02917,ICICI Bank,187000,46673,36,8.68,5919
FIN01689,SALE16049,CUST02645,Bajaj Finance,121000,41796,36,8.53,3821
FIN01690,SALE01436,CUST01043,TVS Credit,192000,44713,36,8.86,6093
FIN01691,SALE19206,CUST04361,SBI Auto Loans,157000,39809,36,11.13,5150
FIN01692,SALE17866,CUST03353,HDFC Bank,182000,33619,36,10.87,5947
FIN01693,SALE11890,CUST04252,HDFC Bank,169000,57394,48,9.78,4268
FIN01694,SALE11022,CUST00652,SBI Auto Loans,140000,31086,24,10.14,6469
FIN01695,SALE11331,CUST04263,ICICI Bank,156000,60493,12,9.91,13708
FIN01696,SALE06985,CUST03650,Cholamandalam Finance,144000,27524,36,9.12,4587
FIN01697,SALE06190,CUST02042,Hero FinCorp,218000,55302,36,11.89,7229
FIN01698,SALE09606,CUST01940,SBI Auto Loans,152000,43664,48,12.16,4015
FIN01699,SALE11237,CUST00369,TVS Credit,186000,35530,48,9.69,4690
FIN01700,SALE04822,CUST03517,SBI Auto Loans,277000,69570,36,11.46,9129
FIN01701,SALE06369,CUST01765,Axis Bank,137000,32609,36,9.61,4396
FIN01702,SALE06938,CUST02866,SBI Auto Loans,175000,46689,36,9.34,5593
FIN01703,SALE17869,CUST04977,ICICI Bank,187000,47370,12,12.2,16632
FIN01704,SALE12965,CUST01124,TVS Credit,120000,47260,36,11.73,3970
FIN01705,SALE02822,CUST03699,HDFC Bank,163000,32375,36,11.34,5363
FIN01706,SALE15221,CUST03059,Bajaj Finance,262000,63408,12,12.2,23303
FIN01707,SALE18343,CUST04094,SBI Auto Loans,183000,48268,24,8.76,8340
FIN01708,SALE16555,CUST01954,Bajaj Finance,159000,36580,48,9.22,3973
FIN01709,SALE19059,CUST00569,Bajaj Finance,140000,31807,24,8.74,6379
FIN01710,SALE15127,CUST01860,HDFC Bank,156000,39479,24,9.47,7161
FIN01711,SALE17585,CUST00657,ICICI Bank,154000,53473,36,11.91,5108
FIN01712,SALE16547,CUST02851,HDFC Bank,144000,27778,36,11.88,4775
FIN01713,SALE02676,CUST03885,ICICI Bank,256000,84496,36,9.93,8252
FIN01714,SALE02036,CUST01794,Bajaj Finance,242000,101455,36,11.23,7949
FIN01715,SALE19866,CUST01220,ICICI Bank,179000,40270,36,12.02,5947
FIN01716,SALE10532,CUST04807,ICICI Bank,163000,57203,48,8.53,4020
FIN01717,SALE13425,CUST03434,SBI Auto Loans,195000,41644,36,8.68,6172
FIN01718,SALE01242,CUST04289,HDFC Bank,177000,42544,36,8.82,5614
FIN01719,SALE05215,CUST01898,Cholamandalam Finance,136000,57442,36,10.78,4438
FIN01720,SALE11701,CUST01127,Bajaj Finance,160000,56147,36,8.53,5053
FIN01721,SALE16170,CUST02398,Bajaj Finance,114000,45526,24,9.83,5252
FIN01722,SALE19316,CUST01643,TVS Credit,146000,51784,36,11.45,4811
FIN01723,SALE09485,CUST00018,Hero FinCorp,162000,68981,24,8.51,7365
FIN01724,SALE09804,CUST02615,ICICI Bank,145000,39551,36,10.88,4739
FIN01725,SALE16954,CUST04531,ICICI Bank,190000,38042,36,10.01,6132
FIN01726,SALE07200,CUST02235,ICICI Bank,178000,49893,36,10.76,5807
FIN01727,SALE10030,CUST03994,HDFC Bank,128000,42875,60,9.66,2698
FIN01728,SALE12500,CUST04291,Axis Bank,144000,41234,24,11.13,6720
FIN01729,SALE05520,CUST00638,SBI Auto Loans,143000,36197,24,9.15,6543
FIN01730,SALE16653,CUST03923,TVS Credit,161000,60056,24,11.45,7538
FIN01731,SALE16167,CUST00831,SBI Auto Loans,121000,36954,36,10.56,3936
FIN01732,SALE04527,CUST02700,TVS Credit,174000,40627,36,10.43,5650
FIN01733,SALE10535,CUST01762,HDFC Bank,148000,47681,36,11.71,4895
FIN01734,SALE17052,CUST04260,Cholamandalam Finance,140000,28305,36,9.03,4454
FIN01735,SALE13594,CUST02441,ICICI Bank,149000,48665,36,9.27,4757
FIN01736,SALE02627,CUST00141,ICICI Bank,213000,55888,24,9.97,9826
FIN01737,SALE03142,CUST03315,HDFC Bank,179000,33318,36,12.43,5982
FIN01738,SALE02601,CUST03508,TVS Credit,132000,30412,36,9.66,4238
FIN01739,SALE16396,CUST02950,TVS Credit,178000,42006,48,12.12,4698
FIN01740,SALE08437,CUST02381,Bajaj Finance,162000,37024,12,10.57,14285
FIN01741,SALE04811,CUST03719,HDFC Bank,188000,36777,24,11.79,8831
FIN01742,SALE13754,CUST03708,ICICI Bank,121000,50500,36,8.53,3821
FIN01743,SALE11569,CUST03139,SBI Auto Loans,151000,41694,12,10.19,13289
FIN01744,SALE01693,CUST02524,ICICI Bank,270000,57407,36,11.57,8913
FIN01745,SALE14788,CUST00558,ICICI Bank,187000,50004,60,8.5,3837
FIN01746,SALE04545,CUST01269,SBI Auto Loans,188000,45479,36,8.61,5944
FIN01747,SALE17294,CUST04898,Bajaj Finance,181000,34209,36,8.69,5730
FIN01748,SALE17176,CUST01486,TVS Credit,230000,43414,36,9.97,7418
FIN01749,SALE08596,CUST02875,HDFC Bank,145000,49333,60,10.39,3109
FIN01750,SALE11361,CUST03356,ICICI Bank,168000,51916,36,9.73,5400
FIN01751,SALE01115,CUST04405,TVS Credit,155000,39254,24,9.71,7132
FIN01752,SALE16909,CUST00884,TVS Credit,154000,30576,12,12.11,13691
FIN01753,SALE04131,CUST04227,ICICI Bank,162000,53276,24,9.21,7417
FIN01754,SALE03258,CUST00325,HDFC Bank,144000,26048,24,8.72,6560
FIN01755,SALE12220,CUST04114,HDFC Bank,177000,59181,36,12.43,5915
FIN01756,SALE01569,CUST00501,HDFC Bank,162000,35995,24,9.15,7412
FIN01757,SALE11966,CUST04001,Cholamandalam Finance,283000,70012,12,8.81,24724
FIN01758,SALE19975,CUST02512,Cholamandalam Finance,290000,121719,12,8.77,25330
FIN01759,SALE09580,CUST00591,ICICI Bank,139000,58264,24,10.35,6437
FIN01760,SALE16565,CUST01842,HDFC Bank,182000,53363,24,11.64,8537
FIN01761,SALE01913,CUST02741,Bajaj Finance,165000,52924,24,9.68,7590
FIN01762,SALE15755,CUST02110,Axis Bank,176000,57574,24,11.38,8234
FIN01763,SALE13887,CUST00542,ICICI Bank,129000,34721,36,10.18,4173
FIN01764,SALE05549,CUST02482,HDFC Bank,205000,69843,36,12.06,6815
FIN01765,SALE14751,CUST02481,Hero FinCorp,175000,60200,36,8.75,5545
FIN01766,SALE06835,CUST03888,HDFC Bank,142000,53863,36,8.53,4485
FIN01767,SALE03875,CUST03943,Bajaj Finance,178000,41805,36,10.59,5793
FIN01768,SALE04865,CUST03538,Cholamandalam Finance,162000,51519,48,10.28,4131
FIN01769,SALE07396,CUST03186,HDFC Bank,228000,97183,36,11.65,7535
FIN01770,SALE14043,CUST00999,TVS Credit,329000,86082,48,11.69,8614
FIN01771,SALE18124,CUST00660,HDFC Bank,145000,27361,24,9.22,6639
FIN01772,SALE14634,CUST03735,HDFC Bank,176000,40883,24,11.28,8226
FIN01773,SALE16407,CUST03479,ICICI Bank,122000,43151,24,12.36,5763
FIN01774,SALE10872,CUST03273,ICICI Bank,280000,77730,36,9.39,8955
FIN01775,SALE04329,CUST03449,SBI Auto Loans,123000,40343,60,10.55,2647
FIN01776,SALE16127,CUST00587,HDFC Bank,317000,90011,60,9.49,6656
FIN01777,SALE03402,CUST03113,ICICI Bank,198000,36548,36,11.2,6501
FIN01778,SALE12621,CUST01441,ICICI Bank,179000,40232,24,8.69,8152
FIN01779,SALE17378,CUST02396,Axis Bank,183000,35150,24,11.75,8593
FIN01780,SALE16814,CUST03582,Bajaj Finance,149000,48034,12,12.17,13250
FIN01781,SALE02820,CUST03809,TVS Credit,147000,49899,60,11.78,3254
FIN01782,SALE01226,CUST01258,HDFC Bank,152000,42324,36,11.84,5037
FIN01783,SALE12143,CUST01793,ICICI Bank,174000,65281,48,8.7,4305
FIN01784,SALE07654,CUST04844,HDFC Bank,145000,52208,24,10.91,6752
FIN01785,SALE12613,CUST03255,ICICI Bank,123000,48669,36,10.6,4004
FIN01786,SALE08532,CUST03167,Cholamandalam Finance,162000,58152,24,9.83,7463
FIN01787,SALE01703,CUST00558,SBI Auto Loans,176000,37675,36,10.1,5687
FIN01788,SALE14997,CUST01887,HDFC Bank,250000,70975,60,12.27,5595
FIN01789,SALE14301,CUST04407,HDFC Bank,187000,42481,36,11.63,6178
FIN01790,SALE17818,CUST00139,Bajaj Finance,142000,55120,36,8.64,4492
FIN01791,SALE07253,CUST04564,Cholamandalam Finance,185000,49749,36,11.29,6082
FIN01792,SALE06781,CUST01415,Axis Bank,186000,33269,36,12.31,6205
FIN01793,SALE04556,CUST04521,Bajaj Finance,140000,56764,48,9.43,3513
FIN01794,SALE16060,CUST03122,SBI Auto Loans,189000,76662,36,11.06,6193
FIN01795,SALE10189,CUST01587,SBI Auto Loans,151000,61025,36,10.3,4894
FIN01796,SALE14783,CUST00880,SBI Auto Loans,172000,47639,36,9.29,5493
FIN01797,SALE05119,CUST04649,HDFC Bank,180000,32753,60,8.84,3723
FIN01798,SALE12256,CUST01864,HDFC Bank,153000,63199,36,9.98,4935
FIN01799,SALE18922,CUST00279,HDFC Bank,130000,38703,36,11.7,4299
FIN01800,SALE04726,CUST04970,Bajaj Finance,183000,35259,48,12.15,4833
FIN01801,SALE18144,CUST04240,Bajaj Finance,167000,64386,36,8.81,5296
FIN01802,SALE02454,CUST03976,ICICI Bank,152000,40542,36,11.79,5033
FIN01803,SALE09638,CUST03074,HDFC Bank,140000,59123,24,10.56,6497
FIN01804,SALE12924,CUST03970,HDFC Bank,273000,86034,36,9.63,8762
FIN01805,SALE17843,CUST03582,Bajaj Finance,138000,57513,24,8.78,6291
FIN01806,SALE08364,CUST04851,HDFC Bank,153000,46261,36,10.64,4983
FIN01807,SALE09341,CUST04887,SBI Auto Loans,177000,42011,12,11.07,15649
FIN01808,SALE01843,CUST04616,HDFC Bank,132000,32838,36,11.17,4332
FIN01809,SALE13015,CUST04850,Bajaj Finance,135000,35984,36,8.83,4282
FIN01810,SALE13255,CUST02175,HDFC Bank,137000,26571,24,9.64,6299
FIN01811,SALE03761,CUST00732,HDFC Bank,138000,33207,12,10.31,12152
FIN01812,SALE11754,CUST03695,TVS Credit,181000,39895,24,10.59,8402
FIN01813,SALE14521,CUST04124,ICICI Bank,141000,58092,36,12.16,4694
FIN01814,SALE18502,CUST02348,ICICI Bank,184000,48399,36,9.23,5871
FIN01815,SALE02446,CUST01495,Bajaj Finance,311000,92488,48,9.2,7769
FIN01816,SALE16418,CUST00519,SBI Auto Loans,164000,52538,12,10.45,14453
FIN01817,SALE15791,CUST00723,ICICI Bank,186000,48656,36,12.36,6210
FIN01818,SALE00245,CUST00190,ICICI Bank,127000,44135,24,10.98,5918
FIN01819,SALE12349,CUST04487,SBI Auto Loans,183000,51453,36,8.91,5812
FIN01820,SALE17715,CUST03550,SBI Auto Loans,170000,62913,36,12.35,5675
FIN01821,SALE18529,CUST01122,SBI Auto Loans,215000,47437,36,9.36,6873
FIN01822,SALE18385,CUST04368,SBI Auto Loans,133000,28394,24,8.63,6054
FIN01823,SALE16845,CUST02352,SBI Auto Loans,167000,54564,36,11.48,5505
FIN01824,SALE12727,CUST03093,TVS Credit,133000,36793,36,11.03,4356
FIN01825,SALE00999,CUST02841,SBI Auto Loans,149000,47721,24,9.46,6839
FIN01826,SALE14154,CUST03803,ICICI Bank,289000,72596,24,9.57,13279
FIN01827,SALE02864,CUST03257,Bajaj Finance,120000,49553,60,9.61,2527
FIN01828,SALE19721,CUST02155,ICICI Bank,145000,26924,36,8.86,4602
FIN01829,SALE10472,CUST01097,ICICI Bank,174000,62145,36,12.35,5808
FIN01830,SALE17381,CUST00916,ICICI Bank,307000,101526,48,9.74,7748
FIN01831,SALE15930,CUST04178,SBI Auto Loans,142000,55175,48,10.58,3641
FIN01832,SALE10291,CUST00179,Bajaj Finance,152000,65082,12,10.75,13416
FIN01833,SALE12113,CUST03888,HDFC Bank,151000,48222,36,11.6,4987
FIN01834,SALE16090,CUST02062,SBI Auto Loans,151000,45067,36,10.13,4882
FIN01835,SALE10860,CUST01880,Cholamandalam Finance,286000,56677,24,12.3,13503
FIN01836,SALE16687,CUST04637,SBI Auto Loans,187000,46910,48,12.05,4929
FIN01837,SALE01458,CUST03683,HDFC Bank,144000,26143,24,9.44,6608
FIN01838,SALE18612,CUST02105,HDFC Bank,182000,37840,12,11.43,16122
FIN01839,SALE06134,CUST03602,HDFC Bank,271000,52848,48,11.25,7037
FIN01840,SALE02217,CUST01605,HDFC Bank,141000,30575,36,12.48,4716
FIN01841,SALE07771,CUST01397,ICICI Bank,138000,59154,48,9.84,3489
FIN01842,SALE09226,CUST01795,HDFC Bank,187000,49493,36,9.64,6002
FIN01843,SALE09973,CUST02015,Hero FinCorp,140000,53276,24,10.3,6480
FIN01844,SALE13710,CUST04788,Bajaj Finance,231000,89664,36,12.25,7700
FIN01845,SALE18347,CUST04447,Bajaj Finance,198000,70909,36,10.05,6394
FIN01846,SALE17777,CUST00391,HDFC Bank,127000,37601,48,8.58,3135
FIN01847,SALE18137,CUST04338,TVS Credit,188000,49203,36,11.28,6180
FIN01848,SALE15378,CUST04513,ICICI Bank,140000,27916,36,9.14,4461
FIN01849,SALE19909,CUST01958,ICICI Bank,191000,33688,48,9.91,4836
FIN01850,SALE16769,CUST04504,ICICI Bank,284000,121159,36,10.19,9189
FIN01851,SALE09626,CUST04570,HDFC Bank,167000,69245,48,9.47,4193
FIN01852,SALE11735,CUST01086,Axis Bank,184000,37247,36,9.92,5930
FIN01853,SALE19626,CUST02495,HDFC Bank,270000,56252,36,10.15,8731
FIN01854,SALE12544,CUST04594,TVS Credit,122000,48521,24,8.97,5572
FIN01855,SALE01276,CUST04524,Axis Bank,163000,33190,36,11.87,5404
FIN01856,SALE12516,CUST02717,TVS Credit,154000,65238,48,9.23,3849
FIN01857,SALE14772,CUST01322,TVS Credit,162000,55043,36,10.26,5247
FIN01858,SALE15393,CUST04078,HDFC Bank,157000,66334,36,8.82,4979
FIN01859,SALE02912,CUST01873,ICICI Bank,170000,50019,24,10.87,7913
FIN01860,SALE19932,CUST02564,HDFC Bank,188000,43352,24,12.42,8887
FIN01861,SALE11208,CUST04047,Bajaj Finance,134000,28758,36,9.79,4311
FIN01862,SALE11585,CUST01767,ICICI Bank,166000,32043,48,11.86,4360
FIN01863,SALE18302,CUST01563,Bajaj Finance,161000,33476,24,12.35,7605
FIN01864,SALE00994,CUST01249,Axis Bank,136000,27141,24,12.15,6412
FIN01865,SALE04962,CUST00724,ICICI Bank,134000,35562,36,9.0,4261
FIN01866,SALE06975,CUST01920,HDFC Bank,167000,53936,36,12.34,5574
FIN01867,SALE04213,CUST03686,ICICI Bank,263000,60866,24,11.09,12269
FIN01868,SALE08836,CUST03972,ICICI Bank,135000,46959,48,9.73,3406
FIN01869,SALE12005,CUST02330,ICICI Bank,151000,45764,48,9.34,3782
FIN01870,SALE16953,CUST01297,ICICI Bank,142000,52480,48,11.36,3695
FIN01871,SALE06615,CUST02927,TVS Credit,131000,31347,24,9.84,6035
FIN01872,SALE11496,CUST02894,Bajaj Finance,254000,109111,24,10.75,11809
FIN01873,SALE14624,CUST02812,SBI Auto Loans,175000,45663,60,10.09,3726
FIN01874,SALE13484,CUST00481,Bajaj Finance,345000,65789,36,12.34,11515
FIN01875,SALE14864,CUST04205,Cholamandalam Finance,158000,38679,48,11.57,4127
FIN01876,SALE11632,CUST01404,Bajaj Finance,232000,90605,48,12.3,6144
FIN01877,SALE03860,CUST02967,SBI Auto Loans,140000,30129,24,9.35,6418
FIN01878,SALE09176,CUST01645,SBI Auto Loans,131000,39045,60,11.0,2848
FIN01879,SALE17072,CUST00705,SBI Auto Loans,300000,60551,36,10.22,9711
FIN01880,SALE14371,CUST00250,SBI Auto Loans,161000,35004,36,10.15,5206
FIN01881,SALE10124,CUST01655,ICICI Bank,120000,50507,24,9.01,5483
FIN01882,SALE02574,CUST00383,SBI Auto Loans,224000,45527,24,10.45,10383
FIN01883,SALE13213,CUST04656,Bajaj Finance,161000,58709,60,12.05,3585
FIN01884,SALE00525,CUST04740,Axis Bank,157000,39158,24,11.77,7374
FIN01885,SALE10884,CUST01816,Cholamandalam Finance,166000,29556,60,11.07,3615
FIN01886,SALE06811,CUST01853,TVS Credit,134000,51176,36,8.55,4233
FIN01887,SALE12088,CUST04556,HDFC Bank,182000,36606,24,10.04,8402
FIN01888,SALE17615,CUST01886,Cholamandalam Finance,158000,62443,24,12.46,7472
FIN01889,SALE00064,CUST00597,Bajaj Finance,138000,27538,12,9.65,12110
FIN01890,SALE02716,CUST04156,HDFC Bank,154000,65233,36,10.73,5022
FIN01891,SALE03355,CUST00336,HDFC Bank,134000,38165,36,10.15,4333
FIN01892,SALE12633,CUST02779,ICICI Bank,173000,55534,36,11.04,5667
FIN01893,SALE01898,CUST01210,ICICI Bank,126000,43660,24,12.1,5937
FIN01894,SALE06862,CUST02607,Axis Bank,177000,56454,48,9.44,4442
FIN01895,SALE04359,CUST00720,HDFC Bank,118000,45605,48,9.44,2961
FIN01896,SALE13885,CUST02395,SBI Auto Loans,261000,65467,48,11.16,6766
FIN01897,SALE14504,CUST01784,Hero FinCorp,173000,61574,60,9.67,3648
FIN01898,SALE08161,CUST01662,TVS Credit,144000,53766,24,10.58,6683
FIN01899,SALE15839,CUST04646,SBI Auto Loans,161000,31510,24,9.92,7423
FIN01900,SALE02975,CUST01887,HDFC Bank,185000,35959,36,11.49,6100
FIN01901,SALE11846,CUST00612,Bajaj Finance,166000,46185,60,10.53,3570
FIN01902,SALE15413,CUST03937,SBI Auto Loans,134000,55513,36,10.34,4345
FIN01903,SALE01296,CUST02471,SBI Auto Loans,199000,36286,24,9.34,9122
FIN01904,SALE13598,CUST03242,TVS Credit,196000,38517,36,11.85,6496
FIN01905,SALE17319,CUST04885,Bajaj Finance,166000,52343,36,12.49,5553
FIN01906,SALE08202,CUST01538,HDFC Bank,252000,90002,24,8.87,11498
FIN01907,SALE00743,CUST04731,SBI Auto Loans,164000,34972,24,10.58,7612
FIN01908,SALE16332,CUST00499,Axis Bank,192000,42460,48,8.7,4751
FIN01909,SALE14018,CUST03300,Bajaj Finance,180000,39516,36,9.71,5784
FIN01910,SALE09588,CUST04403,SBI Auto Loans,147000,50068,36,11.01,4813
FIN01911,SALE17489,CUST03202,Bajaj Finance,175000,46171,36,11.51,5772
FIN01912,SALE11468,CUST03824,HDFC Bank,244000,82611,48,8.72,6040
FIN01913,SALE07812,CUST03011,SBI Auto Loans,156000,41185,36,9.13,4970
FIN01914,SALE12684,CUST00699,SBI Auto Loans,187000,42887,24,9.77,8609
FIN01915,SALE18879,CUST00972,Hero FinCorp,242000,75161,36,12.3,8073
FIN01916,SALE07697,CUST01413,Bajaj Finance,166000,57629,48,12.03,4374
FIN01917,SALE08639,CUST00791,ICICI Bank,127000,42546,24,11.36,5940
FIN01918,SALE01060,CUST04006,ICICI Bank,241000,79491,48,11.31,6265
FIN01919,SALE15330,CUST03139,HDFC Bank,193000,42085,48,11.68,5052
FIN01920,SALE01587,CUST01079,SBI Auto Loans,160000,34271,24,12.23,7549
FIN01921,SALE13112,CUST03884,SBI Auto Loans,184000,48918,36,8.67,5823
FIN01922,SALE05277,CUST01268,HDFC Bank,135000,35604,24,9.73,6213
FIN01923,SALE16537,CUST04774,HDFC Bank,180000,38186,24,10.19,8322
FIN01924,SALE11506,CUST01888,SBI Auto Loans,242000,100797,24,10.44,11216
FIN01925,SALE01027,CUST01578,ICICI Bank,142000,55484,36,8.61,4490
FIN01926,SALE17282,CUST04525,SBI Auto Loans,189000,42214,24,10.93,8803
FIN01927,SALE10825,CUST00862,ICICI Bank,167000,61036,24,11.44,7818
FIN01928,SALE18345,CUST01127,Bajaj Finance,178000,58186,36,10.19,5759
FIN01929,SALE00621,CUST03541,TVS Credit,204000,63330,48,11.86,5358
FIN01930,SALE13154,CUST03490,ICICI Bank,124000,43557,36,12.35,4139
FIN01931,SALE07707,CUST02624,HDFC Bank,193000,40352,36,8.83,6122
FIN01932,SALE11071,CUST03772,HDFC Bank,222000,42055,36,12.09,7383
FIN01933,SALE19281,CUST03697,HDFC Bank,183000,43412,36,11.4,6026
FIN01934,SALE18995,CUST02511,SBI Auto Loans,273000,53481,24,11.97,12847
FIN01935,SALE19108,CUST00081,HDFC Bank,230000,44376,36,9.73,7392
FIN01936,SALE19596,CUST04987,HDFC Bank,170000,49264,24,10.56,7889
FIN01937,SALE05817,CUST02512,HDFC Bank,163000,35434,48,12.32,4318
FIN01938,SALE17826,CUST00990,HDFC Bank,343000,66616,36,9.53,10992
FIN01939,SALE01989,CUST02271,SBI Auto Loans,185000,33383,12,8.76,16158
FIN01940,SALE11592,CUST03786,SBI Auto Loans,177000,41492,36,10.1,5720
FIN01941,SALE14128,CUST01903,HDFC Bank,155000,42127,24,10.18,7165
FIN01942,SALE04319,CUST04709,Bajaj Finance,272000,54828,36,9.86,8759
FIN01943,SALE05503,CUST00634,HDFC Bank,259000,105627,36,10.01,8358
FIN01944,SALE03739,CUST04057,ICICI Bank,323000,94041,24,11.74,15166
FIN01945,SALE00536,CUST03126,SBI Auto Loans,184000,32230,24,10.01,8492
FIN01946,SALE17077,CUST01449,TVS Credit,163000,56678,48,10.16,4147
FIN01947,SALE08944,CUST03136,Hero FinCorp,200000,61659,24,10.75,9298
FIN01948,SALE09389,CUST03707,SBI Auto Loans,313000,97389,24,9.5,14371
FIN01949,SALE15349,CUST00938,Bajaj Finance,279000,82547,24,10.56,12947
FIN01950,SALE02816,CUST00423,HDFC Bank,167000,53835,24,9.87,7696
FIN01951,SALE18430,CUST04998,Bajaj Finance,139000,56317,36,9.23,4435
FIN01952,SALE08928,CUST01130,Hero FinCorp,168000,65242,48,11.3,4367
FIN01953,SALE11162,CUST03904,Cholamandalam Finance,166000,49833,36,10.14,5367
FIN01954,SALE10469,CUST01718,HDFC Bank,233000,91811,48,10.36,5950
FIN01955,SALE02126,CUST00001,HDFC Bank,258000,82761,48,10.47,6602
FIN01956,SALE13536,CUST03995,HDFC Bank,178000,53435,36,10.19,5759
FIN01957,SALE04092,CUST03818,ICICI Bank,258000,105956,36,11.56,8515
FIN01958,SALE04276,CUST01549,HDFC Bank,189000,43135,36,8.92,6003
FIN01959,SALE11916,CUST04890,Bajaj Finance,267000,57617,24,9.75,12290
FIN01960,SALE03952,CUST03754,Bajaj Finance,119000,50678,36,11.8,3941
FIN01961,SALE18893,CUST04016,HDFC Bank,186000,33504,24,12.03,8758
FIN01962,SALE07185,CUST00296,Bajaj Finance,188000,33455,36,9.34,6008
FIN01963,SALE03696,CUST04539,HDFC Bank,212000,57720,24,8.6,9646
FIN01964,SALE04226,CUST01443,ICICI Bank,293000,72768,36,9.66,9408
FIN01965,SALE17388,CUST00192,ICICI Bank,148000,60040,24,10.25,6847
FIN01966,SALE17696,CUST02806,HDFC Bank,229000,42817,48,10.09,5818
FIN01967,SALE11621,CUST04514,ICICI Bank,289000,52359,36,12.07,9609
FIN01968,SALE19324,CUST04168,HDFC Bank,120000,51757,36,12.49,4014
FIN01969,SALE04340,CUST02021,ICICI Bank,171000,48619,48,8.67,4229
FIN01970,SALE17751,CUST04097,HDFC Bank,117000,48926,24,10.74,5439
FIN01971,SALE12211,CUST02170,SBI Auto Loans,152000,63524,36,11.0,4976
FIN01972,SALE16880,CUST02365,ICICI Bank,190000,75626,60,8.75,3921
FIN01973,SALE03640,CUST01021,HDFC Bank,153000,40824,12,11.88,13585
FIN01974,SALE05165,CUST02648,HDFC Bank,170000,57028,24,10.95,7919
FIN01975,SALE03076,CUST01268,SBI Auto Loans,159000,30059,12,11.25,14071
FIN01976,SALE08621,CUST04756,HDFC Bank,286000,60599,24,9.49,13130
FIN01977,SALE01072,CUST04685,ICICI Bank,185000,52612,36,10.52,6015
FIN01978,SALE19633,CUST00170,HDFC Bank,199000,35646,24,10.23,9204
FIN01979,SALE09168,CUST03567,Bajaj Finance,171000,63250,24,10.4,7922
FIN01980,SALE13709,CUST02744,HDFC Bank,159000,60757,12,9.92,13973
FIN01981,SALE15250,CUST02714,Bajaj Finance,129000,42356,36,12.45,4312
FIN01982,SALE00494,CUST00307,ICICI Bank,254000,69435,36,9.91,8185
FIN01983,SALE18168,CUST01517,TVS Credit,146000,50468,24,9.52,6705
FIN01984,SALE09001,CUST02438,Hero FinCorp,157000,64125,24,8.63,7146
FIN01985,SALE19668,CUST01004,ICICI Bank,225000,49220,24,12.39,10633
FIN01986,SALE13891,CUST04393,HDFC Bank,126000,44379,48,12.5,3349
FIN01987,SALE04906,CUST04819,SBI Auto Loans,151000,43258,36,11.51,4980
FIN01988,SALE09472,CUST01686,TVS Credit,157000,62502,12,9.56,13771
FIN01989,SALE06625,CUST00406,Hero FinCorp,173000,62879,12,10.71,15267
FIN01990,SALE04864,CUST03538,Bajaj Finance,157000,34539,24,12.13,7400
FIN01991,SALE01550,CUST02212,ICICI Bank,126000,40583,48,9.85,3187
FIN01992,SALE11091,CUST00381,SBI Auto Loans,228000,95291,24,11.56,10686
FIN01993,SALE02503,CUST03063,SBI Auto Loans,144000,52300,36,9.49,4612
FIN01994,SALE04176,CUST01967,Axis Bank,193000,40706,48,8.99,4802
FIN01995,SALE02894,CUST00808,ICICI Bank,178000,56616,24,9.54,8176
FIN01996,SALE19987,CUST01887,TVS Credit,336000,71875,24,11.63,15759
FIN01997,SALE01482,CUST00643,ICICI Bank,156000,57994,24,12.14,7354
FIN01998,SALE15610,CUST03222,HDFC Bank,144000,53260,12,11.25,12744
FIN01999,SALE02187,CUST01665,ICICI Bank,297000,69028,36,9.99,9582
FIN02000,SALE06568,CUST04174,Hero FinCorp,188000,43170,24,10.92,8755
FIN02001,SALE01996,CUST03578,Cholamandalam Finance,151000,44401,24,10.47,7001
FIN02002,SALE16891,CUST01106,HDFC Bank,166000,68288,12,11.52,14712
FIN02003,SALE04368,CUST04775,HDFC Bank,289000,72658,24,12.03,13608
FIN02004,SALE09798,CUST00528,Bajaj Finance,175000,44214,36,11.68,5786
FIN02005,SALE08918,CUST00843,ICICI Bank,200000,35165,48,11.11,5180
FIN02006,SALE10038,CUST02149,TVS Credit,167000,46439,24,12.39,7892
FIN02007,SALE19823,CUST02877,Bajaj Finance,242000,73115,36,11.73,8007
FIN02008,SALE15283,CUST04887,HDFC Bank,166000,52565,36,10.39,5387
FIN02009,SALE07421,CUST01764,Bajaj Finance,126000,42241,36,10.53,4097
FIN02010,SALE09956,CUST04787,SBI Auto Loans,242000,74907,48,9.44,6073
FIN02011,SALE10073,CUST03726,HDFC Bank,264000,96681,12,9.99,23209
FIN02012,SALE17502,CUST01454,HDFC Bank,185000,52110,12,12.34,16466
FIN02013,SALE12797,CUST02129,TVS Credit,144000,26860,48,11.49,3756
FIN02014,SALE09557,CUST01901,Bajaj Finance,152000,46708,36,9.51,4870
FIN02015,SALE01568,CUST00550,HDFC Bank,164000,54256,48,11.95,4315
FIN02016,SALE04821,CUST01442,ICICI Bank,192000,39193,48,11.71,5029
FIN02017,SALE01638,CUST02607,SBI Auto Loans,152000,44276,36,11.13,4986
FIN02018,SALE00158,CUST04984,ICICI Bank,160000,58297,36,9.87,5153
FIN02019,SALE01798,CUST04082,Bajaj Finance,193000,47169,24,11.55,9045
FIN02020,SALE16908,CUST00963,ICICI Bank,166000,47418,36,12.41,5546
FIN02021,SALE00224,CUST03637,Bajaj Finance,141000,30334,36,10.54,4586
FIN02022,SALE07265,CUST04236,HDFC Bank,176000,39939,48,11.35,4579
FIN02023,SALE16084,CUST04077,SBI Auto Loans,263000,68968,36,8.65,8321
FIN02024,SALE14537,CUST00661,SBI Auto Loans,127000,40300,48,9.07,3165
FIN02025,SALE01906,CUST01698,Axis Bank,256000,59346,36,11.07,8390
FIN02026,SALE10753,CUST04471,SBI Auto Loans,259000,66234,48,8.78,6418
FIN02027,SALE04656,CUST04745,TVS Credit,209000,64496,36,11.23,6865
FIN02028,SALE03121,CUST03181,HDFC Bank,162000,52699,12,10.98,14316
FIN02029,SALE13121,CUST00973,SBI Auto Loans,178000,42467,12,10.05,15653
FIN02030,SALE06908,CUST02546,TVS Credit,175000,38597,12,12.19,15564
FIN02031,SALE06863,CUST01484,ICICI Bank,165000,55821,24,10.2,7629
FIN02032,SALE18154,CUST01684,Bajaj Finance,175000,59004,24,10.3,8100
FIN02033,SALE09348,CUST01661,HDFC Bank,245000,81650,36,10.7,7986
FIN02034,SALE14909,CUST02854,SBI Auto Loans,142000,54771,48,11.99,3739
FIN02035,SALE18235,CUST03560,ICICI Bank,160000,47565,36,10.12,5172
FIN02036,SALE10133,CUST03425,Axis Bank,242000,83146,48,9.32,6059
FIN02037,SALE15457,CUST01030,ICICI Bank,219000,48217,36,10.8,7149
FIN02038,SALE06745,CUST03193,Hero FinCorp,226000,93925,36,11.7,7474
FIN02039,SALE06257,CUST03753,HDFC Bank,319000,92632,48,12.18,8429
FIN02040,SALE08342,CUST00718,Axis Bank,127000,42510,24,10.85,5910
FIN02041,SALE17999,CUST01784,Bajaj Finance,194000,43113,36,8.7,6142
FIN02042,SALE14786,CUST01930,SBI Auto Loans,222000,40735,24,10.64,10310
FIN02043,SALE19899,CUST00698,Bajaj Finance,132000,39570,12,10.4,11629
FIN02044,SALE16942,CUST03259,HDFC Bank,125000,35370,24,11.8,5873
FIN02045,SALE18301,CUST04295,TVS Credit,270000,76199,36,10.0,8712
FIN02046,SALE18142,CUST00823,HDFC Bank,187000,46293,12,12.07,16621
FIN02047,SALE14251,CUST02432,ICICI Bank,129000,43326,36,9.94,4159
FIN02048,SALE07492,CUST03565,SBI Auto Loans,255000,69941,36,11.22,8375
FIN02049,SALE18624,CUST02487,Hero FinCorp,193000,42439,36,11.56,6370
FIN02050,SALE14764,CUST02564,Bajaj Finance,235000,89054,24,11.89,11050
FIN02051,SALE11191,CUST02136,HDFC Bank,180000,40726,48,11.8,4722
FIN02052,SALE05619,CUST04084,HDFC Bank,129000,43159,36,9.37,4124
FIN02053,SALE12221,CUST02928,HDFC Bank,171000,40388,24,8.55,7777
FIN02054,SALE12394,CUST00518,HDFC Bank,157000,38211,60,11.86,3481
FIN02055,SALE06469,CUST00618,Hero FinCorp,160000,61172,24,9.29,7331
FIN02056,SALE00391,CUST00542,HDFC Bank,248000,69380,60,11.35,5436
FIN02057,SALE01570,CUST00116,ICICI Bank,225000,39863,36,9.6,7218
FIN02058,SALE16805,CUST00249,HDFC Bank,133000,36970,36,9.58,4265
FIN02059,SALE08284,CUST00018,SBI Auto Loans,170000,50181,48,9.74,4290
FIN02060,SALE16034,CUST04012,SBI Auto Loans,123000,47726,36,10.81,4016
FIN02061,SALE10706,CUST04207,ICICI Bank,121000,48584,36,10.35,3924
FIN02062,SALE08472,CUST00292,TVS Credit,155000,61013,36,9.78,4985
FIN02063,SALE16109,CUST00684,Bajaj Finance,187000,49798,24,12.34,8832
FIN02064,SALE06484,CUST04746,HDFC Bank,160000,59472,24,10.57,7425
FIN02065,SALE08537,CUST03313,HDFC Bank,173000,47409,36,9.61,5551
FIN02066,SALE02219,CUST03679,SBI Auto Loans,268000,54791,12,9.19,23461
FIN02067,SALE16677,CUST01714,SBI Auto Loans,137000,29369,36,10.92,4480
FIN02068,SALE11235,CUST03086,SBI Auto Loans,154000,64469,36,9.96,4966
FIN02069,SALE19889,CUST04543,TVS Credit,179000,56478,36,10.81,5844
FIN02070,SALE10907,CUST00609,HDFC Bank,171000,62183,36,11.31,5623
FIN02071,SALE08402,CUST04051,TVS Credit,156000,42717,36,11.43,5139
FIN02072,SALE05527,CUST04769,Axis Bank,263000,81416,12,10.14,23139
FIN02073,SALE11999,CUST01379,SBI Auto Loans,163000,31342,36,10.14,5270
FIN02074,SALE08287,CUST04035,HDFC Bank,250000,72060,36,10.24,8095
FIN02075,SALE09296,CUST01406,ICICI Bank,157000,29966,36,9.7,5044
FIN02076,SALE11025,CUST00299,SBI Auto Loans,207000,55768,36,10.15,6694
FIN02077,SALE06109,CUST02268,Bajaj Finance,159000,38422,36,12.23,5299
FIN02078,SALE06032,CUST01878,Bajaj Finance,118000,47217,12,10.58,10406
FIN02079,SALE08378,CUST03367,ICICI Bank,125000,37575,36,12.0,4152
FIN02080,SALE19411,CUST02760,Bajaj Finance,185000,45749,24,11.52,8667
FIN02081,SALE18316,CUST03436,Hero FinCorp,183000,33696,60,10.64,3946
FIN02082,SALE04318,CUST03810,ICICI Bank,176000,44914,24,8.83,8027
FIN02083,SALE07960,CUST03201,ICICI Bank,127000,44580,24,9.96,5858
FIN02084,SALE00248,CUST01595,ICICI Bank,146000,50707,36,10.6,4752
FIN02085,SALE15646,CUST00148,Cholamandalam Finance,168000,52590,24,10.63,7801
FIN02086,SALE11054,CUST03533,TVS Credit,202000,70215,36,12.29,6737
FIN02087,SALE03040,CUST03117,SBI Auto Loans,166000,63475,36,11.58,5480
FIN02088,SALE17922,CUST02753,ICICI Bank,183000,50766,24,8.51,8319
FIN02089,SALE06966,CUST04190,SBI Auto Loans,167000,64982,36,10.88,5458
FIN02090,SALE07064,CUST00504,Bajaj Finance,248000,95084,24,11.49,11615
FIN02091,SALE12627,CUST01497,Bajaj Finance,150000,46217,36,11.27,4930
FIN02092,SALE18158,CUST00136,HDFC Bank,186000,48839,60,11.84,4122
FIN02093,SALE07400,CUST01964,Bajaj Finance,160000,58283,36,11.55,5280
FIN02094,SALE19895,CUST02738,HDFC Bank,186000,49614,60,11.61,4101
FIN02095,SALE02335,CUST02017,Bajaj Finance,160000,32657,60,12.35,3587
FIN02096,SALE13336,CUST00856,TVS Credit,181000,44855,36,10.58,5890
FIN02097,SALE19610,CUST00523,Bajaj Finance,197000,37570,24,9.31,9028
FIN02098,SALE14525,CUST01446,Cholamandalam Finance,271000,86919,36,9.78,8716
FIN02099,SALE10961,CUST00651,HDFC Bank,164000,56769,48,8.95,4077
FIN02100,SALE09417,CUST02878,SBI Auto Loans,142000,57064,36,12.03,4718
FIN02101,SALE08779,CUST00147,SBI Auto Loans,164000,54535,36,9.63,5263
FIN02102,SALE17457,CUST03644,ICICI Bank,173000,40554,12,10.72,15267
FIN02103,SALE04922,CUST01622,TVS Credit,171000,47354,36,11.45,5635
FIN02104,SALE04771,CUST04677,Bajaj Finance,166000,55239,24,10.69,7713
FIN02105,SALE13923,CUST03145,SBI Auto Loans,231000,94284,48,9.87,5844
FIN02106,SALE17167,CUST04879,ICICI Bank,141000,58111,48,8.57,3480
FIN02107,SALE06623,CUST00921,TVS Credit,158000,62197,24,11.44,7396
FIN02108,SALE03301,CUST01610,HDFC Bank,185000,35726,24,11.51,8666
FIN02109,SALE02734,CUST00970,SBI Auto Loans,133000,34491,24,12.09,6266
FIN02110,SALE18255,CUST01553,Axis Bank,129000,41771,12,9.24,11296
FIN02111,SALE14557,CUST01305,HDFC Bank,306000,107971,24,11.02,14265
FIN02112,SALE06799,CUST01892,HDFC Bank,154000,43388,24,10.54,7145
FIN02113,SALE01920,CUST00879,Cholamandalam Finance,146000,51006,48,12.14,3855
FIN02114,SALE18366,CUST01143,SBI Auto Loans,142000,28897,36,11.41,4677
FIN02115,SALE08969,CUST01458,HDFC Bank,133000,39303,48,10.2,3386
FIN02116,SALE09971,CUST02634,Cholamandalam Finance,152000,36745,36,11.9,5041
FIN02117,SALE05155,CUST03866,Bajaj Finance,135000,32738,12,10.04,11871
FIN02118,SALE02652,CUST02846,HDFC Bank,165000,32339,24,11.3,7713
FIN02119,SALE05621,CUST03176,Bajaj Finance,123000,43735,24,9.24,5633
FIN02120,SALE10126,CUST01123,Axis Bank,176000,59226,24,10.73,8181
FIN02121,SALE11599,CUST02127,TVS Credit,200000,36515,36,12.15,6657
FIN02122,SALE00664,CUST00547,SBI Auto Loans,169000,66228,36,9.74,5433
FIN02123,SALE15865,CUST01762,ICICI Bank,221000,51007,36,8.96,7024
FIN02124,SALE03940,CUST04903,ICICI Bank,158000,59519,24,11.27,7384
FIN02125,SALE03156,CUST01812,ICICI Bank,173000,60837,24,12.23,8162
FIN02126,SALE08654,CUST04542,HDFC Bank,195000,42222,48,12.18,5152
FIN02127,SALE08361,CUST02390,HDFC Bank,244000,79068,24,12.47,11540
FIN02128,SALE19620,CUST04146,HDFC Bank,185000,45946,36,12.11,6154
FIN02129,SALE09150,CUST04279,Axis Bank,155000,44098,24,10.36,7178
FIN02130,SALE15903,CUST02156,TVS Credit,162000,67025,36,8.72,5130
FIN02131,SALE18675,CUST03631,Hero FinCorp,131000,34551,60,9.02,2721
FIN02132,SALE13401,CUST02200,Hero FinCorp,235000,89680,48,10.94,6067
FIN02133,SALE08407,CUST02819,HDFC Bank,120000,37961,48,10.99,3101
FIN02134,SALE18683,CUST03524,SBI Auto Loans,126000,46380,36,10.39,4089
FIN02135,SALE01119,CUST00220,HDFC Bank,275000,68637,48,11.11,7122
FIN02136,SALE19961,CUST04249,ICICI Bank,149000,61738,24,10.46,6907
FIN02137,SALE08705,CUST03474,ICICI Bank,177000,58158,24,12.25,8353
FIN02138,SALE09930,CUST00882,Bajaj Finance,236000,84716,36,10.6,7682
FIN02139,SALE17419,CUST02319,HDFC Bank,166000,32341,12,11.06,14676
FIN02140,SALE13020,CUST02526,ICICI Bank,132000,46463,48,12.18,3488
FIN02141,SALE06198,CUST04384,Bajaj Finance,175000,61501,36,12.0,5813
FIN02142,SALE13886,CUST02475,HDFC Bank,172000,48000,36,10.94,5626
FIN02143,SALE05470,CUST03420,ICICI Bank,177000,41896,60,12.21,3956
FIN02144,SALE13842,CUST02301,Hero FinCorp,226000,96299,36,9.37,7226
FIN02145,SALE11729,CUST01846,ICICI Bank,167000,47322,12,12.22,14855
FIN02146,SALE16772,CUST03330,HDFC Bank,136000,35033,36,9.41,4351
FIN02147,SALE16315,CUST01129,TVS Credit,148000,46156,24,12.38,6993
FIN02148,SALE09929,CUST01978,SBI Auto Loans,232000,91085,24,11.47,10864
FIN02149,SALE05545,CUST00720,Axis Bank,249000,84238,36,11.59,8222
FIN02150,SALE03638,CUST00068,ICICI Bank,198000,74659,36,11.52,6531
FIN02151,SALE02586,CUST04079,TVS Credit,201000,65025,36,10.94,6575
FIN02152,SALE06273,CUST03617,TVS Credit,312000,99582,36,10.72,10173
FIN02153,SALE03715,CUST02882,Bajaj Finance,129000,42495,24,12.23,6086
FIN02154,SALE12441,CUST01976,HDFC Bank,226000,43995,36,12.32,7541
FIN02155,SALE15019,CUST00351,Bajaj Finance,221000,48186,48,8.71,5469
FIN02156,SALE02713,CUST02024,HDFC Bank,177000,44016,48,10.49,4531
FIN02157,SALE06559,CUST02316,SBI Auto Loans,172000,58281,12,8.85,15030
FIN02158,SALE19326,CUST02057,Bajaj Finance,139000,55682,48,11.24,3609
FIN02159,SALE14362,CUST01319,SBI Auto Loans,128000,41100,48,11.14,3317
FIN02160,SALE01025,CUST04765,ICICI Bank,175000,53629,36,11.7,5787
FIN02161,SALE04290,CUST01655,Bajaj Finance,159000,36692,36,9.91,5124
FIN02162,SALE04259,CUST02550,SBI Auto Loans,131000,36216,12,10.97,11576
FIN02163,SALE09589,CUST01646,HDFC Bank,266000,54940,36,9.95,8577
FIN02164,SALE06701,CUST00229,HDFC Bank,163000,51311,36,11.35,5363
FIN02165,SALE09383,CUST01101,ICICI Bank,159000,58583,36,11.32,5230
FIN02166,SALE07450,CUST00232,HDFC Bank,152000,63834,24,10.57,7054
FIN02167,SALE01164,CUST02856,Axis Bank,190000,42904,36,9.94,6125
FIN02168,SALE14440,CUST02032,Hero FinCorp,141000,28820,36,11.94,4679
FIN02169,SALE01522,CUST00344,Cholamandalam Finance,149000,62394,36,10.19,4821
FIN02170,SALE05291,CUST00163,Bajaj Finance,130000,54709,48,11.42,3386
FIN02171,SALE10725,CUST04164,Axis Bank,162000,35206,36,8.57,5119
FIN02172,SALE10262,CUST02435,ICICI Bank,198000,36243,60,12.25,4429
FIN02173,SALE07789,CUST03636,Bajaj Finance,170000,49826,60,10.1,3620
FIN02174,SALE04384,CUST02858,HDFC Bank,128000,40552,36,10.32,4149
FIN02175,SALE15560,CUST02448,ICICI Bank,135000,32748,36,12.44,4512
FIN02176,SALE17280,CUST01080,HDFC Bank,161000,37420,24,11.79,7563
FIN02177,SALE05676,CUST02352,HDFC Bank,185000,35958,48,10.93,4775
FIN02178,SALE12920,CUST02091,ICICI Bank,173000,61396,36,10.97,5661
FIN02179,SALE18326,CUST01543,HDFC Bank,171000,63038,36,10.1,5526
FIN02180,SALE01065,CUST00059,HDFC Bank,154000,43791,48,11.79,4040
FIN02181,SALE10037,CUST01620,ICICI Bank,123000,41816,24,8.97,5618
FIN02182,SALE08695,CUST00588,HDFC Bank,184000,32857,24,10.51,8534
FIN02183,SALE01430,CUST03165,TVS Credit,263000,93279,36,11.31,8649
FIN02184,SALE15956,CUST02450,HDFC Bank,137000,32900,36,11.66,4528
FIN02185,SALE08475,CUST04512,ICICI Bank,258000,81251,36,10.28,8359
FIN02186,SALE19431,CUST02588,Hero FinCorp,138000,56529,36,11.79,4570
FIN02187,SALE01205,CUST01341,ICICI Bank,175000,58263,12,11.0,15467
FIN02188,SALE04263,CUST04457,ICICI Bank,173000,58338,36,8.5,5461
FIN02189,SALE12420,CUST01778,ICICI Bank,172000,46858,12,10.58,15168
FIN02190,SALE16598,CUST01355,ICICI Bank,271000,56240,24,11.92,12747
FIN02191,SALE16812,CUST04835,ICICI Bank,132000,30880,24,8.75,6015
FIN02192,SALE12352,CUST04604,TVS Credit,192000,38393,36,10.09,6203
FIN02193,SALE04192,CUST00239,TVS Credit,126000,36732,36,12.15,4194
FIN02194,SALE01581,CUST04586,Cholamandalam Finance,144000,47092,48,11.47,3755
FIN02195,SALE10677,CUST04183,HDFC Bank,138000,45101,36,10.77,4503
FIN02196,SALE19994,CUST04022,ICICI Bank,174000,45101,12,11.3,15403
FIN02197,SALE02639,CUST01813,HDFC Bank,240000,100681,36,11.0,7857
FIN02198,SALE19264,CUST02514,HDFC Bank,133000,38414,24,11.55,6233
FIN02199,SALE11164,CUST01751,SBI Auto Loans,175000,63784,36,8.72,5542
FIN02200,SALE18948,CUST02660,Bajaj Finance,122000,41289,12,9.43,10693
FIN02201,SALE10229,CUST00330,SBI Auto Loans,265000,98064,24,10.65,12308
FIN02202,SALE10947,CUST02478,HDFC Bank,183000,35271,36,9.47,5859
FIN02203,SALE19629,CUST00100,SBI Auto Loans,172000,61118,12,12.5,15322
FIN02204,SALE01398,CUST02892,SBI Auto Loans,166000,61528,24,10.62,7708
FIN02205,SALE18221,CUST04683,ICICI Bank,146000,25497,36,12.06,4853
FIN02206,SALE12634,CUST01530,Axis Bank,151000,42168,36,11.72,4995
FIN02207,SALE05737,CUST04579,ICICI Bank,287000,55132,36,10.86,9377
FIN02208,SALE02344,CUST00988,TVS Credit,161000,58548,24,9.47,7390
FIN02209,SALE08861,CUST04305,ICICI Bank,133000,36582,12,11.41,11780
FIN02210,SALE01133,CUST03586,Hero FinCorp,179000,54299,24,11.74,8404
FIN02211,SALE16062,CUST02218,Bajaj Finance,181000,46443,36,11.79,5994
FIN02212,SALE02645,CUST00735,HDFC Bank,121000,49783,24,12.04,5698
FIN02213,SALE05149,CUST03668,HDFC Bank,160000,62017,36,8.51,5052
FIN02214,SALE07994,CUST03835,Bajaj Finance,190000,44598,36,10.81,6203
FIN02215,SALE12100,CUST02774,Axis Bank,140000,32042,36,10.23,4533
FIN02216,SALE11155,CUST02019,TVS Credit,160000,38452,36,11.96,5311
FIN02217,SALE12448,CUST01044,SBI Auto Loans,161000,37111,60,12.27,3603
FIN02218,SALE05497,CUST03966,HDFC Bank,142000,27646,24,10.99,6618
FIN02219,SALE12878,CUST03223,ICICI Bank,150000,43970,24,8.51,6819
FIN02220,SALE03666,CUST04541,SBI Auto Loans,166000,55166,36,11.23,5453
FIN02221,SALE08074,CUST01609,Bajaj Finance,193000,35240,24,10.99,8994
FIN02222,SALE01457,CUST00598,ICICI Bank,186000,45470,12,9.57,16315
FIN02223,SALE17766,CUST04417,HDFC Bank,155000,55816,48,8.66,3832
FIN02224,SALE05734,CUST01995,Hero FinCorp,158000,60414,24,9.59,7261
FIN02225,SALE06376,CUST04267,SBI Auto Loans,162000,32051,24,9.65,7449
FIN02226,SALE02499,CUST01772,Bajaj Finance,159000,37064,36,10.21,5146
FIN02227,SALE17621,CUST04461,HDFC Bank,147000,49469,12,9.88,12915
FIN02228,SALE04754,CUST02120,Cholamandalam Finance,126000,43433,24,9.79,5802
FIN02229,SALE14187,CUST01105,ICICI Bank,121000,49106,36,11.88,4012
FIN02230,SALE11838,CUST00573,HDFC Bank,324000,82120,12,9.0,28334
FIN02231,SALE16709,CUST01148,Bajaj Finance,157000,63574,48,10.57,4025
FIN02232,SALE13350,CUST02539,ICICI Bank,147000,41698,36,9.25,4692
FIN02233,SALE06603,CUST01693,TVS Credit,138000,50576,36,11.05,4521
FIN02234,SALE00036,CUST04161,SBI Auto Loans,127000,41092,24,10.35,5881
FIN02235,SALE11175,CUST02018,HDFC Bank,188000,38183,60,10.01,3995
FIN02236,SALE01455,CUST03903,Bajaj Finance,155000,55194,24,12.43,7328
FIN02237,SALE00878,CUST04040,Bajaj Finance,171000,48864,60,10.09,3641
FIN02238,SALE00376,CUST00425,Bajaj Finance,240000,79496,48,8.83,5953
FIN02239,SALE10554,CUST01714,ICICI Bank,245000,95023,48,12.04,6457
FIN02240,SALE16284,CUST02747,ICICI Bank,159000,31980,36,11.4,5236
FIN02241,SALE18670,CUST02600,Bajaj Finance,272000,51735,24,11.24,12708
FIN02242,SALE10576,CUST02756,SBI Auto Loans,146000,61024,36,10.19,4724
FIN02243,SALE07017,CUST02762,Axis Bank,194000,38997,60,8.66,3995
FIN02244,SALE09040,CUST01004,SBI Auto Loans,123000,45763,36,10.65,4007
FIN02245,SALE14775,CUST03735,TVS Credit,174000,66221,36,11.1,5705
FIN02246,SALE03660,CUST01772,Bajaj Finance,151000,39648,24,10.79,7023
FIN02247,SALE01466,CUST04378,HDFC Bank,245000,97809,60,9.29,5120
FIN02248,SALE13136,CUST01169,Cholamandalam Finance,205000,69700,24,11.86,9637
FIN02249,SALE16263,CUST01115,TVS Credit,157000,41255,48,11.59,4103
FIN02250,SALE19315,CUST03413,HDFC Bank,147000,48623,36,9.02,4676
FIN02251,SALE18952,CUST00371,ICICI Bank,335000,77255,36,10.5,10888
FIN02252,SALE07043,CUST01226,HDFC Bank,347000,70542,12,9.9,30491
FIN02253,SALE13914,CUST04959,Bajaj Finance,161000,37733,36,10.9,5263
FIN02254,SALE05128,CUST01831,SBI Auto Loans,120000,50215,36,9.69,3855
FIN02255,SALE13763,CUST03217,ICICI Bank,165000,54285,24,12.49,7805
FIN02256,SALE19308,CUST03562,HDFC Bank,120000,49342,36,11.06,3932
FIN02257,SALE15082,CUST00310,HDFC Bank,124000,34387,36,11.85,4110
FIN02258,SALE11857,CUST04532,SBI Auto Loans,198000,72100,36,10.6,6445
FIN02259,SALE15238,CUST00388,HDFC Bank,158000,37578,36,9.94,5094
FIN02260,SALE07167,CUST02096,ICICI Bank,138000,34059,12,8.68,12048
FIN02261,SALE18205,CUST03852,ICICI Bank,165000,55684,36,10.55,5367
FIN02262,SALE12287,CUST01947,HDFC Bank,133000,32522,24,10.09,6143
FIN02263,SALE15035,CUST01091,TVS Credit,259000,102359,24,11.55,12138
FIN02264,SALE18661,CUST02174,Bajaj Finance,122000,50164,48,12.47,3241
FIN02265,SALE13703,CUST01639,HDFC Bank,177000,54823,36,12.08,5886
FIN02266,SALE15015,CUST01814,Bajaj Finance,124000,46922,12,10.1,10907
FIN02267,SALE01194,CUST04852,SBI Auto Loans,127000,43326,36,10.37,4120
FIN02268,SALE04841,CUST01657,ICICI Bank,230000,43197,48,11.21,5968
FIN02269,SALE09284,CUST03202,ICICI Bank,242000,78056,36,10.47,7862
FIN02270,SALE17452,CUST04050,SBI Auto Loans,299000,106398,36,9.47,9574
FIN02271,SALE13999,CUST03550,HDFC Bank,242000,80079,36,12.22,8063
FIN02272,SALE07521,CUST01051,Axis Bank,167000,61810,24,11.29,7806
FIN02273,SALE18947,CUST03724,SBI Auto Loans,118000,46482,48,11.34,3069
FIN02274,SALE13981,CUST02766,ICICI Bank,283000,81211,24,12.25,13355
FIN02275,SALE12066,CUST03027,HDFC Bank,185000,34662,48,9.79,4673
FIN02276,SALE11967,CUST02251,TVS Credit,127000,42941,36,10.26,4113
FIN02277,SALE16267,CUST00905,Hero FinCorp,170000,64355,36,8.53,5369
FIN02278,SALE14969,CUST01126,ICICI Bank,139000,32398,48,12.1,3667
FIN02279,SALE07798,CUST04415,HDFC Bank,133000,36767,24,11.52,6231
FIN02280,SALE19376,CUST00713,Hero FinCorp,122000,45393,36,11.56,4027
FIN02281,SALE17725,CUST01676,HDFC Bank,296000,115458,12,8.63,25835
FIN02282,SALE05471,CUST02827,Bajaj Finance,261000,66196,24,10.23,12072
FIN02283,SALE00145,CUST03345,ICICI Bank,299000,115792,36,11.64,9880
FIN02284,SALE07471,CUST01282,SBI Auto Loans,163000,53335,12,11.84,14470
FIN02285,SALE00635,CUST02924,Cholamandalam Finance,198000,38444,36,9.18,6313
FIN02286,SALE19918,CUST01432,HDFC Bank,344000,72198,36,12.1,11442
FIN02287,SALE12486,CUST01355,HDFC Bank,162000,57998,36,11.67,5355
FIN02288,SALE14449,CUST03983,ICICI Bank,129000,42760,48,12.16,3407
FIN02289,SALE03591,CUST02065,ICICI Bank,142000,29186,48,10.46,3633
FIN02290,SALE07432,CUST02569,HDFC Bank,140000,26634,48,12.05,3690
FIN02291,SALE16419,CUST02877,HDFC Bank,229000,96394,48,10.29,5840
FIN02292,SALE19284,CUST04680,HDFC Bank,177000,40657,60,9.16,3688
FIN02293,SALE15249,CUST01436,Axis Bank,230000,92890,36,11.21,7553
FIN02294,SALE07214,CUST00061,TVS Credit,302000,113086,36,12.23,10064
FIN02295,SALE08179,CUST03117,SBI Auto Loans,306000,58478,24,11.25,14298
FIN02296,SALE09242,CUST03417,Axis Bank,204000,66833,60,11.23,4459
FIN02297,SALE01771,CUST03136,Hero FinCorp,121000,49699,36,10.01,3905
FIN02298,SALE04532,CUST02485,TVS Credit,132000,39783,12,12.48,11758
FIN02299,SALE07796,CUST01105,Bajaj Finance,268000,95580,24,9.28,12278
FIN02300,SALE11152,CUST02838,ICICI Bank,138000,54876,36,8.97,4386
FIN02301,SALE03667,CUST02234,SBI Auto Loans,161000,59120,36,12.31,5371
FIN02302,SALE10356,CUST01753,Cholamandalam Finance,155000,58349,36,11.23,5091
FIN02303,SALE10567,CUST01107,HDFC Bank,156000,42706,24,10.61,7243
FIN02304,SALE02065,CUST00318,ICICI Bank,171000,49229,24,9.33,7838
FIN02305,SALE14813,CUST01843,HDFC Bank,181000,53614,36,11.19,5942
FIN02306,SALE04969,CUST03665,HDFC Bank,118000,49878,36,12.04,3922
FIN02307,SALE08637,CUST04359,Bajaj Finance,161000,68394,36,10.47,5231
FIN02308,SALE09586,CUST04368,ICICI Bank,229000,97058,36,9.16,7299
FIN02309,SALE10330,CUST03327,ICICI Bank,343000,68047,24,9.59,15763
FIN02310,SALE17209,CUST03620,SBI Auto Loans,157000,37923,12,11.49,13912
FIN02311,SALE04265,CUST00624,SBI Auto Loans,159000,32131,36,9.88,5122
FIN02312,SALE09093,CUST01341,HDFC Bank,123000,48405,48,9.21,3073
FIN02313,SALE01056,CUST03239,Bajaj Finance,260000,55056,24,11.74,12208
FIN02314,SALE01807,CUST02400,TVS Credit,144000,25458,36,11.45,4745
FIN02315,SALE05688,CUST02036,SBI Auto Loans,130000,42154,24,11.49,6089
FIN02316,SALE06564,CUST00325,TVS Credit,177000,56622,48,10.02,4491
FIN02317,SALE19568,CUST00600,Axis Bank,167000,68335,36,12.06,5552
FIN02318,SALE12935,CUST01864,Bajaj Finance,179000,49596,24,10.21,8277
FIN02319,SALE04752,CUST00189,SBI Auto Loans,126000,44951,36,9.01,4007
FIN02320,SALE15325,CUST03255,ICICI Bank,136000,32229,36,11.15,4462
FIN02321,SALE02452,CUST04626,SBI Auto Loans,154000,64239,36,11.78,5099
FIN02322,SALE02784,CUST04350,HDFC Bank,240000,84557,24,10.8,11164
FIN02323,SALE18652,CUST00070,Axis Bank,317000,82325,48,10.88,8175
FIN02324,SALE14436,CUST00265,Bajaj Finance,160000,38799,24,11.02,7459
FIN02325,SALE02183,CUST03427,TVS Credit,285000,60585,60,11.33,6244
FIN02326,SALE10416,CUST02517,HDFC Bank,175000,44722,36,10.51,5689
FIN02327,SALE18882,CUST03044,Bajaj Finance,148000,51084,12,11.11,13088
FIN02328,SALE01683,CUST03627,HDFC Bank,228000,42250,24,10.24,10546
FIN02329,SALE17611,CUST00605,Cholamandalam Finance,166000,64514,24,11.18,7751
FIN02330,SALE17963,CUST00993,Bajaj Finance,261000,61881,36,11.5,8607
FIN02331,SALE15506,CUST02103,HDFC Bank,187000,47848,24,10.21,8647
FIN02332,SALE04947,CUST01256,ICICI Bank,184000,37764,24,9.34,8435
FIN02333,SALE10319,CUST02133,ICICI Bank,262000,81585,48,9.48,6580
FIN02334,SALE16636,CUST00631,Bajaj Finance,143000,27304,24,8.73,6515
FIN02335,SALE13122,CUST01818,TVS Credit,139000,25417,24,10.13,6422
FIN02336,SALE06058,CUST04634,HDFC Bank,264000,98269,24,8.76,12032
FIN02337,SALE03976,CUST02425,HDFC Bank,120000,49980,48,12.43,3185
FIN02338,SALE12243,CUST00134,HDFC Bank,293000,58943,48,11.7,7673
FIN02339,SALE19395,CUST03308,Axis Bank,155000,64703,36,11.2,5089
FIN02340,SALE14142,CUST04470,Bajaj Finance,142000,46192,36,10.19,4595
FIN02341,SALE10303,CUST00894,ICICI Bank,168000,40808,48,10.04,4264
FIN02342,SALE10142,CUST03836,HDFC Bank,162000,33983,36,9.69,5204
FIN02343,SALE02000,CUST00180,Hero FinCorp,176000,43865,12,10.29,15497
FIN02344,SALE10079,CUST01586,ICICI Bank,163000,32694,36,8.52,5147
FIN02345,SALE19410,CUST01341,HDFC Bank,141000,30589,24,9.78,6492
FIN02346,SALE02984,CUST04436,HDFC Bank,176000,53634,36,12.46,5884
FIN02347,SALE00784,CUST02134,TVS Credit,130000,39354,36,11.14,4265
FIN02348,SALE11533,CUST03374,TVS Credit,174000,45484,36,11.34,5725
FIN02349,SALE01381,CUST02010,TVS Credit,160000,59394,24,9.95,7379
FIN02350,SALE14877,CUST04232,Cholamandalam Finance,254000,67637,36,10.17,8216
FIN02351,SALE15182,CUST03689,TVS Credit,233000,87720,12,9.79,20462
FIN02352,SALE02540,CUST00239,ICICI Bank,133000,38246,48,11.94,3498
FIN02353,SALE15086,CUST02459,HDFC Bank,145000,52870,36,10.88,4739
FIN02354,SALE16253,CUST03225,Hero FinCorp,179000,42758,12,8.64,15624
FIN02355,SALE11129,CUST00893,SBI Auto Loans,268000,95325,36,10.37,8694
FIN02356,SALE17224,CUST00574,TVS Credit,234000,88763,48,10.14,5951
FIN02357,SALE09552,CUST04343,Bajaj Finance,127000,39398,36,12.09,4224
FIN02358,SALE11169,CUST04266,Bajaj Finance,131000,38977,48,10.42,3349
FIN02359,SALE15138,CUST04885,Axis Bank,195000,37413,48,9.65,4913
FIN02360,SALE09597,CUST03528,SBI Auto Loans,154000,64978,36,8.78,4881
FIN02361,SALE16733,CUST02466,TVS Credit,187000,48190,24,12.2,8820
FIN02362,SALE19963,CUST03424,Bajaj Finance,292000,55626,24,9.67,13430
FIN02363,SALE01838,CUST02671,SBI Auto Loans,228000,95286,36,10.56,7417
FIN02364,SALE03187,CUST01088,Bajaj Finance,174000,45543,48,10.75,4476
FIN02365,SALE16119,CUST03082,ICICI Bank,125000,46644,12,11.09,11053
FIN02366,SALE17195,CUST03299,ICICI Bank,186000,33511,36,11.23,6110
FIN02367,SALE03797,CUST02989,Bajaj Finance,207000,65727,36,12.45,6920
FIN02368,SALE00003,CUST04598,Bajaj Finance,197000,37516,24,12.35,9306
FIN02369,SALE03603,CUST02927,ICICI Bank,258000,63997,36,9.6,8277
FIN02370,SALE11194,CUST02358,HDFC Bank,142000,48837,36,9.35,4539
FIN02371,SALE09765,CUST01592,TVS Credit,205000,65102,36,11.69,6779
FIN02372,SALE11240,CUST02275,ICICI Bank,155000,43784,36,8.83,4917
FIN02373,SALE16601,CUST03859,HDFC Bank,167000,30578,24,11.53,7825
FIN02374,SALE05757,CUST01236,HDFC Bank,191000,41775,12,9.06,16709
FIN02375,SALE03531,CUST04290,TVS Credit,120000,49416,36,8.8,3805
FIN02376,SALE17785,CUST02527,Cholamandalam Finance,181000,37330,24,10.16,8366
FIN02377,SALE18541,CUST03746,Cholamandalam Finance,169000,47591,24,10.22,7816
FIN02378,SALE13223,CUST03791,HDFC Bank,170000,44827,36,9.09,5413
FIN02379,SALE10070,CUST01442,HDFC Bank,165000,31281,60,9.24,3444
FIN02380,SALE12319,CUST02980,HDFC Bank,179000,56744,24,9.3,8202
FIN02381,SALE16078,CUST03473,SBI Auto Loans,290000,63430,48,10.41,7412
FIN02382,SALE15174,CUST02591,HDFC Bank,181000,39382,36,8.71,5731
FIN02383,SALE11998,CUST00344,ICICI Bank,137000,33356,12,9.54,12015
FIN02384,SALE17596,CUST01816,TVS Credit,163000,55962,12,10.61,14377
FIN02385,SALE13014,CUST03226,SBI Auto Loans,143000,54466,48,10.41,3655
FIN02386,SALE10820,CUST00313,ICICI Bank,193000,38612,36,11.1,6328
FIN02387,SALE13910,CUST04923,ICICI Bank,155000,59049,48,11.57,4049
FIN02388,SALE03524,CUST00040,HDFC Bank,159000,38995,36,10.63,5178
FIN02389,SALE17441,CUST04223,Hero FinCorp,141000,29279,48,9.48,3541
FIN02390,SALE16285,CUST04545,Cholamandalam Finance,121000,47601,36,8.68,3830
FIN02391,SALE02865,CUST00193,ICICI Bank,134000,34760,36,12.0,4451
FIN02392,SALE17833,CUST02054,ICICI Bank,123000,41065,12,8.63,10735
FIN02393,SALE01612,CUST04550,HDFC Bank,161000,36962,12,11.39,14259
FIN02394,SALE01752,CUST01854,Bajaj Finance,165000,29331,36,11.63,5451
FIN02395,SALE19461,CUST01246,Bajaj Finance,157000,54842,24,11.89,7382
FIN02396,SALE05110,CUST01792,HDFC Bank,182000,33729,36,9.84,5859
FIN02397,SALE10016,CUST03388,HDFC Bank,162000,57114,36,12.0,5381
FIN02398,SALE09059,CUST00739,TVS Credit,174000,59441,36,8.76,5514
FIN02399,SALE13650,CUST04908,HDFC Bank,169000,44232,24,10.91,7870
FIN02400,SALE09521,CUST02870,Bajaj Finance,155000,54955,12,10.19,13641
FIN02401,SALE10171,CUST03987,SBI Auto Loans,163000,58536,36,12.04,5417
FIN02402,SALE19394,CUST03777,Axis Bank,252000,72705,36,10.52,8193
FIN02403,SALE09848,CUST02443,SBI Auto Loans,146000,50610,24,11.16,6816
FIN02404,SALE09397,CUST02547,Bajaj Finance,290000,55587,36,10.69,9452
FIN02405,SALE18382,CUST04712,SBI Auto Loans,165000,34328,60,12.29,3695
FIN02406,SALE10641,CUST04318,TVS Credit,170000,63282,24,12.38,8033
FIN02407,SALE03958,CUST01360,HDFC Bank,135000,54050,24,12.25,6371
FIN02408,SALE04521,CUST02894,TVS Credit,191000,42339,24,12.26,9014
FIN02409,SALE02071,CUST02116,ICICI Bank,173000,63397,36,11.96,5743
FIN02410,SALE04525,CUST00459,HDFC Bank,172000,49714,36,11.45,5668
FIN02411,SALE10001,CUST03213,TVS Credit,176000,41018,36,9.69,5653
FIN02412,SALE07835,CUST03385,HDFC Bank,272000,74348,36,9.06,8657
FIN02413,SALE15072,CUST00260,SBI Auto Loans,181000,35074,36,10.24,5861
FIN02414,SALE03862,CUST04511,SBI Auto Loans,139000,30927,48,12.36,3685
FIN02415,SALE04727,CUST02551,ICICI Bank,165000,54359,36,8.95,5243
FIN02416,SALE11203,CUST02452,ICICI Bank,155000,61442,36,9.03,4931
FIN02417,SALE00384,CUST00220,Bajaj Finance,143000,26629,24,10.96,6662
FIN02418,SALE09360,CUST01984,SBI Auto Loans,250000,68527,48,11.1,6474
FIN02419,SALE04231,CUST03543,Bajaj Finance,137000,32943,36,8.88,4349
FIN02420,SALE15900,CUST01672,Bajaj Finance,120000,49403,36,8.59,3793
FIN02421,SALE03916,CUST00451,Bajaj Finance,155000,34442,24,10.63,7198
FIN02422,SALE02069,CUST00950,HDFC Bank,264000,61789,24,11.14,12322
FIN02423,SALE12195,CUST04496,Bajaj Finance,254000,64759,24,9.95,11715
FIN02424,SALE04932,CUST04142,Hero FinCorp,152000,63224,36,12.49,5084
FIN02425,SALE16645,CUST00292,HDFC Bank,160000,56825,24,10.19,7397
FIN02426,SALE13537,CUST03464,Bajaj Finance,188000,44045,60,12.48,4228
FIN02427,SALE14009,CUST02922,Bajaj Finance,121000,48632,36,10.47,3931
FIN02428,SALE14541,CUST03767,HDFC Bank,130000,35039,12,9.18,11380
FIN02429,SALE12207,CUST02482,Bajaj Finance,174000,59519,12,12.27,15482
FIN02430,SALE17888,CUST02307,ICICI Bank,122000,47657,36,11.22,4007
FIN02431,SALE14564,CUST01861,TVS Credit,142000,55063,36,8.84,4505
FIN02432,SALE06383,CUST04124,HDFC Bank,167000,49506,24,9.24,7648
FIN02433,SALE05993,CUST04501,ICICI Bank,120000,51226,12,8.56,10470
FIN02434,SALE07959,CUST01124,HDFC Bank,231000,89544,48,10.07,5867
FIN02435,SALE14300,CUST00845,HDFC Bank,289000,75173,12,10.45,25468
FIN02436,SALE01829,CUST00465,SBI Auto Loans,119000,50241,24,10.17,5501
FIN02437,SALE05865,CUST01156,Axis Bank,141000,58017,48,8.56,3479
FIN02438,SALE01586,CUST00852,Bajaj Finance,181000,49572,36,11.59,5976
FIN02439,SALE09978,CUST01685,SBI Auto Loans,276000,51490,60,8.8,5703
FIN02440,SALE13627,CUST02491,Bajaj Finance,143000,56307,36,11.55,4719
FIN02441,SALE12172,CUST04240,HDFC Bank,169000,65345,36,12.39,5645
FIN02442,SALE07964,CUST03737,HDFC Bank,177000,59112,60,11.6,3902
FIN02443,SALE01964,CUST03047,Cholamandalam Finance,147000,49086,36,12.23,4899
FIN02444,SALE04135,CUST03268,TVS Credit,157000,65958,36,10.66,5115
FIN02445,SALE08578,CUST02113,SBI Auto Loans,322000,88627,24,9.78,14826
FIN02446,SALE00776,CUST03407,ICICI Bank,260000,83143,36,9.2,8292
FIN02447,SALE15565,CUST01497,Hero FinCorp,160000,66307,24,8.58,7279
FIN02448,SALE17101,CUST02062,TVS Credit,143000,27067,24,11.91,6725
FIN02449,SALE09884,CUST01176,HDFC Bank,139000,32543,24,9.61,6389
FIN02450,SALE09342,CUST03325,HDFC Bank,166000,53079,48,10.74,4269
FIN02451,SALE11629,CUST03635,SBI Auto Loans,188000,46974,12,10.01,16529
FIN02452,SALE07366,CUST02152,ICICI Bank,166000,50218,36,9.1,5286
FIN02453,SALE15420,CUST00775,HDFC Bank,155000,37793,36,9.07,4934
FIN02454,SALE10940,CUST00677,Cholamandalam Finance,337000,76731,24,12.41,15928
FIN02455,SALE18135,CUST04513,Axis Bank,158000,39949,60,9.87,3347
FIN02456,SALE00689,CUST00199,SBI Auto Loans,182000,40488,24,11.68,8540
FIN02457,SALE03390,CUST02334,TVS Credit,123000,47121,36,11.28,4043
FIN02458,SALE12692,CUST02196,Bajaj Finance,169000,50710,48,10.82,4353
FIN02459,SALE16052,CUST00157,HDFC Bank,187000,34876,48,8.91,4646
FIN02460,SALE06213,CUST04381,Bajaj Finance,161000,33921,24,12.33,7604
FIN02461,SALE00178,CUST02965,HDFC Bank,155000,63203,36,9.63,4975
FIN02462,SALE14393,CUST01917,HDFC Bank,147000,50636,24,11.67,6897
FIN02463,SALE11617,CUST00115,ICICI Bank,181000,32713,48,9.34,4533
FIN02464,SALE05872,CUST03033,Hero FinCorp,185000,33924,60,12.09,4124
FIN02465,SALE03905,CUST01936,HDFC Bank,156000,42154,24,12.31,7366
FIN02466,SALE03874,CUST04679,Bajaj Finance,147000,52065,24,10.2,6797
FIN02467,SALE13073,CUST01184,HDFC Bank,160000,55368,48,10.25,4077
FIN02468,SALE07358,CUST02743,HDFC Bank,162000,59030,36,12.08,5387
FIN02469,SALE01152,CUST02035,ICICI Bank,162000,50194,12,11.54,14359
FIN02470,SALE07929,CUST01886,SBI Auto Loans,171000,49420,36,8.64,5409
FIN02471,SALE03891,CUST03789,SBI Auto Loans,190000,36157,60,12.24,4250
FIN02472,SALE02341,CUST02721,Axis Bank,166000,51244,36,9.37,5307
FIN02473,SALE12681,CUST03491,Bajaj Finance,153000,43547,12,11.65,13569
FIN02474,SALE13773,CUST00074,TVS Credit,161000,30904,36,12.33,5373
FIN02475,SALE15396,CUST03563,SBI Auto Loans,153000,43634,36,9.74,4918
FIN02476,SALE02553,CUST02308,ICICI Bank,165000,68638,24,8.57,7505
FIN02477,SALE15748,CUST02939,Bajaj Finance,198000,35375,36,12.05,6581
FIN02478,SALE09841,CUST01383,Axis Bank,246000,100128,36,8.55,7771
FIN02479,SALE16488,CUST02241,HDFC Bank,181000,32761,24,8.54,8231
FIN02480,SALE07374,CUST00673,ICICI Bank,181000,49497,36,9.65,5811
FIN02481,SALE12662,CUST02382,Bajaj Finance,179000,54083,36,10.6,5826
FIN02482,SALE10908,CUST02482,Bajaj Finance,185000,49130,36,12.11,6154
FIN02483,SALE10890,CUST02832,TVS Credit,177000,41679,48,11.99,4660
FIN02484,SALE07565,CUST01562,Bajaj Finance,129000,36554,36,8.78,4089
FIN02485,SALE05989,CUST03602,Bajaj Finance,143000,53635,60,9.43,2998
FIN02486,SALE18069,CUST01324,Bajaj Finance,128000,42275,12,8.77,11180
FIN02487,SALE12331,CUST03493,Axis Bank,257000,69045,36,9.48,8230
FIN02488,SALE09756,CUST01071,Bajaj Finance,123000,38659,36,9.72,3953
FIN02489,SALE13440,CUST03679,Cholamandalam Finance,332000,84848,36,11.57,10959
FIN02490,SALE00589,CUST04720,HDFC Bank,157000,59694,36,10.79,5124
FIN02491,SALE12535,CUST04351,SBI Auto Loans,141000,44731,48,11.4,3672
FIN02492,SALE09761,CUST04473,ICICI Bank,157000,41176,36,12.32,5239
FIN02493,SALE05792,CUST01609,SBI Auto Loans,143000,55855,36,10.87,4673
FIN02494,SALE04605,CUST00887,Hero FinCorp,140000,57428,36,11.47,4615
FIN02495,SALE12098,CUST00982,TVS Credit,187000,47877,36,11.39,6157
FIN02496,SALE08452,CUST02353,ICICI Bank,140000,29722,36,12.3,4670
FIN02497,SALE02528,CUST00787,Cholamandalam Finance,268000,54056,24,9.27,12277
FIN02498,SALE14280,CUST02900,Cholamandalam Finance,179000,50919,36,11.74,5923
FIN02499,SALE07755,CUST00500,TVS Credit,159000,59242,24,10.26,7356
FIN02500,SALE15776,CUST02095,TVS Credit,179000,34721,24,10.57,8307
FIN02501,SALE15053,CUST02146,ICICI Bank,174000,62495,24,10.41,8062
FIN02502,SALE18807,CUST01485,Hero FinCorp,145000,47024,24,10.35,6714
FIN02503,SALE13058,CUST01925,HDFC Bank,157000,62844,36,9.7,5044
FIN02504,SALE12654,CUST03526,ICICI Bank,128000,42134,48,11.64,3348
FIN02505,SALE14106,CUST03371,HDFC Bank,165000,51486,24,10.76,7672
FIN02506,SALE13701,CUST04724,ICICI Bank,192000,81225,36,11.24,6308
FIN02507,SALE05188,CUST03004,HDFC Bank,160000,37203,36,9.31,5111
FIN02508,SALE06338,CUST04584,ICICI Bank,123000,42894,36,9.03,3913
FIN02509,SALE17184,CUST01807,TVS Credit,199000,35678,36,12.29,6637
FIN02510,SALE07194,CUST04272,SBI Auto Loans,278000,84139,36,10.01,8972
FIN02511,SALE08552,CUST00997,HDFC Bank,175000,39058,36,10.22,5665
FIN02512,SALE17097,CUST01628,Bajaj Finance,171000,48021,36,9.22,5455
FIN02513,SALE18877,CUST01912,Bajaj Finance,205000,63666,12,11.79,18194
FIN02514,SALE02638,CUST00564,ICICI Bank,133000,38472,36,11.63,4394
FIN02515,SALE03372,CUST02470,TVS Credit,178000,40667,24,10.26,8235
FIN02516,SALE19611,CUST03408,HDFC Bank,269000,77273,36,10.56,8751
FIN02517,SALE15152,CUST03313,TVS Credit,138000,32972,36,11.11,4525
FIN02518,SALE01961,CUST01993,HDFC Bank,149000,47361,24,12.37,7040
FIN02519,SALE07103,CUST03391,HDFC Bank,189000,45947,36,9.8,6081
FIN02520,SALE13854,CUST00257,HDFC Bank,265000,60132,24,8.92,12097
FIN02521,SALE15964,CUST04567,ICICI Bank,124000,45985,24,10.28,5738
FIN02522,SALE14218,CUST03947,SBI Auto Loans,252000,87447,24,9.13,11528
FIN02523,SALE17064,CUST04725,SBI Auto Loans,138000,34155,48,10.91,3561
FIN02524,SALE02119,CUST04363,HDFC Bank,120000,49454,36,9.18,3826
FIN02525,SALE06944,CUST04478,SBI Auto Loans,135000,33212,36,9.44,4321
FIN02526,SALE07376,CUST00656,SBI Auto Loans,150000,64498,36,11.17,4923
FIN02527,SALE13786,CUST03583,SBI Auto Loans,175000,58629,36,12.21,5830
FIN02528,SALE10523,CUST04085,Bajaj Finance,277000,80451,36,11.24,9100
FIN02529,SALE04982,CUST02248,SBI Auto Loans,126000,42780,48,8.85,3127
FIN02530,SALE01623,CUST03689,HDFC Bank,168000,63668,48,9.38,4211
FIN02531,SALE00558,CUST01721,ICICI Bank,299000,54378,36,10.38,9701
FIN02532,SALE09041,CUST02148,SBI Auto Loans,139000,57411,24,11.0,6478
FIN02533,SALE12275,CUST04757,TVS Credit,155000,57799,48,8.79,3842
FIN02534,SALE05932,CUST03187,SBI Auto Loans,163000,34270,12,12.34,14508
FIN02535,SALE09396,CUST01980,HDFC Bank,181000,34393,36,8.58,5720
FIN02536,SALE09196,CUST01380,SBI Auto Loans,170000,47006,24,12.0,8002
FIN02537,SALE14241,CUST03623,SBI Auto Loans,176000,59740,24,10.72,8180
FIN02538,SALE04580,CUST03559,ICICI Bank,242000,80400,24,12.23,11418
FIN02539,SALE16688,CUST01852,ICICI Bank,160000,55687,24,11.27,7477
FIN02540,SALE13030,CUST02596,Bajaj Finance,129000,30524,48,11.98,3396
FIN02541,SALE11880,CUST00983,ICICI Bank,160000,59150,60,11.11,3488
FIN02542,SALE03949,CUST01177,Axis Bank,162000,36893,36,11.4,5334
FIN02543,SALE08406,CUST04001,HDFC Bank,157000,61855,48,10.94,4053
FIN02544,SALE17030,CUST04214,ICICI Bank,124000,47261,36,9.41,3967
FIN02545,SALE09836,CUST03267,Axis Bank,162000,52439,36,11.65,5354
FIN02546,SALE04328,CUST04854,Axis Bank,182000,48496,24,11.89,8558
FIN02547,SALE16996,CUST00116,Bajaj Finance,153000,44741,12,10.4,13480
FIN02548,SALE18540,CUST04133,ICICI Bank,179000,38748,12,8.57,15618
FIN02549,SALE19705,CUST00229,HDFC Bank,157000,62300,24,8.81,7159
FIN02550,SALE02793,CUST03784,SBI Auto Loans,158000,54631,48,11.73,4140
FIN02551,SALE19499,CUST02043,Bajaj Finance,181000,47236,36,9.44,5793
FIN02552,SALE17527,CUST03141,SBI Auto Loans,139000,30220,36,8.85,4410
FIN02553,SALE00643,CUST02228,HDFC Bank,120000,49950,36,9.32,3834
FIN02554,SALE02545,CUST00297,ICICI Bank,187000,50839,24,11.76,8782
FIN02555,SALE00060,CUST04489,Cholamandalam Finance,168000,47523,48,11.55,4387
FIN02556,SALE00271,CUST04451,HDFC Bank,171000,63021,36,9.96,5514
FIN02557,SALE04466,CUST02522,HDFC Bank,146000,62108,36,10.08,4716
FIN02558,SALE08143,CUST04213,Bajaj Finance,155000,41176,36,11.07,5080
FIN02559,SALE09178,CUST02240,SBI Auto Loans,166000,66918,48,12.32,4398
FIN02560,SALE14185,CUST01292,Cholamandalam Finance,175000,46445,24,9.11,8004
FIN02561,SALE08655,CUST03146,HDFC Bank,288000,56439,36,11.63,9515
FIN02562,SALE18530,CUST04547,HDFC Bank,141000,25837,36,12.22,4698
FIN02563,SALE15474,CUST00174,Bajaj Finance,179000,39196,48,10.98,4625
FIN02564,SALE12582,CUST02684,SBI Auto Loans,281000,67070,48,10.1,7140
FIN02565,SALE02240,CUST02999,Bajaj Finance,124000,45701,36,11.71,4101
FIN02566,SALE11356,CUST03065,HDFC Bank,145000,26842,48,9.69,3656
FIN02567,SALE17804,CUST02789,Bajaj Finance,145000,50579,36,9.42,4639
FIN02568,SALE09583,CUST04924,SBI Auto Loans,165000,69832,36,10.98,5400
FIN02569,SALE12800,CUST03760,TVS Credit,268000,97360,36,11.73,8867
FIN02570,SALE05660,CUST00255,HDFC Bank,129000,33179,48,12.11,3404
FIN02571,SALE16245,CUST03668,SBI Auto Loans,260000,57425,12,11.49,23039
FIN02572,SALE03124,CUST04853,SBI Auto Loans,222000,48207,36,10.14,7178
FIN02573,SALE14703,CUST04399,Axis Bank,330000,76604,36,9.76,10611
FIN02574,SALE00892,CUST00791,HDFC Bank,144000,27397,36,12.48,4816
FIN02575,SALE08728,CUST02131,TVS Credit,188000,45505,48,9.81,4751
FIN02576,SALE04534,CUST00250,Cholamandalam Finance,197000,38598,60,11.0,4283
FIN02577,SALE13979,CUST01396,HDFC Bank,273000,72467,36,9.44,8737
FIN02578,SALE11841,CUST04334,HDFC Bank,173000,47009,48,9.07,4311
FIN02579,SALE12194,CUST00580,Hero FinCorp,121000,42651,36,9.07,3852
FIN02580,SALE17736,CUST00202,Bajaj Finance,170000,49825,48,11.03,4396
FIN02581,SALE04764,CUST02219,TVS Credit,159000,61816,24,10.18,7350
FIN02582,SALE13482,CUST01323,HDFC Bank,185000,36354,12,9.36,16209
FIN02583,SALE06285,CUST01402,Bajaj Finance,165000,50135,48,11.63,4315
FIN02584,SALE01717,CUST03073,SBI Auto Loans,190000,43428,24,11.44,8894
FIN02585,SALE02117,CUST01635,ICICI Bank,175000,58553,24,11.0,8156
FIN02586,SALE18908,CUST01557,TVS Credit,262000,61508,36,12.46,8760
FIN02587,SALE03657,CUST00693,HDFC Bank,183000,52492,36,9.25,5841
FIN02588,SALE10527,CUST03307,ICICI Bank,170000,63733,36,10.22,5503
FIN02589,SALE09307,CUST02711,Axis Bank,166000,66958,60,9.11,3455
FIN02590,SALE07503,CUST00981,HDFC Bank,143000,55046,36,11.59,4722
FIN02591,SALE08153,CUST02659,Bajaj Finance,122000,49452,24,11.33,5705
FIN02592,SALE14491,CUST01905,Bajaj Finance,164000,46477,48,9.79,4143
FIN02593,SALE06819,CUST00104,HDFC Bank,179000,54865,36,8.63,5661
FIN02594,SALE06314,CUST02703,HDFC Bank,157000,59839,36,11.13,5150
FIN02595,SALE01863,CUST01991,Bajaj Finance,165000,29877,48,11.05,4269
FIN02596,SALE09939,CUST00082,HDFC Bank,207000,63952,48,10.02,5252
FIN02597,SALE18701,CUST03683,Hero FinCorp,126000,44935,24,8.59,5733
FIN02598,SALE04586,CUST04842,Bajaj Finance,252000,71215,36,10.76,8222
FIN02599,SALE09776,CUST04225,Hero FinCorp,168000,64212,24,9.23,7693
FIN02600,SALE05829,CUST03360,HDFC Bank,176000,59687,12,9.97,15471
FIN02601,SALE12313,CUST03245,HDFC Bank,162000,36127,36,8.87,5142
FIN02602,SALE06447,CUST02512,SBI Auto Loans,162000,29593,12,8.59,14136
FIN02603,SALE02484,CUST04440,Axis Bank,185000,36270,48,8.76,4583
FIN02604,SALE02560,CUST00065,SBI Auto Loans,272000,70920,48,9.66,6854
FIN02605,SALE01102,CUST02507,ICICI Bank,154000,37938,36,11.28,5062
FIN02606,SALE07696,CUST02479,HDFC Bank,116000,48007,36,10.8,3787
FIN02607,SALE02600,CUST02609,Hero FinCorp,228000,89810,36,8.62,7210
FIN02608,SALE13720,CUST00906,ICICI Bank,336000,69166,24,9.72,15461
FIN02609,SALE00486,CUST01449,HDFC Bank,150000,48696,24,11.15,7002
FIN02610,SALE05318,CUST03139,SBI Auto Loans,165000,56715,36,9.66,5298
FIN02611,SALE16755,CUST02029,SBI Auto Loans,239000,83338,36,9.6,7667
FIN02612,SALE08020,CUST03686,Axis Bank,155000,66184,24,12.22,7312
FIN02613,SALE08112,CUST01367,HDFC Bank,168000,52506,24,9.07,7680
FIN02614,SALE19540,CUST02154,Cholamandalam Finance,123000,42314,24,11.05,5736
FIN02615,SALE14536,CUST04505,ICICI Bank,120000,44406,24,9.96,5535
FIN02616,SALE15826,CUST03155,Bajaj Finance,166000,47167,24,9.13,7594
FIN02617,SALE14670,CUST01972,TVS Credit,155000,43242,48,11.59,4051
FIN02618,SALE01651,CUST01412,ICICI Bank,121000,49640,12,12.13,10758
FIN02619,SALE16462,CUST00928,SBI Auto Loans,121000,42863,36,11.96,4017
FIN02620,SALE09327,CUST03984,ICICI Bank,140000,56779,36,11.68,4629
FIN02621,SALE18955,CUST03720,Hero FinCorp,313000,101764,48,8.75,7752
FIN02622,SALE05209,CUST01632,SBI Auto Loans,157000,60403,36,10.92,5134
FIN02623,SALE00265,CUST04808,HDFC Bank,180000,53294,36,12.1,5987
FIN02624,SALE09152,CUST00507,Bajaj Finance,156000,64390,48,11.01,4033
FIN02625,SALE17180,CUST01565,Bajaj Finance,200000,59037,36,8.77,6339
FIN02626,SALE17523,CUST00992,ICICI Bank,163000,47311,36,10.15,5271
FIN02627,SALE09788,CUST04719,HDFC Bank,136000,26673,48,12.21,3595
FIN02628,SALE00122,CUST04522,Bajaj Finance,268000,72333,36,12.44,8958
FIN02629,SALE06311,CUST01984,ICICI Bank,263000,54568,36,9.2,8388
FIN02630,SALE08086,CUST04699,TVS Credit,166000,47632,36,9.44,5313
FIN02631,SALE07970,CUST01899,Hero FinCorp,222000,50523,36,11.07,7275
FIN02632,SALE01565,CUST02221,SBI Auto Loans,275000,84528,24,10.45,12747
FIN02633,SALE06368,CUST02668,HDFC Bank,326000,78566,36,11.42,10738
FIN02634,SALE08658,CUST00287,Bajaj Finance,164000,33815,60,11.95,3644
FIN02635,SALE05749,CUST04393,ICICI Bank,183000,42708,36,10.44,5943
FIN02636,SALE13342,CUST03242,HDFC Bank,338000,62965,36,10.22,10941
FIN02637,SALE11378,CUST00628,Hero FinCorp,163000,57034,36,11.57,5381
FIN02638,SALE18767,CUST04592,HDFC Bank,280000,53205,24,9.34,12835
FIN02639,SALE10099,CUST03398,TVS Credit,173000,41870,48,9.67,4360
FIN02640,SALE15989,CUST04484,HDFC Bank,194000,42028,12,10.92,17139
FIN02641,SALE17783,CUST02520,ICICI Bank,182000,48169,60,12.39,4084
FIN02642,SALE10216,CUST00444,SBI Auto Loans,140000,32097,48,9.58,3523
FIN02643,SALE19752,CUST04818,SBI Auto Loans,285000,58140,24,11.19,13308
FIN02644,SALE04879,CUST00742,Bajaj Finance,171000,38299,24,12.5,8090
FIN02645,SALE02161,CUST02520,SBI Auto Loans,161000,29679,24,9.94,7425
FIN02646,SALE01938,CUST01858,ICICI Bank,125000,46894,36,10.81,4081
FIN02647,SALE11372,CUST00862,SBI Auto Loans,155000,64684,12,9.53,13593
FIN02648,SALE09809,CUST04544,Hero FinCorp,127000,39368,48,11.76,3329
FIN02649,SALE08335,CUST02960,ICICI Bank,138000,59206,60,9.76,2916
FIN02650,SALE17334,CUST00140,HDFC Bank,136000,49595,36,11.75,4501
FIN02651,SALE00983,CUST03913,Axis Bank,187000,46690,12,11.59,16579
FIN02652,SALE17754,CUST01477,Bajaj Finance,143000,25500,12,10.65,12615
FIN02653,SALE07211,CUST02870,SBI Auto Loans,137000,33554,24,9.46,6288
FIN02654,SALE15454,CUST04911,Axis Bank,175000,46369,36,8.71,5541
FIN02655,SALE02085,CUST03487,HDFC Bank,143000,56400,36,12.42,4778
FIN02656,SALE11409,CUST00036,HDFC Bank,117000,49766,36,9.76,3762
FIN02657,SALE10988,CUST04542,HDFC Bank,156000,65073,36,9.88,5025
FIN02658,SALE19821,CUST03881,TVS Credit,133000,36616,24,11.89,6254
FIN02659,SALE04248,CUST03252,HDFC Bank,183000,33991,24,8.77,8341
FIN02660,SALE18465,CUST04147,HDFC Bank,149000,47581,36,9.48,4772
FIN02661,SALE13816,CUST00863,HDFC Bank,163000,33248,24,10.97,7595
FIN02662,SALE15124,CUST01513,Bajaj Finance,200000,73855,24,10.25,9252
FIN02663,SALE16593,CUST03895,Axis Bank,157000,56348,36,11.56,5182
FIN02664,SALE02522,CUST01020,TVS Credit,255000,68273,36,9.16,8128
FIN02665,SALE11591,CUST04089,Cholamandalam Finance,167000,63497,48,9.08,4162
FIN02666,SALE03320,CUST04920,HDFC Bank,137000,39487,24,10.61,6360
FIN02667,SALE04458,CUST04526,SBI Auto Loans,132000,37606,24,10.46,6119
FIN02668,SALE06774,CUST03467,ICICI Bank,151000,61864,12,11.58,13387
FIN02669,SALE16585,CUST04197,ICICI Bank,271000,53094,48,9.48,6806
FIN02670,SALE06465,CUST02089,Hero FinCorp,152000,45669,36,9.53,4871
FIN02671,SALE13906,CUST03347,ICICI Bank,159000,60869,24,8.92,7258
FIN02672,SALE05912,CUST02280,Cholamandalam Finance,158000,36069,24,12.11,7446
FIN02673,SALE13613,CUST04941,ICICI Bank,275000,50509,24,9.63,12643
FIN02674,SALE11437,CUST03953,SBI Auto Loans,276000,49194,60,9.0,5729
FIN02675,SALE01741,CUST00791,Hero FinCorp,170000,44827,36,12.23,5665
FIN02676,SALE03845,CUST01722,ICICI Bank,156000,50275,60,10.75,3372
FIN02677,SALE14958,CUST03741,ICICI Bank,180000,36500,24,8.91,8216
FIN02678,SALE08316,CUST01344,SBI Auto Loans,191000,41032,24,12.37,9024
FIN02679,SALE02580,CUST00220,HDFC Bank,144000,24839,12,10.13,12669
FIN02680,SALE07504,CUST04185,SBI Auto Loans,139000,24659,48,9.11,3466
FIN02681,SALE07209,CUST03567,TVS Credit,191000,45654,48,11.54,4987
FIN02682,SALE16496,CUST02050,ICICI Bank,128000,39372,36,9.87,4122
FIN02683,SALE18915,CUST04941,HDFC Bank,191000,75910,48,11.67,4999
FIN02684,SALE06738,CUST04552,ICICI Bank,295000,108654,24,9.92,13602
FIN02685,SALE08635,CUST01960,SBI Auto Loans,154000,39624,24,9.11,7043
FIN02686,SALE04519,CUST03122,SBI Auto Loans,319000,88408,36,9.91,10280
FIN02687,SALE05956,CUST04533,HDFC Bank,129000,43187,24,8.99,5893
FIN02688,SALE09625,CUST04560,HDFC Bank,158000,54145,24,10.68,7341
FIN02689,SALE05092,CUST01501,HDFC Bank,188000,79086,24,8.6,8554
FIN02690,SALE13689,CUST03852,Cholamandalam Finance,167000,67175,24,10.99,7783
FIN02691,SALE15337,CUST03370,HDFC Bank,153000,63927,24,8.87,6981
FIN02692,SALE18933,CUST00439,HDFC Bank,136000,33800,36,9.47,4355
FIN02693,SALE06621,CUST02983,Bajaj Finance,137000,34141,36,12.07,4555
FIN02694,SALE12140,CUST03591,HDFC Bank,157000,63617,60,11.25,3433
FIN02695,SALE17293,CUST02473,SBI Auto Loans,116000,46397,36,11.62,3832
FIN02696,SALE15233,CUST03027,HDFC Bank,174000,58212,24,12.08,8197
FIN02697,SALE19757,CUST03096,TVS Credit,337000,72618,36,10.23,10910
FIN02698,SALE15543,CUST03677,SBI Auto Loans,149000,42566,36,10.45,4839
FIN02699,SALE10358,CUST04854,SBI Auto Loans,162000,57615,24,11.77,7609
FIN02700,SALE01331,CUST00684,SBI Auto Loans,122000,42358,48,8.57,3011
FIN02701,SALE04061,CUST02492,HDFC Bank,260000,54899,24,10.53,12061
FIN02702,SALE14581,CUST03144,HDFC Bank,174000,39419,24,11.91,8183
FIN02703,SALE15664,CUST04228,HDFC Bank,272000,49729,36,11.31,8945
FIN02704,SALE14658,CUST00724,Cholamandalam Finance,224000,93691,48,11.43,5836
FIN02705,SALE01791,CUST03390,Cholamandalam Finance,167000,52110,36,9.38,5340
FIN02706,SALE07369,CUST00437,Bajaj Finance,277000,69087,36,9.14,8827
FIN02707,SALE18582,CUST03813,HDFC Bank,158000,35623,36,8.83,5012
FIN02708,SALE10477,CUST01606,Axis Bank,155000,44109,36,11.27,5094
FIN02709,SALE04723,CUST00307,Axis Bank,145000,26504,36,12.16,4827
FIN02710,SALE08353,CUST00665,SBI Auto Loans,304000,96648,12,9.7,26684
FIN02711,SALE08968,CUST00054,TVS Credit,168000,50264,36,8.89,5334
FIN02712,SALE11480,CUST03508,HDFC Bank,251000,93358,36,10.2,8123
FIN02713,SALE13084,CUST03750,HDFC Bank,163000,66763,24,10.1,7529
FIN02714,SALE00017,CUST00914,HDFC Bank,128000,32012,36,9.66,4110
FIN02715,SALE08183,CUST02500,SBI Auto Loans,180000,56575,24,11.43,8425
FIN02716,SALE15661,CUST00042,HDFC Bank,171000,49241,60,11.8,3787
FIN02717,SALE09926,CUST01711,ICICI Bank,272000,71697,36,9.07,8658
FIN02718,SALE19842,CUST01119,HDFC Bank,167000,66366,24,12.35,7889
FIN02719,SALE14986,CUST04428,ICICI Bank,220000,50328,24,9.68,10119
FIN02720,SALE18794,CUST00779,HDFC Bank,155000,38609,60,12.19,3463
FIN02721,SALE06915,CUST01546,Cholamandalam Finance,127000,42979,36,11.45,4185
FIN02722,SALE18399,CUST01035,Bajaj Finance,152000,55463,36,10.55,4944
FIN02723,SALE09328,CUST04576,ICICI Bank,133000,34912,24,9.65,6116
FIN02724,SALE15004,CUST01369,Bajaj Finance,140000,58197,48,9.26,3501
FIN02725,SALE07279,CUST04363,HDFC Bank,149000,48487,48,9.43,3738
FIN02726,SALE06316,CUST03667,ICICI Bank,139000,29180,36,11.94,4613
FIN02727,SALE02116,CUST01535,ICICI Bank,276000,50017,12,9.52,24203
FIN02728,SALE10669,CUST03131,SBI Auto Loans,156000,40081,48,10.22,3973
FIN02729,SALE03019,CUST02433,Bajaj Finance,159000,59531,36,10.72,5184
FIN02730,SALE02988,CUST02890,ICICI Bank,139000,50095,12,11.18,12297
FIN02731,SALE03374,CUST04792,TVS Credit,192000,77880,36,10.08,6203
FIN02732,SALE01227,CUST00902,SBI Auto Loans,159000,36313,36,11.77,5264
FIN02733,SALE06560,CUST00780,ICICI Bank,194000,67570,36,11.9,6434
FIN02734,SALE19892,CUST01371,SBI Auto Loans,255000,65044,48,12.3,6753
FIN02735,SALE05656,CUST02736,HDFC Bank,339000,72198,36,8.83,10753
FIN02736,SALE09613,CUST01157,Hero FinCorp,141000,48523,36,11.96,4681
FIN02737,SALE02322,CUST01152,SBI Auto Loans,162000,59285,24,9.63,7448
FIN02738,SALE16836,CUST04885,ICICI Bank,177000,40330,48,11.26,4597
FIN02739,SALE06926,CUST02291,ICICI Bank,167000,31107,24,9.73,7685
FIN02740,SALE15272,CUST03777,TVS Credit,178000,53736,12,10.49,15690
FIN02741,SALE14659,CUST01131,Bajaj Finance,117000,45910,36,11.33,3849
FIN02742,SALE18288,CUST00174,Hero FinCorp,166000,50172,48,9.19,4146
FIN02743,SALE16281,CUST00577,HDFC Bank,150000,41088,24,11.65,7037
FIN02744,SALE11209,CUST00537,Bajaj Finance,162000,56886,36,12.25,5400
FIN02745,SALE19072,CUST00277,SBI Auto Loans,127000,41510,36,9.85,4089
FIN02746,SALE06433,CUST02388,SBI Auto Loans,123000,46455,36,8.76,3898
FIN02747,SALE16194,CUST01433,HDFC Bank,141000,25905,12,11.72,12509
FIN02748,SALE02403,CUST03124,ICICI Bank,235000,88698,36,9.04,7477
FIN02749,SALE10111,CUST00987,ICICI Bank,176000,43435,36,11.81,5830
FIN02750,SALE11359,CUST02426,Axis Bank,162000,35129,36,11.64,5353
FIN02751,SALE01799,CUST03066,HDFC Bank,189000,36397,36,10.64,6155
FIN02752,SALE18543,CUST04523,HDFC Bank,343000,70537,48,9.52,8621
FIN02753,SALE09240,CUST00801,ICICI Bank,167000,51094,24,9.41,7661
FIN02754,SALE08259,CUST00787,Axis Bank,181000,32573,48,11.21,4697
FIN02755,SALE02621,CUST03015,HDFC Bank,136000,35408,12,9.54,11927
FIN02756,SALE15492,CUST03611,Axis Bank,178000,56781,36,10.2,5760
FIN02757,SALE03080,CUST04846,HDFC Bank,170000,59247,36,10.62,5535
FIN02758,SALE03620,CUST04529,HDFC Bank,158000,57046,24,10.15,7302
FIN02759,SALE05117,CUST04706,TVS Credit,267000,57056,36,8.53,8432
FIN02760,SALE19878,CUST04146,HDFC Bank,271000,48347,48,8.89,6730
FIN02761,SALE13691,CUST01702,HDFC Bank,137000,32895,36,11.95,4547
FIN02762,SALE06078,CUST00412,HDFC Bank,231000,41298,48,10.27,5889
FIN02763,SALE01486,CUST01511,TVS Credit,149000,48934,12,10.83,13157
FIN02764,SALE13422,CUST04646,HDFC Bank,269000,53568,36,10.81,8783
FIN02765,SALE15896,CUST03091,ICICI Bank,215000,55719,36,10.2,6958
FIN02766,SALE08121,CUST00175,SBI Auto Loans,227000,96196,36,8.99,7217
FIN02767,SALE18643,CUST01981,Cholamandalam Finance,259000,78839,60,8.67,5335
FIN02768,SALE19052,CUST00540,HDFC Bank,243000,95269,24,9.18,11121
FIN02769,SALE09147,CUST02276,ICICI Bank,172000,47390,24,8.98,7856
FIN02770,SALE08340,CUST01097,Hero FinCorp,159000,35295,24,11.85,7474
FIN02771,SALE18424,CUST04162,TVS Credit,120000,50051,36,12.26,4001
FIN02772,SALE04710,CUST00552,HDFC Bank,138000,33451,48,9.43,3462
FIN02773,SALE04317,CUST00322,SBI Auto Loans,155000,39563,48,9.89,3923
FIN02774,SALE07319,CUST00831,ICICI Bank,279000,66185,24,9.13,12763
FIN02775,SALE13366,CUST00205,SBI Auto Loans,290000,120894,36,8.71,9183
FIN02776,SALE12706,CUST01872,Hero FinCorp,177000,41866,36,12.26,5901
FIN02777,SALE13145,CUST00886,Cholamandalam Finance,154000,38114,12,12.36,13709
FIN02778,SALE04563,CUST03316,HDFC Bank,182000,32775,24,9.67,8371
FIN02779,SALE04946,CUST00228,SBI Auto Loans,159000,32680,24,11.25,7429
FIN02780,SALE03008,CUST01795,ICICI Bank,256000,63905,36,11.02,8384
FIN02781,SALE01045,CUST00814,HDFC Bank,150000,46366,36,9.23,4786
FIN02782,SALE14274,CUST04600,ICICI Bank,112000,46285,12,11.29,9914
FIN02783,SALE07303,CUST03061,SBI Auto Loans,184000,51598,36,9.21,5869
FIN02784,SALE13851,CUST04463,Bajaj Finance,125000,41976,12,10.45,11016
FIN02785,SALE06742,CUST04800,HDFC Bank,182000,46139,36,9.56,5835
FIN02786,SALE01656,CUST02644,Bajaj Finance,262000,101412,24,9.05,11975
FIN02787,SALE18532,CUST01258,HDFC Bank,188000,42018,48,8.82,4662
FIN02788,SALE15365,CUST04162,HDFC Bank,152000,64396,60,9.09,3162
FIN02789,SALE17897,CUST02400,Axis Bank,152000,63845,36,10.26,4923
FIN02790,SALE08210,CUST00556,Axis Bank,163000,55365,48,10.04,4137
FIN02791,SALE10224,CUST03935,ICICI Bank,167000,52978,48,9.23,4174
FIN02792,SALE17581,CUST02693,SBI Auto Loans,155000,42098,24,10.02,7154
FIN02793,SALE13868,CUST03698,HDFC Bank,178000,55191,36,11.29,5852
FIN02794,SALE11309,CUST02450,Bajaj Finance,156000,41348,36,9.8,5019
FIN02795,SALE11839,CUST02509,Bajaj Finance,155000,43401,36,11.38,5102
FIN02796,SALE00548,CUST00061,HDFC Bank,196000,35228,36,9.48,6277
FIN02797,SALE12579,CUST04053,Hero FinCorp,168000,49636,36,10.63,5471
FIN02798,SALE14561,CUST02749,SBI Auto Loans,180000,38676,24,11.4,8423
FIN02799,SALE00971,CUST04310,SBI Auto Loans,244000,101408,36,8.83,7740
FIN02800,SALE01464,CUST04238,Bajaj Finance,131000,40007,48,11.88,3442
FIN02801,SALE00673,CUST02582,HDFC Bank,130000,39863,60,9.4,2724
FIN02802,SALE05741,CUST04068,ICICI Bank,133000,32121,12,11.12,11762
FIN02803,SALE13300,CUST04307,HDFC Bank,198000,69133,24,11.07,9235
FIN02804,SALE10849,CUST03935,SBI Auto Loans,159000,54970,36,9.35,5082
FIN02805,SALE07220,CUST03285,Bajaj Finance,156000,65763,24,11.75,7325
FIN02806,SALE02968,CUST03942,Axis Bank,182000,39680,24,11.16,8496
FIN02807,SALE06692,CUST03973,Bajaj Finance,131000,48845,60,11.42,2876
FIN02808,SALE10850,CUST03158,ICICI Bank,194000,39763,24,8.78,8843
FIN02809,SALE16974,CUST01555,Bajaj Finance,167000,30256,12,9.11,14613
FIN02810,SALE00755,CUST01066,Bajaj Finance,147000,49353,36,11.64,4857
FIN02811,SALE12412,CUST02637,HDFC Bank,258000,60855,24,12.48,12203
FIN02812,SALE14611,CUST00634,Bajaj Finance,177000,54741,36,9.05,5633
FIN02813,SALE07698,CUST04876,SBI Auto Loans,124000,48185,24,9.68,5704
FIN02814,SALE11561,CUST00629,Bajaj Finance,184000,47702,60,9.66,3879
FIN02815,SALE05322,CUST01100,SBI Auto Loans,167000,69023,36,9.73,5367
FIN02816,SALE07907,CUST01588,Bajaj Finance,177000,49138,60,9.4,3709
FIN02817,SALE01948,CUST00224,TVS Credit,255000,68487,36,12.42,8521
FIN02818,SALE12816,CUST03297,Hero FinCorp,141000,56214,36,11.08,4622
FIN02819,SALE06207,CUST03809,Axis Bank,183000,35583,36,11.11,6001
FIN02820,SALE00032,CUST01937,Bajaj Finance,118000,46092,48,10.62,3028
FIN02821,SALE06321,CUST00029,Bajaj Finance,172000,60888,36,11.97,5710
FIN02822,SALE05567,CUST02869,Bajaj Finance,122000,46726,36,10.42,3961
FIN02823,SALE16290,CUST02431,HDFC Bank,172000,60944,12,9.96,15118
FIN02824,SALE15036,CUST00670,ICICI Bank,167000,30178,36,10.97,5465
FIN02825,SALE01162,CUST03057,Bajaj Finance,187000,45350,48,10.2,4761
FIN02826,SALE15966,CUST01093,SBI Auto Loans,160000,55992,24,11.56,7499
FIN02827,SALE07989,CUST01070,ICICI Bank,175000,43434,36,9.01,5566
FIN02828,SALE10381,CUST03307,Bajaj Finance,176000,40965,48,9.3,4405
FIN02829,SALE19967,CUST04669,HDFC Bank,195000,37792,24,9.17,8924
FIN02830,SALE03490,CUST01776,HDFC Bank,119000,44385,48,9.11,2968
FIN02831,SALE06444,CUST01281,Bajaj Finance,183000,36501,36,12.21,6097
FIN02832,SALE19239,CUST00915,Hero FinCorp,257000,66480,48,9.33,6436
FIN02833,SALE05293,CUST03536,Axis Bank,230000,43297,36,8.72,7284
FIN02834,SALE11959,CUST03011,TVS Credit,181000,52715,36,11.57,5975
FIN02835,SALE03324,CUST02392,ICICI Bank,178000,35789,24,8.59,8098
FIN02836,SALE14447,CUST01886,HDFC Bank,153000,56577,36,9.44,4897
FIN02837,SALE08384,CUST04749,SBI Auto Loans,124000,40120,36,10.95,4057
FIN02838,SALE19995,CUST02425,Bajaj Finance,203000,69839,36,10.5,6598
FIN02839,SALE17004,CUST03390,ICICI Bank,143000,53786,36,9.84,4603
FIN02840,SALE06876,CUST01387,TVS Credit,210000,56581,36,12.13,6988
FIN02841,SALE17189,CUST00559,TVS Credit,125000,46927,60,9.23,2609
FIN02842,SALE19295,CUST03243,HDFC Bank,191000,42149,36,10.4,6199
FIN02843,SALE17422,CUST03102,SBI Auto Loans,159000,57295,48,9.51,3995
FIN02844,SALE19557,CUST00904,TVS Credit,164000,32699,48,9.77,4141
FIN02845,SALE12631,CUST02035,SBI Auto Loans,177000,48170,36,11.87,5868
FIN02846,SALE07033,CUST04140,TVS Credit,165000,32652,24,10.85,7679
FIN02847,SALE14768,CUST04912,SBI Auto Loans,248000,76981,24,12.03,11678
FIN02848,SALE04859,CUST04098,HDFC Bank,181000,54024,36,12.4,6046
FIN02849,SALE09543,CUST02439,Bajaj Finance,159000,59666,36,12.29,5303
FIN02850,SALE15270,CUST03543,Cholamandalam Finance,135000,34487,36,11.19,4432
FIN02851,SALE18237,CUST03938,SBI Auto Loans,237000,81696,36,12.1,7883
FIN02852,SALE19514,CUST04710,HDFC Bank,164000,57194,12,9.63,14390
FIN02853,SALE13990,CUST00549,Bajaj Finance,165000,49582,36,8.65,5220
FIN02854,SALE05480,CUST02881,TVS Credit,160000,60038,12,10.4,14096
FIN02855,SALE03440,CUST03904,HDFC Bank,187000,50266,60,11.13,4078
FIN02856,SALE01210,CUST03076,HDFC Bank,156000,42894,36,11.98,5180
FIN02857,SALE01963,CUST00950,ICICI Bank,175000,46063,12,9.14,15315
FIN02858,SALE05392,CUST00404,HDFC Bank,274000,70832,24,10.44,12699
FIN02859,SALE18324,CUST02967,Bajaj Finance,177000,44633,24,11.98,8330
FIN02860,SALE13959,CUST01640,Hero FinCorp,157000,51848,36,8.72,4972
FIN02861,SALE05905,CUST01617,HDFC Bank,268000,54407,60,8.89,5549
FIN02862,SALE15998,CUST01363,Bajaj Finance,156000,63067,36,9.6,5004
FIN02863,SALE10626,CUST00326,SBI Auto Loans,149000,47144,36,12.14,4959
FIN02864,SALE16938,CUST00489,Cholamandalam Finance,159000,60444,36,10.07,5136
FIN02865,SALE15940,CUST01796,ICICI Bank,225000,45465,36,10.73,7337
FIN02866,SALE01258,CUST04116,HDFC Bank,153000,31258,36,9.08,4871
FIN02867,SALE11785,CUST04229,ICICI Bank,176000,43819,48,10.84,4535
FIN02868,SALE02874,CUST03174,TVS Credit,292000,113216,36,11.37,9611
FIN02869,SALE16712,CUST01374,Bajaj Finance,121000,44281,24,8.95,5525
FIN02870,SALE03848,CUST03341,Axis Bank,143000,54956,24,9.17,6544
FIN02871,SALE19198,CUST04147,Bajaj Finance,133000,36351,48,11.22,3452
FIN02872,SALE04854,CUST02877,ICICI Bank,144000,49368,24,9.94,6641
FIN02873,SALE13711,CUST00424,HDFC Bank,140000,58497,24,11.54,6560
FIN02874,SALE04389,CUST04162,Hero FinCorp,287000,60165,24,8.55,13052
FIN02875,SALE04575,CUST04062,ICICI Bank,271000,68376,12,10.81,23927
FIN02876,SALE15009,CUST01604,Bajaj Finance,156000,39149,36,10.66,5082
FIN02877,SALE00169,CUST04346,SBI Auto Loans,123000,47321,60,12.46,2765
FIN02878,SALE19213,CUST01688,HDFC Bank,149000,42077,36,9.49,4772
FIN02879,SALE07210,CUST00635,ICICI Bank,176000,58478,36,10.91,5755
FIN02880,SALE07901,CUST03676,SBI Auto Loans,251000,76192,48,9.16,6265
FIN02881,SALE07461,CUST04703,SBI Auto Loans,194000,40532,36,10.93,6345
FIN02882,SALE05860,CUST04224,ICICI Bank,174000,47064,24,10.35,8057
FIN02883,SALE05651,CUST01105,TVS Credit,167000,69631,24,10.33,7732
FIN02884,SALE11790,CUST04251,ICICI Bank,257000,67400,24,10.41,11908
FIN02885,SALE06358,CUST00570,HDFC Bank,155000,41722,36,8.8,4915
FIN02886,SALE13485,CUST03187,ICICI Bank,125000,44671,36,10.72,4076
FIN02887,SALE16690,CUST00530,HDFC Bank,168000,48702,12,11.64,14898
FIN02888,SALE04547,CUST00405,ICICI Bank,287000,120851,48,9.17,7165
FIN02889,SALE16599,CUST04002,TVS Credit,179000,33208,36,9.1,5700
FIN02890,SALE18052,CUST04671,TVS Credit,190000,42972,36,12.3,6338
FIN02891,SALE09124,CUST03496,Cholamandalam Finance,173000,68310,48,11.89,4546
FIN02892,SALE12230,CUST01210,SBI Auto Loans,170000,50655,48,10.06,4317
FIN02893,SALE16329,CUST00506,HDFC Bank,229000,92053,36,10.59,7453
FIN02894,SALE12751,CUST03407,Bajaj Finance,144000,53767,36,10.51,4681
FIN02895,SALE00437,CUST00853,Hero FinCorp,237000,90649,36,10.5,7703
FIN02896,SALE03283,CUST00157,Bajaj Finance,276000,89192,60,9.47,5792
FIN02897,SALE08328,CUST04242,SBI Auto Loans,175000,43804,48,9.54,4400
FIN02898,SALE02137,CUST00945,HDFC Bank,165000,51847,60,9.1,3433
FIN02899,SALE05483,CUST00268,SBI Auto Loans,186000,48847,60,9.42,3899
FIN02900,SALE07137,CUST03229,ICICI Bank,176000,57434,24,8.54,8003
FIN02901,SALE07727,CUST02894,ICICI Bank,173000,56016,48,10.81,4455
FIN02902,SALE11926,CUST02194,Bajaj Finance,128000,36475,48,8.81,3174
FIN02903,SALE19373,CUST04727,Bajaj Finance,149000,62357,24,11.88,7006
FIN02904,SALE08722,CUST01656,TVS Credit,221000,49183,12,8.75,19301
FIN02905,SALE05879,CUST00461,ICICI Bank,145000,26197,12,10.06,12752
FIN02906,SALE18821,CUST01447,ICICI Bank,157000,62942,48,10.41,4013
FIN02907,SALE09154,CUST03980,SBI Auto Loans,266000,54791,48,9.73,6712
FIN02908,SALE02091,CUST04474,HDFC Bank,161000,52085,24,11.36,7531
FIN02909,SALE13316,CUST01473,Bajaj Finance,260000,97610,48,8.7,6433
FIN02910,SALE02223,CUST01087,SBI Auto Loans,257000,90939,48,12.42,6821
FIN02911,SALE00541,CUST00417,SBI Auto Loans,168000,47304,24,10.25,7772
FIN02912,SALE19286,CUST01916,HDFC Bank,120000,51089,36,9.64,3852
FIN02913,SALE08838,CUST03756,HDFC Bank,168000,53514,36,11.59,5547
FIN02914,SALE01366,CUST02253,ICICI Bank,145000,42063,36,9.23,4626
FIN02915,SALE18409,CUST00316,TVS Credit,169000,64638,48,9.22,4223
FIN02916,SALE10327,CUST01932,HDFC Bank,125000,45652,36,11.87,4144
FIN02917,SALE15587,CUST01022,HDFC Bank,157000,32696,36,11.25,5159
FIN02918,SALE05578,CUST00830,HDFC Bank,154000,40697,48,10.84,3968
FIN02919,SALE04845,CUST04844,HDFC Bank,121000,51235,24,11.07,5643
FIN02920,SALE03254,CUST04712,SBI Auto Loans,200000,34964,36,10.79,6528
FIN02921,SALE07300,CUST04976,HDFC Bank,182000,38171,36,12.13,6056
FIN02922,SALE04415,CUST01884,TVS Credit,172000,48952,24,9.55,7901
FIN02923,SALE12674,CUST01096,HDFC Bank,196000,39546,12,9.17,17156
FIN02924,SALE09407,CUST03624,Bajaj Finance,204000,64257,24,12.0,9603
FIN02925,SALE00014,CUST01134,TVS Credit,223000,91921,36,11.33,7336
FIN02926,SALE15453,CUST00884,HDFC Bank,179000,55926,36,10.18,5791
FIN02927,SALE08209,CUST02712,HDFC Bank,256000,91617,36,10.8,8357
FIN02928,SALE14871,CUST04334,ICICI Bank,197000,36639,48,8.61,4866
FIN02929,SALE17000,CUST01736,Bajaj Finance,146000,36004,24,12.21,6887
FIN02930,SALE11930,CUST01945,ICICI Bank,277000,68524,24,8.5,12591
FIN02931,SALE11954,CUST00868,Axis Bank,244000,78301,36,10.55,7936
FIN02932,SALE05908,CUST04146,SBI Auto Loans,159000,35342,48,11.59,4155
FIN02933,SALE07785,CUST02036,SBI Auto Loans,155000,39381,48,9.09,3864
FIN02934,SALE08222,CUST01161,HDFC Bank,235000,88994,36,10.9,7682
FIN02935,SALE19486,CUST00411,HDFC Bank,135000,30594,36,12.07,4488
FIN02936,SALE17221,CUST02933,TVS Credit,208000,65773,36,8.96,6610
FIN02937,SALE01471,CUST01061,SBI Auto Loans,154000,42836,36,11.58,5084
FIN02938,SALE06804,CUST00803,SBI Auto Loans,188000,44722,24,12.34,8880
FIN02939,SALE09498,CUST02134,SBI Auto Loans,174000,41865,36,9.41,5566
FIN02940,SALE15431,CUST00416,TVS Credit,180000,54698,36,10.71,5868
FIN02941,SALE00690,CUST00368,Bajaj Finance,178000,38473,36,9.31,5686
FIN02942,SALE04220,CUST00609,TVS Credit,167000,31238,24,9.94,7702
FIN02943,SALE06861,CUST00070,ICICI Bank,345000,65524,36,9.41,11037
FIN02944,SALE19029,CUST04081,Bajaj Finance,265000,56215,36,12.0,8802
FIN02945,SALE07742,CUST04711,ICICI Bank,167000,66386,60,10.14,3560
FIN02946,SALE02479,CUST04411,HDFC Bank,265000,58944,36,11.83,8780
FIN02947,SALE11377,CUST01771,TVS Credit,143000,28596,48,12.22,3781
FIN02948,SALE02054,CUST01569,HDFC Bank,149000,39930,24,12.32,7036
FIN02949,SALE11176,CUST02792,Bajaj Finance,176000,42421,60,10.72,3802
FIN02950,SALE14715,CUST02514,ICICI Bank,146000,51465,12,10.32,12857
FIN02951,SALE08910,CUST02262,TVS Credit,135000,36802,36,11.75,4468
FIN02952,SALE16853,CUST03447,Bajaj Finance,168000,51908,36,8.79,5326
FIN02953,SALE08291,CUST01238,HDFC Bank,143000,49504,60,10.94,3105
FIN02954,SALE08859,CUST00360,HDFC Bank,186000,48838,36,8.87,5904
FIN02955,SALE09058,CUST00348,HDFC Bank,142000,53714,48,11.33,3693
FIN02956,SALE12378,CUST01367,TVS Credit,276000,85256,24,11.73,12958
FIN02957,SALE00888,CUST04896,Bajaj Finance,159000,39638,24,9.91,7330
FIN02958,SALE15031,CUST03969,SBI Auto Loans,193000,42230,24,11.35,9027
FIN02959,SALE06031,CUST01096,SBI Auto Loans,158000,55207,48,9.38,3960
FIN02960,SALE17918,CUST04648,Bajaj Finance,157000,37248,24,8.84,7161
FIN02961,SALE16101,CUST01639,TVS Credit,162000,37518,36,10.19,5242
FIN02962,SALE02291,CUST02629,ICICI Bank,131000,38793,36,10.78,4275
FIN02963,SALE18000,CUST03015,HDFC Bank,160000,36578,36,11.47,5274
FIN02964,SALE03496,CUST04942,TVS Credit,158000,36220,36,12.28,5269
FIN02965,SALE14073,CUST01623,TVS Credit,136000,33778,36,9.87,4380
FIN02966,SALE05634,CUST02994,Hero FinCorp,265000,99828,36,11.23,8705
FIN02967,SALE11154,CUST02842,Axis Bank,255000,63652,24,11.82,11982
FIN02968,SALE16796,CUST02942,SBI Auto Loans,162000,54081,12,10.51,14281
FIN02969,SALE14421,CUST01021,HDFC Bank,230000,92424,24,10.12,10626
FIN02970,SALE18545,CUST04933,ICICI Bank,193000,35186,60,10.57,4155
FIN02971,SALE07099,CUST01575,HDFC Bank,258000,60546,36,10.29,8360
FIN02972,SALE12642,CUST01404,Axis Bank,275000,67692,24,8.69,12524
FIN02973,SALE03147,CUST01177,Bajaj Finance,168000,67477,24,9.55,7718
FIN02974,SALE17232,CUST02297,Bajaj Finance,151000,48003,12,12.19,13430
FIN02975,SALE14888,CUST01771,Bajaj Finance,248000,79306,24,9.01,11331
FIN02976,SALE09716,CUST03811,ICICI Bank,143000,55369,12,8.57,12477
FIN02977,SALE12884,CUST01442,Bajaj Finance,227000,43447,48,11.55,5928
FIN02978,SALE16895,CUST01102,ICICI Bank,138000,32324,24,8.92,6299
FIN02979,SALE13679,CUST03446,Bajaj Finance,158000,34039,24,11.35,7390
FIN02980,SALE06626,CUST00130,Bajaj Finance,171000,60634,60,9.38,3581
FIN02981,SALE17008,CUST01101,HDFC Bank,183000,35989,36,12.3,6104
FIN02982,SALE07781,CUST04670,Bajaj Finance,286000,58957,12,10.75,25244
FIN02983,SALE00965,CUST02954,Hero FinCorp,176000,52753,24,8.76,8021
FIN02984,SALE06122,CUST03989,HDFC Bank,168000,65245,60,10.1,3578
FIN02985,SALE05389,CUST04904,HDFC Bank,133000,37964,36,10.87,4346
FIN02986,SALE12912,CUST03163,TVS Credit,165000,68157,12,11.18,14597
FIN02987,SALE04484,CUST02071,SBI Auto Loans,195000,37763,12,12.35,17357
FIN02988,SALE12796,CUST01295,Bajaj Finance,167000,52601,12,10.14,14693
FIN02989,SALE16751,CUST00229,SBI Auto Loans,152000,44214,48,9.26,3801
FIN02990,SALE08799,CUST02420,HDFC Bank,151000,59336,24,11.68,7086
FIN02991,SALE01114,CUST00080,HDFC Bank,182000,38828,36,11.9,6036
FIN02992,SALE18131,CUST03012,HDFC Bank,138000,30329,60,9.77,2916
FIN02993,SALE05576,CUST02140,ICICI Bank,251000,75087,36,12.09,8348
FIN02994,SALE05978,CUST02903,ICICI Bank,160000,36608,24,10.6,7428
FIN02995,SALE06397,CUST02544,SBI Auto Loans,138000,31215,36,8.66,4367
FIN02996,SALE00047,CUST04470,SBI Auto Loans,120000,49512,24,10.83,5583
FIN02997,SALE10793,CUST02344,SBI Auto Loans,169000,49421,48,11.14,4379
FIN02998,SALE06916,CUST03225,Axis Bank,181000,35519,12,10.0,15913
FIN02999,SALE13755,CUST04217,SBI Auto Loans,190000,47032,48,11.87,4991
FIN03000,SALE13143,CUST04089,HDFC Bank,165000,52981,24,12.33,7793
FIN03001,SALE12925,CUST04117,ICICI Bank,213000,52813,36,11.61,7035
FIN03002,SALE02524,CUST02564,HDFC Bank,187000,48565,12,11.59,16579
FIN03003,SALE13624,CUST02125,HDFC Bank,201000,64915,48,11.49,5243
FIN03004,SALE02742,CUST01899,ICICI Bank,143000,51418,24,10.43,6627
FIN03005,SALE18363,CUST02706,ICICI Bank,185000,45690,36,9.62,5936
FIN03006,SALE09967,CUST04915,Axis Bank,149000,61365,36,10.97,4876
FIN03007,SALE11699,CUST04957,SBI Auto Loans,180000,41137,12,9.12,15751
FIN03008,SALE05857,CUST00438,ICICI Bank,143000,49203,24,9.14,6542
FIN03009,SALE04506,CUST04268,TVS Credit,168000,56411,36,10.19,5436
FIN03010,SALE05453,CUST04147,Hero FinCorp,256000,69255,24,11.56,11998
FIN03011,SALE09197,CUST02091,HDFC Bank,126000,38866,12,10.24,11091
FIN03012,SALE09364,CUST03510,Cholamandalam Finance,172000,44568,36,9.42,5503
FIN03013,SALE09034,CUST03922,SBI Auto Loans,184000,36292,24,10.12,8501
FIN03014,SALE18668,CUST03292,Axis Bank,173000,61026,24,11.44,8099
FIN03015,SALE09447,CUST04091,HDFC Bank,152000,45006,24,8.7,6923
FIN03016,SALE06567,CUST03296,Bajaj Finance,137000,34906,24,10.84,6375
FIN03017,SALE13516,CUST01685,SBI Auto Loans,140000,29801,60,8.95,2903
FIN03018,SALE14765,CUST02815,SBI Auto Loans,312000,102179,24,9.63,14344
FIN03019,SALE17121,CUST03076,ICICI Bank,177000,36468,60,10.15,3774
FIN03020,SALE01478,CUST02001,HDFC Bank,175000,43715,24,9.6,8043
FIN03021,SALE06697,CUST04206,HDFC Bank,156000,40910,12,12.22,13876
FIN03022,SALE14777,CUST02395,SBI Auto Loans,195000,38324,36,10.29,6319
FIN03023,SALE05445,CUST03872,SBI Auto Loans,129000,43208,36,12.36,4307
FIN03024,SALE09984,CUST02299,TVS Credit,178000,54379,36,10.32,5770
FIN03025,SALE17587,CUST04768,ICICI Bank,189000,38130,12,11.15,16717
FIN03026,SALE07626,CUST00988,TVS Credit,143000,51979,36,12.02,4751
FIN03027,SALE14320,CUST04425,ICICI Bank,240000,85001,36,9.2,7654
FIN03028,SALE05409,CUST03912,ICICI Bank,163000,53486,36,9.33,5208
FIN03029,SALE18377,CUST03181,Bajaj Finance,137000,51777,36,10.06,4424
FIN03030,SALE09100,CUST01989,ICICI Bank,283000,82712,24,12.12,13338
FIN03031,SALE15596,CUST03626,HDFC Bank,122000,45368,36,8.96,3877
FIN03032,SALE16083,CUST03252,Bajaj Finance,172000,47403,48,8.74,4259
FIN03033,SALE17019,CUST04832,HDFC Bank,127000,43952,24,12.47,6006
FIN03034,SALE04336,CUST04177,HDFC Bank,202000,69721,36,12.35,6743
FIN03035,SALE09060,CUST04596,Bajaj Finance,178000,36231,48,11.87,4676
FIN03036,SALE02411,CUST00112,Hero FinCorp,131000,54047,24,9.94,6041
FIN03037,SALE13807,CUST00510,Hero FinCorp,163000,65109,36,12.19,5429
FIN03038,SALE07269,CUST00436,SBI Auto Loans,153000,45642,24,12.25,7220
FIN03039,SALE18336,CUST01694,HDFC Bank,176000,61220,12,11.33,15582
FIN03040,SALE08040,CUST04035,SBI Auto Loans,182000,53176,24,10.3,8424
FIN03041,SALE07417,CUST03503,SBI Auto Loans,132000,54555,36,8.86,4189
FIN03042,SALE18022,CUST00846,SBI Auto Loans,167000,67126,12,11.98,14836
FIN03043,SALE18976,CUST02679,SBI Auto Loans,188000,33355,24,8.51,8547
FIN03044,SALE12757,CUST01255,ICICI Bank,170000,65315,24,12.31,8027
FIN03045,SALE03602,CUST00301,HDFC Bank,173000,61628,36,12.44,5782
FIN03046,SALE12887,CUST02772,ICICI Bank,193000,79977,48,11.88,5071
FIN03047,SALE18717,CUST01577,TVS Credit,161000,30554,24,10.47,7464
FIN03048,SALE06741,CUST03801,Bajaj Finance,135000,35397,48,9.76,3408
FIN03049,SALE00162,CUST00550,HDFC Bank,141000,24504,12,11.56,12499
FIN03050,SALE17264,CUST04348,HDFC Bank,190000,40277,36,10.32,6159
FIN03051,SALE19101,CUST02469,SBI Auto Loans,272000,74202,48,8.51,6706
FIN03052,SALE03022,CUST02377,ICICI Bank,261000,62973,12,8.69,22787
FIN03053,SALE16065,CUST00474,SBI Auto Loans,177000,44162,24,11.68,8306
FIN03054,SALE13245,CUST03695,Hero FinCorp,124000,46374,24,9.34,5684
FIN03055,SALE11605,CUST00359,ICICI Bank,154000,64640,36,8.52,4863
FIN03056,SALE01967,CUST01041,SBI Auto Loans,114000,43604,12,10.77,10063
FIN03057,SALE15899,CUST01233,HDFC Bank,163000,53774,36,10.34,5286
FIN03058,SALE05175,CUST01660,Bajaj Finance,245000,71694,48,10.69,6295
FIN03059,SALE06759,CUST03706,SBI Auto Loans,146000,47196,36,9.03,4645
FIN03060,SALE17458,CUST02628,Hero FinCorp,155000,43872,36,9.63,4975
FIN03061,SALE16516,CUST01670,Bajaj Finance,174000,47882,36,10.87,5686
FIN03062,SALE11061,CUST01120,Hero FinCorp,164000,47456,12,8.51,14305
FIN03063,SALE19447,CUST00403,SBI Auto Loans,228000,94768,24,11.49,10679
FIN03064,SALE06040,CUST02774,SBI Auto Loans,144000,26997,48,9.32,3605
FIN03065,SALE17589,CUST01478,Hero FinCorp,151000,48395,36,9.99,4872
FIN03066,SALE04725,CUST03856,ICICI Bank,235000,91379,60,11.58,5178
FIN03067,SALE13649,CUST02701,HDFC Bank,125000,45513,24,9.2,5722
FIN03068,SALE18427,CUST01845,Bajaj Finance,242000,103839,36,12.43,8088
FIN03069,SALE00297,CUST03880,HDFC Bank,175000,60136,36,10.27,5669
FIN03070,SALE06049,CUST04603,ICICI Bank,153000,42122,12,9.05,13384
FIN03071,SALE07256,CUST00952,HDFC Bank,129000,43063,12,9.29,11299
FIN03072,SALE09037,CUST03578,Bajaj Finance,179000,39184,24,11.43,8379
FIN03073,SALE18342,CUST01149,Cholamandalam Finance,173000,47257,36,11.35,5693
FIN03074,SALE07468,CUST04462,TVS Credit,137000,55302,24,11.84,6439
FIN03075,SALE19619,CUST01067,HDFC Bank,153000,43286,36,10.57,4978
FIN03076,SALE02814,CUST01502,Bajaj Finance,128000,53776,24,10.68,5947
FIN03077,SALE15304,CUST02356,ICICI Bank,164000,55340,36,12.37,5476
FIN03078,SALE12436,CUST02452,ICICI Bank,132000,37866,36,10.52,4292
FIN03079,SALE15347,CUST04361,HDFC Bank,207000,63504,48,12.49,5501
FIN03080,SALE19427,CUST03437,Axis Bank,158000,38104,36,10.64,5146
FIN03081,SALE19307,CUST00510,HDFC Bank,161000,59362,48,11.33,4187
FIN03082,SALE19983,CUST01860,ICICI Bank,172000,46284,12,9.2,15058
FIN03083,SALE07651,CUST04346,ICICI Bank,140000,58509,24,11.35,6548
FIN03084,SALE16326,CUST01454,Hero FinCorp,157000,60061,48,12.08,4141
FIN03085,SALE03784,CUST01776,HDFC Bank,195000,38172,60,8.92,4040
FIN03086,SALE13327,CUST03584,ICICI Bank,173000,35069,36,9.46,5538
FIN03087,SALE12459,CUST01524,HDFC Bank,119000,51207,36,10.89,3890
FIN03088,SALE14160,CUST01783,HDFC Bank,264000,70518,24,11.81,12404
FIN03089,SALE06126,CUST01417,SBI Auto Loans,153000,43784,36,9.87,4928
FIN03090,SALE12801,CUST02020,Bajaj Finance,145000,51510,36,10.44,4709
FIN03091,SALE07491,CUST04643,Cholamandalam Finance,164000,54256,24,9.08,7498
FIN03092,SALE15176,CUST02571,ICICI Bank,145000,53895,36,11.89,4808
FIN03093,SALE07153,CUST04424,Hero FinCorp,167000,52183,36,10.36,5417
FIN03094,SALE07886,CUST01033,Bajaj Finance,181000,55531,36,12.44,6050
FIN03095,SALE10811,CUST02484,SBI Auto Loans,167000,48736,36,10.46,5425
FIN03096,SALE13089,CUST03326,Bajaj Finance,206000,63254,24,9.35,9444
FIN03097,SALE11532,CUST04266,TVS Credit,177000,43866,36,12.3,5904
FIN03098,SALE13082,CUST03081,SBI Auto Loans,192000,43759,60,11.64,4236
FIN03099,SALE01289,CUST00077,SBI Auto Loans,214000,48476,36,10.77,6983
FIN03100,SALE04678,CUST04205,SBI Auto Loans,173000,43912,12,12.01,15372
FIN03101,SALE09995,CUST04875,ICICI Bank,150000,31759,48,9.87,3795
FIN03102,SALE06976,CUST04856,TVS Credit,123000,48322,24,8.84,5610
FIN03103,SALE16071,CUST01111,ICICI Bank,276000,50585,24,10.9,12851
FIN03104,SALE06580,CUST00453,ICICI Bank,172000,34283,48,10.51,4405
FIN03105,SALE07351,CUST02317,ICICI Bank,170000,66045,24,10.49,7883
FIN03106,SALE12916,CUST01461,SBI Auto Loans,157000,64778,48,10.26,4002
FIN03107,SALE19645,CUST03402,Hero FinCorp,305000,54950,24,11.08,14227
FIN03108,SALE04183,CUST04208,HDFC Bank,183000,38398,48,12.18,4835
FIN03109,SALE00731,CUST02452,HDFC Bank,202000,67101,60,9.37,4230
FIN03110,SALE19974,CUST02482,HDFC Bank,164000,56858,36,9.81,5277
FIN03111,SALE16048,CUST00239,SBI Auto Loans,144000,52393,36,11.02,4716
FIN03112,SALE03227,CUST03578,Axis Bank,263000,91017,36,8.77,8335
FIN03113,SALE04196,CUST03711,Axis Bank,244000,79934,24,11.53,11432
FIN03114,SALE05984,CUST02430,ICICI Bank,150000,59891,36,11.53,4949
FIN03115,SALE15105,CUST04923,SBI Auto Loans,174000,47241,36,10.96,5693
FIN03116,SALE12135,CUST04840,Axis Bank,196000,43716,36,10.9,6408
FIN03117,SALE02872,CUST03358,HDFC Bank,298000,113661,36,8.51,9409
FIN03118,SALE00854,CUST00186,HDFC Bank,133000,37426,24,11.12,6206
FIN03119,SALE07298,CUST01522,SBI Auto Loans,262000,62017,12,11.65,23236
FIN03120,SALE11731,CUST01658,HDFC Bank,214000,56949,12,10.64,18878
FIN03121,SALE03202,CUST03605,SBI Auto Loans,164000,55580,36,10.19,5306
FIN03122,SALE08238,CUST02421,HDFC Bank,241000,86377,60,10.21,5145
FIN03123,SALE05574,CUST01718,SBI Auto Loans,165000,53709,36,10.23,5342
FIN03124,SALE10157,CUST02721,HDFC Bank,139000,55070,48,8.72,3441
FIN03125,SALE13242,CUST04020,HDFC Bank,143000,43787,48,12.15,3776
FIN03126,SALE08115,CUST00654,HDFC Bank,173000,46452,24,8.89,7895
FIN03127,SALE14636,CUST00268,TVS Credit,168000,53938,36,11.95,5576
FIN03128,SALE02983,CUST04258,Axis Bank,276000,49055,36,11.84,9146
FIN03129,SALE18167,CUST04584,TVS Credit,122000,43472,36,8.94,3876
FIN03130,SALE03109,CUST03993,ICICI Bank,345000,66255,48,12.5,9170
FIN03131,SALE17165,CUST03836,ICICI Bank,218000,55606,36,8.77,6909
FIN03132,SALE13921,CUST00398,ICICI Bank,143000,48202,36,11.06,4686
FIN03133,SALE01716,CUST01909,HDFC Bank,145000,46332,12,11.09,12821
FIN03134,SALE13825,CUST02303,ICICI Bank,119000,50690,48,11.6,3110
FIN03135,SALE19491,CUST01007,Bajaj Finance,175000,57788,36,10.84,5716
FIN03136,SALE04784,CUST04775,SBI Auto Loans,138000,53139,24,8.52,6274
FIN03137,SALE19790,CUST00674,TVS Credit,132000,33248,12,11.0,11666
FIN03138,SALE07649,CUST01519,Axis Bank,156000,29126,36,12.37,5209
FIN03139,SALE04167,CUST04386,HDFC Bank,195000,77357,12,9.75,17121
FIN03140,SALE01403,CUST04729,HDFC Bank,135000,34717,36,11.21,4433
FIN03141,SALE03809,CUST01998,ICICI Bank,173000,45556,36,10.07,5588
FIN03142,SALE07497,CUST02982,Hero FinCorp,164000,32225,24,9.89,7559
FIN03143,SALE02862,CUST00776,ICICI Bank,172000,61145,12,12.32,15308
FIN03144,SALE14776,CUST03303,Cholamandalam Finance,183000,52321,36,10.07,5911
FIN03145,SALE17271,CUST04714,SBI Auto Loans,207000,67538,36,8.94,6577
FIN03146,SALE16092,CUST04999,Bajaj Finance,136000,35552,36,8.95,4322
FIN03147,SALE09358,CUST02030,HDFC Bank,224000,49329,12,12.18,19921
FIN03148,SALE07525,CUST01420,Cholamandalam Finance,176000,38893,36,9.09,5604
FIN03149,SALE00242,CUST04219,Bajaj Finance,173000,46916,60,9.92,3669
FIN03150,SALE13560,CUST00178,HDFC Bank,136000,34993,48,9.65,3426
FIN03151,SALE04728,CUST03370,SBI Auto Loans,220000,51958,36,9.35,7032
FIN03152,SALE11299,CUST03131,SBI Auto Loans,137000,34297,36,8.8,4344
FIN03153,SALE14924,CUST04956,HDFC Bank,242000,102760,36,12.09,8048
FIN03154,SALE10429,CUST01159,ICICI Bank,157000,41286,60,9.99,3335
FIN03155,SALE13948,CUST02910,HDFC Bank,152000,45625,36,9.12,4842
FIN03156,SALE19868,CUST03516,ICICI Bank,128000,36113,36,11.33,4211
FIN03157,SALE19612,CUST01513,ICICI Bank,175000,35653,48,12.35,4639
FIN03158,SALE02749,CUST00689,ICICI Bank,172000,49469,24,12.04,8100
FIN03159,SALE08232,CUST03210,SBI Auto Loans,229000,45328,36,8.78,7259
FIN03160,SALE08379,CUST02563,ICICI Bank,192000,79542,12,9.1,16800
FIN03161,SALE13186,CUST02201,SBI Auto Loans,265000,81438,36,9.62,8504
FIN03162,SALE13524,CUST01002,HDFC Bank,120000,49740,48,9.93,3039
FIN03163,SALE06807,CUST00013,Bajaj Finance,165000,68070,60,10.01,3507
FIN03164,SALE19190,CUST03161,ICICI Bank,288000,76078,24,11.34,13469
FIN03165,SALE19743,CUST01085,ICICI Bank,124000,44929,24,10.3,5739
FIN03166,SALE16738,CUST01453,SBI Auto Loans,158000,56169,36,9.44,5057
FIN03167,SALE03245,CUST02028,SBI Auto Loans,154000,42774,12,10.24,13556
FIN03168,SALE08689,CUST01253,Bajaj Finance,136000,34289,12,10.31,11976
FIN03169,SALE08773,CUST02033,SBI Auto Loans,177000,40935,36,12.0,5879
FIN03170,SALE06816,CUST04071,Hero FinCorp,166000,47188,36,11.95,5510
FIN03171,SALE16026,CUST00029,Cholamandalam Finance,271000,53294,60,10.79,5864
FIN03172,SALE00422,CUST04308,Axis Bank,235000,79506,36,12.13,7820
FIN03173,SALE15876,CUST04983,Axis Bank,142000,25582,36,8.86,4506
FIN03174,SALE14110,CUST01212,HDFC Bank,142000,56943,36,9.08,4521
FIN03175,SALE14760,CUST02364,Cholamandalam Finance,149000,37499,36,8.88,4730
FIN03176,SALE07760,CUST01666,Cholamandalam Finance,154000,42410,36,10.34,4994
FIN03177,SALE11385,CUST04929,ICICI Bank,124000,46170,36,9.46,3970
FIN03178,SALE19778,CUST02798,ICICI Bank,164000,70290,48,10.45,4195
FIN03179,SALE06659,CUST01730,SBI Auto Loans,133000,29357,24,8.63,6054
FIN03180,SALE12814,CUST01861,HDFC Bank,176000,37158,12,10.86,15544
FIN03181,SALE11116,CUST00574,HDFC Bank,260000,97468,36,11.5,8574
FIN03182,SALE19700,CUST00146,ICICI Bank,183000,35509,48,11.95,4815
FIN03183,SALE19160,CUST00223,HDFC Bank,138000,31833,36,10.06,4457
FIN03184,SALE17871,CUST00920,ICICI Bank,158000,39258,48,11.55,4126
FIN03185,SALE05288,CUST00516,ICICI Bank,222000,40240,36,10.31,7196
FIN03186,SALE14989,CUST01811,ICICI Bank,173000,58542,60,10.52,3720
FIN03187,SALE15721,CUST03160,TVS Credit,133000,25222,24,8.51,6046
FIN03188,SALE09287,CUST02516,Hero FinCorp,139000,31021,36,9.45,4449
FIN03189,SALE17081,CUST00734,HDFC Bank,183000,48789,36,11.93,6072
FIN03190,SALE12269,CUST00549,HDFC Bank,156000,29353,36,10.74,5088
FIN03191,SALE12128,CUST00960,Bajaj Finance,126000,43736,48,12.02,3319
FIN03192,SALE13596,CUST01578,HDFC Bank,296000,61075,60,8.55,6080
FIN03193,SALE09951,CUST00424,ICICI Bank,181000,37426,36,9.54,5801
FIN03194,SALE04031,CUST03197,Hero FinCorp,165000,33568,48,9.13,4116
FIN03195,SALE00194,CUST01755,Bajaj Finance,154000,52778,60,12.17,3439
FIN03196,SALE11271,CUST02876,Cholamandalam Finance,140000,57120,36,11.77,4635
FIN03197,SALE13811,CUST01190,TVS Credit,120000,50737,12,11.2,10617
FIN03198,SALE18344,CUST03909,Bajaj Finance,186000,34708,24,11.34,8698
FIN03199,SALE08061,CUST03723,Hero FinCorp,143000,53928,36,11.89,4742
FIN03200,SALE12849,CUST00370,ICICI Bank,157000,60918,60,10.11,3344
FIN03201,SALE09381,CUST03895,Bajaj Finance,145000,52589,24,9.92,6686
FIN03202,SALE19614,CUST04032,Bajaj Finance,192000,36862,36,10.97,6283
FIN03203,SALE17148,CUST01965,SBI Auto Loans,179000,47519,36,12.09,5953
FIN03204,SALE03770,CUST02755,Bajaj Finance,326000,86248,36,10.98,10670
FIN03205,SALE13605,CUST04627,ICICI Bank,143000,25962,36,10.95,4678
FIN03206,SALE15618,CUST01005,HDFC Bank,119000,47463,24,9.3,5453
FIN03207,SALE17005,CUST04904,Bajaj Finance,326000,81979,60,9.39,6829
FIN03208,SALE10926,CUST03055,Bajaj Finance,139000,30642,48,10.21,3539
FIN03209,SALE08692,CUST00874,HDFC Bank,227000,42275,12,9.56,19910
FIN03210,SALE09516,CUST01869,HDFC Bank,292000,71789,36,8.56,9226
FIN03211,SALE04047,CUST00941,TVS Credit,137000,32773,36,11.51,4518
FIN03212,SALE12570,CUST00451,HDFC Bank,168000,66225,36,10.62,5470
FIN03213,SALE19423,CUST00491,Bajaj Finance,144000,28016,36,12.34,4806
FIN03214,SALE07783,CUST01431,SBI Auto Loans,226000,44334,36,10.61,7357
FIN03215,SALE03670,CUST00185,ICICI Bank,181000,38899,48,9.51,4548
FIN03216,SALE10368,CUST02295,TVS Credit,189000,39575,48,9.96,4790
FIN03217,SALE03014,CUST00267,HDFC Bank,131000,40401,48,10.12,3330
FIN03218,SALE05329,CUST02051,Axis Bank,190000,43298,48,12.32,5033
FIN03219,SALE02566,CUST03381,Bajaj Finance,168000,40808,36,9.52,5383
FIN03220,SALE14286,CUST01524,HDFC Bank,125000,47357,48,9.38,3133
FIN03221,SALE11641,CUST01444,Bajaj Finance,201000,35073,36,11.67,6644
FIN03222,SALE14378,CUST03003,Cholamandalam Finance,167000,67641,60,11.07,3637
FIN03223,SALE14033,CUST02578,Bajaj Finance,178000,43516,48,9.7,4489
FIN03224,SALE09295,CUST02986,SBI Auto Loans,171000,59476,24,11.49,8009
FIN03225,SALE16945,CUST02717,Bajaj Finance,273000,90469,24,10.6,12673
FIN03226,SALE16236,CUST01744,SBI Auto Loans,178000,58467,24,12.35,8408
FIN03227,SALE05403,CUST02210,ICICI Bank,127000,31615,48,9.11,3167
FIN03228,SALE01753,CUST03633,Bajaj Finance,264000,58718,48,9.12,6585
FIN03229,SALE01866,CUST01137,ICICI Bank,179000,34534,12,12.06,15909
FIN03230,SALE07158,CUST04018,TVS Credit,239000,83507,36,9.97,7708
FIN03231,SALE06511,CUST04593,Bajaj Finance,182000,52657,36,10.03,5875
FIN03232,SALE14442,CUST01158,HDFC Bank,168000,67749,36,9.81,5406
FIN03233,SALE00457,CUST00102,SBI Auto Loans,132000,38629,36,10.02,4261
FIN03234,SALE09211,CUST03725,SBI Auto Loans,128000,38248,24,9.12,5855
FIN03235,SALE11080,CUST03870,Hero FinCorp,134000,36050,24,11.26,6262
FIN03236,SALE00813,CUST03681,ICICI Bank,161000,30203,24,12.17,7592
FIN03237,SALE06185,CUST04376,HDFC Bank,130000,41600,12,8.84,11359
FIN03238,SALE17028,CUST00996,ICICI Bank,148000,62583,24,8.96,6759
FIN03239,SALE17303,CUST03319,SBI Auto Loans,153000,45404,12,12.17,13606
FIN03240,SALE05442,CUST03621,SBI Auto Loans,171000,47331,48,10.43,4372
FIN03241,SALE10506,CUST01414,Axis Bank,178000,55002,36,10.07,5749
FIN03242,SALE01385,CUST00407,Bajaj Finance,136000,48594,36,12.49,4549
FIN03243,SALE17543,CUST01594,HDFC Bank,125000,39748,36,11.55,4125
FIN03244,SALE02169,CUST00472,SBI Auto Loans,247000,100026,48,9.26,6177
FIN03245,SALE03437,CUST04578,Hero FinCorp,132000,37667,36,8.53,4169
FIN03246,SALE16754,CUST00075,TVS Credit,196000,39947,24,9.3,8981
FIN03247,SALE18648,CUST01776,Axis Bank,237000,73742,48,9.5,5954
FIN03248,SALE14487,CUST01821,SBI Auto Loans,150000,34568,36,8.72,4750
FIN03249,SALE14038,CUST02362,HDFC Bank,168000,65999,36,11.04,5503
FIN03250,SALE13961,CUST01318,HDFC Bank,160000,33856,36,10.02,5164
FIN03251,SALE10509,CUST01576,SBI Auto Loans,212000,60280,60,10.49,4556
FIN03252,SALE09014,CUST04892,Bajaj Finance,170000,64486,36,10.16,5498
FIN03253,SALE06346,CUST02476,HDFC Bank,176000,37838,60,12.23,3936
FIN03254,SALE04936,CUST02216,HDFC Bank,239000,82493,48,9.17,5967
FIN03255,SALE19287,CUST03174,HDFC Bank,165000,68111,24,11.11,7699
FIN03256,SALE07378,CUST02382,ICICI Bank,173000,60613,24,10.18,7997
FIN03257,SALE02426,CUST04217,SBI Auto Loans,132000,36928,24,11.9,6208
FIN03258,SALE00151,CUST01996,HDFC Bank,162000,29773,24,8.68,7377
FIN03259,SALE19745,CUST02167,Bajaj Finance,272000,55210,36,8.91,8638
FIN03260,SALE13782,CUST03264,HDFC Bank,216000,54143,48,9.36,5412
FIN03261,SALE13640,CUST03190,Axis Bank,181000,40249,48,12.46,4807
FIN03262,SALE06452,CUST03536,Bajaj Finance,157000,61028,24,11.94,7386
FIN03263,SALE07695,CUST04287,SBI Auto Loans,136000,35462,36,9.95,4385
FIN03264,SALE05995,CUST01341,HDFC Bank,193000,43588,24,12.08,9092
FIN03265,SALE04817,CUST00465,HDFC Bank,163000,56478,24,9.39,7476
FIN03266,SALE19369,CUST02199,HDFC Bank,166000,70625,60,9.88,3517
FIN03267,SALE02483,CUST03669,Bajaj Finance,179000,35151,36,12.26,5968
FIN03268,SALE05081,CUST01029,ICICI Bank,122000,40401,60,9.4,2556
FIN03269,SALE10143,CUST00304,ICICI Bank,133000,38325,24,10.7,6180
FIN03270,SALE00610,CUST02897,HDFC Bank,154000,62772,36,11.72,5094
FIN03271,SALE17301,CUST03988,Axis Bank,154000,60364,36,9.96,4966
FIN03272,SALE16150,CUST01530,HDFC Bank,332000,71728,24,11.12,15492
FIN03273,SALE10502,CUST04503,Bajaj Finance,295000,64479,24,9.55,13552
FIN03274,SALE07377,CUST01135,Cholamandalam Finance,167000,53148,36,9.36,5339
FIN03275,SALE12059,CUST00945,HDFC Bank,191000,44718,36,8.72,6049
FIN03276,SALE01141,CUST00990,ICICI Bank,160000,59733,12,11.66,14190
FIN03277,SALE13433,CUST03257,ICICI Bank,142000,60102,24,10.77,6603
FIN03278,SALE02617,CUST00277,TVS Credit,142000,55147,36,8.63,4491
FIN03279,SALE07142,CUST04205,SBI Auto Loans,143000,55269,48,10.29,3647
FIN03280,SALE11371,CUST01128,Axis Bank,195000,36214,36,11.01,6385
FIN03281,SALE06473,CUST04523,HDFC Bank,165000,48915,36,9.4,5278
FIN03282,SALE14778,CUST01972,Bajaj Finance,124000,43763,36,10.15,4010
FIN03283,SALE15305,CUST01207,TVS Credit,169000,52237,12,12.25,15035
FIN03284,SALE13167,CUST00423,HDFC Bank,144000,52342,36,11.85,4773
FIN03285,SALE03029,CUST04127,Hero FinCorp,263000,64717,24,8.66,11974
FIN03286,SALE14475,CUST04478,Bajaj Finance,195000,39348,24,12.47,9222
FIN03287,SALE14982,CUST04969,ICICI Bank,183000,33360,12,10.95,16170
FIN03288,SALE09851,CUST02771,HDFC Bank,180000,41153,36,10.49,5850
FIN03289,SALE00782,CUST00089,ICICI Bank,258000,102585,36,11.17,8467
FIN03290,SALE12175,CUST03389,TVS Credit,138000,34277,36,11.62,4559
FIN03291,SALE12687,CUST02385,Hero FinCorp,132000,34415,24,9.52,6062
FIN03292,SALE14844,CUST00887,SBI Auto Loans,186000,35074,36,12.16,6192
FIN03293,SALE10942,CUST04377,Bajaj Finance,140000,32082,36,10.93,4579
FIN03294,SALE14284,CUST04743,HDFC Bank,165000,49975,60,12.32,3697
FIN03295,SALE10239,CUST02427,SBI Auto Loans,162000,37379,24,9.35,7427
FIN03296,SALE12532,CUST04882,ICICI Bank,188000,48545,48,9.44,4718
FIN03297,SALE09069,CUST00148,SBI Auto Loans,169000,62759,12,9.52,14820
FIN03298,SALE17306,CUST01811,SBI Auto Loans,168000,44863,36,9.67,5395
FIN03299,SALE01595,CUST02522,ICICI Bank,270000,48819,48,9.22,6747
FIN03300,SALE03692,CUST03003,TVS Credit,177000,43165,36,9.07,5634
FIN03301,SALE18547,CUST00448,HDFC Bank,238000,82904,36,10.46,7731
FIN03302,SALE07770,CUST04550,Bajaj Finance,144000,28265,36,11.67,4760
FIN03303,SALE06883,CUST02678,HDFC Bank,158000,58659,48,9.37,3960
FIN03304,SALE05722,CUST00757,ICICI Bank,230000,96380,24,9.02,10510
FIN03305,SALE12975,CUST02622,HDFC Bank,134000,37030,24,9.59,6158
FIN03306,SALE17878,CUST01212,Hero FinCorp,138000,31988,36,9.95,4450
FIN03307,SALE02812,CUST02536,TVS Credit,140000,59358,36,9.75,4501
FIN03308,SALE09964,CUST00897,Bajaj Finance,309000,98178,36,11.86,10243
FIN03309,SALE04212,CUST01790,TVS Credit,206000,65999,60,9.73,4350
FIN03310,SALE11840,CUST00065,ICICI Bank,148000,44782,36,11.08,4851
FIN03311,SALE18497,CUST00016,TVS Credit,170000,51381,48,12.17,4491
FIN03312,SALE10301,CUST01518,ICICI Bank,155000,64736,12,10.14,13637
FIN03313,SALE07280,CUST00129,HDFC Bank,136000,33576,12,8.58,11867
FIN03314,SALE10139,CUST02284,SBI Auto Loans,238000,89233,24,8.53,10822
FIN03315,SALE17637,CUST02948,SBI Auto Loans,188000,43406,48,8.91,4670
FIN03316,SALE13643,CUST03925,Bajaj Finance,184000,33198,36,9.8,5920
FIN03317,SALE11945,CUST04492,ICICI Bank,197000,38304,12,8.81,17211
FIN03318,SALE11396,CUST00346,HDFC Bank,131000,28704,36,11.99,4350
FIN03319,SALE15824,CUST01146,HDFC Bank,175000,44909,36,9.27,5587
FIN03320,SALE08706,CUST02055,HDFC Bank,276000,68523,48,11.95,7261
FIN03321,SALE18578,CUST01757,Hero FinCorp,165000,31242,36,10.23,5342
FIN03322,SALE02564,CUST02170,HDFC Bank,159000,54788,24,11.15,7422
FIN03323,SALE10584,CUST02809,Bajaj Finance,183000,52434,60,11.91,4062
FIN03324,SALE07916,CUST04441,ICICI Bank,145000,53287,36,12.14,4826
FIN03325,SALE01884,CUST04250,TVS Credit,113000,46280,36,8.56,3570
FIN03326,SALE18628,CUST04140,Bajaj Finance,184000,46796,36,9.38,5884
FIN03327,SALE07600,CUST04809,HDFC Bank,295000,116666,48,9.02,7344
FIN03328,SALE09727,CUST02111,Bajaj Finance,172000,60088,36,11.98,5711
FIN03329,SALE12557,CUST02129,Bajaj Finance,147000,38885,36,9.61,4716
FIN03330,SALE14357,CUST01908,Bajaj Finance,294000,68633,12,11.8,26094
FIN03331,SALE02399,CUST04561,HDFC Bank,146000,25752,36,12.45,4881
FIN03332,SALE10901,CUST02383,ICICI Bank,167000,63791,24,12.27,7882
FIN03333,SALE14962,CUST02341,Bajaj Finance,139000,31183,36,11.08,4556
FIN03334,SALE13518,CUST04617,HDFC Bank,179000,37152,48,9.42,4490
FIN03335,SALE01038,CUST03356,Bajaj Finance,158000,62769,24,8.75,7200
FIN03336,SALE03925,CUST02275,SBI Auto Loans,212000,61631,24,9.6,9744
FIN03337,SALE04134,CUST02151,SBI Auto Loans,150000,58776,24,10.86,6981
FIN03338,SALE02681,CUST02431,ICICI Bank,155000,42218,36,11.21,5090
FIN03339,SALE09867,CUST04490,ICICI Bank,164000,51757,48,11.03,4241
FIN03340,SALE08360,CUST04638,SBI Auto Loans,165000,48126,24,9.52,7577
FIN03341,SALE05256,CUST03362,Bajaj Finance,227000,83340,36,11.07,7439
FIN03342,SALE07311,CUST01091,SBI Auto Loans,159000,33404,24,10.1,7344
FIN03343,SALE14258,CUST03242,TVS Credit,182000,34428,24,10.92,8476
FIN03344,SALE16212,CUST01520,HDFC Bank,162000,56912,24,9.59,7445
FIN03345,SALE17085,CUST04432,TVS Credit,150000,42536,48,12.49,3986
FIN03346,SALE16370,CUST02653,Bajaj Finance,139000,31224,36,11.05,4554
FIN03347,SALE03057,CUST00666,HDFC Bank,251000,71353,36,11.01,8219
FIN03348,SALE08001,CUST00353,ICICI Bank,169000,61377,36,12.33,5640
FIN03349,SALE01286,CUST01539,SBI Auto Loans,123000,48321,36,12.01,4086
FIN03350,SALE12024,CUST03999,TVS Credit,178000,53042,24,10.36,8243
FIN03351,SALE19157,CUST03598,SBI Auto Loans,191000,37522,36,10.06,6168
FIN03352,SALE00172,CUST02828,HDFC Bank,181000,51836,36,10.02,5842
FIN03353,SALE13743,CUST01919,Axis Bank,192000,78913,24,9.94,8855
FIN03354,SALE13845,CUST02600,ICICI Bank,161000,35477,24,10.31,7452
FIN03355,SALE09368,CUST01085,HDFC Bank,178000,35399,36,10.68,5801
FIN03356,SALE00993,CUST04413,HDFC Bank,248000,76454,36,11.79,8212
FIN03357,SALE12616,CUST03822,Axis Bank,150000,49041,24,12.24,7078
FIN03358,SALE11969,CUST01889,Hero FinCorp,159000,36353,36,9.46,5090
FIN03359,SALE19331,CUST01368,HDFC Bank,184000,35232,36,9.22,5870
FIN03360,SALE09897,CUST00464,HDFC Bank,316000,98780,24,10.91,14715
FIN03361,SALE13192,CUST02148,HDFC Bank,143000,51318,24,9.8,6586
FIN03362,SALE19011,CUST03225,Bajaj Finance,162000,29142,24,10.72,7529
FIN03363,SALE17573,CUST01669,SBI Auto Loans,182000,37377,36,9.92,5866
FIN03364,SALE07132,CUST00628,TVS Credit,177000,44932,60,9.37,3706
FIN03365,SALE08672,CUST02095,HDFC Bank,174000,36454,24,8.74,7928
FIN03366,SALE00765,CUST04704,Axis Bank,138000,31679,36,12.26,4601
FIN03367,SALE13461,CUST03951,SBI Auto Loans,164000,45813,60,8.91,3397
FIN03368,SALE07619,CUST01488,TVS Credit,251000,74320,36,9.68,8061
FIN03369,SALE08753,CUST04193,ICICI Bank,209000,61649,24,9.38,9585
FIN03370,SALE15609,CUST01725,ICICI Bank,143000,29164,36,9.08,4553
FIN03371,SALE00503,CUST02951,SBI Auto Loans,230000,96371,36,10.41,7466
FIN03372,SALE12735,CUST02004,Bajaj Finance,172000,63386,48,10.56,4409
FIN03373,SALE16124,CUST01168,ICICI Bank,180000,38613,24,9.1,8232
FIN03374,SALE15103,CUST02141,SBI Auto Loans,141000,58454,24,11.47,6603
FIN03375,SALE19252,CUST03712,ICICI Bank,281000,84286,24,8.82,12814
FIN03376,SALE19339,CUST00021,TVS Credit,163000,33654,24,11.96,7670
FIN03377,SALE17779,CUST00015,Bajaj Finance,158000,59286,36,11.46,5207
FIN03378,SALE05605,CUST02761,Bajaj Finance,177000,41620,12,10.89,15634
FIN03379,SALE03673,CUST03053,Axis Bank,140000,30257,12,10.55,12344
FIN03380,SALE18566,CUST00260,Bajaj Finance,154000,64397,48,11.69,4032
FIN03381,SALE17307,CUST01389,ICICI Bank,150000,47737,36,10.73,4892
FIN03382,SALE14323,CUST00083,Bajaj Finance,193000,38336,36,8.71,6111
FIN03383,SALE06538,CUST01392,SBI Auto Loans,251000,74485,36,10.91,8207
FIN03384,SALE16213,CUST02780,Bajaj Finance,292000,52544,12,10.42,25729
FIN03385,SALE18920,CUST02187,SBI Auto Loans,160000,39326,36,12.5,5353
FIN03386,SALE01793,CUST03174,ICICI Bank,139000,25935,24,12.17,6554
FIN03387,SALE03403,CUST04022,HDFC Bank,194000,77707,36,11.8,6425
FIN03388,SALE13591,CUST04972,SBI Auto Loans,238000,84605,36,11.81,7883
FIN03389,SALE08281,CUST02765,Hero FinCorp,161000,57467,36,9.36,5147
FIN03390,SALE13797,CUST00961,SBI Auto Loans,173000,57282,36,9.39,5533
FIN03391,SALE10323,CUST04695,HDFC Bank,152000,40952,24,11.83,7143
FIN03392,SALE06326,CUST01280,HDFC Bank,146000,50700,36,9.52,4678
FIN03393,SALE13817,CUST02266,ICICI Bank,182000,36749,36,9.01,5788
FIN03394,SALE09690,CUST04233,ICICI Bank,163000,35466,36,9.39,5213
FIN03395,SALE07871,CUST02624,SBI Auto Loans,147000,42550,48,10.46,3761
FIN03396,SALE03592,CUST01105,ICICI Bank,159000,36474,36,11.13,5215
FIN03397,SALE19000,CUST02893,HDFC Bank,156000,42850,48,10.63,4004
FIN03398,SALE07063,CUST01849,Bajaj Finance,134000,47206,36,9.76,4309
FIN03399,SALE11438,CUST00831,ICICI Bank,239000,83606,24,11.29,11171
FIN03400,SALE06572,CUST02093,SBI Auto Loans,281000,66394,36,9.28,8972
FIN03401,SALE19150,CUST03283,Bajaj Finance,126000,45883,48,11.14,3265
FIN03402,SALE05670,CUST02888,SBI Auto Loans,162000,34041,36,10.54,5268
FIN03403,SALE05227,CUST02407,TVS Credit,134000,28713,36,9.31,4281
FIN03404,SALE04066,CUST04372,HDFC Bank,245000,81819,48,9.84,6195
FIN03405,SALE05096,CUST03182,SBI Auto Loans,148000,48709,36,11.74,4897
FIN03406,SALE01632,CUST00829,TVS Credit,139000,51654,12,10.89,12278
FIN03407,SALE06489,CUST02461,SBI Auto Loans,162000,57564,36,11.88,5371
FIN03408,SALE02112,CUST02088,ICICI Bank,176000,56505,24,8.65,8012
FIN03409,SALE06600,CUST04895,TVS Credit,179000,42780,36,9.54,5737
FIN03410,SALE08982,CUST01011,Axis Bank,191000,75265,48,9.82,4828
FIN03411,SALE18833,CUST01412,Axis Bank,141000,54163,24,9.62,6482
FIN03412,SALE16561,CUST03600,Bajaj Finance,167000,48873,24,9.64,7678
FIN03413,SALE03583,CUST04183,Hero FinCorp,171000,48892,24,11.39,8001
FIN03414,SALE09120,CUST04031,ICICI Bank,187000,40600,48,10.37,4776
FIN03415,SALE10458,CUST02934,HDFC Bank,159000,56705,48,12.02,4189
FIN03416,SALE04364,CUST01903,TVS Credit,123000,49375,24,10.28,5692
FIN03417,SALE14344,CUST04915,Bajaj Finance,162000,36749,36,9.16,5164
FIN03418,SALE07438,CUST03312,ICICI Bank,157000,62848,24,9.77,7228
FIN03419,SALE16581,CUST03953,TVS Credit,139000,25545,36,9.04,4423
FIN03420,SALE07059,CUST04163,ICICI Bank,169000,47239,12,10.95,14933
FIN03421,SALE05834,CUST01873,HDFC Bank,278000,83216,36,10.38,9020
FIN03422,SALE02332,CUST02339,HDFC Bank,162000,35205,36,10.52,5267
FIN03423,SALE16031,CUST01147,Hero FinCorp,166000,64384,36,10.67,5409
FIN03424,SALE14824,CUST03438,TVS Credit,157000,42156,60,11.05,3417
FIN03425,SALE15377,CUST01400,Bajaj Finance,161000,36029,36,11.88,5338
FIN03426,SALE01015,CUST04239,Axis Bank,171000,35814,12,9.65,15006
FIN03427,SALE03514,CUST04151,SBI Auto Loans,255000,72406,36,8.62,8064
FIN03428,SALE11182,CUST03844,SBI Auto Loans,245000,80178,36,10.42,7954
FIN03429,SALE15722,CUST03505,Hero FinCorp,149000,49978,36,9.3,4759
FIN03430,SALE04835,CUST04830,SBI Auto Loans,190000,79565,48,11.54,4961
FIN03431,SALE18125,CUST02620,SBI Auto Loans,113000,46654,24,9.55,5191
FIN03432,SALE03422,CUST00222,SBI Auto Loans,128000,40191,36,11.47,4219
FIN03433,SALE04064,CUST03793,ICICI Bank,134000,35508,24,8.99,6121
FIN03434,SALE17068,CUST04328,ICICI Bank,191000,39214,60,9.78,4038
FIN03435,SALE02756,CUST04383,HDFC Bank,167000,53278,24,8.64,7602
FIN03436,SALE03134,CUST03346,HDFC Bank,155000,64909,36,10.96,5072
FIN03437,SALE01689,CUST04346,Bajaj Finance,176000,42385,36,8.53,5558
FIN03438,SALE09020,CUST03685,Hero FinCorp,207000,64716,24,9.77,9530
FIN03439,SALE02414,CUST00394,Bajaj Finance,183000,53847,48,12.39,4854
FIN03440,SALE01305,CUST03772,ICICI Bank,160000,53396,24,9.63,7356
FIN03441,SALE18061,CUST01163,TVS Credit,165000,63043,48,8.83,4093
FIN03442,SALE19830,CUST01127,ICICI Bank,139000,54350,24,11.55,6514
FIN03443,SALE10807,CUST03358,ICICI Bank,128000,42599,36,11.85,4242
FIN03444,SALE06844,CUST01170,Cholamandalam Finance,187000,48886,48,8.79,4635
FIN03445,SALE16619,CUST03537,SBI Auto Loans,265000,78693,36,10.2,8576
FIN03446,SALE10818,CUST04045,TVS Credit,136000,36283,36,11.08,4458
FIN03447,SALE09637,CUST01024,ICICI Bank,179000,54961,12,9.69,15711
FIN03448,SALE19145,CUST01388,Bajaj Finance,132000,37107,48,9.22,3299
FIN03449,SALE16498,CUST00741,SBI Auto Loans,131000,27030,36,10.99,4288
FIN03450,SALE03777,CUST02573,ICICI Bank,127000,31434,48,9.24,3175
FIN03451,SALE07259,CUST04261,Bajaj Finance,237000,89519,12,10.9,20935
FIN03452,SALE12940,CUST04684,TVS Credit,173000,38215,36,9.41,5534
FIN03453,SALE03644,CUST03550,ICICI Bank,180000,54974,36,10.52,5852
FIN03454,SALE03973,CUST00849,Axis Bank,247000,94792,24,10.52,11457
FIN03455,SALE05584,CUST00816,ICICI Bank,164000,32885,12,10.14,14429
FIN03456,SALE09565,CUST01131,Cholamandalam Finance,183000,49910,24,8.65,8331
FIN03457,SALE05963,CUST01677,Hero FinCorp,148000,59579,12,12.3,13170
FIN03458,SALE15995,CUST01921,HDFC Bank,131000,39422,24,10.44,6072
FIN03459,SALE17161,CUST04485,HDFC Bank,167000,30055,24,11.68,7836
FIN03460,SALE00936,CUST04303,ICICI Bank,184000,37295,24,10.29,8515
FIN03461,SALE16331,CUST01095,HDFC Bank,162000,54233,36,9.11,5160
FIN03462,SALE09221,CUST00491,ICICI Bank,128000,40591,24,9.39,5871
FIN03463,SALE03912,CUST02841,HDFC Bank,130000,40756,36,10.32,4214
FIN03464,SALE11557,CUST02842,Bajaj Finance,119000,50485,24,8.62,5416
FIN03465,SALE06180,CUST00648,Hero FinCorp,123000,48491,24,9.16,5628
FIN03466,SALE00468,CUST03052,SBI Auto Loans,142000,48091,36,10.75,4632
FIN03467,SALE12761,CUST00025,HDFC Bank,189000,78115,48,8.59,4667
FIN03468,SALE19437,CUST04527,HDFC Bank,192000,42664,24,10.42,8897
FIN03469,SALE14820,CUST01761,SBI Auto Loans,123000,48806,36,10.82,4016
FIN03470,SALE17934,CUST03306,Bajaj Finance,312000,101926,12,9.16,27308
FIN03471,SALE19906,CUST03683,HDFC Bank,172000,34752,36,10.96,5628
FIN03472,SALE19606,CUST00476,SBI Auto Loans,189000,41817,24,11.66,8867
FIN03473,SALE05878,CUST03424,SBI Auto Loans,149000,47308,12,11.02,13170
FIN03474,SALE13804,CUST00244,HDFC Bank,136000,33380,36,10.81,4440
FIN03475,SALE00906,CUST03725,HDFC Bank,130000,42212,36,9.62,4172
FIN03476,SALE02345,CUST03298,HDFC Bank,193000,71157,12,11.08,17065
FIN03477,SALE12962,CUST04953,HDFC Bank,154000,56754,36,8.95,4894
FIN03478,SALE02268,CUST00723,Bajaj Finance,141000,50756,24,9.61,6481
FIN03479,SALE18166,CUST04938,ICICI Bank,146000,53119,12,8.96,12765
FIN03480,SALE10192,CUST03288,ICICI Bank,142000,28294,36,12.08,4722
FIN03481,SALE14619,CUST03335,TVS Credit,190000,42769,36,9.56,6092
FIN03482,SALE09686,CUST02115,ICICI Bank,124000,42220,12,10.05,10904
FIN03483,SALE02943,CUST04659,Cholamandalam Finance,164000,63807,60,12.12,3658
FIN03484,SALE00709,CUST03905,Bajaj Finance,131000,36938,36,10.37,4250
FIN03485,SALE04457,CUST04334,HDFC Bank,123000,47435,24,10.12,5683
FIN03486,SALE00798,CUST01777,HDFC Bank,175000,61193,36,10.71,5705
FIN03487,SALE16125,CUST02624,SBI Auto Loans,261000,59589,36,11.37,8591
FIN03488,SALE11386,CUST03283,ICICI Bank,174000,44616,36,12.49,5820
FIN03489,SALE16715,CUST04526,HDFC Bank,187000,44189,24,12.4,8838
FIN03490,SALE00274,CUST00782,Hero FinCorp,185000,34187,12,9.07,16185
FIN03491,SALE12266,CUST00353,ICICI Bank,196000,75938,36,9.99,6323
FIN03492,SALE14582,CUST00746,ICICI Bank,126000,43880,36,10.83,4115
FIN03493,SALE02735,CUST01672,HDFC Bank,154000,45243,36,10.94,5037
FIN03494,SALE06150,CUST00262,HDFC Bank,120000,43374,24,10.64,5573
FIN03495,SALE16556,CUST01499,TVS Credit,173000,56664,36,10.92,5657
FIN03496,SALE04141,CUST03842,Bajaj Finance,127000,44565,24,10.27,5876
FIN03497,SALE02934,CUST03682,HDFC Bank,161000,58029,48,8.56,3973
FIN03498,SALE10292,CUST02891,TVS Credit,275000,52042,60,11.71,6077
FIN03499,SALE02159,CUST01538,Bajaj Finance,160000,60779,36,10.23,5180
FIN03500,SALE03020,CUST00490,Bajaj Finance,270000,77499,48,10.05,6854
FIN03501,SALE05822,CUST01341,Hero FinCorp,260000,66964,36,10.64,8468
FIN03502,SALE07734,CUST01111,SBI Auto Loans,241000,69105,36,9.91,7766
FIN03503,SALE15687,CUST01089,ICICI Bank,173000,54025,36,11.46,5702
FIN03504,SALE19562,CUST00099,HDFC Bank,154000,55501,36,11.47,5076
FIN03505,SALE14221,CUST04540,ICICI Bank,318000,93880,60,10.0,6757
FIN03506,SALE11907,CUST04214,ICICI Bank,128000,44256,36,8.72,4054
FIN03507,SALE13203,CUST00597,TVS Credit,189000,45953,36,11.78,6258
FIN03508,SALE00678,CUST01279,ICICI Bank,257000,105104,36,12.41,8586
FIN03509,SALE05679,CUST03286,HDFC Bank,322000,90647,36,8.67,10190
FIN03510,SALE15202,CUST04092,SBI Auto Loans,164000,69305,36,11.93,5442
FIN03511,SALE07467,CUST01440,HDFC Bank,117000,48732,24,10.9,5448
FIN03512,SALE01099,CUST04167,SBI Auto Loans,253000,72007,60,11.6,5577
FIN03513,SALE16971,CUST04505,SBI Auto Loans,126000,42189,36,8.87,3999
FIN03514,SALE02974,CUST04367,Bajaj Finance,183000,37903,12,10.44,16126
FIN03515,SALE09933,CUST00926,Axis Bank,133000,56858,36,9.34,4250
FIN03516,SALE01299,CUST03502,Bajaj Finance,171000,50144,12,8.59,14922
FIN03517,SALE08114,CUST00190,SBI Auto Loans,170000,63149,24,10.71,7900
FIN03518,SALE00188,CUST03600,ICICI Bank,139000,58036,24,10.37,6438
FIN03519,SALE10905,CUST03075,Axis Bank,132000,30095,24,10.53,6123
FIN03520,SALE04877,CUST03223,Hero FinCorp,155000,40310,24,11.53,7262
FIN03521,SALE02857,CUST00783,Cholamandalam Finance,164000,52242,12,11.81,14557
FIN03522,SALE16818,CUST00279,Bajaj Finance,120000,47297,12,10.5,10578
FIN03523,SALE10648,CUST03364,ICICI Bank,304000,108694,36,10.17,9834
FIN03524,SALE16094,CUST01376,TVS Credit,271000,51742,48,8.9,6731
FIN03525,SALE07170,CUST04885,SBI Auto Loans,166000,53699,36,10.87,5424
FIN03526,SALE13137,CUST01793,HDFC Bank,169000,65042,24,10.22,7816
FIN03527,SALE04702,CUST04269,HDFC Bank,127000,42628,36,10.21,4110
FIN03528,SALE04963,CUST01763,ICICI Bank,196000,39786,36,9.91,6316
FIN03529,SALE10147,CUST03161,SBI Auto Loans,184000,48983,36,9.05,5855
FIN03530,SALE10225,CUST01241,ICICI Bank,347000,67149,24,10.84,16147
FIN03531,SALE12931,CUST01474,Bajaj Finance,154000,43085,60,9.09,3204
FIN03532,SALE01648,CUST02976,Cholamandalam Finance,298000,55329,36,11.48,9824
FIN03533,SALE07410,CUST00499,Bajaj Finance,180000,34243,36,10.18,5823
FIN03534,SALE16803,CUST01119,SBI Auto Loans,276000,88757,48,10.6,7080
FIN03535,SALE10510,CUST00853,Axis Bank,174000,33247,12,9.84,15284
FIN03536,SALE18090,CUST00624,HDFC Bank,156000,63757,36,9.54,5000
FIN03537,SALE00636,CUST04418,Bajaj Finance,128000,39017,36,10.96,4188
FIN03538,SALE03725,CUST03121,ICICI Bank,148000,54784,36,11.53,4883
FIN03539,SALE06740,CUST03983,Cholamandalam Finance,125000,39208,36,12.11,4158
FIN03540,SALE08609,CUST00451,HDFC Bank,170000,50708,60,11.29,3721
FIN03541,SALE03331,CUST00616,SBI Auto Loans,136000,32858,60,9.49,2856
FIN03542,SALE10113,CUST04960,SBI Auto Loans,139000,29439,12,11.31,12305
FIN03543,SALE09802,CUST00428,HDFC Bank,158000,61551,36,11.45,5206
FIN03544,SALE04987,CUST01554,SBI Auto Loans,281000,63294,36,10.37,9116
FIN03545,SALE17495,CUST03027,HDFC Bank,183000,38495,48,9.26,4577
FIN03546,SALE17386,CUST04376,HDFC Bank,228000,91351,36,8.56,7204
FIN03547,SALE12853,CUST00995,ICICI Bank,169000,65674,36,12.3,5637
FIN03548,SALE07329,CUST02285,Hero FinCorp,166000,32047,36,9.9,5349
FIN03549,SALE13285,CUST02948,TVS Credit,242000,79433,24,10.93,11271
FIN03550,SALE10870,CUST04929,HDFC Bank,262000,59713,48,12.17,6921
FIN03551,SALE13648,CUST04298,HDFC Bank,132000,37577,36,11.13,4330
FIN03552,SALE15880,CUST03490,TVS Credit,243000,74986,36,12.25,8100
FIN03553,SALE09812,CUST02636,SBI Auto Loans,157000,31352,24,10.79,7302
FIN03554,SALE17787,CUST04627,SBI Auto Loans,196000,69405,36,10.3,6352
FIN03555,SALE03613,CUST04960,TVS Credit,128000,42061,24,10.0,5907
FIN03556,SALE08973,CUST00880,ICICI Bank,272000,54514,24,9.47,12485
FIN03557,SALE05086,CUST03386,ICICI Bank,160000,61980,24,8.76,7292
FIN03558,SALE10570,CUST04307,Bajaj Finance,175000,52956,48,12.26,4631
FIN03559,SALE08556,CUST04229,ICICI Bank,242000,103069,24,11.9,11380
FIN03560,SALE16684,CUST02686,TVS Credit,124000,43857,36,11.82,4108
FIN03561,SALE06007,CUST01008,HDFC Bank,164000,63613,24,11.64,7693
FIN03562,SALE00184,CUST04845,Cholamandalam Finance,142000,54185,24,9.54,6522
FIN03563,SALE19041,CUST03832,ICICI Bank,140000,30473,48,8.57,3455
FIN03564,SALE04871,CUST04685,HDFC Bank,122000,42653,24,9.61,5608
FIN03565,SALE15814,CUST01168,Bajaj Finance,146000,50382,12,10.59,12876
FIN03566,SALE06870,CUST00865,Bajaj Finance,129000,39857,12,10.04,11344
FIN03567,SALE04677,CUST04978,TVS Credit,183000,38080,36,11.8,6061
FIN03568,SALE16096,CUST02581,HDFC Bank,162000,35808,36,10.25,5246
FIN03569,SALE17237,CUST00936,TVS Credit,125000,45245,36,9.87,4026
FIN03570,SALE06030,CUST03555,TVS Credit,131000,37934,24,10.22,6058
FIN03571,SALE08528,CUST01075,HDFC Bank,153000,61537,36,11.68,5058
FIN03572,SALE09422,CUST03151,SBI Auto Loans,194000,37633,48,10.14,4933
FIN03573,SALE04365,CUST00837,ICICI Bank,159000,38623,36,10.27,5151
FIN03574,SALE04589,CUST02421,HDFC Bank,163000,54469,24,9.14,7457
FIN03575,SALE07133,CUST00727,ICICI Bank,171000,59731,36,12.26,5701
FIN03576,SALE06317,CUST00503,Axis Bank,116000,49086,12,10.49,10225
FIN03577,SALE19091,CUST00563,ICICI Bank,124000,47915,36,9.16,3952
FIN03578,SALE18193,CUST02591,Axis Bank,157000,39564,60,11.34,3440
FIN03579,SALE18575,CUST00462,ICICI Bank,144000,27852,12,11.38,12752
FIN03580,SALE08670,CUST00653,Bajaj Finance,266000,79756,24,9.73,12241
FIN03581,SALE19548,CUST02633,SBI Auto Loans,125000,47379,12,9.09,10937
FIN03582,SALE15192,CUST01595,Bajaj Finance,156000,64839,12,10.84,13776
FIN03583,SALE18778,CUST01970,HDFC Bank,142000,28210,36,8.91,4510
FIN03584,SALE03754,CUST03982,HDFC Bank,155000,63241,12,8.67,13531
FIN03585,SALE17914,CUST02547,Bajaj Finance,193000,42192,36,12.27,6435
FIN03586,SALE06545,CUST03016,Hero FinCorp,164000,52723,48,9.45,4116
FIN03587,SALE00887,CUST00955,SBI Auto Loans,184000,32717,36,8.77,5831
FIN03588,SALE16665,CUST03516,HDFC Bank,280000,71389,24,9.97,12917
FIN03589,SALE00432,CUST02990,Bajaj Finance,290000,121942,24,8.94,13241
FIN03590,SALE14478,CUST02464,TVS Credit,145000,53162,24,8.96,6622
FIN03591,SALE00681,CUST00459,TVS Credit,126000,37994,12,9.04,11021
FIN03592,SALE05465,CUST01043,ICICI Bank,135000,36696,36,10.9,4413
FIN03593,SALE05929,CUST02727,HDFC Bank,139000,30601,48,8.53,3428
FIN03594,SALE10791,CUST03306,ICICI Bank,121000,47599,24,11.89,5690
FIN03595,SALE18189,CUST01532,ICICI Bank,244000,102931,36,10.42,7921
FIN03596,SALE01951,CUST00085,ICICI Bank,166000,66087,48,8.58,4098
FIN03597,SALE05890,CUST04276,HDFC Bank,114000,47934,48,9.33,2855
FIN03598,SALE01262,CUST02876,SBI Auto Loans,161000,57338,12,11.05,14233
FIN03599,SALE15772,CUST02828,TVS Credit,141000,56255,48,12.29,3733
FIN03600,SALE19050,CUST02309,ICICI Bank,124000,45837,36,10.64,4038
FIN03601,SALE17613,CUST00763,HDFC Bank,182000,33036,36,9.88,5862
FIN03602,SALE18155,CUST03781,SBI Auto Loans,171000,50522,36,9.31,5462
FIN03603,SALE16182,CUST02072,SBI Auto Loans,223000,45158,48,9.68,5622
FIN03604,SALE10078,CUST00580,HDFC Bank,136000,34367,24,9.07,6217
FIN03605,SALE10282,CUST03537,HDFC Bank,164000,65175,48,10.34,4186
FIN03606,SALE07807,CUST03908,Axis Bank,171000,47643,24,10.1,7899
FIN03607,SALE02727,CUST02938,TVS Credit,140000,50043,36,10.98,4582
FIN03608,SALE05051,CUST03151,ICICI Bank,157000,52986,48,9.17,3920
FIN03609,SALE12369,CUST04662,ICICI Bank,191000,42464,36,11.1,6262
FIN03610,SALE19824,CUST00665,HDFC Bank,139000,30971,36,10.57,4522
FIN03611,SALE17279,CUST00252,SBI Auto Loans,160000,55927,36,10.0,5163
FIN03612,SALE13441,CUST01802,ICICI Bank,128000,40053,12,10.81,11302
FIN03613,SALE16444,CUST00093,SBI Auto Loans,179000,33916,24,12.35,8455
FIN03614,SALE15285,CUST00160,SBI Auto Loans,160000,59186,36,12.43,5347
FIN03615,SALE05234,CUST02582,ICICI Bank,135000,35118,36,11.61,4459
FIN03616,SALE07861,CUST02484,TVS Credit,169000,50687,36,9.55,5418
FIN03617,SALE18638,CUST04846,Bajaj Finance,123000,42579,36,12.43,4111
FIN03618,SALE03159,CUST00277,ICICI Bank,236000,90625,24,11.65,11071
FIN03619,SALE02736,CUST02065,Bajaj Finance,291000,53052,48,8.92,7230
FIN03620,SALE01332,CUST00468,Axis Bank,159000,30063,12,10.27,13999
FIN03621,SALE15203,CUST01740,Bajaj Finance,168000,69782,36,11.39,5531
FIN03622,SALE16266,CUST03755,ICICI Bank,138000,59175,48,9.4,3460
FIN03623,SALE07117,CUST01636,Hero FinCorp,159000,59602,36,10.23,5148
FIN03624,SALE01057,CUST04136,HDFC Bank,181000,42581,60,10.74,3912
FIN03625,SALE07334,CUST01282,HDFC Bank,158000,33075,60,11.94,3510
FIN03626,SALE06504,CUST00387,SBI Auto Loans,183000,37665,36,11.76,6057
FIN03627,SALE05686,CUST01806,TVS Credit,156000,40125,36,12.34,5207
FIN03628,SALE06107,CUST01701,Axis Bank,167000,31637,36,9.03,5313
FIN03629,SALE06265,CUST04180,HDFC Bank,156000,41246,36,10.42,5064
FIN03630,SALE03577,CUST04299,TVS Credit,231000,42556,36,9.54,7404
FIN03631,SALE10797,CUST00562,ICICI Bank,117000,45359,36,11.01,3831
FIN03632,SALE17992,CUST00692,Axis Bank,195000,76292,24,9.23,8929
FIN03633,SALE07416,CUST01479,Bajaj Finance,347000,67227,60,11.15,7571
FIN03634,SALE15912,CUST02750,TVS Credit,206000,66373,24,11.33,9633
FIN03635,SALE13234,CUST02278,HDFC Bank,299000,117795,24,11.26,13972
FIN03636,SALE01453,CUST04154,HDFC Bank,144000,55369,48,12.28,3812
FIN03637,SALE12786,CUST00518,HDFC Bank,167000,52513,36,10.28,5411
FIN03638,SALE12639,CUST02012,ICICI Bank,261000,63356,60,11.12,5690
FIN03639,SALE11486,CUST03398,HDFC Bank,123000,40887,48,10.76,3165
FIN03640,SALE14744,CUST03514,ICICI Bank,147000,48537,12,9.61,12897
FIN03641,SALE13284,CUST02212,TVS Credit,146000,53180,36,11.81,4836
FIN03642,SALE05848,CUST01840,HDFC Bank,173000,56945,48,9.01,4306
FIN03643,SALE18496,CUST00782,Bajaj Finance,301000,114367,36,11.39,9910
FIN03644,SALE15468,CUST01827,HDFC Bank,134000,56209,36,11.83,4440
FIN03645,SALE16766,CUST02152,SBI Auto Loans,138000,30013,60,11.01,3001
FIN03646,SALE09071,CUST01377,TVS Credit,150000,47419,24,10.99,6990
FIN03647,SALE11145,CUST00889,ICICI Bank,285000,76562,12,11.48,25253
FIN03648,SALE07658,CUST02133,ICICI Bank,142000,29968,36,10.2,4595
FIN03649,SALE12470,CUST01964,Bajaj Finance,325000,85590,36,10.53,10568
FIN03650,SALE15908,CUST00471,ICICI Bank,198000,37464,24,12.38,9356
FIN03651,SALE19816,CUST02992,HDFC Bank,122000,48842,60,11.11,2659
FIN03652,SALE03099,CUST00782,Bajaj Finance,156000,58695,36,8.6,4932
FIN03653,SALE12738,CUST02121,HDFC Bank,164000,33537,36,11.78,5430
FIN03654,SALE09303,CUST03030,ICICI Bank,134000,36304,12,10.41,11806
FIN03655,SALE04604,CUST00671,ICICI Bank,205000,59850,48,9.44,5144
FIN03656,SALE00634,CUST02027,Hero FinCorp,153000,41647,36,9.25,4883
FIN03657,SALE10698,CUST04586,HDFC Bank,165000,54702,36,12.25,5500
FIN03658,SALE04314,CUST01523,SBI Auto Loans,161000,59907,48,10.85,4149
FIN03659,SALE05889,CUST01771,HDFC Bank,247000,79811,24,8.97,11281
FIN03660,SALE03529,CUST04720,TVS Credit,126000,44768,48,9.69,3177
FIN03661,SALE07786,CUST02205,Bajaj Finance,221000,44058,24,8.72,10068
FIN03662,SALE03589,CUST00168,Bajaj Finance,136000,34351,36,11.09,4458
FIN03663,SALE05835,CUST01827,ICICI Bank,176000,38985,48,10.45,4502
FIN03664,SALE02317,CUST03135,ICICI Bank,281000,65132,24,9.8,12941
FIN03665,SALE07422,CUST04824,HDFC Bank,329000,69741,36,12.48,11003
FIN03666,SALE16525,CUST03315,SBI Auto Loans,200000,73612,24,11.46,9364
FIN03667,SALE03351,CUST04541,HDFC Bank,218000,56323,24,9.07,9966
FIN03668,SALE08204,CUST01592,SBI Auto Loans,241000,81440,12,9.04,21080
FIN03669,SALE12142,CUST01286,HDFC Bank,298000,62960,36,11.63,9845
FIN03670,SALE17273,CUST04077,HDFC Bank,192000,40909,24,10.57,8910
FIN03671,SALE18429,CUST00776,TVS Credit,171000,50604,60,10.74,3696
FIN03672,SALE15558,CUST01179,Bajaj Finance,196000,39250,24,11.73,9202
FIN03673,SALE10722,CUST02085,Axis Bank,169000,61673,36,11.98,5612
FIN03674,SALE17883,CUST01830,SBI Auto Loans,145000,51276,36,11.45,4778
FIN03675,SALE05555,CUST02215,HDFC Bank,139000,27322,48,12.03,3662
FIN03676,SALE19404,CUST04666,ICICI Bank,144000,51701,36,11.63,4757
FIN03677,SALE12628,CUST04500,Bajaj Finance,174000,41239,24,11.11,8119
FIN03678,SALE09989,CUST00675,TVS Credit,155000,65270,48,10.26,3951
FIN03679,SALE14197,CUST04537,Bajaj Finance,162000,34776,24,9.91,7469
FIN03680,SALE03901,CUST01825,Axis Bank,127000,38731,12,11.34,11245
FIN03681,SALE00827,CUST00924,HDFC Bank,140000,32153,36,9.32,4473
FIN03682,SALE10088,CUST00938,Bajaj Finance,176000,58652,36,10.73,5740
FIN03683,SALE09507,CUST04393,Cholamandalam Finance,181000,38765,12,9.03,15831
FIN03684,SALE16893,CUST00199,SBI Auto Loans,144000,25839,36,11.14,4724
FIN03685,SALE06177,CUST01156,Axis Bank,161000,54138,36,8.96,5117
FIN03686,SALE01990,CUST04528,HDFC Bank,147000,49700,36,12.09,4889
FIN03687,SALE16603,CUST04015,Bajaj Finance,180000,41068,24,9.23,8242
FIN03688,SALE08746,CUST03972,Bajaj Finance,262000,61660,12,11.73,23245
FIN03689,SALE02561,CUST03270,ICICI Bank,230000,94223,36,11.52,7587
FIN03690,SALE19232,CUST03522,Hero FinCorp,157000,63044,36,10.99,5139
FIN03691,SALE04715,CUST00324,HDFC Bank,158000,37946,48,11.87,4151
FIN03692,SALE15858,CUST02904,TVS Credit,172000,43264,12,12.32,15308
FIN03693,SALE09206,CUST03696,HDFC Bank,141000,28405,36,11.75,4666
FIN03694,SALE19585,CUST03247,ICICI Bank,142000,57056,12,11.09,12556
FIN03695,SALE08425,CUST00272,HDFC Bank,182000,56296,48,11.79,4774
FIN03696,SALE11711,CUST04399,ICICI Bank,309000,56456,36,9.43,9888
FIN03697,SALE17239,CUST00878,Cholamandalam Finance,192000,35575,36,8.88,6095
FIN03698,SALE06152,CUST03268,HDFC Bank,133000,38227,24,11.75,6245
FIN03699,SALE07459,CUST02848,SBI Auto Loans,140000,29721,36,10.16,4528
FIN03700,SALE14101,CUST02128,SBI Auto Loans,143000,53392,24,9.67,6577
FIN03701,SALE04012,CUST01893,SBI Auto Loans,236000,87784,24,11.89,11097
FIN03702,SALE03989,CUST01818,SBI Auto Loans,134000,35978,36,9.67,4303
FIN03703,SALE13135,CUST04414,Bajaj Finance,159000,38470,36,10.51,5169
FIN03704,SALE18439,CUST03254,SBI Auto Loans,122000,48081,24,11.67,5724
FIN03705,SALE08380,CUST03751,TVS Credit,175000,56179,36,10.63,5699
FIN03706,SALE12161,CUST03920,Cholamandalam Finance,249000,94419,12,8.66,21736
FIN03707,SALE00315,CUST02458,HDFC Bank,151000,31293,48,10.39,3858
FIN03708,SALE10985,CUST01426,SBI Auto Loans,264000,60514,36,11.84,8748
FIN03709,SALE06786,CUST01829,SBI Auto Loans,118000,50015,48,10.29,3009
FIN03710,SALE01460,CUST04769,HDFC Bank,148000,48542,36,9.33,4729
FIN03711,SALE03445,CUST03505,ICICI Bank,180000,56837,60,10.76,3892
FIN03712,SALE00009,CUST02188,SBI Auto Loans,152000,43908,24,10.02,7015
FIN03713,SALE18405,CUST01495,SBI Auto Loans,165000,32787,36,9.24,5265
FIN03714,SALE13637,CUST02545,ICICI Bank,150000,64076,48,10.33,3828
FIN03715,SALE06790,CUST03986,HDFC Bank,179000,39858,36,9.99,5775
FIN03716,SALE06657,CUST03601,ICICI Bank,288000,112546,60,10.23,6152
FIN03717,SALE18043,CUST01409,HDFC Bank,263000,100515,36,11.18,8633
FIN03718,SALE03426,CUST02344,HDFC Bank,138000,49237,24,9.28,6322
FIN03719,SALE07576,CUST04351,SBI Auto Loans,176000,54228,36,11.13,5773
FIN03720,SALE19214,CUST00933,TVS Credit,159000,61715,24,11.41,7441
FIN03721,SALE01377,CUST03997,ICICI Bank,123000,47342,12,10.67,10852
FIN03722,SALE03200,CUST00363,Hero FinCorp,263000,82012,36,12.03,8739
FIN03723,SALE00288,CUST01825,Hero FinCorp,188000,52320,24,9.25,8610
FIN03724,SALE15652,CUST04775,Cholamandalam Finance,166000,68323,48,9.71,4187
FIN03725,SALE01530,CUST04202,Bajaj Finance,194000,42475,24,11.51,9088
FIN03726,SALE12151,CUST02491,Axis Bank,180000,36610,36,11.94,5973
FIN03727,SALE12158,CUST04465,Bajaj Finance,161000,35410,24,10.25,7448
FIN03728,SALE18695,CUST01195,HDFC Bank,181000,39498,36,10.25,5862
FIN03729,SALE17295,CUST04084,Hero FinCorp,144000,55341,24,9.14,6588
FIN03730,SALE06121,CUST02982,TVS Credit,177000,41480,36,10.3,5736
FIN03731,SALE16010,CUST04476,SBI Auto Loans,134000,31683,36,11.94,4447
FIN03732,SALE14559,CUST01344,ICICI Bank,155000,61233,24,10.6,7195
FIN03733,SALE02888,CUST00035,Bajaj Finance,151000,43081,24,8.92,6893
FIN03734,SALE09079,CUST02065,Bajaj Finance,161000,57987,36,9.29,5142
FIN03735,SALE03937,CUST00015,Bajaj Finance,188000,37862,48,8.87,4667
FIN03736,SALE01557,CUST00686,HDFC Bank,149000,63471,24,12.3,7035
FIN03737,SALE12168,CUST02038,HDFC Bank,178000,40736,60,10.32,3810
FIN03738,SALE12866,CUST03374,ICICI Bank,166000,53722,36,12.24,5533
FIN03739,SALE09800,CUST01068,ICICI Bank,230000,95019,48,10.07,5841
FIN03740,SALE15179,CUST03686,HDFC Bank,129000,41531,36,11.7,4266
FIN03741,SALE09415,CUST03195,TVS Credit,129000,33813,48,12.07,3402
FIN03742,SALE05093,CUST00036,Bajaj Finance,156000,62954,24,10.56,7239
FIN03743,SALE04254,CUST02663,HDFC Bank,190000,42057,24,12.17,8959
FIN03744,SALE19353,CUST02072,ICICI Bank,122000,49975,36,9.68,3918
FIN03745,SALE02791,CUST03099,HDFC Bank,246000,99548,48,8.9,6110
FIN03746,SALE03745,CUST03477,TVS Credit,184000,37219,36,10.8,6007
FIN03747,SALE03840,CUST03595,Bajaj Finance,144000,52122,24,9.2,6592
FIN03748,SALE00148,CUST00269,Cholamandalam Finance,121000,38951,36,10.8,3950
FIN03749,SALE02053,CUST04523,ICICI Bank,179000,39311,36,9.86,5764
FIN03750,SALE16168,CUST04315,Bajaj Finance,154000,63655,24,11.59,7220
FIN03751,SALE05981,CUST04553,SBI Auto Loans,232000,41289,36,12.2,7728
FIN03752,SALE10485,CUST01041,HDFC Bank,124000,48199,12,10.72,10943
FIN03753,SALE08257,CUST00661,SBI Auto Loans,151000,46406,36,9.28,4821
FIN03754,SALE05502,CUST00814,ICICI Bank,342000,69646,48,9.44,8582
FIN03755,SALE13980,CUST01047,HDFC Bank,135000,36525,24,12.28,6373
FIN03756,SALE17244,CUST02160,Axis Bank,165000,51494,36,11.54,5444
FIN03757,SALE04542,CUST02173,SBI Auto Loans,159000,36237,60,12.35,3565
FIN03758,SALE19443,CUST01643,Hero FinCorp,259000,104582,24,11.05,12077
FIN03759,SALE02238,CUST00127,HDFC Bank,177000,43724,36,8.79,5611
FIN03760,SALE04313,CUST04731,Axis Bank,173000,45691,36,12.46,5784
FIN03761,SALE15139,CUST02614,TVS Credit,156000,62551,60,10.3,3338
FIN03762,SALE19262,CUST03641,ICICI Bank,243000,79840,24,11.31,11361
FIN03763,SALE08018,CUST02794,Hero FinCorp,266000,97860,60,12.03,5921
FIN03764,SALE02895,CUST02988,HDFC Bank,153000,32237,36,11.12,5018
FIN03765,SALE08777,CUST00757,HDFC Bank,184000,48917,12,9.88,16166
FIN03766,SALE01376,CUST02303,ICICI Bank,256000,64994,36,9.06,8148
FIN03767,SALE18723,CUST03164,HDFC Bank,173000,59053,36,11.93,5740
FIN03768,SALE16363,CUST01713,SBI Auto Loans,142000,25911,36,12.31,4737
FIN03769,SALE06367,CUST03030,ICICI Bank,153000,45300,36,8.68,4843
FIN03770,SALE19342,CUST01791,TVS Credit,183000,53217,12,9.82,16073
FIN03771,SALE19046,CUST04866,HDFC Bank,137000,50321,60,11.72,3028
FIN03772,SALE01532,CUST00066,HDFC Bank,165000,47780,12,11.19,14598
FIN03773,SALE00747,CUST00759,SBI Auto Loans,221000,93928,48,11.07,5719
FIN03774,SALE02295,CUST01780,SBI Auto Loans,336000,64778,24,10.31,15553
FIN03775,SALE03858,CUST02171,TVS Credit,155000,64191,24,11.38,7252
FIN03776,SALE18226,CUST04484,Bajaj Finance,124000,47760,36,11.85,4110
FIN03777,SALE08377,CUST01482,SBI Auto Loans,183000,38526,24,10.45,8483
FIN03778,SALE09612,CUST03914,HDFC Bank,150000,44315,36,8.82,4757
FIN03779,SALE16718,CUST04825,ICICI Bank,126000,45680,36,10.71,4108
FIN03780,SALE10995,CUST04031,HDFC Bank,122000,48550,36,11.06,3998
FIN03781,SALE03879,CUST02804,HDFC Bank,172000,61060,24,12.41,8130
FIN03782,SALE19193,CUST04553,HDFC Bank,231000,95132,36,9.1,7356
FIN03783,SALE01941,CUST00005,ICICI Bank,148000,51351,24,12.14,6977
FIN03784,SALE06592,CUST02751,Axis Bank,171000,48019,36,9.17,5451
FIN03785,SALE09574,CUST02453,HDFC Bank,139000,58165,12,11.17,12296
FIN03786,SALE00704,CUST04292,Hero FinCorp,170000,61317,48,10.0,4312
FIN03787,SALE19141,CUST03960,TVS Credit,175000,48845,36,9.84,5634
FIN03788,SALE05455,CUST00315,SBI Auto Loans,165000,56127,24,11.62,7738
FIN03789,SALE00829,CUST00856,HDFC Bank,143000,54841,24,9.22,6547
FIN03790,SALE06114,CUST03431,ICICI Bank,248000,97701,48,11.41,6459
FIN03791,SALE08653,CUST01793,Bajaj Finance,119000,47499,36,9.57,3816
FIN03792,SALE13500,CUST01267,TVS Credit,174000,57710,36,11.19,5712
FIN03793,SALE01748,CUST03284,SBI Auto Loans,179000,52265,60,10.87,3880
FIN03794,SALE09834,CUST01567,ICICI Bank,236000,85298,36,12.28,7870
FIN03795,SALE09581,CUST00093,HDFC Bank,236000,88820,24,8.59,10737
FIN03796,SALE03201,CUST02297,HDFC Bank,159000,59338,36,12.28,5302
FIN03797,SALE07853,CUST01322,ICICI Bank,123000,42298,24,10.92,5728
FIN03798,SALE00190,CUST03167,Bajaj Finance,157000,66713,48,8.85,3896
FIN03799,SALE03753,CUST02734,HDFC Bank,153000,62215,36,10.32,4960
FIN03800,SALE02629,CUST04716,TVS Credit,238000,86941,60,12.42,5345
FIN03801,SALE08784,CUST03717,HDFC Bank,178000,43969,48,9.42,4465
FIN03802,SALE19643,CUST04158,TVS Credit,243000,79679,36,10.71,7922
FIN03803,SALE04708,CUST02108,HDFC Bank,169000,44809,24,9.87,7788
FIN03804,SALE09605,CUST00089,TVS Credit,122000,40042,36,12.46,4079
FIN03805,SALE07947,CUST03678,ICICI Bank,175000,44386,36,12.41,5847
FIN03806,SALE13021,CUST02569,Bajaj Finance,174000,45332,36,11.56,5743
FIN03807,SALE05767,CUST00222,ICICI Bank,184000,49731,36,10.68,5996
FIN03808,SALE04382,CUST02892,ICICI Bank,116000,47700,48,10.86,2990
FIN03809,SALE04941,CUST02951,HDFC Bank,188000,47961,24,11.68,8822
FIN03810,SALE18390,CUST02450,ICICI Bank,183000,44192,48,8.69,4527
FIN03811,SALE11984,CUST02581,ICICI Bank,197000,35072,48,12.48,5234
FIN03812,SALE11110,CUST00035,SBI Auto Loans,299000,114788,60,11.75,6613
FIN03813,SALE19034,CUST02747,Bajaj Finance,246000,77735,24,11.42,11514
FIN03814,SALE15892,CUST03113,ICICI Bank,283000,75981,48,9.24,7075
FIN03815,SALE17220,CUST04496,TVS Credit,186000,52961,48,11.42,4845
FIN03816,SALE14910,CUST02694,Bajaj Finance,126000,46018,48,8.96,3133
FIN03817,SALE10885,CUST02477,Bajaj Finance,181000,52903,12,11.89,16072
FIN03818,SALE05796,CUST03502,ICICI Bank,186000,35478,48,9.9,4709
FIN03819,SALE04057,CUST00030,ICICI Bank,146000,51157,36,9.3,4663
FIN03820,SALE16548,CUST03181,Cholamandalam Finance,155000,35125,36,11.05,5078
FIN03821,SALE11267,CUST04447,TVS Credit,166000,69391,36,10.76,5416
FIN03822,SALE14151,CUST01587,Cholamandalam Finance,170000,61721,24,12.04,8006
FIN03823,SALE12481,CUST03666,ICICI Bank,156000,42362,24,9.59,7169
FIN03824,SALE17695,CUST03576,ICICI Bank,159000,34252,24,11.17,7423
FIN03825,SALE19623,CUST03118,ICICI Bank,123000,47195,60,10.48,2643
FIN03826,SALE19894,CUST01638,HDFC Bank,117000,44765,12,9.74,10272
FIN03827,SALE16195,CUST02948,HDFC Bank,172000,54822,12,11.07,15207
FIN03828,SALE03100,CUST04934,Bajaj Finance,146000,51695,48,8.69,3612
FIN03829,SALE07877,CUST02981,Axis Bank,240000,101181,24,9.43,11012
FIN03830,SALE03893,CUST04681,ICICI Bank,159000,57252,36,10.33,5155
FIN03831,SALE19349,CUST00976,ICICI Bank,127000,45247,36,11.88,4211
FIN03832,SALE13098,CUST02951,ICICI Bank,191000,45359,36,12.2,6362
FIN03833,SALE02509,CUST01786,Axis Bank,193000,78085,36,11.85,6397
FIN03834,SALE11679,CUST04848,Hero FinCorp,124000,45753,24,10.96,5777
FIN03835,SALE01942,CUST03327,HDFC Bank,175000,46453,24,11.27,8178
FIN03836,SALE06666,CUST02383,ICICI Bank,153000,39160,36,11.69,5059
FIN03837,SALE00921,CUST02753,Bajaj Finance,182000,35583,36,11.77,6025
FIN03838,SALE12074,CUST03111,ICICI Bank,262000,60273,24,10.45,12144
FIN03839,SALE13055,CUST04934,SBI Auto Loans,180000,37852,36,11.34,5922
FIN03840,SALE15273,CUST00818,ICICI Bank,154000,43947,36,8.75,4879
FIN03841,SALE07571,CUST03561,ICICI Bank,176000,37905,36,12.25,5867
FIN03842,SALE14566,CUST02067,Bajaj Finance,172000,57003,48,11.94,4524
FIN03843,SALE04801,CUST03624,HDFC Bank,255000,70612,36,8.96,8104
FIN03844,SALE07790,CUST03956,Bajaj Finance,198000,36194,60,11.17,4322
FIN03845,SALE00596,CUST04511,TVS Credit,183000,53639,36,11.56,6040
FIN03846,SALE15730,CUST01914,SBI Auto Loans,193000,42144,36,10.92,6311
FIN03847,SALE13224,CUST04521,ICICI Bank,158000,40904,24,11.98,7436
FIN03848,SALE11090,CUST04366,ICICI Bank,269000,84381,12,8.87,23508
FIN03849,SALE09063,CUST04552,HDFC Bank,154000,63222,24,9.4,7064
FIN03850,SALE00809,CUST02993,Bajaj Finance,164000,65422,36,11.93,5442
FIN03851,SALE01780,CUST04715,HDFC Bank,181000,42975,36,8.77,5736
FIN03852,SALE07515,CUST03598,HDFC Bank,144000,47379,48,10.65,3697
FIN03853,SALE17461,CUST01854,Cholamandalam Finance,130000,37917,36,11.44,4283
FIN03854,SALE15282,CUST01570,SBI Auto Loans,163000,58639,48,9.45,4091
FIN03855,SALE13402,CUST00301,HDFC Bank,185000,50611,24,8.95,8447
FIN03856,SALE15458,CUST02732,HDFC Bank,163000,33303,36,10.78,5319
FIN03857,SALE17642,CUST02440,ICICI Bank,241000,73757,60,9.66,5080
FIN03858,SALE17981,CUST03666,ICICI Bank,166000,45516,36,10.55,5399
FIN03859,SALE00387,CUST01416,SBI Auto Loans,154000,42964,36,10.94,5037
FIN03860,SALE08583,CUST00124,HDFC Bank,168000,30348,12,11.61,14896
FIN03861,SALE04713,CUST02063,Axis Bank,127000,34813,24,12.45,6005
FIN03862,SALE13279,CUST04548,Axis Bank,293000,67382,24,9.14,13404
FIN03863,SALE09199,CUST01788,TVS Credit,285000,52870,36,9.09,9075
FIN03864,SALE02979,CUST02633,Bajaj Finance,129000,38292,36,11.48,4253
FIN03865,SALE14071,CUST00867,ICICI Bank,275000,52436,12,11.72,24397
FIN03866,SALE15782,CUST01310,ICICI Bank,159000,38655,36,8.87,5047
FIN03867,SALE08285,CUST01608,ICICI Bank,267000,89878,24,12.36,12614
FIN03868,SALE19345,CUST02709,HDFC Bank,156000,64636,48,11.05,4036
FIN03869,SALE03112,CUST00822,HDFC Bank,158000,60362,36,10.22,5115
FIN03870,SALE12011,CUST01999,HDFC Bank,175000,44569,36,10.68,5703
FIN03871,SALE13067,CUST00024,HDFC Bank,223000,50844,24,11.12,10406
FIN03872,SALE16506,CUST03113,SBI Auto Loans,261000,65537,24,8.9,11912
FIN03873,SALE10784,CUST00280,HDFC Bank,185000,43485,48,9.96,4689
FIN03874,SALE03960,CUST02150,HDFC Bank,135000,56117,36,9.93,4352
FIN03875,SALE09478,CUST03567,HDFC Bank,173000,56617,60,12.31,3875
FIN03876,SALE02921,CUST03839,Axis Bank,152000,45653,12,12.03,13507
FIN03877,SALE05841,CUST03734,HDFC Bank,159000,59277,24,9.8,7322
FIN03878,SALE11983,CUST04344,HDFC Bank,336000,73565,36,9.2,10716
FIN03879,SALE08619,CUST04841,ICICI Bank,157000,40691,48,10.6,4027
FIN03880,SALE06988,CUST04577,HDFC Bank,142000,29701,36,9.92,4577
FIN03881,SALE10875,CUST03574,TVS Credit,162000,36013,24,9.97,7473
FIN03882,SALE06771,CUST01020,HDFC Bank,171000,61983,24,8.87,7802
FIN03883,SALE11030,CUST01874,Axis Bank,182000,39365,24,10.29,8423
FIN03884,SALE16467,CUST04044,SBI Auto Loans,137000,57151,12,11.09,12114
FIN03885,SALE14370,CUST02377,HDFC Bank,130000,36834,36,9.65,4173
FIN03886,SALE06616,CUST01928,HDFC Bank,136000,33667,48,9.71,3430
FIN03887,SALE11354,CUST00841,ICICI Bank,139000,51931,48,9.6,3499
FIN03888,SALE13815,CUST03858,SBI Auto Loans,260000,65491,48,12.07,6856
FIN03889,SALE04765,CUST02709,HDFC Bank,166000,46774,36,11.45,5470
FIN03890,SALE07628,CUST02909,HDFC Bank,232000,86766,24,12.2,10943
FIN03891,SALE06558,CUST01784,HDFC Bank,163000,33447,36,8.93,5178
FIN03892,SALE07678,CUST04723,HDFC Bank,157000,64828,36,10.37,5093
FIN03893,SALE19507,CUST03325,Axis Bank,163000,55259,24,10.12,7531
FIN03894,SALE16879,CUST00646,HDFC Bank,273000,49524,12,10.74,24095
FIN03895,SALE02319,CUST01754,ICICI Bank,158000,60985,36,9.8,5083
FIN03896,SALE10482,CUST04136,Bajaj Finance,168000,40668,36,9.09,5349
FIN03897,SALE14661,CUST03572,TVS Credit,265000,57193,36,9.05,8433
FIN03898,SALE05003,CUST00899,SBI Auto Loans,199000,37413,36,10.04,6425
FIN03899,SALE08652,CUST00555,SBI Auto Loans,172000,61736,24,9.5,7897
FIN03900,SALE05699,CUST04445,HDFC Bank,155000,38522,12,10.3,13649
FIN03901,SALE04306,CUST00079,Bajaj Finance,158000,39860,24,10.75,7346
FIN03902,SALE11037,CUST02254,HDFC Bank,271000,86908,36,9.0,8618
FIN03903,SALE12563,CUST02423,ICICI Bank,156000,41750,36,10.96,5104
FIN03904,SALE11478,CUST00755,HDFC Bank,165000,49032,12,10.36,14534
FIN03905,SALE03413,CUST01766,Bajaj Finance,172000,63600,24,8.66,7831
FIN03906,SALE14873,CUST01886,HDFC Bank,129000,35854,36,11.38,4247
FIN03907,SALE08626,CUST02607,ICICI Bank,174000,61839,24,9.43,7984
FIN03908,SALE08454,CUST00180,HDFC Bank,138000,31584,36,8.86,4379
FIN03909,SALE08850,CUST01091,HDFC Bank,137000,33143,48,12.34,3631
FIN03910,SALE09304,CUST02029,SBI Auto Loans,160000,55381,36,11.74,5294
FIN03911,SALE18019,CUST03368,HDFC Bank,125000,42633,24,12.09,5889
FIN03912,SALE06192,CUST00800,HDFC Bank,238000,83318,12,12.08,21155
FIN03913,SALE04755,CUST03795,TVS Credit,181000,38969,24,11.22,8455
FIN03914,SALE11662,CUST00200,ICICI Bank,187000,34697,36,11.46,6163
FIN03915,SALE11551,CUST03055,Bajaj Finance,167000,68642,36,8.91,5304
FIN03916,SALE17900,CUST03984,Axis Bank,228000,45073,24,11.68,10699
FIN03917,SALE07342,CUST02342,Bajaj Finance,175000,40300,24,10.75,8136
FIN03918,SALE11610,CUST02548,SBI Auto Loans,229000,94172,36,12.07,7614
FIN03919,SALE10452,CUST02961,Hero FinCorp,177000,58897,36,8.99,5628
FIN03920,SALE14705,CUST02871,Axis Bank,124000,45978,12,9.07,10848
FIN03921,SALE16523,CUST01011,ICICI Bank,293000,53570,48,11.69,7671
FIN03922,SALE18378,CUST01907,HDFC Bank,141000,31023,12,9.97,12394
FIN03923,SALE03448,CUST00502,TVS Credit,182000,52462,36,11.05,5963
FIN03924,SALE11487,CUST04220,TVS Credit,118000,43831,60,8.54,2423
FIN03925,SALE02579,CUST00997,HDFC Bank,173000,42181,24,9.09,7911
FIN03926,SALE01709,CUST03838,ICICI Bank,264000,55506,36,8.66,8353
FIN03927,SALE09268,CUST04764,Axis Bank,263000,80022,48,9.21,6571
FIN03928,SALE09666,CUST00469,SBI Auto Loans,144000,26022,36,10.21,4661
FIN03929,SALE12845,CUST02325,TVS Credit,131000,35578,24,8.93,5980
FIN03930,SALE00680,CUST04721,Bajaj Finance,175000,40405,60,9.12,3643
FIN03931,SALE19303,CUST03417,HDFC Bank,160000,28856,36,11.37,5266
FIN03932,SALE05372,CUST03227,HDFC Bank,189000,47746,12,9.0,16528
FIN03933,SALE15831,CUST03482,HDFC Bank,186000,34079,36,11.25,6111
FIN03934,SALE12325,CUST02892,Axis Bank,183000,36536,36,8.84,5806
FIN03935,SALE03656,CUST02003,ICICI Bank,187000,47776,36,11.15,6135
FIN03936,SALE07784,CUST02783,Axis Bank,192000,44411,24,8.73,8748
FIN03937,SALE12847,CUST04276,Hero FinCorp,177000,36677,24,9.67,8141
FIN03938,SALE03628,CUST04777,HDFC Bank,143000,54259,36,8.95,4544
FIN03939,SALE00071,CUST01252,Bajaj Finance,127000,43783,36,11.73,4202
FIN03940,SALE10857,CUST03075,SBI Auto Loans,168000,53444,36,11.06,5505
FIN03941,SALE04909,CUST03654,ICICI Bank,140000,32133,24,11.52,6559
FIN03942,SALE04557,CUST03326,SBI Auto Loans,192000,43458,36,11.21,6305
FIN03943,SALE15948,CUST00884,HDFC Bank,144000,25728,48,10.48,3685
FIN03944,SALE18573,CUST01768,SBI Auto Loans,284000,63374,36,12.39,9486
FIN03945,SALE07842,CUST01157,TVS Credit,178000,40531,36,11.66,5883
FIN03946,SALE17053,CUST02870,ICICI Bank,182000,38623,36,10.13,5884
FIN03947,SALE14496,CUST03561,HDFC Bank,139000,58884,24,9.23,6365
FIN03948,SALE03838,CUST03443,TVS Credit,274000,92009,48,10.01,6951
FIN03949,SALE06949,CUST00729,HDFC Bank,157000,37269,36,10.45,5099
FIN03950,SALE03464,CUST00788,Bajaj Finance,178000,48392,36,10.19,5759
FIN03951,SALE15293,CUST01650,SBI Auto Loans,278000,85042,24,11.71,13049
FIN03952,SALE08389,CUST04007,ICICI Bank,333000,65309,48,11.47,8683
FIN03953,SALE04014,CUST04594,TVS Credit,170000,40464,24,11.31,7948
FIN03954,SALE12600,CUST03910,SBI Auto Loans,151000,60522,24,9.15,6909
FIN03955,SALE08005,CUST01434,ICICI Bank,163000,50238,36,9.09,5190
FIN03956,SALE05974,CUST01322,HDFC Bank,152000,44129,60,9.67,3205
FIN03957,SALE13724,CUST03737,TVS Credit,160000,61085,36,10.15,5174
FIN03958,SALE01113,CUST01717,Hero FinCorp,163000,36086,36,8.88,5174
FIN03959,SALE14193,CUST01805,ICICI Bank,156000,63762,36,9.57,5002
FIN03960,SALE00349,CUST01527,Bajaj Finance,175000,41590,48,9.84,4425
FIN03961,SALE03763,CUST03937,HDFC Bank,270000,53296,36,11.84,8947
FIN03962,SALE11275,CUST03882,Axis Bank,150000,39033,36,10.35,4865
FIN03963,SALE05859,CUST01375,ICICI Bank,178000,52857,24,11.8,8362
FIN03964,SALE11156,CUST04412,HDFC Bank,179000,40528,60,11.99,3981
FIN03965,SALE07804,CUST03489,Hero FinCorp,169000,63026,36,11.29,5556
FIN03966,SALE02937,CUST01483,SBI Auto Loans,229000,97203,36,8.69,7249
FIN03967,SALE18276,CUST02576,HDFC Bank,120000,45052,48,11.76,3146
FIN03968,SALE07814,CUST03292,ICICI Bank,236000,79410,36,8.66,7467
FIN03969,SALE06847,CUST01820,HDFC Bank,148000,50990,36,11.59,4887
FIN03970,SALE01104,CUST03491,HDFC Bank,124000,41337,24,9.69,5704
FIN03971,SALE18646,CUST02415,ICICI Bank,157000,39325,36,9.35,5018
FIN03972,SALE18220,CUST04962,SBI Auto Loans,165000,64869,48,10.59,4232
FIN03973,SALE11755,CUST04005,TVS Credit,153000,44628,12,10.18,13464
FIN03974,SALE10014,CUST00963,Hero FinCorp,254000,89403,24,8.91,11593
FIN03975,SALE09830,CUST04749,ICICI Bank,175000,60364,36,10.8,5713
FIN03976,SALE10379,CUST03551,HDFC Bank,155000,64355,12,10.21,13642
FIN03977,SALE18308,CUST01332,ICICI Bank,186000,49553,48,12.43,4937
FIN03978,SALE06887,CUST02625,HDFC Bank,142000,29444,24,11.9,6678
FIN03979,SALE14512,CUST04370,Axis Bank,179000,40213,48,10.53,4586
FIN03980,SALE16672,CUST01084,Axis Bank,195000,41425,48,8.91,4844
FIN03981,SALE01571,CUST03304,ICICI Bank,185000,50107,36,11.4,6092
FIN03982,SALE13839,CUST00627,SBI Auto Loans,134000,36560,36,9.38,4285
FIN03983,SALE19270,CUST04878,Hero FinCorp,126000,44287,24,12.03,5933
FIN03984,SALE00304,CUST03818,Bajaj Finance,249000,74207,48,11.44,6489
FIN03985,SALE11004,CUST04483,Axis Bank,156000,28501,36,11.9,5174
FIN03986,SALE17939,CUST03070,HDFC Bank,310000,92350,48,9.02,7717
FIN03987,SALE05633,CUST03079,ICICI Bank,169000,50646,36,10.01,5454
FIN03988,SALE02296,CUST01414,HDFC Bank,287000,76098,60,12.11,6400
FIN03989,SALE13268,CUST01622,HDFC Bank,138000,31752,24,12.27,6514
FIN03990,SALE11986,CUST04495,HDFC Bank,191000,42875,24,10.93,8896
FIN03991,SALE04495,CUST03538,ICICI Bank,181000,43954,36,11.81,5995
FIN03992,SALE08502,CUST03316,HDFC Bank,167000,51095,60,11.96,3711
FIN03993,SALE14480,CUST04502,ICICI Bank,125000,43592,36,11.5,4122
FIN03994,SALE04867,CUST00163,SBI Auto Loans,226000,45265,36,8.85,7171
FIN03995,SALE14908,CUST02653,SBI Auto Loans,173000,61009,48,8.7,4281
FIN03996,SALE05713,CUST03401,Bajaj Finance,182000,38018,36,12.15,6058
FIN03997,SALE12756,CUST00504,SBI Auto Loans,142000,30132,36,10.76,4633
FIN03998,SALE09235,CUST00101,ICICI Bank,157000,58213,36,12.3,5237
FIN03999,SALE01577,CUST03222,ICICI Bank,171000,65120,24,11.79,8033
FIN04000,SALE08056,CUST02184,TVS Credit,125000,43878,24,12.46,5911
FIN04001,SALE02520,CUST00939,Cholamandalam Finance,178000,35204,36,9.91,5736
FIN04002,SALE01297,CUST02175,ICICI Bank,163000,61435,12,12.3,14505
FIN04003,SALE03315,CUST01837,HDFC Bank,182000,54603,48,12.44,4832
FIN04004,SALE00474,CUST03066,ICICI Bank,194000,39112,36,10.29,6286
FIN04005,SALE17511,CUST00196,HDFC Bank,131000,39122,36,8.69,4147
FIN04006,SALE00581,CUST04618,Bajaj Finance,265000,57449,24,9.38,12153
FIN04007,SALE13683,CUST00518,Bajaj Finance,142000,56768,12,9.16,12429
FIN04008,SALE16925,CUST01261,Bajaj Finance,149000,62113,12,9.11,13038
FIN04009,SALE19327,CUST03283,SBI Auto Loans,186000,49456,24,10.12,8593
FIN04010,SALE16610,CUST00047,ICICI Bank,224000,48295,24,11.04,10444
FIN04011,SALE11505,CUST03977,SBI Auto Loans,174000,56670,36,11.11,5706
FIN04012,SALE18339,CUST02546,ICICI Bank,132000,30274,36,10.59,4296
FIN04013,SALE04603,CUST01896,TVS Credit,169000,51430,24,10.45,7834
FIN04014,SALE19049,CUST04771,Bajaj Finance,166000,33101,24,10.09,7667
FIN04015,SALE07846,CUST01760,ICICI Bank,194000,39995,48,11.12,5025
FIN04016,SALE14892,CUST02983,TVS Credit,229000,88453,24,9.06,10468
FIN04017,SALE05955,CUST00200,ICICI Bank,173000,37827,24,8.91,7896
FIN04018,SALE06099,CUST00450,HDFC Bank,187000,46736,24,9.02,8545
FIN04019,SALE11166,CUST03444,HDFC Bank,209000,62496,48,9.04,5205
FIN04020,SALE03923,CUST00561,ICICI Bank,162000,35033,24,10.61,7521
FIN04021,SALE17440,CUST02811,Hero FinCorp,144000,27469,36,10.23,4662
FIN04022,SALE11419,CUST02851,SBI Auto Loans,182000,39245,36,10.88,5948
FIN04023,SALE15259,CUST01121,TVS Credit,162000,57202,24,9.66,7450
FIN04024,SALE04761,CUST01570,SBI Auto Loans,111000,47121,24,9.07,5075
FIN04025,SALE14676,CUST02604,SBI Auto Loans,178000,58502,12,12.44,15852
FIN04026,SALE02005,CUST02282,ICICI Bank,154000,63075,36,9.33,4921
FIN04027,SALE11860,CUST03781,HDFC Bank,133000,38850,24,9.84,6127
FIN04028,SALE18905,CUST01798,HDFC Bank,175000,59389,24,10.28,8098
FIN04029,SALE17201,CUST01891,Cholamandalam Finance,148000,45521,12,10.97,13078
FIN04030,SALE12218,CUST03283,HDFC Bank,158000,65987,12,12.26,14057
FIN04031,SALE00653,CUST01934,ICICI Bank,135000,58083,48,10.21,3438
FIN04032,SALE14334,CUST03324,ICICI Bank,250000,103395,24,10.13,11551
FIN04033,SALE09426,CUST01905,HDFC Bank,305000,59074,12,12.35,27149
FIN04034,SALE17063,CUST00570,TVS Credit,125000,45771,48,11.34,3251
FIN04035,SALE08066,CUST01889,Cholamandalam Finance,168000,44093,12,9.31,14716
FIN04036,SALE12249,CUST03168,ICICI Bank,206000,65225,36,10.76,6721
FIN04037,SALE16983,CUST02183,Cholamandalam Finance,171000,64656,36,9.32,5463
FIN04038,SALE17269,CUST03779,ICICI Bank,123000,46491,24,12.32,5808
FIN04039,SALE11304,CUST00162,Cholamandalam Finance,166000,30755,48,10.41,4243
FIN04040,SALE18887,CUST03669,ICICI Bank,295000,66378,36,8.65,9333
FIN04041,SALE01327,CUST00771,ICICI Bank,287000,57087,36,11.02,9399
FIN04042,SALE00004,CUST00054,ICICI Bank,177000,44876,36,12.04,5882
FIN04043,SALE11796,CUST03392,Cholamandalam Finance,135000,34547,24,9.68,6210
FIN04044,SALE07712,CUST04646,Axis Bank,127000,43913,48,10.81,3271
FIN04045,SALE11070,CUST04071,TVS Credit,257000,66782,60,9.11,5349
FIN04046,SALE13662,CUST02527,ICICI Bank,134000,37883,36,10.45,4352
FIN04047,SALE08950,CUST02556,TVS Credit,124000,48153,36,10.1,4007
FIN04048,SALE04003,CUST02617,SBI Auto Loans,136000,56403,36,10.95,4449
FIN04049,SALE03900,CUST02690,HDFC Bank,191000,42378,24,8.83,8711
FIN04050,SALE07854,CUST01931,TVS Credit,261000,99488,48,9.1,6507
FIN04051,SALE04123,CUST03434,HDFC Bank,159000,55225,24,11.88,7476
FIN04052,SALE04650,CUST00647,Bajaj Finance,154000,43100,36,9.95,4966
FIN04053,SALE19162,CUST01309,HDFC Bank,131000,30400,12,10.52,11549
FIN04054,SALE04143,CUST01882,ICICI Bank,147000,52489,36,12.0,4883
FIN04055,SALE16781,CUST04377,ICICI Bank,252000,72247,36,8.89,8001
FIN04056,SALE11211,CUST01377,Bajaj Finance,174000,56094,36,10.73,5674
FIN04057,SALE01413,CUST03730,TVS Credit,143000,26919,36,9.57,4585
FIN04058,SALE05147,CUST02407,SBI Auto Loans,173000,41391,36,10.26,5603
FIN04059,SALE05810,CUST01068,TVS Credit,255000,62759,48,9.99,6466
FIN04060,SALE01553,CUST04721,SBI Auto Loans,133000,37605,36,10.33,4312
FIN04061,SALE11352,CUST01886,Cholamandalam Finance,142000,44901,36,10.95,4646
FIN04062,SALE04577,CUST03047,SBI Auto Loans,134000,38045,24,12.25,6324
FIN04063,SALE17082,CUST04176,SBI Auto Loans,273000,51845,24,12.0,12851
FIN04064,SALE03169,CUST02569,Bajaj Finance,185000,46255,12,11.73,16414
FIN04065,SALE01603,CUST00278,SBI Auto Loans,177000,47699,36,11.93,5873
FIN04066,SALE15220,CUST02160,TVS Credit,178000,56017,48,10.45,4553
FIN04067,SALE08640,CUST02358,ICICI Bank,140000,57583,36,10.11,4525
FIN04068,SALE09541,CUST00164,Bajaj Finance,162000,34131,48,9.55,4074
FIN04069,SALE18296,CUST01392,Bajaj Finance,219000,52272,36,11.74,7247
FIN04070,SALE12547,CUST04473,ICICI Bank,192000,39107,36,11.27,6310
FIN04071,SALE14891,CUST04632,HDFC Bank,141000,29885,60,11.18,3078
FIN04072,SALE00954,CUST01223,ICICI Bank,326000,90436,12,10.13,28680
FIN04073,SALE19567,CUST00145,SBI Auto Loans,247000,73504,24,9.72,11366
FIN04074,SALE04856,CUST01890,Bajaj Finance,130000,35316,48,11.69,3404
FIN04075,SALE16416,CUST03149,SBI Auto Loans,197000,39513,36,8.7,6237
FIN04076,SALE08139,CUST04629,HDFC Bank,144000,40686,48,10.25,3670
FIN04077,SALE12292,CUST01099,ICICI Bank,169000,43242,36,9.48,5412
FIN04078,SALE19632,CUST02205,ICICI Bank,172000,47711,24,11.24,8036
FIN04079,SALE02569,CUST02608,HDFC Bank,205000,66603,36,9.89,6604
FIN04080,SALE06884,CUST04246,Bajaj Finance,194000,78578,24,10.57,9003
FIN04081,SALE17044,CUST03828,Axis Bank,278000,67062,36,11.14,9120
FIN04082,SALE16482,CUST01510,Cholamandalam Finance,145000,25600,12,10.66,12792
FIN04083,SALE00461,CUST02716,TVS Credit,228000,91163,60,9.25,4761
FIN04084,SALE07535,CUST02054,SBI Auto Loans,257000,69842,24,11.55,12044
FIN04085,SALE03491,CUST03249,ICICI Bank,249000,94353,48,11.32,6474
FIN04086,SALE13690,CUST01715,HDFC Bank,135000,51464,12,8.59,11780
FIN04087,SALE05511,CUST04377,SBI Auto Loans,166000,30847,48,9.56,4175
FIN04088,SALE07307,CUST02884,ICICI Bank,153000,40834,36,9.08,4871
FIN04089,SALE04118,CUST01308,HDFC Bank,181000,44745,24,10.01,8353
FIN04090,SALE04813,CUST03913,ICICI Bank,139000,28311,12,8.81,12144
FIN04091,SALE18325,CUST04259,TVS Credit,240000,100035,48,8.88,5959
FIN04092,SALE16984,CUST01551,SBI Auto Loans,276000,51233,36,12.2,9194
FIN04093,SALE08606,CUST03164,Bajaj Finance,168000,63282,12,11.66,14900
FIN04094,SALE15040,CUST03799,Bajaj Finance,189000,46334,36,9.06,6015
FIN04095,SALE01932,CUST02841,ICICI Bank,133000,37428,48,9.95,3370
FIN04096,SALE17162,CUST00342,ICICI Bank,174000,45248,24,8.98,7948
FIN04097,SALE19335,CUST00169,Hero FinCorp,163000,32625,36,11.22,5353
FIN04098,SALE13496,CUST02340,Cholamandalam Finance,179000,54275,36,12.2,5962
FIN04099,SALE10306,CUST03891,Bajaj Finance,133000,56742,36,9.1,4236
FIN04100,SALE02714,CUST01235,HDFC Bank,164000,43722,36,9.94,5287
FIN04101,SALE13047,CUST01801,HDFC Bank,165000,33826,36,8.65,5220
FIN04102,SALE03655,CUST02465,HDFC Bank,118000,47937,36,12.5,3948
FIN04103,SALE00923,CUST01851,TVS Credit,183000,50104,48,8.99,4553
FIN04104,SALE11873,CUST04028,Hero FinCorp,160000,60008,24,12.12,7541
FIN04105,SALE08816,CUST03079,HDFC Bank,257000,108446,36,11.73,8503
FIN04106,SALE02485,CUST02441,SBI Auto Loans,148000,49600,48,8.82,3670
FIN04107,SALE14088,CUST00415,HDFC Bank,246000,73609,36,12.27,8202
FIN04108,SALE19398,CUST01417,SBI Auto Loans,180000,52667,36,10.86,5881
FIN04109,SALE19259,CUST02548,HDFC Bank,161000,50781,24,9.47,7390
FIN04110,SALE15764,CUST02098,HDFC Bank,162000,54395,36,9.06,5156
FIN04111,SALE08504,CUST04786,SBI Auto Loans,136000,55615,36,11.93,4513
FIN04112,SALE14641,CUST00072,ICICI Bank,160000,64147,36,9.34,5113
FIN04113,SALE02729,CUST03881,HDFC Bank,133000,38981,24,9.57,6111
FIN04114,SALE18681,CUST03999,SBI Auto Loans,174000,41905,48,12.12,4592
FIN04115,SALE07705,CUST02197,HDFC Bank,155000,63749,12,12.49,13807
FIN04116,SALE09672,CUST01674,Axis Bank,128000,35950,24,8.81,5836
FIN04117,SALE04634,CUST03765,SBI Auto Loans,248000,74054,12,11.08,21928
FIN04118,SALE00040,CUST04405,ICICI Bank,151000,45293,36,10.95,4940
FIN04119,SALE14800,CUST02343,HDFC Bank,189000,38527,36,11.31,6215
FIN04120,SALE04958,CUST04258,SBI Auto Loans,161000,57373,36,10.91,5264
FIN04121,SALE10376,CUST03100,ICICI Bank,180000,40856,36,12.07,5985
FIN04122,SALE05486,CUST04168,SBI Auto Loans,181000,49443,36,10.47,5880
FIN04123,SALE06157,CUST02250,ICICI Bank,119000,49426,48,10.75,3061
FIN04124,SALE06734,CUST00809,HDFC Bank,153000,58522,36,11.51,5046
FIN04125,SALE19819,CUST01442,SBI Auto Loans,155000,63003,36,9.23,4946
FIN04126,SALE07710,CUST02221,Bajaj Finance,133000,53425,48,9.0,3310
FIN04127,SALE08324,CUST04113,ICICI Bank,172000,46609,36,8.69,5445
FIN04128,SALE06045,CUST01372,ICICI Bank,115000,46643,24,12.39,5434
FIN04129,SALE03977,CUST02898,ICICI Bank,118000,43844,48,12.0,3107
FIN04130,SALE14380,CUST04122,HDFC Bank,176000,57736,24,8.91,8033
FIN04131,SALE05347,CUST04043,SBI Auto Loans,142000,56230,24,12.21,6698
FIN04132,SALE11062,CUST02194,HDFC Bank,173000,54903,48,11.64,4525
FIN04133,SALE19119,CUST03522,Bajaj Finance,260000,64342,36,10.25,8420
FIN04134,SALE02502,CUST02760,SBI Auto Loans,324000,92738,24,11.78,15219
FIN04135,SALE09927,CUST04884,HDFC Bank,137000,54486,24,8.8,6246
FIN04136,SALE06534,CUST04617,Hero FinCorp,279000,58755,36,10.04,9008
FIN04137,SALE05364,CUST01259,Bajaj Finance,172000,37722,48,12.3,4555
FIN04138,SALE10878,CUST00704,Bajaj Finance,133000,33823,24,11.73,6244
FIN04139,SALE09261,CUST02400,HDFC Bank,121000,49796,36,8.81,3837
FIN04140,SALE12415,CUST00780,ICICI Bank,166000,33028,48,12.41,4405
FIN04141,SALE16534,CUST00826,ICICI Bank,286000,76298,12,8.54,24950
FIN04142,SALE04333,CUST02971,TVS Credit,261000,66704,24,10.74,12133
FIN04143,SALE09601,CUST03360,TVS Credit,298000,109937,24,12.29,14068
FIN04144,SALE03993,CUST04252,Bajaj Finance,267000,48326,36,9.13,8507
FIN04145,SALE16089,CUST02303,HDFC Bank,263000,60271,24,8.61,11968
FIN04146,SALE16487,CUST04684,ICICI Bank,295000,108565,36,9.62,9466
FIN04147,SALE15915,CUST00160,SBI Auto Loans,135000,54331,48,8.51,3328
FIN04148,SALE02897,CUST03635,HDFC Bank,122000,44182,24,10.17,5639
FIN04149,SALE08426,CUST00586,ICICI Bank,171000,48426,36,11.66,5652
FIN04150,SALE17166,CUST02311,ICICI Bank,138000,33987,24,11.38,6456
FIN04151,SALE12216,CUST04630,HDFC Bank,171000,62452,12,8.76,14935
FIN04152,SALE19147,CUST04872,SBI Auto Loans,200000,71345,48,12.26,5292
FIN04153,SALE19601,CUST02524,HDFC Bank,144000,49888,36,8.82,4567
FIN04154,SALE05988,CUST02164,SBI Auto Loans,183000,38408,24,10.13,8456
FIN04155,SALE16763,CUST01190,SBI Auto Loans,255000,107860,36,11.89,8456
FIN04156,SALE01320,CUST00798,Axis Bank,129000,40710,36,11.39,4247
FIN04157,SALE13368,CUST00610,ICICI Bank,183000,50714,36,9.11,5829
FIN04158,SALE06864,CUST02364,Bajaj Finance,262000,65509,36,11.28,8612
FIN04159,SALE19988,CUST01921,Cholamandalam Finance,141000,30346,36,11.65,4660
FIN04160,SALE03565,CUST00630,Bajaj Finance,158000,34481,36,10.54,5138
FIN04161,SALE14733,CUST01609,Bajaj Finance,165000,65821,12,9.15,14441
FIN04162,SALE09728,CUST03662,Bajaj Finance,123000,47328,24,11.52,5763
FIN04163,SALE00214,CUST00303,HDFC Bank,241000,74848,24,11.17,11252
FIN04164,SALE06053,CUST02947,ICICI Bank,187000,44700,48,11.95,4920
FIN04165,SALE16921,CUST02321,ICICI Bank,169000,50955,24,10.13,7809
FIN04166,SALE12041,CUST03920,Bajaj Finance,162000,54291,60,10.4,3474
FIN04167,SALE17374,CUST01467,HDFC Bank,142000,28792,36,11.69,4695
FIN04168,SALE19659,CUST03675,TVS Credit,229000,43007,24,8.95,10457
FIN04169,SALE19449,CUST00836,HDFC Bank,121000,48263,36,8.62,3826
FIN04170,SALE03742,CUST01300,HDFC Bank,120000,48758,36,11.32,3947
FIN04171,SALE01864,CUST00618,HDFC Bank,236000,91230,24,10.89,10987
FIN04172,SALE10169,CUST04991,HDFC Bank,150000,46952,36,12.28,5002
FIN04173,SALE18991,CUST03626,TVS Credit,279000,67263,36,11.8,9240
FIN04174,SALE17790,CUST01490,ICICI Bank,136000,26054,24,10.13,6284
FIN04175,SALE10693,CUST00181,Hero FinCorp,235000,84119,36,8.57,7426
FIN04176,SALE03663,CUST03455,SBI Auto Loans,166000,61076,36,10.82,5420
FIN04177,SALE11289,CUST01243,SBI Auto Loans,146000,44271,36,8.85,4633
FIN04178,SALE11181,CUST04503,HDFC Bank,165000,64108,12,10.05,14510
FIN04179,SALE15795,CUST00860,Axis Bank,153000,32185,24,12.5,7238
FIN04180,SALE16420,CUST04574,ICICI Bank,141000,49526,36,12.14,4693
FIN04181,SALE14568,CUST02920,TVS Credit,163000,52352,36,12.28,5436
FIN04182,SALE05315,CUST00110,Bajaj Finance,169000,52596,24,8.56,7687
FIN04183,SALE10034,CUST04413,SBI Auto Loans,232000,81560,24,12.25,10948
FIN04184,SALE04872,CUST02860,Bajaj Finance,134000,29356,12,8.77,11704
FIN04185,SALE06387,CUST00475,TVS Credit,329000,83010,12,10.22,28958
FIN04186,SALE09617,CUST03011,Bajaj Finance,135000,37096,36,11.65,4461
FIN04187,SALE04215,CUST02896,HDFC Bank,173000,46950,36,12.13,5757
FIN04188,SALE03880,CUST00876,HDFC Bank,189000,40657,36,11.38,6222
FIN04189,SALE10553,CUST03330,SBI Auto Loans,148000,50284,36,10.11,4783
FIN04190,SALE06362,CUST04208,Bajaj Finance,146000,52729,36,12.09,4856
FIN04191,SALE09004,CUST01546,Cholamandalam Finance,174000,51980,36,9.64,5585
FIN04192,SALE13823,CUST01655,HDFC Bank,198000,67503,36,12.02,6578
FIN04193,SALE10163,CUST03977,HDFC Bank,173000,47719,24,12.16,8157
FIN04194,SALE17821,CUST03922,HDFC Bank,250000,72719,36,9.91,8056
FIN04195,SALE08336,CUST00294,SBI Auto Loans,271000,53671,36,11.35,8917
FIN04196,SALE15253,CUST02446,HDFC Bank,132000,37746,36,11.77,4370
FIN04197,SALE11319,CUST01180,SBI Auto Loans,179000,36645,60,10.47,3845
FIN04198,SALE07310,CUST04230,Axis Bank,136000,35648,48,9.13,3393
FIN04199,SALE01148,CUST03511,ICICI Bank,161000,36084,48,10.93,4156
FIN04200,SALE16914,CUST01135,HDFC Bank,126000,41568,36,10.65,4104
FIN04201,SALE10290,CUST04598,HDFC Bank,267000,59582,36,11.11,8755
FIN04202,SALE10437,CUST04382,SBI Auto Loans,188000,38019,24,8.73,8565
FIN04203,SALE08077,CUST00504,HDFC Bank,159000,38399,48,9.55,3998
FIN04204,SALE05048,CUST02159,ICICI Bank,145000,25874,36,11.24,4764
FIN04205,SALE11046,CUST01025,SBI Auto Loans,157000,62251,36,10.21,5081
FIN04206,SALE07346,CUST00709,TVS Credit,137000,35366,36,9.75,4405
FIN04207,SALE10377,CUST04572,ICICI Bank,286000,80378,48,10.93,7382
FIN04208,SALE11201,CUST00553,HDFC Bank,143000,56265,24,12.47,6763
FIN04209,SALE00800,CUST03715,Bajaj Finance,193000,40838,24,8.56,8778
FIN04210,SALE10360,CUST00987,Cholamandalam Finance,165000,71008,24,12.0,7767
FIN04211,SALE07245,CUST01142,ICICI Bank,176000,37013,36,9.09,5604
FIN04212,SALE03991,CUST03467,TVS Credit,192000,41049,24,10.64,8917
FIN04213,SALE18594,CUST01459,ICICI Bank,156000,50757,24,8.68,7104
FIN04214,SALE18093,CUST00349,Axis Bank,168000,67194,48,9.46,4217
FIN04215,SALE15104,CUST00749,HDFC Bank,129000,41374,36,9.74,4147
FIN04216,SALE03138,CUST03060,SBI Auto Loans,161000,59461,24,12.32,7603
FIN04217,SALE15566,CUST00205,ICICI Bank,215000,54435,24,8.82,9804
FIN04218,SALE16035,CUST01421,SBI Auto Loans,137000,29986,24,10.09,6328
FIN04219,SALE00685,CUST02754,Bajaj Finance,247000,74546,36,8.56,7804
FIN04220,SALE13487,CUST03179,ICICI Bank,179000,51407,36,10.85,5848
FIN04221,SALE18178,CUST02658,HDFC Bank,162000,58196,36,11.82,5367
FIN04222,SALE16642,CUST01516,ICICI Bank,273000,53133,36,9.77,8779
FIN04223,SALE12860,CUST02111,ICICI Bank,216000,54493,24,9.45,9913
FIN04224,SALE14465,CUST03076,Bajaj Finance,160000,39285,60,10.39,3430
FIN04225,SALE19148,CUST02790,ICICI Bank,271000,64092,12,9.5,23762
FIN04226,SALE00515,CUST00722,Hero FinCorp,144000,54322,48,9.91,3646
FIN04227,SALE01279,CUST04500,ICICI Bank,136000,32360,60,8.88,2815
FIN04228,SALE00560,CUST04497,Axis Bank,146000,48924,48,10.92,3768
FIN04229,SALE14515,CUST00378,Hero FinCorp,139000,30471,24,10.45,6443
FIN04230,SALE17225,CUST02480,TVS Credit,227000,92676,48,11.09,5877
FIN04231,SALE13226,CUST02776,Bajaj Finance,174000,44468,36,11.92,5773
FIN04232,SALE19938,CUST00827,ICICI Bank,166000,68703,48,8.51,4092
FIN04233,SALE02877,CUST00892,ICICI Bank,128000,32305,24,11.53,5997
FIN04234,SALE19489,CUST04823,Cholamandalam Finance,153000,60505,48,11.1,3962
FIN04235,SALE16021,CUST00669,Bajaj Finance,134000,36619,24,12.27,6325
FIN04236,SALE08727,CUST00268,TVS Credit,266000,96515,48,10.29,6784
FIN04237,SALE11489,CUST02818,Axis Bank,181000,45618,36,12.48,6053
FIN04238,SALE01727,CUST01331,HDFC Bank,157000,62690,48,9.97,3980
FIN04239,SALE06236,CUST01268,ICICI Bank,154000,65470,36,11.63,5088
FIN04240,SALE11525,CUST01751,HDFC Bank,156000,36725,24,9.39,7155
FIN04241,SALE02051,CUST00482,Bajaj Finance,139000,57573,24,11.01,6479
FIN04242,SALE16159,CUST00332,Cholamandalam Finance,184000,35873,36,9.92,5930
FIN04243,SALE09116,CUST04353,SBI Auto Loans,292000,54596,36,10.8,9532
FIN04244,SALE18823,CUST04855,ICICI Bank,183000,53475,36,8.56,5782
FIN04245,SALE18327,CUST04461,HDFC Bank,122000,48164,36,9.63,3915
FIN04246,SALE07799,CUST02764,TVS Credit,118000,49627,24,12.33,5573
FIN04247,SALE08503,CUST03615,TVS Credit,167000,30826,48,9.03,4158
FIN04248,SALE11165,CUST01785,HDFC Bank,139000,58253,36,10.34,4507
FIN04249,SALE09464,CUST01763,Bajaj Finance,178000,41385,48,10.39,4548
FIN04250,SALE11535,CUST03540,HDFC Bank,163000,62644,24,10.79,7581
FIN04251,SALE03460,CUST01134,HDFC Bank,170000,64556,24,12.2,8018
FIN04252,SALE19789,CUST04036,SBI Auto Loans,176000,44061,48,9.0,4380
FIN04253,SALE01445,CUST01972,ICICI Bank,198000,36645,36,9.33,6327
FIN04254,SALE04060,CUST04528,Bajaj Finance,231000,41249,36,9.18,7365
FIN04255,SALE08011,CUST02584,SBI Auto Loans,184000,49645,36,10.88,6013
FIN04256,SALE08735,CUST01994,TVS Credit,138000,54456,36,9.67,4432
FIN04257,SALE17682,CUST04080,Bajaj Finance,142000,56982,36,11.68,4695
FIN04258,SALE12196,CUST03490,TVS Credit,189000,45704,12,10.37,16649
FIN04259,SALE11831,CUST03708,ICICI Bank,148000,41857,48,11.01,3826
FIN04260,SALE04042,CUST03616,ICICI Bank,174000,34532,36,12.12,5789
FIN04261,SALE00096,CUST02957,ICICI Bank,178000,54854,36,8.97,5658
FIN04262,SALE13248,CUST00285,SBI Auto Loans,197000,75812,48,9.88,4985
FIN04263,SALE04298,CUST04010,ICICI Bank,143000,26340,60,11.24,3126
FIN04264,SALE04675,CUST01397,TVS Credit,166000,48354,48,10.85,4278
FIN04265,SALE12338,CUST02908,Hero FinCorp,180000,33323,36,11.77,5959
FIN04266,SALE08446,CUST04227,SBI Auto Loans,157000,64539,60,9.49,3297
FIN04267,SALE11868,CUST04384,ICICI Bank,348000,66696,36,11.93,11547
FIN04268,SALE08767,CUST01194,TVS Credit,184000,47442,36,8.55,5813
FIN04269,SALE15608,CUST04474,HDFC Bank,200000,35358,24,9.41,9175
FIN04270,SALE12827,CUST04583,SBI Auto Loans,163000,33974,12,10.04,14333
FIN04271,SALE09174,CUST01902,SBI Auto Loans,142000,54517,36,9.73,4564
FIN04272,SALE19524,CUST04488,ICICI Bank,185000,36517,36,9.39,5917
FIN04273,SALE11474,CUST04203,ICICI Bank,136000,30637,24,9.65,6254
FIN04274,SALE06736,CUST02672,Bajaj Finance,306000,58051,24,11.41,14320
FIN04275,SALE03318,CUST03435,Cholamandalam Finance,353000,63989,48,12.33,9353
FIN04276,SALE13198,CUST01295,Bajaj Finance,118000,39738,12,10.93,10425
FIN04277,SALE16896,CUST00784,Hero FinCorp,140000,32212,36,11.62,4625
FIN04278,SALE07624,CUST01938,ICICI Bank,120000,49998,36,10.95,3926
FIN04279,SALE02826,CUST01186,ICICI Bank,169000,47665,60,9.93,3585
FIN04280,SALE04786,CUST04699,HDFC Bank,162000,68160,36,8.92,5146
FIN04281,SALE11366,CUST03184,ICICI Bank,186000,37831,24,9.05,8502
FIN04282,SALE18480,CUST02905,Hero FinCorp,178000,42588,48,8.6,4396
FIN04283,SALE05625,CUST00156,Bajaj Finance,187000,39299,36,8.9,5938
FIN04284,SALE13424,CUST00944,Hero FinCorp,148000,64026,36,12.32,4938
FIN04285,SALE16862,CUST01300,Bajaj Finance,173000,42765,36,10.1,5590
FIN04286,SALE07675,CUST04771,ICICI Bank,157000,61784,36,12.18,5228
FIN04287,SALE14382,CUST04861,HDFC Bank,123000,49052,12,8.95,10754
FIN04288,SALE17636,CUST00693,Hero FinCorp,157000,33733,36,10.02,5067
FIN04289,SALE14277,CUST03501,ICICI Bank,153000,42461,48,10.95,3951
FIN04290,SALE06750,CUST04191,Axis Bank,193000,39525,36,9.25,6160
FIN04291,SALE17665,CUST03082,SBI Auto Loans,345000,67376,36,12.43,11530
FIN04292,SALE05230,CUST02913,HDFC Bank,304000,105241,48,11.74,7967
FIN04293,SALE17886,CUST01570,Bajaj Finance,133000,32186,24,10.34,6158
FIN04294,SALE07313,CUST04674,Axis Bank,244000,79599,24,10.27,11290
FIN04295,SALE12047,CUST03576,ICICI Bank,131000,38381,48,10.61,3361
FIN04296,SALE04400,CUST02113,TVS Credit,150000,48201,36,9.66,4816
FIN04297,SALE06757,CUST03471,Bajaj Finance,186000,50251,36,11.43,6127
FIN04298,SALE04045,CUST03522,SBI Auto Loans,175000,46004,24,10.65,8128
FIN04299,SALE10846,CUST01612,Cholamandalam Finance,175000,43379,12,9.53,15347
FIN04300,SALE09375,CUST00543,ICICI Bank,312000,101087,24,11.24,14576
FIN04301,SALE06372,CUST04858,TVS Credit,220000,50543,36,9.22,7018
FIN04302,SALE03652,CUST04596,TVS Credit,201000,67872,36,11.7,6647
FIN04303,SALE17240,CUST02842,Axis Bank,152000,62667,24,8.55,6913
FIN04304,SALE08886,CUST04520,SBI Auto Loans,135000,36901,36,10.07,4361
FIN04305,SALE01732,CUST02105,HDFC Bank,122000,37390,12,9.02,10670
FIN04306,SALE05363,CUST03017,ICICI Bank,173000,63742,12,9.4,15161
FIN04307,SALE12004,CUST04916,SBI Auto Loans,185000,34642,36,11.66,6115
FIN04308,SALE00696,CUST02951,SBI Auto Loans,174000,58179,24,9.0,7949
FIN04309,SALE10182,CUST04265,ICICI Bank,255000,90391,36,8.54,8054
FIN04310,SALE10652,CUST02760,Bajaj Finance,185000,49502,24,11.17,8637
FIN04311,SALE15067,CUST01206,HDFC Bank,137000,30806,36,9.57,4393
FIN04312,SALE08568,CUST04795,ICICI Bank,135000,35329,36,9.15,4302
FIN04313,SALE14248,CUST00225,HDFC Bank,153000,45313,12,12.39,13622
FIN04314,SALE14028,CUST02143,SBI Auto Loans,151000,44975,48,10.85,3892
FIN04315,SALE04910,CUST03049,ICICI Bank,155000,41263,36,9.48,4964
FIN04316,SALE01907,CUST04569,ICICI Bank,171000,62400,36,9.73,5496
FIN04317,SALE08118,CUST03950,HDFC Bank,139000,47357,36,10.16,4496
FIN04318,SALE18461,CUST04683,SBI Auto Loans,152000,46896,36,10.83,4964
FIN04319,SALE04006,CUST02685,TVS Credit,194000,42186,36,9.34,6200
FIN04320,SALE08409,CUST00201,Bajaj Finance,142000,51843,24,11.98,6683
FIN04321,SALE11685,CUST00074,TVS Credit,176000,60550,36,8.5,5556
FIN04322,SALE14992,CUST04930,ICICI Bank,189000,48560,48,10.24,4815
FIN04323,SALE13205,CUST02670,SBI Auto Loans,152000,44928,24,9.83,7002
FIN04324,SALE06680,CUST03503,SBI Auto Loans,288000,65763,36,9.66,9247
FIN04325,SALE13446,CUST04721,Bajaj Finance,137000,31413,36,9.92,4415
FIN04326,SALE04084,CUST02271,ICICI Bank,131000,30897,36,8.88,4158
FIN04327,SALE05687,CUST00066,HDFC Bank,154000,42846,36,10.87,5032
FIN04328,SALE06096,CUST02338,Axis Bank,172000,47981,36,8.64,5441
FIN04329,SALE13737,CUST00565,Axis Bank,146000,46605,36,11.85,4839
FIN04330,SALE17126,CUST04116,Bajaj Finance,236000,86779,36,11.2,7749
FIN04331,SALE04632,CUST00919,ICICI Bank,134000,57183,24,9.55,6156
FIN04332,SALE13527,CUST00758,ICICI Bank,136000,33940,36,9.65,4366
FIN04333,SALE12017,CUST03221,SBI Auto Loans,345000,66851,36,12.38,11522
FIN04334,SALE14798,CUST00690,SBI Auto Loans,293000,119086,60,9.8,6197
FIN04335,SALE08564,CUST02712,Axis Bank,329000,85317,36,11.47,10844
FIN04336,SALE08949,CUST00493,ICICI Bank,131000,49855,24,8.91,5979
FIN04337,SALE10227,CUST00623,Bajaj Finance,187000,46671,48,11.14,4846
FIN04338,SALE03887,CUST01504,Hero FinCorp,190000,78827,24,10.49,8811
FIN04339,SALE09391,CUST01790,ICICI Bank,180000,35702,48,8.6,4445
FIN04340,SALE08090,CUST00813,TVS Credit,289000,70358,36,9.8,9298
FIN04341,SALE18380,CUST03273,Bajaj Finance,181000,38991,24,9.23,8288
FIN04342,SALE03252,CUST01053,HDFC Bank,139000,32296,36,9.48,4451
FIN04343,SALE05901,CUST03185,HDFC Bank,250000,74810,24,11.16,11671
FIN04344,SALE00749,CUST01088,SBI Auto Loans,135000,30952,36,11.61,4459
FIN04345,SALE19565,CUST01540,Bajaj Finance,122000,47529,36,8.78,3867
FIN04346,SALE15410,CUST03647,ICICI Bank,165000,54835,36,11.6,5449
FIN04347,SALE11528,CUST00346,TVS Credit,167000,30809,12,9.13,14614
FIN04348,SALE01405,CUST04509,SBI Auto Loans,158000,61844,36,9.32,5048
FIN04349,SALE04124,CUST04652,Bajaj Finance,174000,54582,24,11.02,8111
FIN04350,SALE18127,CUST03126,ICICI Bank,168000,53266,48,12.35,4453
FIN04351,SALE09868,CUST02172,Hero FinCorp,215000,57654,36,9.32,6869
FIN04352,SALE17947,CUST01909,Hero FinCorp,167000,30647,12,10.68,14735
FIN04353,SALE02908,CUST02443,Axis Bank,137000,51810,48,11.88,3600
FIN04354,SALE18250,CUST02325,SBI Auto Loans,180000,55489,12,10.54,15870
FIN04355,SALE07283,CUST00871,HDFC Bank,134000,32949,24,12.49,6339
FIN04356,SALE16859,CUST02285,HDFC Bank,247000,76608,12,10.67,21792
FIN04357,SALE00012,CUST02578,HDFC Bank,175000,36952,12,10.8,15450
FIN04358,SALE09119,CUST01322,Hero FinCorp,262000,60239,24,9.52,12032
FIN04359,SALE14322,CUST01369,HDFC Bank,173000,45500,36,10.22,5600
FIN04360,SALE03765,CUST02449,HDFC Bank,273000,52881,12,9.56,23945
FIN04361,SALE19876,CUST01469,Bajaj Finance,139000,29411,48,9.64,3501
FIN04362,SALE15490,CUST02427,Bajaj Finance,143000,27148,36,9.87,4605
FIN04363,SALE15588,CUST01029,ICICI Bank,181000,38927,36,11.1,5934
FIN04364,SALE15489,CUST02496,SBI Auto Loans,135000,26728,36,10.14,4365
FIN04365,SALE17363,CUST01708,ICICI Bank,163000,52471,36,10.86,5326
FIN04366,SALE07898,CUST03610,ICICI Bank,276000,85775,24,11.9,12979
FIN04367,SALE13063,CUST03707,TVS Credit,139000,32146,36,10.12,4493
FIN04368,SALE17532,CUST04182,HDFC Bank,166000,44600,48,8.61,4100
FIN04369,SALE03918,CUST04085,HDFC Bank,192000,39792,24,9.98,8858
FIN04370,SALE05190,CUST04410,Hero FinCorp,123000,40019,60,10.84,2665
FIN04371,SALE03886,CUST03823,Bajaj Finance,166000,69927,36,12.36,5542
FIN04372,SALE07266,CUST04100,TVS Credit,222000,52422,60,9.67,4681
FIN04373,SALE03486,CUST03545,Axis Bank,136000,34321,24,10.27,6293
FIN04374,SALE05267,CUST03809,Axis Bank,233000,89679,24,12.29,11000
FIN04375,SALE03191,CUST03345,HDFC Bank,173000,37774,36,8.78,5484
FIN04376,SALE02077,CUST00708,SBI Auto Loans,172000,46843,36,10.26,5571
FIN04377,SALE00637,CUST04373,HDFC Bank,129000,36711,36,12.43,4311
FIN04378,SALE06931,CUST01601,HDFC Bank,168000,49726,36,12.23,5598
FIN04379,SALE07838,CUST00062,HDFC Bank,178000,43000,36,8.8,5644
FIN04380,SALE00074,CUST04474,HDFC Bank,185000,33292,24,8.8,8435
FIN04381,SALE00267,CUST01294,SBI Auto Loans,137000,35276,36,10.7,4466
FIN04382,SALE02372,CUST03994,Bajaj Finance,124000,47554,12,11.22,10972
FIN04383,SALE07179,CUST03845,HDFC Bank,165000,68417,48,12.1,4353
FIN04384,SALE11365,CUST01076,HDFC Bank,175000,43721,36,11.65,5783
FIN04385,SALE17669,CUST01138,HDFC Bank,143000,56061,48,11.08,3701
FIN04386,SALE06082,CUST01707,Bajaj Finance,188000,48553,24,9.04,8592
FIN04387,SALE04272,CUST02188,HDFC Bank,143000,48406,24,9.82,6587
FIN04388,SALE12126,CUST00935,HDFC Bank,159000,60577,48,9.71,4011
FIN04389,SALE14984,CUST01201,HDFC Bank,166000,55262,36,12.22,5531
FIN04390,SALE07486,CUST02104,SBI Auto Loans,217000,54504,12,8.72,18949
FIN04391,SALE00860,CUST01258,ICICI Bank,146000,50493,24,9.16,6681
FIN04392,SALE02331,CUST02805,SBI Auto Loans,191000,80138,36,11.79,6325
FIN04393,SALE15044,CUST04298,HDFC Bank,122000,50351,36,10.15,3945
FIN04394,SALE10534,CUST04305,Bajaj Finance,185000,54434,24,12.18,8724
FIN04395,SALE07945,CUST03749,ICICI Bank,151000,46831,36,9.04,4805
FIN04396,SALE03238,CUST02158,ICICI Bank,225000,48708,36,12.2,7495
FIN04397,SALE14598,CUST00887,HDFC Bank,155000,66302,12,8.54,13522
FIN04398,SALE01465,CUST02375,ICICI Bank,175000,35790,36,12.47,5852
FIN04399,SALE18486,CUST03032,ICICI Bank,135000,35491,24,10.69,6273
FIN04400,SALE07237,CUST00341,HDFC Bank,130000,41458,24,8.6,5915
FIN04401,SALE12762,CUST00236,ICICI Bank,156000,33039,24,10.41,7228
FIN04402,SALE16835,CUST04104,Bajaj Finance,129000,40486,36,11.28,4240
FIN04403,SALE14415,CUST02389,Bajaj Finance,180000,56678,36,11.04,5896
FIN04404,SALE13669,CUST04985,SBI Auto Loans,179000,35266,36,11.89,5936
FIN04405,SALE07526,CUST02337,ICICI Bank,176000,45913,36,12.15,5858
FIN04406,SALE00417,CUST02121,HDFC Bank,173000,46305,48,9.99,4387
FIN04407,SALE16708,CUST01901,Bajaj Finance,175000,52819,24,9.71,8052
FIN04408,SALE09229,CUST04259,ICICI Bank,166000,70914,60,12.34,3721
FIN04409,SALE16806,CUST02016,HDFC Bank,230000,97269,36,8.52,7263
FIN04410,SALE15931,CUST03941,HDFC Bank,142000,28640,36,11.55,4686
FIN04411,SALE02527,CUST04767,ICICI Bank,147000,60381,24,9.02,6717
FIN04412,SALE10889,CUST03384,SBI Auto Loans,128000,43689,36,9.79,4118
FIN04413,SALE07391,CUST03402,HDFC Bank,148000,49090,48,9.36,3708
FIN04414,SALE19915,CUST04033,SBI Auto Loans,149000,44989,48,12.02,3925
FIN04415,SALE07569,CUST02671,TVS Credit,142000,29558,36,9.41,4543
FIN04416,SALE04125,CUST02106,ICICI Bank,144000,26783,48,12.27,3811
FIN04417,SALE02798,CUST02131,TVS Credit,182000,52081,24,8.82,8300
FIN04418,SALE02140,CUST04525,SBI Auto Loans,143000,27382,12,8.8,12492
FIN04419,SALE08321,CUST03054,ICICI Bank,168000,52369,12,11.28,14870
FIN04420,SALE05611,CUST04964,ICICI Bank,258000,108308,36,9.71,8290
FIN04421,SALE00986,CUST00134,HDFC Bank,130000,36914,36,8.62,4111
FIN04422,SALE17623,CUST01984,Bajaj Finance,131000,36949,48,12.12,3457
FIN04423,SALE00838,CUST03558,HDFC Bank,293000,116744,36,11.07,9602
FIN04424,SALE16234,CUST05000,HDFC Bank,162000,57687,36,9.31,5175
FIN04425,SALE17286,CUST04017,SBI Auto Loans,184000,50962,24,9.99,8490
FIN04426,SALE03394,CUST02631,Cholamandalam Finance,129000,42549,48,11.59,3371
FIN04427,SALE10931,CUST01181,Axis Bank,162000,31752,36,11.82,5367
FIN04428,SALE05731,CUST01856,ICICI Bank,178000,32588,12,11.69,15789
FIN04429,SALE13695,CUST00408,Bajaj Finance,146000,45465,36,9.53,4679
FIN04430,SALE15184,CUST03078,HDFC Bank,232000,90460,24,10.18,10725
FIN04431,SALE15913,CUST03753,HDFC Bank,140000,31538,60,8.9,2899
FIN04432,SALE04769,CUST03473,ICICI Bank,250000,73190,36,12.15,8321
FIN04433,SALE14690,CUST02264,ICICI Bank,138000,30113,24,11.22,6446
FIN04434,SALE04986,CUST01885,ICICI Bank,184000,51937,36,9.76,5916
FIN04435,SALE07108,CUST00938,SBI Auto Loans,152000,59031,36,11.8,5034
FIN04436,SALE18441,CUST01305,ICICI Bank,147000,47687,12,9.36,12880
FIN04437,SALE05806,CUST00633,HDFC Bank,182000,45853,12,9.0,15916
FIN04438,SALE10339,CUST03606,Bajaj Finance,144000,53248,12,11.99,12794
FIN04439,SALE17048,CUST02045,HDFC Bank,179000,41883,48,8.8,4437
FIN04440,SALE05552,CUST02144,HDFC Bank,122000,41178,24,9.21,5585
FIN04441,SALE12520,CUST02482,ICICI Bank,226000,45647,36,11.58,7461
FIN04442,SALE03129,CUST01123,HDFC Bank,262000,49654,36,8.5,8271
FIN04443,SALE18691,CUST01563,HDFC Bank,190000,44589,36,9.69,6103
FIN04444,SALE02789,CUST00830,Hero FinCorp,173000,43344,36,12.19,5762
FIN04445,SALE03709,CUST00844,TVS Credit,241000,102342,24,10.64,11192
FIN04446,SALE10158,CUST03016,HDFC Bank,283000,65141,24,10.66,13145
FIN04447,SALE10591,CUST04891,Hero FinCorp,278000,65290,48,11.62,7269
FIN04448,SALE09305,CUST02257,HDFC Bank,244000,79707,36,12.29,8138
FIN04449,SALE16837,CUST04680,ICICI Bank,124000,45546,48,12.14,3274
FIN04450,SALE18521,CUST01054,ICICI Bank,162000,57398,24,12.14,7636
FIN04451,SALE19386,CUST01188,Bajaj Finance,182000,34953,48,11.37,4737
FIN04452,SALE18318,CUST01728,Bajaj Finance,160000,53617,48,12.35,4241
FIN04453,SALE03111,CUST02312,ICICI Bank,162000,48741,24,11.06,7555
FIN04454,SALE16051,CUST01304,Bajaj Finance,157000,53787,24,12.38,7418
FIN04455,SALE03608,CUST01540,Bajaj Finance,166000,69020,48,12.17,4385
FIN04456,SALE09319,CUST00372,ICICI Bank,176000,40722,36,11.54,5807
FIN04457,SALE13005,CUST04334,SBI Auto Loans,139000,57002,60,8.54,2854
FIN04458,SALE05501,CUST02760,SBI Auto Loans,156000,31314,24,10.99,7270
FIN04459,SALE19094,CUST03233,ICICI Bank,192000,44708,48,10.47,4913
FIN04460,SALE00441,CUST04736,HDFC Bank,170000,51266,36,8.54,5370
FIN04461,SALE18186,CUST03624,HDFC Bank,252000,65282,36,11.99,8369
FIN04462,SALE17693,CUST03316,TVS Credit,123000,43328,48,8.6,3038
FIN04463,SALE11390,CUST01942,HDFC Bank,173000,48092,36,12.35,5775
FIN04464,SALE10135,CUST01517,Cholamandalam Finance,175000,43648,12,11.87,15538
FIN04465,SALE01923,CUST02475,Cholamandalam Finance,238000,101241,24,10.89,11081
FIN04466,SALE10398,CUST03917,Bajaj Finance,251000,72478,36,9.23,8009
FIN04467,SALE06044,CUST03455,SBI Auto Loans,151000,39748,36,12.07,5020
FIN04468,SALE14434,CUST04805,SBI Auto Loans,188000,51379,24,9.72,8651
FIN04469,SALE19323,CUST04772,Cholamandalam Finance,141000,29893,36,9.36,4507
FIN04470,SALE19380,CUST04560,ICICI Bank,134000,34425,36,11.79,4437
FIN04471,SALE08554,CUST00356,SBI Auto Loans,249000,74058,36,8.98,7916
FIN04472,SALE16558,CUST04105,Hero FinCorp,176000,41092,24,12.24,8305
FIN04473,SALE09563,CUST04659,SBI Auto Loans,179000,34708,36,10.97,5858
FIN04474,SALE03409,CUST04733,Bajaj Finance,220000,52014,48,10.42,5624
FIN04475,SALE01653,CUST03349,ICICI Bank,153000,65002,36,11.35,5034
FIN04476,SALE15469,CUST04381,HDFC Bank,170000,66593,24,12.37,8032
FIN04477,SALE14321,CUST03030,Bajaj Finance,183000,36585,24,11.89,8605
FIN04478,SALE16145,CUST01057,SBI Auto Loans,264000,60056,36,9.45,8451
FIN04479,SALE04010,CUST00454,ICICI Bank,141000,57086,36,11.26,4634
FIN04480,SALE04147,CUST02113,SBI Auto Loans,153000,44041,12,11.17,13535
FIN04481,SALE08922,CUST04125,SBI Auto Loans,135000,35420,24,9.32,6187
FIN04482,SALE12669,CUST04688,SBI Auto Loans,153000,65185,36,8.63,4839
FIN04483,SALE15292,CUST03840,HDFC Bank,194000,40280,36,12.3,6471
FIN04484,SALE07394,CUST00120,HDFC Bank,181000,51628,60,10.32,3874
FIN04485,SALE18194,CUST02521,Bajaj Finance,172000,48073,36,9.65,5522
FIN04486,SALE08514,CUST02633,Bajaj Finance,142000,51957,36,11.99,4716
FIN04487,SALE01686,CUST00914,HDFC Bank,177000,30997,36,11.32,5822
FIN04488,SALE05072,CUST03035,Axis Bank,187000,45397,12,9.68,16412
FIN04489,SALE00779,CUST04655,HDFC Bank,160000,38451,24,9.82,7370
FIN04490,SALE05915,CUST01287,ICICI Bank,158000,35170,24,12.27,7458
FIN04491,SALE06999,CUST04441,HDFC Bank,124000,45449,36,12.26,4134
FIN04492,SALE08181,CUST03180,Cholamandalam Finance,271000,51998,36,9.26,8651
FIN04493,SALE01883,CUST00490,ICICI Bank,341000,69630,36,10.42,11070
FIN04494,SALE08164,CUST04593,HDFC Bank,243000,78781,24,8.81,11080
FIN04495,SALE03826,CUST02442,HDFC Bank,184000,50158,24,8.72,8382
FIN04496,SALE05714,CUST01172,SBI Auto Loans,237000,83713,36,12.34,7910
FIN04497,SALE04809,CUST01909,Bajaj Finance,165000,32707,36,10.9,5394
FIN04498,SALE19660,CUST02351,Axis Bank,250000,74461,36,9.06,7957
FIN04499,SALE14069,CUST01740,ICICI Bank,125000,44113,12,11.22,11061
FIN04500,SALE01013,CUST02011,HDFC Bank,142000,29790,36,11.75,4699
FIN04501,SALE00209,CUST02891,SBI Auto Loans,168000,50201,36,11.93,5574
FIN04502,SALE05728,CUST01354,Hero FinCorp,232000,91282,36,11.07,7603
FIN04503,SALE02541,CUST01236,ICICI Bank,269000,73474,36,11.81,8910
FIN04504,SALE05006,CUST04328,HDFC Bank,135000,35106,36,12.23,4499
FIN04505,SALE15703,CUST02921,SBI Auto Loans,161000,55356,24,11.54,7544
FIN04506,SALE07020,CUST03475,Bajaj Finance,261000,102707,36,11.85,8650
FIN04507,SALE16310,CUST01729,Bajaj Finance,177000,45920,24,12.32,8358
FIN04508,SALE11670,CUST01476,Bajaj Finance,157000,60297,36,10.13,5076
FIN04509,SALE12977,CUST00368,SBI Auto Loans,156000,41213,36,9.12,4969
FIN04510,SALE18538,CUST04552,Cholamandalam Finance,158000,61486,36,12.45,5282
FIN04511,SALE13202,CUST04291,ICICI Bank,183000,46889,36,9.16,5833
FIN04512,SALE16187,CUST00215,SBI Auto Loans,275000,49738,24,9.38,12611
FIN04513,SALE12588,CUST02967,TVS Credit,229000,95173,24,12.02,10782
FIN04514,SALE02427,CUST03482,SBI Auto Loans,156000,57870,24,11.34,7295
FIN04515,SALE16605,CUST02758,SBI Auto Loans,148000,49100,36,9.35,4731
FIN04516,SALE09755,CUST02003,TVS Credit,148000,42878,24,11.79,6952
FIN04517,SALE04110,CUST00290,Hero FinCorp,165000,64315,36,11.33,5428
FIN04518,SALE01370,CUST01473,HDFC Bank,192000,42187,36,11.86,6364
FIN04519,SALE12115,CUST03641,SBI Auto Loans,156000,60381,24,11.84,7332
FIN04520,SALE08037,CUST03006,Hero FinCorp,249000,72994,36,9.29,7952
FIN04521,SALE12505,CUST00401,TVS Credit,142000,55674,36,11.18,4661
FIN04522,SALE18307,CUST00245,HDFC Bank,185000,35550,24,8.66,8423
FIN04523,SALE17733,CUST04787,ICICI Bank,278000,69764,36,11.55,9174
FIN04524,SALE01172,CUST03423,HDFC Bank,164000,54861,24,9.64,7541
FIN04525,SALE03398,CUST04234,Bajaj Finance,156000,64103,48,12.26,4128
FIN04526,SALE10933,CUST04131,ICICI Bank,165000,33952,24,10.79,7674
FIN04527,SALE17438,CUST01466,ICICI Bank,186000,51082,24,10.62,8636
FIN04528,SALE16797,CUST04000,TVS Credit,144000,53045,24,9.93,6640
FIN04529,SALE13194,CUST02312,ICICI Bank,132000,40199,24,11.48,6182
FIN04530,SALE10590,CUST04699,Hero FinCorp,181000,51005,48,10.39,4625
FIN04531,SALE00796,CUST00087,Hero FinCorp,150000,46415,24,12.27,7080
FIN04532,SALE00616,CUST03226,SBI Auto Loans,129000,41940,36,11.33,4243
FIN04533,SALE02142,CUST00733,HDFC Bank,127000,44287,36,9.04,4041
FIN04534,SALE04669,CUST01556,ICICI Bank,171000,42510,36,9.55,5482
FIN04535,SALE12189,CUST03109,HDFC Bank,160000,54549,36,12.32,5339
FIN04536,SALE15487,CUST04216,SBI Auto Loans,172000,43244,60,12.29,3851
FIN04537,SALE11836,CUST02953,Hero FinCorp,157000,55094,24,8.65,7147
FIN04538,SALE15158,CUST04832,ICICI Bank,182000,37865,36,11.93,6039
FIN04539,SALE08349,CUST00731,HDFC Bank,267000,55825,36,11.93,8859
FIN04540,SALE19692,CUST01864,HDFC Bank,136000,32565,24,11.98,6401
FIN04541,SALE14270,CUST00166,Bajaj Finance,184000,45731,36,11.43,6061
FIN04542,SALE01407,CUST01552,ICICI Bank,166000,52183,36,11.44,5469
FIN04543,SALE16100,CUST04206,HDFC Bank,126000,46118,36,11.56,4159
FIN04544,SALE06409,CUST03282,ICICI Bank,146000,42959,48,9.43,3663
FIN04545,SALE13364,CUST00724,HDFC Bank,171000,45749,36,11.14,5610
FIN04546,SALE19079,CUST04717,Bajaj Finance,162000,56386,24,10.42,7507
FIN04547,SALE16434,CUST03353,HDFC Bank,159000,38358,36,11.74,5261
FIN04548,SALE16321,CUST00178,HDFC Bank,135000,33834,24,9.33,6188
FIN04549,SALE15778,CUST02816,HDFC Bank,168000,51785,36,12.06,5585
FIN04550,SALE13085,CUST00773,Axis Bank,170000,66040,36,11.85,5634
FIN04551,SALE02075,CUST04185,HDFC Bank,180000,49134,24,8.81,8208
FIN04552,SALE12451,CUST00051,Hero FinCorp,121000,49208,36,8.54,3822
FIN04553,SALE17593,CUST03788,ICICI Bank,149000,46529,36,11.9,4942
FIN04554,SALE05998,CUST02892,ICICI Bank,154000,37128,48,11.0,3980
FIN04555,SALE07002,CUST01827,HDFC Bank,196000,75855,24,9.61,9009
FIN04556,SALE11776,CUST00423,ICICI Bank,152000,41729,24,9.2,6958
FIN04557,SALE11347,CUST01362,HDFC Bank,186000,48893,24,9.06,8502
FIN04558,SALE00804,CUST02122,HDFC Bank,163000,30752,36,10.86,5326
FIN04559,SALE08110,CUST03670,Axis Bank,128000,33526,36,9.37,4092
FIN04560,SALE01330,CUST03351,HDFC Bank,123000,46259,36,11.14,4035
FIN04561,SALE01372,CUST00997,ICICI Bank,139000,30668,36,9.97,4483
FIN04562,SALE14601,CUST02428,SBI Auto Loans,136000,33817,24,8.73,6196
FIN04563,SALE00287,CUST04418,HDFC Bank,134000,51418,36,10.73,4370
FIN04564,SALE14848,CUST03214,HDFC Bank,156000,41904,24,10.6,7242
FIN04565,SALE17612,CUST03261,Cholamandalam Finance,141000,47798,60,12.41,3166
FIN04566,SALE06492,CUST04996,Axis Bank,162000,29979,36,11.07,5309
FIN04567,SALE01544,CUST02701,ICICI Bank,161000,32839,60,12.5,3622
FIN04568,SALE09607,CUST01285,HDFC Bank,169000,57315,24,11.12,7886
FIN04569,SALE00208,CUST04889,Cholamandalam Finance,144000,25817,36,9.95,4643
FIN04570,SALE07688,CUST00791,TVS Credit,153000,63899,24,10.5,7096
FIN04571,SALE12949,CUST01067,ICICI Bank,163000,55678,36,9.81,5245
FIN04572,SALE13423,CUST00342,SBI Auto Loans,274000,68621,24,10.77,12741
FIN04573,SALE15480,CUST04144,HDFC Bank,171000,41824,48,9.59,4303
FIN04574,SALE12543,CUST02079,ICICI Bank,260000,64702,24,8.52,11821
FIN04575,SALE15045,CUST00068,ICICI Bank,138000,53112,36,11.24,4534
FIN04576,SALE05946,CUST01626,TVS Credit,165000,59182,60,11.1,3596
FIN04577,SALE00157,CUST03291,Axis Bank,122000,39607,24,12.41,5766
FIN04578,SALE10728,CUST03523,HDFC Bank,151000,45950,36,10.7,4922
FIN04579,SALE03495,CUST00870,ICICI Bank,194000,39294,24,11.35,9073
FIN04580,SALE01950,CUST00282,TVS Credit,237000,78284,36,8.81,7516
FIN04581,SALE10770,CUST04089,Bajaj Finance,159000,38057,36,11.53,5245
FIN04582,SALE06596,CUST01021,Bajaj Finance,144000,27115,36,9.92,4641
FIN04583,SALE05777,CUST04131,ICICI Bank,178000,57652,24,8.67,8105
FIN04584,SALE17366,CUST02103,HDFC Bank,298000,65490,24,11.72,13989
FIN04585,SALE03055,CUST03452,HDFC Bank,182000,39281,36,11.55,6006
FIN04586,SALE14638,CUST00923,TVS Credit,144000,54729,48,9.77,3636
FIN04587,SALE03388,CUST01169,HDFC Bank,248000,78631,24,10.05,11450
FIN04588,SALE19007,CUST02556,ICICI Bank,142000,28395,48,9.24,3550
FIN04589,SALE02444,CUST04509,ICICI Bank,164000,57974,24,11.71,7698
FIN04590,SALE05967,CUST04805,HDFC Bank,130000,41912,24,11.48,6088
FIN04591,SALE06948,CUST01391,ICICI Bank,255000,69991,36,9.26,8140
FIN04592,SALE15942,CUST00534,HDFC Bank,179000,35492,24,11.47,8382
FIN04593,SALE09975,CUST02959,TVS Credit,120000,52066,60,11.65,2648
FIN04594,SALE04053,CUST04573,SBI Auto Loans,184000,37494,24,10.09,8498
FIN04595,SALE15820,CUST03297,ICICI Bank,139000,31685,36,10.51,4518
FIN04596,SALE05791,CUST02771,SBI Auto Loans,121000,49281,48,8.56,2986
FIN04597,SALE17446,CUST03595,ICICI Bank,166000,55873,36,12.02,5515
FIN04598,SALE04108,CUST04094,TVS Credit,191000,43467,60,10.21,4078
FIN04599,SALE11757,CUST00862,SBI Auto Loans,181000,39248,36,11.64,5981
FIN04600,SALE11745,CUST02992,SBI Auto Loans,177000,38265,48,9.37,4436
FIN04601,SALE17487,CUST03047,HDFC Bank,127000,37363,48,11.74,3328
FIN04602,SALE14550,CUST04814,HDFC Bank,287000,121357,24,9.67,13200
FIN04603,SALE18349,CUST00020,HDFC Bank,171000,47235,36,10.92,5592
FIN04604,SALE12246,CUST00053,ICICI Bank,130000,38972,12,8.65,11348
FIN04605,SALE13120,CUST02730,Bajaj Finance,158000,52410,12,12.23,14055
FIN04606,SALE02144,CUST00224,ICICI Bank,164000,64570,48,11.16,4251
FIN04607,SALE18389,CUST04400,ICICI Bank,163000,65223,36,10.37,5288
FIN04608,SALE02139,CUST01899,ICICI Bank,144000,26038,12,8.89,12586
FIN04609,SALE01255,CUST02803,Hero FinCorp,158000,39034,24,12.37,7465
FIN04610,SALE06130,CUST02108,Bajaj Finance,181000,40537,24,8.87,8258
FIN04611,SALE02907,CUST02988,SBI Auto Loans,141000,55455,36,9.76,4534
FIN04612,SALE15614,CUST03991,SBI Auto Loans,160000,29343,24,11.65,7506
FIN04613,SALE08687,CUST03126,SBI Auto Loans,164000,29763,36,11.17,5382
FIN04614,SALE06555,CUST03876,SBI Auto Loans,312000,91123,24,11.64,14635
FIN04615,SALE09643,CUST01375,Cholamandalam Finance,187000,43584,36,11.84,6197
FIN04616,SALE13236,CUST00525,HDFC Bank,169000,49979,24,10.34,7825
FIN04617,SALE07262,CUST04015,TVS Credit,140000,27616,36,9.89,4510
FIN04618,SALE07325,CUST04097,TVS Credit,192000,70571,48,10.82,4946
FIN04619,SALE19920,CUST03784,Bajaj Finance,141000,54846,36,9.42,4511
FIN04620,SALE11871,CUST04201,Bajaj Finance,308000,97385,48,9.4,7723
FIN04621,SALE02628,CUST04861,Axis Bank,148000,45565,24,10.92,6892
FIN04622,SALE13795,CUST02076,SBI Auto Loans,120000,47312,12,10.41,10573
FIN04623,SALE04098,CUST01277,SBI Auto Loans,161000,35499,36,11.4,5301
FIN04624,SALE01797,CUST03152,SBI Auto Loans,135000,29252,60,8.57,2774
FIN04625,SALE12698,CUST04715,Hero FinCorp,134000,53375,24,9.06,6125
FIN04626,SALE00683,CUST01226,Cholamandalam Finance,164000,57005,24,10.62,7615
FIN04627,SALE05700,CUST00267,TVS Credit,138000,58896,60,9.64,2908
FIN04628,SALE09495,CUST01061,HDFC Bank,135000,36617,12,8.57,11779
FIN04629,SALE14613,CUST00890,HDFC Bank,140000,30754,60,10.66,3020
FIN04630,SALE00419,CUST04065,Axis Bank,132000,40110,48,11.03,3414
FIN04631,SALE15277,CUST04593,SBI Auto Loans,140000,29819,12,10.04,12311
FIN04632,SALE06034,CUST03336,HDFC Bank,185000,42186,36,9.81,5953
FIN04633,SALE00379,CUST03139,HDFC Bank,143000,54093,12,10.35,12595
FIN04634,SALE13434,CUST02783,HDFC Bank,148000,43518,36,12.01,4916
FIN04635,SALE01706,CUST03985,TVS Credit,266000,74488,12,8.85,23244
FIN04636,SALE18768,CUST04271,TVS Credit,155000,41647,48,12.05,4086
FIN04637,SALE16620,CUST04826,Axis Bank,183000,33354,36,11.56,6040
FIN04638,SALE12457,CUST03374,HDFC Bank,260000,73446,24,8.76,11849
FIN04639,SALE09465,CUST02799,ICICI Bank,167000,30164,36,8.62,5281
FIN04640,SALE18722,CUST03151,SBI Auto Loans,163000,57675,60,12.43,3661
FIN04641,SALE07690,CUST00206,HDFC Bank,173000,46217,36,9.7,5558
FIN04642,SALE04904,CUST00376,HDFC Bank,213000,58270,36,9.48,6821
FIN04643,SALE19340,CUST02630,Bajaj Finance,241000,82561,48,9.7,6078
FIN04644,SALE17977,CUST00416,Hero FinCorp,133000,38357,36,8.75,4214
FIN04645,SALE12061,CUST00305,SBI Auto Loans,126000,40882,36,9.6,4042
FIN04646,SALE05947,CUST04580,ICICI Bank,188000,48464,24,9.46,8628
FIN04647,SALE14494,CUST04636,SBI Auto Loans,337000,70963,24,10.67,15655
FIN04648,SALE06720,CUST00735,ICICI Bank,142000,30144,24,9.27,6505
FIN04649,SALE02199,CUST04746,SBI Auto Loans,179000,39577,36,10.16,5789
FIN04650,SALE05075,CUST00357,HDFC Bank,124000,47310,48,11.69,3247
FIN04651,SALE10153,CUST03245,SBI Auto Loans,164000,32361,36,10.67,5344
FIN04652,SALE14914,CUST03985,Bajaj Finance,161000,35322,48,12.2,4256
FIN04653,SALE12258,CUST04846,HDFC Bank,250000,72100,36,11.17,8205
FIN04654,SALE04326,CUST04403,HDFC Bank,176000,45138,36,8.55,5560
FIN04655,SALE08911,CUST02566,HDFC Bank,142000,29110,24,8.58,6460
FIN04656,SALE11882,CUST02401,Bajaj Finance,114000,43873,12,12.36,10148
FIN04657,SALE15455,CUST02275,Bajaj Finance,188000,45245,36,11.01,6156
FIN04658,SALE04024,CUST04651,Bajaj Finance,177000,34780,36,9.57,5676
FIN04659,SALE00013,CUST02021,HDFC Bank,270000,55376,12,9.66,23695
FIN04660,SALE16317,CUST02653,Bajaj Finance,170000,67459,36,10.08,5492
FIN04661,SALE06135,CUST02535,SBI Auto Loans,275000,51803,24,10.86,12799
FIN04662,SALE00380,CUST01091,ICICI Bank,165000,31172,24,10.61,7660
FIN04663,SALE03634,CUST02085,SBI Auto Loans,250000,73691,48,11.68,6544
FIN04664,SALE17479,CUST00019,SBI Auto Loans,266000,52359,48,9.64,6701
FIN04665,SALE09238,CUST03506,ICICI Bank,134000,30934,48,12.14,3538
FIN04666,SALE19726,CUST02870,HDFC Bank,126000,45812,36,11.9,4179
FIN04667,SALE17854,CUST02971,HDFC Bank,228000,93535,36,10.61,7422
FIN04668,SALE16382,CUST03341,ICICI Bank,190000,41940,48,12.08,5011
FIN04669,SALE00174,CUST02094,ICICI Bank,154000,37664,48,10.97,3978
FIN04670,SALE10122,CUST02333,HDFC Bank,174000,47760,36,12.01,5780
FIN04671,SALE18716,CUST02053,ICICI Bank,146000,45713,36,11.52,4816
FIN04672,SALE10249,CUST04070,HDFC Bank,260000,84255,36,11.39,8560
FIN04673,SALE08992,CUST02766,TVS Credit,191000,36498,36,8.9,6065
FIN04674,SALE03229,CUST01846,HDFC Bank,171000,63671,60,12.0,3804
FIN04675,SALE08200,CUST04138,ICICI Bank,192000,43577,48,10.82,4946
FIN04676,SALE06080,CUST02506,HDFC Bank,167000,54050,36,9.39,5341
FIN04677,SALE09839,CUST02899,Hero FinCorp,308000,109538,36,11.6,10171
FIN04678,SALE03684,CUST01907,HDFC Bank,227000,94109,36,10.73,7403
FIN04679,SALE03375,CUST01348,Bajaj Finance,150000,64036,60,9.1,3121
FIN04680,SALE06329,CUST04759,ICICI Bank,180000,55347,36,11.18,5908
FIN04681,SALE19140,CUST04011,Cholamandalam Finance,165000,33412,12,10.72,14561
FIN04682,SALE14084,CUST02211,HDFC Bank,135000,36053,48,11.06,3493
FIN04683,SALE04828,CUST04366,HDFC Bank,177000,44021,36,9.18,5643
FIN04684,SALE03193,CUST04381,ICICI Bank,234000,88444,36,8.86,7426
FIN04685,SALE11026,CUST03206,HDFC Bank,190000,43430,12,11.53,16840
FIN04686,SALE12227,CUST04856,ICICI Bank,186000,43328,12,9.51,16310
FIN04687,SALE11167,CUST03277,HDFC Bank,144000,52581,36,8.6,4552
FIN04688,SALE05873,CUST03905,Bajaj Finance,254000,70519,48,9.31,6358
FIN04689,SALE06450,CUST01839,ICICI Bank,162000,56926,36,12.29,5403
FIN04690,SALE14075,CUST04288,TVS Credit,165000,51394,48,8.64,4078
FIN04691,SALE04655,CUST03774,SBI Auto Loans,161000,59391,24,10.09,7436
FIN04692,SALE17192,CUST01206,Bajaj Finance,244000,78058,12,9.99,21450
FIN04693,SALE11543,CUST04511,HDFC Bank,240000,87485,36,9.8,7722
FIN04694,SALE18042,CUST03771,SBI Auto Loans,249000,74127,48,11.42,6486
FIN04695,SALE10195,CUST01819,Hero FinCorp,140000,24974,24,10.73,6508
FIN04696,SALE15538,CUST00488,Cholamandalam Finance,331000,81697,12,10.06,29109
FIN04697,SALE00076,CUST00223,Bajaj Finance,142000,54229,48,10.75,3653
FIN04698,SALE15352,CUST04674,ICICI Bank,162000,36886,36,8.56,5118
FIN04699,SALE18999,CUST00308,ICICI Bank,198000,38241,36,9.73,6364
FIN04700,SALE13687,CUST00176,Cholamandalam Finance,131000,35925,60,10.97,2846
FIN04701,SALE00907,CUST00433,ICICI Bank,156000,42152,24,12.41,7373
FIN04702,SALE18782,CUST02544,Bajaj Finance,188000,76737,24,8.84,8575
FIN04703,SALE16604,CUST04332,Bajaj Finance,234000,85426,36,10.16,7568
FIN04704,SALE11200,CUST02606,SBI Auto Loans,192000,78222,60,10.07,4086
FIN04705,SALE03740,CUST02203,SBI Auto Loans,202000,68770,24,10.52,9370
FIN04706,SALE03904,CUST02042,SBI Auto Loans,137000,54622,48,10.6,3514
FIN04707,SALE00897,CUST03110,SBI Auto Loans,186000,35982,48,11.49,4852
FIN04708,SALE12857,CUST03237,ICICI Bank,234000,84920,48,11.32,6084
FIN04709,SALE10086,CUST02102,SBI Auto Loans,180000,54620,24,8.75,8203
FIN04710,SALE09913,CUST03852,HDFC Bank,203000,70452,48,9.52,5102
FIN04711,SALE00444,CUST01352,HDFC Bank,160000,39436,36,10.9,5231
FIN04712,SALE02128,CUST00371,HDFC Bank,177000,41417,48,11.66,4632
FIN04713,SALE00307,CUST02766,ICICI Bank,322000,85648,48,9.05,8021
FIN04714,SALE05450,CUST02555,HDFC Bank,143000,53092,24,9.8,6586
FIN04715,SALE04307,CUST04196,ICICI Bank,265000,57403,36,11.67,8760
FIN04716,SALE05698,CUST03301,HDFC Bank,165000,56849,36,10.18,5338
FIN04717,SALE12702,CUST04939,Bajaj Finance,197000,39076,36,8.9,6255
FIN04718,SALE09097,CUST03914,ICICI Bank,185000,33699,36,8.7,5857
FIN04719,SALE19246,CUST00008,HDFC Bank,154000,31320,48,9.79,3890
FIN04720,SALE09909,CUST03295,TVS Credit,143000,28014,36,10.93,4677
FIN04721,SALE03599,CUST01366,Hero FinCorp,253000,67123,48,12.16,6682
FIN04722,SALE15808,CUST00137,TVS Credit,223000,49699,36,9.13,7105
FIN04723,SALE14827,CUST00262,SBI Auto Loans,238000,86555,36,11.0,7792
FIN04724,SALE11323,CUST01030,ICICI Bank,197000,39063,24,11.62,9239
FIN04725,SALE01294,CUST02309,ICICI Bank,165000,56751,24,12.19,7782
FIN04726,SALE10396,CUST02085,SBI Auto Loans,153000,39873,48,11.17,3967
FIN04727,SALE02410,CUST04578,HDFC Bank,160000,37322,24,11.39,7486
FIN04728,SALE13827,CUST04451,SBI Auto Loans,132000,30652,24,12.32,6233
FIN04729,SALE00665,CUST04678,HDFC Bank,123000,46156,24,9.69,5658
FIN04730,SALE09043,CUST04369,Bajaj Finance,155000,63656,24,11.13,7234
FIN04731,SALE19637,CUST03597,Bajaj Finance,273000,50951,48,9.42,6848
FIN04732,SALE07442,CUST04521,Axis Bank,171000,50712,24,11.04,7973
FIN04733,SALE14219,CUST03116,ICICI Bank,244000,73101,36,11.04,7993
FIN04734,SALE14486,CUST04969,SBI Auto Loans,122000,47399,24,11.06,5690
FIN04735,SALE16939,CUST02710,Bajaj Finance,159000,39555,36,12.02,5283
FIN04736,SALE12482,CUST04655,Bajaj Finance,169000,63636,48,9.43,4240
FIN04737,SALE14374,CUST03327,HDFC Bank,150000,47124,48,12.15,3961
FIN04738,SALE15484,CUST02704,HDFC Bank,226000,45350,36,9.88,7280
FIN04739,SALE06881,CUST01107,SBI Auto Loans,176000,58503,48,11.66,4605
FIN04740,SALE19872,CUST04551,HDFC Bank,179000,39437,36,10.2,5793
FIN04741,SALE16978,CUST04683,ICICI Bank,170000,67305,24,9.19,7781
FIN04742,SALE15589,CUST02709,TVS Credit,176000,45612,36,10.56,5725
FIN04743,SALE15426,CUST02392,ICICI Bank,168000,30518,48,9.18,4195
FIN04744,SALE18097,CUST03095,ICICI Bank,153000,45486,48,10.97,3952
FIN04745,SALE11250,CUST01674,ICICI Bank,270000,87069,24,12.05,12716
FIN04746,SALE07015,CUST02412,Cholamandalam Finance,161000,35414,48,11.83,4226
FIN04747,SALE14823,CUST02051,ICICI Bank,246000,79946,12,10.05,21633
FIN04748,SALE08405,CUST02942,ICICI Bank,164000,57055,48,10.51,4200
FIN04749,SALE10796,CUST03826,Bajaj Finance,184000,35588,36,11.64,6080
FIN04750,SALE04883,CUST01406,TVS Credit,129000,40493,24,11.23,6026
FIN04751,SALE05210,CUST00541,ICICI Bank,196000,39790,36,9.1,6242
FIN04752,SALE12823,CUST01056,ICICI Bank,174000,36598,36,9.59,5581
FIN04753,SALE15092,CUST04976,HDFC Bank,242000,98429,36,8.57,7647
FIN04754,SALE10906,CUST02489,SBI Auto Loans,156000,27642,36,9.33,4985
FIN04755,SALE12224,CUST00493,HDFC Bank,169000,67491,48,11.02,4370
FIN04756,SALE02449,CUST00740,TVS Credit,158000,39179,36,10.89,5164
FIN04757,SALE02674,CUST02566,ICICI Bank,122000,48096,48,11.09,3158
FIN04758,SALE10499,CUST00737,ICICI Bank,300000,63231,24,9.46,13769
FIN04759,SALE14368,CUST02907,HDFC Bank,156000,40780,36,11.1,5115
FIN04760,SALE00270,CUST02372,HDFC Bank,141000,31334,12,12.22,12542
FIN04761,SALE09023,CUST00671,SBI Auto Loans,163000,65109,36,9.17,5196
FIN04762,SALE01766,CUST03377,SBI Auto Loans,196000,40603,36,9.49,6278
FIN04763,SALE02640,CUST01504,Axis Bank,258000,79592,36,10.75,8416
FIN04764,SALE12540,CUST01391,SBI Auto Loans,257000,102766,36,8.63,8128
FIN04765,SALE02163,CUST03197,Bajaj Finance,141000,48351,36,11.68,4662
FIN04766,SALE12309,CUST03545,Bajaj Finance,183000,49941,60,12.14,4084
FIN04767,SALE05466,CUST04785,TVS Credit,161000,65677,36,8.56,5087
FIN04768,SALE14094,CUST01500,SBI Auto Loans,186000,45686,24,10.72,8645
FIN04769,SALE10110,CUST03207,SBI Auto Loans,340000,71252,36,10.31,11020
FIN04770,SALE06193,CUST02515,Bajaj Finance,181000,35471,12,10.34,15941
FIN04771,SALE06722,CUST03189,HDFC Bank,139000,33273,36,10.34,4507
FIN04772,SALE07859,CUST04759,SBI Auto Loans,153000,42473,36,10.08,4943
FIN04773,SALE00405,CUST00079,ICICI Bank,162000,52367,36,12.12,5390
FIN04774,SALE05665,CUST01423,ICICI Bank,156000,64522,24,9.59,7169
FIN04775,SALE18101,CUST00006,SBI Auto Loans,159000,61806,48,12.34,4214
FIN04776,SALE12601,CUST02880,HDFC Bank,163000,34716,36,11.37,5365
FIN04777,SALE10694,CUST01188,Axis Bank,185000,50403,48,12.1,4881
FIN04778,SALE01908,CUST01906,Bajaj Finance,157000,63629,12,9.49,13766
FIN04779,SALE19822,CUST03608,TVS Credit,259000,64852,24,10.3,11987
FIN04780,SALE11247,CUST02937,Bajaj Finance,240000,80146,36,8.59,7586
FIN04781,SALE19901,CUST04711,HDFC Bank,156000,63216,12,11.97,13858
FIN04782,SALE00053,CUST00569,ICICI Bank,130000,39916,48,9.96,3295
FIN04783,SALE00569,CUST04831,SBI Auto Loans,124000,46477,36,8.93,3939
FIN04784,SALE01821,CUST03263,ICICI Bank,153000,63599,36,11.03,5011
FIN04785,SALE09414,CUST04308,Axis Bank,152000,39631,36,11.79,5033
FIN04786,SALE15494,CUST01812,HDFC Bank,167000,66743,36,12.25,5567
FIN04787,SALE06400,CUST02287,HDFC Bank,171000,65268,36,9.66,5490
FIN04788,SALE05530,CUST01851,HDFC Bank,141000,50883,36,11.26,4634
FIN04789,SALE09367,CUST03561,SBI Auto Loans,142000,52520,12,11.93,12612
FIN04790,SALE19452,CUST04616,ICICI Bank,255000,85833,60,9.82,5395
FIN04791,SALE04778,CUST03696,HDFC Bank,232000,90248,36,9.13,7392
FIN04792,SALE12164,CUST00855,ICICI Bank,158000,38999,36,11.31,5196
FIN04793,SALE03295,CUST02018,HDFC Bank,192000,41903,36,9.18,6122
FIN04794,SALE06689,CUST00698,HDFC Bank,142000,54302,24,11.65,6661
FIN04795,SALE14511,CUST04155,SBI Auto Loans,257000,86731,12,9.22,22501
FIN04796,SALE08567,CUST02934,Bajaj Finance,142000,56784,36,9.45,4545
FIN04797,SALE19937,CUST00884,HDFC Bank,171000,50315,48,10.17,4351
FIN04798,SALE07815,CUST04414,HDFC Bank,154000,60055,36,10.08,4975
FIN04799,SALE11971,CUST03290,Bajaj Finance,155000,39674,36,12.39,5177
FIN04800,SALE02232,CUST04826,ICICI Bank,173000,63499,36,11.77,5727
FIN04801,SALE09387,CUST00576,ICICI Bank,218000,56066,60,12.45,4899
FIN04802,SALE07577,CUST03604,Bajaj Finance,292000,63950,36,11.95,9692
FIN04803,SALE00291,CUST00552,TVS Credit,137000,33001,36,8.84,4346
FIN04804,SALE14629,CUST04096,HDFC Bank,127000,39141,36,9.48,4067
FIN04805,SALE19834,CUST02443,TVS Credit,170000,63383,48,9.86,4300
FIN04806,SALE17509,CUST04489,HDFC Bank,163000,30794,36,11.15,5348
FIN04807,SALE01701,CUST01244,ICICI Bank,135000,33700,12,9.15,11815
FIN04808,SALE18094,CUST03476,Bajaj Finance,139000,27468,36,10.9,4544
FIN04809,SALE11634,CUST03859,Axis Bank,148000,48934,36,8.6,4679
FIN04810,SALE02019,CUST03988,SBI Auto Loans,125000,37775,60,10.45,2684
FIN04811,SALE19904,CUST02099,TVS Credit,163000,50713,36,10.77,5319
FIN04812,SALE15416,CUST02729,ICICI Bank,152000,45524,36,11.19,4990
FIN04813,SALE07235,CUST00989,ICICI Bank,145000,44037,36,12.18,4829
FIN04814,SALE01267,CUST04931,HDFC Bank,289000,114997,36,8.57,9132
FIN04815,SALE07062,CUST02544,TVS Credit,271000,54511,36,9.81,8720
FIN04816,SALE01463,CUST04577,SBI Auto Loans,122000,47599,48,11.64,3191
FIN04817,SALE17745,CUST03949,HDFC Bank,225000,94353,36,12.31,7507
FIN04818,SALE11296,CUST01182,SBI Auto Loans,128000,42135,24,9.42,5872
FIN04819,SALE13142,CUST04714,Bajaj Finance,266000,80246,60,10.76,5752
FIN04820,SALE17774,CUST03682,Bajaj Finance,144000,54198,36,9.05,4583
FIN04821,SALE01480,CUST02480,HDFC Bank,167000,51214,36,11.72,5524
FIN04822,SALE08890,CUST03940,HDFC Bank,141000,28818,24,10.05,6510
FIN04823,SALE08052,CUST02397,Bajaj Finance,179000,39563,36,10.95,5856
FIN04824,SALE10955,CUST00038,Hero FinCorp,137000,32459,36,10.64,4462
FIN04825,SALE02314,CUST04862,SBI Auto Loans,309000,97470,24,12.37,14599
FIN04826,SALE07005,CUST03475,ICICI Bank,165000,31025,12,11.25,14602
FIN04827,SALE11661,CUST04490,Bajaj Finance,167000,51188,36,9.3,5334
FIN04828,SALE09890,CUST04251,Axis Bank,131000,55595,24,9.26,6000
FIN04829,SALE02794,CUST02176,TVS Credit,138000,57952,36,9.27,4406
FIN04830,SALE02642,CUST03693,ICICI Bank,120000,49788,36,11.47,3955
FIN04831,SALE02558,CUST02219,ICICI Bank,124000,46271,36,9.66,3981
FIN04832,SALE03536,CUST03157,HDFC Bank,164000,65209,24,9.71,7546
FIN04833,SALE01101,CUST04784,HDFC Bank,179000,42513,36,12.04,5949
FIN04834,SALE16211,CUST00056,Bajaj Finance,149000,47102,48,11.82,3911
FIN04835,SALE12804,CUST01057,SBI Auto Loans,164000,35312,24,11.73,7699
FIN04836,SALE13244,CUST02281,HDFC Bank,134000,35601,36,10.83,4376
FIN04837,SALE08308,CUST04190,ICICI Bank,126000,44060,12,10.45,11104
FIN04838,SALE09476,CUST02369,HDFC Bank,155000,35420,24,10.2,7167
FIN04839,SALE14791,CUST02087,HDFC Bank,262000,52400,24,12.16,12353
FIN04840,SALE19503,CUST04117,ICICI Bank,178000,48060,36,10.2,5760
FIN04841,SALE07998,CUST01467,ICICI Bank,185000,34777,48,10.56,4742
FIN04842,SALE04647,CUST01045,HDFC Bank,151000,44827,36,11.27,4963
FIN04843,SALE06077,CUST01290,ICICI Bank,189000,34089,36,9.86,6086
FIN04844,SALE04480,CUST03365,ICICI Bank,147000,49576,48,11.94,3867
FIN04845,SALE14231,CUST01781,Axis Bank,156000,51429,24,10.72,7251
FIN04846,SALE01647,CUST03286,Bajaj Finance,262000,63465,36,9.67,8413
FIN04847,SALE11500,CUST04653,SBI Auto Loans,290000,52397,36,10.84,9472
FIN04848,SALE14922,CUST00703,ICICI Bank,161000,38279,24,11.46,7538
FIN04849,SALE01734,CUST00674,ICICI Bank,164000,53144,12,10.89,14486
FIN04850,SALE04488,CUST00060,Cholamandalam Finance,157000,57616,36,11.97,5212
FIN04851,SALE13759,CUST04380,Bajaj Finance,162000,49606,12,9.82,14229
FIN04852,SALE04919,CUST01874,Bajaj Finance,274000,51295,36,11.09,8982
FIN04853,SALE01999,CUST03109,HDFC Bank,182000,51325,24,10.41,8433
FIN04854,SALE00707,CUST01245,SBI Auto Loans,166000,49543,12,9.44,14551
FIN04855,SALE19972,CUST03889,Bajaj Finance,286000,62317,36,12.48,9565
FIN04856,SALE09657,CUST02105,TVS Credit,172000,56496,48,9.94,4357
FIN04857,SALE11199,CUST04276,HDFC Bank,128000,43187,48,10.59,3283
FIN04858,SALE08533,CUST03489,SBI Auto Loans,161000,38519,36,9.89,5187
FIN04859,SALE03305,CUST00832,ICICI Bank,171000,47293,12,12.41,15226
FIN04860,SALE13216,CUST04093,ICICI Bank,132000,37742,48,9.5,3316
FIN04861,SALE08651,CUST03526,Hero FinCorp,183000,45244,24,11.45,8568
FIN04862,SALE15734,CUST00378,ICICI Bank,113000,44616,24,10.1,5220
FIN04863,SALE18929,CUST01758,HDFC Bank,149000,59805,24,9.5,6841
FIN04864,SALE02138,CUST03927,HDFC Bank,187000,40884,48,8.51,4610
FIN04865,SALE10052,CUST00410,Axis Bank,181000,52167,48,10.96,4675
FIN04866,SALE16530,CUST00842,HDFC Bank,257000,70561,36,11.62,8490
FIN04867,SALE10450,CUST00278,TVS Credit,133000,32249,36,10.24,4307
FIN04868,SALE19167,CUST01322,ICICI Bank,169000,52314,24,9.63,7770
FIN04869,SALE04119,CUST01911,Cholamandalam Finance,231000,95492,36,9.74,7426
FIN04870,SALE09076,CUST02956,Axis Bank,121000,42371,36,9.45,3873
FIN04871,SALE16313,CUST02969,Bajaj Finance,168000,45099,24,11.26,7850
FIN04872,SALE14111,CUST00295,SBI Auto Loans,160000,60682,36,11.97,5312
FIN04873,SALE09126,CUST01953,SBI Auto Loans,176000,37175,36,10.45,5716
FIN04874,SALE01781,CUST03033,ICICI Bank,126000,45465,24,8.63,5735
FIN04875,SALE14655,CUST00552,SBI Auto Loans,180000,41854,36,10.84,5879
FIN04876,SALE10873,CUST02154,Bajaj Finance,125000,45051,48,9.5,3140
FIN04877,SALE12831,CUST01707,ICICI Bank,158000,57432,24,10.22,7307
FIN04878,SALE12453,CUST02988,HDFC Bank,177000,41168,36,12.17,5893
FIN04879,SALE11849,CUST03357,TVS Credit,243000,102470,36,12.0,8071
FIN04880,SALE01082,CUST03643,TVS Credit,236000,87826,24,9.07,10789
FIN04881,SALE13310,CUST02443,TVS Credit,153000,44496,48,12.3,4052
FIN04882,SALE11404,CUST02377,ICICI Bank,167000,67655,24,8.97,7627
FIN04883,SALE12983,CUST00947,Bajaj Finance,181000,44018,60,9.45,3797
FIN04884,SALE08878,CUST02852,Bajaj Finance,170000,49192,36,12.25,5667
FIN04885,SALE03659,CUST03022,Cholamandalam Finance,128000,41662,36,11.01,4191
FIN04886,SALE02677,CUST03272,HDFC Bank,163000,31151,48,8.97,4054
FIN04887,SALE01850,CUST03645,HDFC Bank,142000,55371,12,12.19,12629
FIN04888,SALE15559,CUST02171,Bajaj Finance,142000,50102,36,10.27,4600
FIN04889,SALE06930,CUST00069,TVS Credit,168000,66093,24,10.8,7815
FIN04890,SALE05246,CUST03477,HDFC Bank,160000,56879,24,12.44,7565
FIN04891,SALE11013,CUST04339,Bajaj Finance,277000,50314,36,12.47,9263
FIN04892,SALE02224,CUST03828,Bajaj Finance,143000,51174,36,10.83,4670
FIN04893,SALE10545,CUST01573,SBI Auto Loans,178000,41059,24,10.57,8261
FIN04894,SALE18791,CUST04977,SBI Auto Loans,166000,30498,48,9.08,4137
FIN04895,SALE13611,CUST00316,HDFC Bank,134000,38146,36,10.85,4377
FIN04896,SALE03419,CUST02210,HDFC Bank,245000,102031,12,11.46,21706
FIN04897,SALE02225,CUST00833,SBI Auto Loans,162000,36658,24,11.41,7581
FIN04898,SALE10449,CUST01585,SBI Auto Loans,166000,54444,48,9.6,4178
FIN04899,SALE07884,CUST00551,ICICI Bank,133000,34390,48,11.49,3469
FIN04900,SALE10550,CUST01549,SBI Auto Loans,137000,32594,24,11.01,6386
FIN04901,SALE09448,CUST03401,TVS Credit,155000,60025,36,9.14,4939
FIN04902,SALE15999,CUST02745,ICICI Bank,199000,37730,48,11.44,5186
FIN04903,SALE19930,CUST04057,HDFC Bank,151000,48400,36,10.92,4938
FIN04904,SALE16546,CUST01270,Cholamandalam Finance,268000,93775,36,11.81,8877
FIN04905,SALE04507,CUST03369,TVS Credit,167000,52186,12,11.46,14796
FIN04906,SALE08682,CUST03335,TVS Credit,131000,38744,36,10.03,4229
FIN04907,SALE15336,CUST03380,SBI Auto Loans,136000,34708,36,10.49,4420
FIN04908,SALE05196,CUST01824,SBI Auto Loans,348000,70126,36,10.45,11303
FIN04909,SALE13189,CUST03849,SBI Auto Loans,168000,51232,24,10.52,7793
FIN04910,SALE15637,CUST00385,ICICI Bank,184000,33665,12,8.96,16088
FIN04911,SALE15784,CUST01557,ICICI Bank,150000,48926,36,10.44,4871
FIN04912,SALE15800,CUST03148,TVS Credit,136000,34474,48,9.06,3388
FIN04913,SALE10159,CUST04787,ICICI Bank,128000,36990,36,9.98,4129
FIN04914,SALE14269,CUST00917,SBI Auto Loans,290000,76680,36,8.85,9202
FIN04915,SALE10201,CUST01834,ICICI Bank,234000,89234,36,10.36,7590
FIN04916,SALE07614,CUST04739,SBI Auto Loans,142000,29277,60,8.67,2925
FIN04917,SALE01931,CUST04462,HDFC Bank,253000,105920,24,10.37,11718
FIN04918,SALE09846,CUST03112,Bajaj Finance,165000,67824,36,9.58,5292
FIN04919,SALE18946,CUST04388,ICICI Bank,268000,55298,36,10.98,8771
FIN04920,SALE07831,CUST00845,Bajaj Finance,188000,43647,24,9.1,8597
FIN04921,SALE09019,CUST02117,ICICI Bank,257000,66213,36,11.71,8501
FIN04922,SALE09175,CUST00641,ICICI Bank,150000,41059,24,11.41,7020
FIN04923,SALE07656,CUST03519,ICICI Bank,155000,42194,36,10.15,5012
FIN04924,SALE13138,CUST00556,SBI Auto Loans,323000,83975,12,11.46,28617
FIN04925,SALE11883,CUST04976,Bajaj Finance,156000,41212,36,8.92,4955
FIN04926,SALE17329,CUST02226,TVS Credit,140000,44714,36,12.15,4660
FIN04927,SALE10096,CUST01775,ICICI Bank,167000,53879,12,9.4,14635
FIN04928,SALE01626,CUST02308,TVS Credit,144000,27183,36,9.18,4591
FIN04929,SALE15604,CUST04182,ICICI Bank,133000,37274,36,11.55,4389
FIN04930,SALE17967,CUST02412,HDFC Bank,254000,86816,36,9.82,8174
FIN04931,SALE12226,CUST01938,TVS Credit,133000,36695,12,9.8,11680
FIN04932,SALE11263,CUST04979,SBI Auto Loans,129000,37939,36,9.86,4154
FIN04933,SALE17172,CUST00846,ICICI Bank,156000,62332,36,9.2,4975
FIN04934,SALE04262,CUST04202,ICICI Bank,251000,71502,36,10.75,8188
FIN04935,SALE08715,CUST04471,HDFC Bank,137000,29554,12,12.39,12197
FIN04936,SALE18640,CUST04552,SBI Auto Loans,179000,55431,24,8.57,8142
FIN04937,SALE02774,CUST04119,Bajaj Finance,164000,69563,48,11.76,4299
FIN04938,SALE19089,CUST04661,SBI Auto Loans,140000,31672,36,10.17,4529
FIN04939,SALE00176,CUST00154,HDFC Bank,133000,36514,24,9.61,6113
FIN04940,SALE01298,CUST01211,Axis Bank,256000,58693,24,9.49,11753
FIN04941,SALE05782,CUST02109,Cholamandalam Finance,139000,24780,24,11.19,6491
FIN04942,SALE02486,CUST02267,Bajaj Finance,172000,45541,48,12.21,4547
FIN04943,SALE05237,CUST04402,Bajaj Finance,194000,38594,48,11.57,5068
FIN04944,SALE11985,CUST01672,HDFC Bank,180000,39605,24,10.33,8334
FIN04945,SALE16631,CUST00090,ICICI Bank,179000,57127,24,8.96,8174
FIN04946,SALE10170,CUST03300,Axis Bank,132000,34470,24,9.23,6044
FIN04947,SALE08877,CUST03638,SBI Auto Loans,142000,54840,24,11.42,6646
FIN04948,SALE08711,CUST04266,HDFC Bank,163000,58732,36,11.95,5410
FIN04949,SALE16073,CUST01314,HDFC Bank,176000,40730,36,9.85,5667
FIN04950,SALE14627,CUST02726,HDFC Bank,149000,39564,24,9.95,6872
FIN04951,SALE16076,CUST03955,ICICI Bank,145000,47027,24,10.25,6708
FIN04952,SALE13837,CUST00367,TVS Credit,282000,81109,36,11.03,9236
FIN04953,SALE09701,CUST03877,ICICI Bank,156000,42952,36,12.46,5216
FIN04954,SALE05058,CUST02935,Bajaj Finance,158000,38047,36,10.26,5118
FIN04955,SALE10851,CUST02232,HDFC Bank,229000,95707,24,9.19,10482
FIN04956,SALE14048,CUST00027,ICICI Bank,305000,61579,36,11.4,10043
FIN04957,SALE01198,CUST01195,ICICI Bank,126000,46356,24,8.62,5734
FIN04958,SALE09532,CUST02628,HDFC Bank,132000,36021,12,10.22,11618
FIN04959,SALE01593,CUST04639,ICICI Bank,251000,91913,24,8.81,11445
FIN04960,SALE00876,CUST00220,Bajaj Finance,166000,52638,36,8.61,5249
FIN04961,SALE11408,CUST01337,Hero FinCorp,168000,41750,24,9.29,7697
FIN04962,SALE12095,CUST00888,SBI Auto Loans,295000,119004,36,11.39,9712
FIN04963,SALE00272,CUST01332,SBI Auto Loans,165000,69055,36,9.26,5267
FIN04964,SALE13028,CUST04467,Hero FinCorp,122000,47467,36,8.88,3873
FIN04965,SALE19966,CUST03490,SBI Auto Loans,154000,66019,12,8.54,13435
FIN04966,SALE15671,CUST00340,HDFC Bank,132000,39721,24,11.96,6211
FIN04967,SALE06481,CUST03279,HDFC Bank,167000,52041,12,10.79,14743
FIN04968,SALE08766,CUST02472,Bajaj Finance,149000,47965,36,10.6,4850
FIN04969,SALE07324,CUST00389,Bajaj Finance,153000,45749,24,9.25,7007
FIN04970,SALE17683,CUST02575,ICICI Bank,171000,57774,24,9.17,7825
FIN04971,SALE04016,CUST03381,ICICI Bank,134000,33766,36,11.24,4402
FIN04972,SALE19100,CUST02845,ICICI Bank,175000,44455,36,8.83,5551
FIN04973,SALE09068,CUST00547,SBI Auto Loans,168000,61881,36,9.87,5411
FIN04974,SALE10152,CUST03623,ICICI Bank,121000,49142,36,10.28,3920
FIN04975,SALE00159,CUST04894,SBI Auto Loans,123000,48764,48,10.74,3163
FIN04976,SALE07537,CUST00853,ICICI Bank,148000,49192,24,9.51,6796
FIN04977,SALE19069,CUST03017,SBI Auto Loans,151000,55539,24,8.68,6876
FIN04978,SALE17497,CUST03994,SBI Auto Loans,171000,48759,12,12.33,15220
FIN04979,SALE15171,CUST04744,SBI Auto Loans,175000,58466,36,12.18,5828
FIN04980,SALE07457,CUST04838,TVS Credit,114000,43742,48,10.63,2926
FIN04981,SALE11179,CUST02807,TVS Credit,198000,73639,36,12.28,6603
FIN04982,SALE10495,CUST01235,Bajaj Finance,192000,37401,24,9.21,8790
FIN04983,SALE08024,CUST03451,ICICI Bank,255000,69635,48,8.61,6299
FIN04984,SALE06420,CUST03592,TVS Credit,140000,30563,36,10.66,4561
FIN04985,SALE10089,CUST04238,Axis Bank,240000,80494,48,10.59,6155
FIN04986,SALE00254,CUST03413,Bajaj Finance,190000,43689,24,9.22,8699
FIN04987,SALE11442,CUST04212,ICICI Bank,173000,59770,48,10.61,4439
FIN04988,SALE09764,CUST01545,SBI Auto Loans,129000,41306,24,10.03,5954
FIN04989,SALE07730,CUST02411,ICICI Bank,142000,47627,36,9.05,4519
FIN04990,SALE19472,CUST04442,HDFC Bank,172000,62731,24,9.02,7859
FIN04991,SALE15768,CUST00744,Axis Bank,231000,91742,24,9.04,10557
FIN04992,SALE14152,CUST02976,SBI Auto Loans,275000,87987,36,12.06,9142
FIN04993,SALE09857,CUST02001,HDFC Bank,131000,35033,24,9.04,5987
FIN04994,SALE00633,CUST00682,Axis Bank,140000,57127,48,10.24,3567
FIN04995,SALE08518,CUST01064,HDFC Bank,184000,32956,48,9.1,4588
FIN04996,SALE15593,CUST00667,HDFC Bank,206000,64948,24,12.47,9742
FIN04997,SALE00070,CUST01921,HDFC Bank,281000,80432,24,11.03,13101
FIN04998,SALE17247,CUST04958,Hero FinCorp,185000,42620,48,10.13,4704
FIN04999,SALE06269,CUST02744,SBI Auto Loans,135000,34330,36,10.37,4380
FIN05000,SALE02024,CUST03673,Cholamandalam Finance,141000,27241,24,9.61,6481
FIN05001,SALE16333,CUST04452,TVS Credit,157000,64945,48,8.95,3903
FIN05002,SALE11029,CUST04904,Bajaj Finance,129000,40804,12,9.1,11287
FIN05003,SALE06728,CUST04704,Axis Bank,137000,57422,24,12.42,6476
FIN05004,SALE09143,CUST00842,Bajaj Finance,323000,86314,24,11.56,15138
FIN05005,SALE03408,CUST03365,SBI Auto Loans,126000,41865,36,10.59,4101
FIN05006,SALE05255,CUST02220,TVS Credit,148000,43180,36,10.48,4809
FIN05007,SALE03474,CUST02619,SBI Auto Loans,133000,37011,48,11.61,3477
FIN05008,SALE15884,CUST02229,HDFC Bank,146000,50638,24,10.54,6774
FIN05009,SALE04112,CUST03069,SBI Auto Loans,122000,49202,12,12.22,10852
FIN05010,SALE13040,CUST00526,Bajaj Finance,277000,87716,36,9.75,8906
FIN05011,SALE14091,CUST01688,Bajaj Finance,130000,39334,24,10.86,6051
FIN05012,SALE01192,CUST04921,Bajaj Finance,155000,61022,48,9.47,3892
FIN05013,SALE01304,CUST01095,Cholamandalam Finance,179000,37187,24,8.86,8166
FIN05014,SALE17572,CUST04897,SBI Auto Loans,181000,32247,36,9.89,5831
FIN05015,SALE19332,CUST01458,HDFC Bank,167000,52195,48,9.93,4230
FIN05016,SALE05881,CUST03845,SBI Auto Loans,190000,45035,12,12.13,16893
FIN05017,SALE03179,CUST02507,HDFC Bank,121000,39290,36,10.8,3950
FIN05018,SALE13313,CUST01083,Axis Bank,172000,44383,48,9.01,4281
FIN05019,SALE17029,CUST04009,Axis Bank,293000,53020,36,9.39,9371
FIN05020,SALE08487,CUST02927,Axis Bank,170000,50231,36,9.09,5413
FIN05021,SALE09282,CUST04616,Bajaj Finance,130000,33381,36,10.41,4220
FIN05022,SALE00206,CUST01225,TVS Credit,124000,46250,24,12.44,5863
FIN05023,SALE10526,CUST04277,Bajaj Finance,178000,51509,60,10.62,3837
FIN05024,SALE03219,CUST04986,ICICI Bank,142000,49784,12,8.66,12396
FIN05025,SALE09246,CUST00877,Axis Bank,155000,64372,36,9.06,4933
FIN05026,SALE19905,CUST01670,Axis Bank,238000,72060,48,9.09,5933
FIN05027,SALE18925,CUST02461,SBI Auto Loans,162000,52063,36,9.29,5173
FIN05028,SALE08235,CUST00175,TVS Credit,182000,49827,36,11.14,5971
FIN05029,SALE05177,CUST03791,Bajaj Finance,258000,69135,24,11.11,12038
FIN05030,SALE07293,CUST03944,SBI Auto Loans,190000,46357,36,12.11,6321
FIN05031,SALE19914,CUST01555,Bajaj Finance,266000,73733,48,8.56,6564
FIN05032,SALE09223,CUST02174,ICICI Bank,135000,29602,24,10.27,6246
FIN05033,SALE03571,CUST04335,Hero FinCorp,285000,73983,48,11.19,7392
FIN05034,SALE04300,CUST04060,Bajaj Finance,130000,37749,24,9.44,5965
FIN05035,SALE12675,CUST04124,HDFC Bank,200000,63953,36,10.95,6543
FIN05036,SALE04934,CUST01199,Hero FinCorp,151000,62793,36,8.68,4779
FIN05037,SALE10094,CUST02701,ICICI Bank,144000,54254,36,8.66,4556
FIN05038,SALE02131,CUST01404,ICICI Bank,139000,53513,24,8.79,6337
FIN05039,SALE04544,CUST03690,ICICI Bank,178000,51213,24,8.93,8126
FIN05040,SALE18935,CUST01368,SBI Auto Loans,260000,65431,24,10.6,12070
FIN05041,SALE16461,CUST00687,ICICI Bank,260000,64253,24,12.14,12256
FIN05042,SALE02667,CUST01460,TVS Credit,261000,97621,48,8.83,6474
FIN05043,SALE13809,CUST01440,ICICI Bank,173000,47873,24,11.33,8090
FIN05044,SALE17135,CUST03120,Bajaj Finance,158000,53099,36,10.14,5109
FIN05045,SALE08853,CUST02162,HDFC Bank,151000,60289,24,12.41,7137
FIN05046,SALE11677,CUST03113,Bajaj Finance,183000,46874,48,10.1,4650
FIN05047,SALE17681,CUST04989,ICICI Bank,131000,33091,12,11.29,11596
FIN05048,SALE17846,CUST04213,SBI Auto Loans,163000,32626,48,10.69,4188
FIN05049,SALE02963,CUST01706,SBI Auto Loans,164000,57461,36,10.65,5342
FIN05050,SALE16351,CUST02435,Bajaj Finance,164000,54095,48,11.4,4271
FIN05051,SALE02044,CUST02927,SBI Auto Loans,142000,47200,36,8.81,4503
FIN05052,SALE04598,CUST01138,HDFC Bank,125000,38627,24,9.55,5742
FIN05053,SALE02279,CUST03508,SBI Auto Loans,245000,97628,36,9.31,7826
FIN05054,SALE04875,CUST04916,SBI Auto Loans,138000,44176,36,10.65,4495
FIN05055,SALE04222,CUST01111,ICICI Bank,248000,68690,36,10.22,8028
FIN05056,SALE17036,CUST03003,TVS Credit,224000,48362,24,12.3,10576
FIN05057,SALE15987,CUST01969,TVS Credit,123000,39568,36,12.12,4092
FIN05058,SALE00661,CUST00006,HDFC Bank,267000,50582,24,12.1,12581
FIN05059,SALE02771,CUST04985,ICICI Bank,156000,42069,24,12.07,7349
FIN05060,SALE12715,CUST01595,ICICI Bank,164000,32910,24,10.54,7609
FIN05061,SALE03475,CUST00939,SBI Auto Loans,240000,78017,36,9.32,7668
FIN05062,SALE07644,CUST02200,HDFC Bank,158000,58449,24,10.39,7319
FIN05063,SALE15317,CUST04692,Bajaj Finance,152000,28052,12,11.9,13498
FIN05064,SALE08138,CUST03143,Bajaj Finance,198000,36093,36,9.13,6308
FIN05065,SALE06191,CUST02892,TVS Credit,180000,51005,36,9.92,5801
FIN05066,SALE08128,CUST04044,HDFC Bank,166000,33194,36,10.39,5387
FIN05067,SALE18842,CUST03055,HDFC Bank,223000,49448,24,11.92,10489
FIN05068,SALE11350,CUST00045,ICICI Bank,126000,44293,12,11.83,11185
FIN05069,SALE07513,CUST02339,Axis Bank,201000,70000,36,11.65,6643
FIN05070,SALE11055,CUST02323,ICICI Bank,121000,44362,24,8.77,5515
FIN05071,SALE08436,CUST02327,HDFC Bank,132000,33338,24,10.12,6098
FIN05072,SALE13227,CUST00056,Bajaj Finance,136000,31663,24,9.89,6269
FIN05073,SALE14514,CUST03025,Hero FinCorp,183000,42678,12,10.16,16102
FIN05074,SALE14131,CUST01263,TVS Credit,299000,108725,36,9.63,9596
FIN05075,SALE10279,CUST00975,SBI Auto Loans,193000,39738,24,9.36,8849
FIN05076,SALE16309,CUST04495,Axis Bank,257000,58569,24,12.3,12134
FIN05077,SALE04979,CUST03604,Bajaj Finance,132000,27278,36,9.74,4243
FIN05078,SALE17857,CUST04610,TVS Credit,182000,34921,60,9.4,3813
FIN05079,SALE02309,CUST00332,ICICI Bank,176000,62928,24,11.05,8207
FIN05080,SALE12099,CUST01978,Bajaj Finance,169000,47035,24,10.38,7828
FIN05081,SALE03005,CUST00570,Bajaj Finance,136000,58123,36,9.72,4370
FIN05082,SALE18536,CUST02860,ICICI Bank,129000,38486,12,10.73,11385
FIN05083,SALE15847,CUST03200,ICICI Bank,164000,32109,36,9.63,5263
FIN05084,SALE16020,CUST01074,ICICI Bank,173000,48406,48,8.68,4279
FIN05085,SALE03790,CUST03988,Bajaj Finance,231000,89437,36,11.61,7630
FIN05086,SALE17588,CUST01126,Bajaj Finance,183000,35836,48,12.47,4861
FIN05087,SALE06432,CUST00182,HDFC Bank,297000,59136,24,8.69,13526
FIN05088,SALE09194,CUST03659,Bajaj Finance,139000,57681,36,10.04,4488
FIN05089,SALE07286,CUST02301,HDFC Bank,170000,51465,36,12.07,5652
FIN05090,SALE17865,CUST03621,HDFC Bank,139000,54646,36,10.16,4496
FIN05091,SALE09695,CUST03298,HDFC Bank,153000,57799,36,9.74,4918
FIN05092,SALE06313,CUST03369,Bajaj Finance,172000,41688,48,10.81,4430
FIN05093,SALE05216,CUST00376,Bajaj Finance,170000,60913,36,10.42,5519
FIN05094,SALE16207,CUST02591,Bajaj Finance,171000,48689,36,10.91,5591
FIN05095,SALE18660,CUST00890,Hero FinCorp,183000,50723,24,11.06,8534
FIN05096,SALE11933,CUST03516,SBI Auto Loans,172000,49864,36,10.65,5603
FIN05097,SALE11187,CUST02602,SBI Auto Loans,171000,62641,36,12.44,5716
FIN05098,SALE03800,CUST01053,SBI Auto Loans,161000,56424,36,8.99,5119
FIN05099,SALE09961,CUST02657,Axis Bank,156000,55438,24,12.23,7360
FIN05100,SALE19378,CUST01700,ICICI Bank,152000,59640,12,11.95,13501
FIN05101,SALE13572,CUST00433,ICICI Bank,172000,47702,12,12.34,15309
FIN05102,SALE08803,CUST01218,ICICI Bank,170000,63644,36,11.55,5610
FIN05103,SALE07590,CUST00844,Bajaj Finance,118000,47641,24,11.23,5512
FIN05104,SALE17144,CUST03536,ICICI Bank,159000,37129,60,8.55,3266
FIN05105,SALE18200,CUST03204,Axis Bank,117000,50476,36,9.63,3755
FIN05106,SALE16982,CUST03112,ICICI Bank,141000,57814,24,11.53,6606
FIN05107,SALE05540,CUST03850,SBI Auto Loans,131000,32432,36,10.92,4284
FIN05108,SALE00482,CUST03445,Hero FinCorp,127000,42740,36,12.34,4239
FIN05109,SALE02695,CUST03329,Cholamandalam Finance,176000,64200,36,10.47,5718
FIN05110,SALE06142,CUST01800,ICICI Bank,171000,57521,36,10.46,5555
FIN05111,SALE05021,CUST00506,HDFC Bank,159000,32528,48,11.67,4161
FIN05112,SALE12578,CUST00008,Hero FinCorp,133000,38831,24,12.3,6279
FIN05113,SALE10420,CUST00423,TVS Credit,157000,40399,36,8.78,4976
FIN05114,SALE04756,CUST02337,Axis Bank,227000,96442,48,10.4,5801
FIN05115,SALE10780,CUST01165,SBI Auto Loans,124000,47769,36,9.97,3999
FIN05116,SALE07226,CUST00626,SBI Auto Loans,145000,52651,24,11.89,6818
FIN05117,SALE08781,CUST02467,Bajaj Finance,183000,45266,36,11.75,6056
FIN05118,SALE15269,CUST02482,HDFC Bank,167000,66209,36,12.12,5556
FIN05119,SALE11705,CUST01348,SBI Auto Loans,165000,68256,12,11.17,14596
FIN05120,SALE02252,CUST04144,Bajaj Finance,203000,69537,36,9.41,6494
FIN05121,SALE02722,CUST03367,ICICI Bank,225000,46080,48,11.32,5850
FIN05122,SALE06312,CUST01205,TVS Credit,181000,37738,12,8.96,15825
FIN05123,SALE15898,CUST02794,ICICI Bank,142000,28337,36,12.07,4721
FIN05124,SALE10745,CUST04320,HDFC Bank,241000,77464,24,11.35,11272
FIN05125,SALE02275,CUST03409,TVS Credit,136000,29735,36,12.03,4519
FIN05126,SALE00406,CUST01952,Bajaj Finance,178000,60475,48,10.2,4532
FIN05127,SALE10009,CUST00110,ICICI Bank,153000,38224,36,8.74,4847
FIN05128,SALE00830,CUST01928,TVS Credit,184000,36794,36,12.21,6130
FIN05129,SALE00703,CUST01080,HDFC Bank,143000,24993,60,12.32,3204
FIN05130,SALE08201,CUST03753,HDFC Bank,273000,49259,24,12.3,12889
FIN05131,SALE16586,CUST04892,Hero FinCorp,143000,53274,48,9.62,3601
FIN05132,SALE11392,CUST00311,TVS Credit,296000,67790,36,10.87,9672
FIN05133,SALE09062,CUST02222,Bajaj Finance,165000,34453,24,9.44,7571
FIN05134,SALE11992,CUST00055,ICICI Bank,125000,34495,36,8.5,3946
FIN05135,SALE01138,CUST01955,Bajaj Finance,133000,25397,60,11.82,2946
FIN05136,SALE15403,CUST02824,HDFC Bank,164000,53957,24,9.61,7538
FIN05137,SALE09623,CUST00987,TVS Credit,134000,35413,24,9.15,6131
FIN05138,SALE09938,CUST03328,Bajaj Finance,134000,31800,24,10.45,6211
FIN05139,SALE13168,CUST03738,TVS Credit,302000,106643,60,8.97,6265
FIN05140,SALE04096,CUST01535,ICICI Bank,275000,67769,36,9.15,8764
FIN05141,SALE05815,CUST01749,HDFC Bank,190000,46581,36,11.83,6295
FIN05142,SALE17096,CUST03455,ICICI Bank,202000,69551,36,11.33,6645
FIN05143,SALE17677,CUST04172,Axis Bank,162000,50334,48,8.78,4014
FIN05144,SALE10022,CUST00727,HDFC Bank,271000,55964,36,12.14,9019
FIN05145,SALE05600,CUST04383,TVS Credit,131000,36884,36,8.7,4147
FIN05146,SALE00833,CUST01459,Axis Bank,144000,26462,60,11.77,3186
FIN05147,SALE06961,CUST03177,HDFC Bank,272000,90849,36,11.57,8979
FIN05148,SALE03733,CUST03350,ICICI Bank,157000,39583,36,9.95,5062
FIN05149,SALE02050,CUST01927,ICICI Bank,167000,53896,36,9.45,5346
FIN05150,SALE06375,CUST03701,SBI Auto Loans,144000,49804,48,8.64,3559
FIN05151,SALE06012,CUST03351,SBI Auto Loans,141000,29179,48,10.2,3590
FIN05152,SALE18614,CUST03378,Cholamandalam Finance,258000,82789,36,8.91,8194
FIN05153,SALE08059,CUST00482,SBI Auto Loans,154000,62077,48,9.05,3836
FIN05154,SALE08485,CUST00757,ICICI Bank,125000,39856,36,10.15,4042
FIN05155,SALE06332,CUST02855,SBI Auto Loans,295000,67384,36,10.0,9519
FIN05156,SALE08160,CUST00419,ICICI Bank,182000,39925,36,9.3,5813
FIN05157,SALE06282,CUST02753,SBI Auto Loans,249000,67463,36,8.7,7883
FIN05158,SALE02043,CUST01245,Cholamandalam Finance,163000,36468,48,11.5,4253
FIN05159,SALE13626,CUST02666,HDFC Bank,163000,48282,36,10.68,5312
FIN05160,SALE00591,CUST00966,SBI Auto Loans,172000,59967,12,11.7,15258
FIN05161,SALE18391,CUST04258,SBI Auto Loans,158000,34091,24,11.36,7390
FIN05162,SALE16032,CUST04084,SBI Auto Loans,190000,41176,36,10.72,6195
FIN05163,SALE17027,CUST02308,ICICI Bank,160000,54583,36,8.93,5083
FIN05164,SALE09351,CUST02301,HDFC Bank,158000,61839,24,10.33,7315
FIN05165,SALE00733,CUST01713,HDFC Bank,129000,29972,24,11.37,6035
FIN05166,SALE15048,CUST01663,SBI Auto Loans,189000,46089,24,8.88,8624
FIN05167,SALE18493,CUST02081,Bajaj Finance,137000,32775,24,11.44,6413
FIN05168,SALE05116,CUST00033,Bajaj Finance,142000,53587,36,8.77,4500
FIN05169,SALE05496,CUST02994,SBI Auto Loans,163000,52760,36,11.87,5404
FIN05170,SALE00160,CUST04517,HDFC Bank,259000,106748,12,11.64,22968
FIN05171,SALE18822,CUST04751,TVS Credit,180000,38219,36,12.34,6008
FIN05172,SALE06777,CUST00983,HDFC Bank,166000,62522,36,9.97,5354
FIN05173,SALE04974,CUST04494,HDFC Bank,147000,50204,24,8.65,6692
FIN05174,SALE01068,CUST00190,Axis Bank,179000,55303,36,8.66,5664
FIN05175,SALE11644,CUST02726,Bajaj Finance,141000,46279,24,9.18,6453
FIN05176,SALE11024,CUST02594,Bajaj Finance,334000,72619,12,10.25,29403
FIN05177,SALE13400,CUST00760,Bajaj Finance,177000,42348,48,9.0,4405
FIN05178,SALE11911,CUST01857,Hero FinCorp,268000,53050,36,8.75,8491
FIN05179,SALE16815,CUST01994,Bajaj Finance,196000,37198,36,9.93,6318
FIN05180,SALE13955,CUST00819,HDFC Bank,121000,50486,24,8.73,5513
FIN05181,SALE14500,CUST00158,ICICI Bank,197000,36363,36,11.59,6505
FIN05182,SALE04258,CUST01971,Bajaj Finance,164000,55166,48,10.08,4166
FIN05183,SALE12384,CUST01247,ICICI Bank,170000,48963,48,9.76,4292
FIN05184,SALE00073,CUST03908,ICICI Bank,232000,87484,36,9.62,7445
FIN05185,SALE18149,CUST00696,Bajaj Finance,199000,36045,36,10.97,6512
FIN05186,SALE14516,CUST04432,HDFC Bank,149000,47175,24,10.89,6937
FIN05187,SALE09502,CUST02693,TVS Credit,319000,88893,36,9.22,10177
FIN05188,SALE04198,CUST01037,ICICI Bank,195000,74480,36,11.34,6415
FIN05189,SALE13363,CUST02603,ICICI Bank,143000,28549,36,9.14,4557
FIN05190,SALE18724,CUST02922,Cholamandalam Finance,147000,51290,12,10.76,12976
FIN05191,SALE19439,CUST03046,Bajaj Finance,143000,52001,48,8.53,3527
FIN05192,SALE09460,CUST00564,TVS Credit,274000,87302,60,10.92,5946
FIN05193,SALE15093,CUST02062,Hero FinCorp,168000,50919,36,9.88,5411
FIN05194,SALE05328,CUST00424,Hero FinCorp,173000,59673,12,12.1,15379
FIN05195,SALE16820,CUST04696,ICICI Bank,163000,52324,36,12.32,5439
FIN05196,SALE11214,CUST00525,ICICI Bank,333000,81458,60,12.33,7463
FIN05197,SALE10492,CUST02613,HDFC Bank,164000,49423,12,10.88,14485
FIN05198,SALE02259,CUST03207,Bajaj Finance,296000,108839,24,11.32,13840
FIN05199,SALE04744,CUST00447,HDFC Bank,240000,85235,12,9.63,21059
FIN05200,SALE06085,CUST04564,Bajaj Finance,154000,43320,24,10.93,7173
FIN05201,SALE15038,CUST03501,ICICI Bank,142000,29863,36,10.47,4613
FIN05202,SALE19304,CUST00070,ICICI Bank,168000,29484,36,10.3,5445
FIN05203,SALE03286,CUST00380,HDFC Bank,166000,53043,48,8.67,4105
FIN05204,SALE08547,CUST04115,Axis Bank,181000,35287,12,9.61,15880
FIN05205,SALE03957,CUST03094,Bajaj Finance,154000,39247,36,10.48,5004
FIN05206,SALE01796,CUST00485,Bajaj Finance,152000,33891,48,9.85,3844
FIN05207,SALE08952,CUST04048,Cholamandalam Finance,186000,35309,36,11.96,6174
FIN05208,SALE10128,CUST02017,HDFC Bank,194000,38868,36,11.89,6433
FIN05209,SALE17205,CUST04243,HDFC Bank,253000,89668,48,11.87,6646
FIN05210,SALE10866,CUST03501,HDFC Bank,136000,51456,36,12.36,4541
FIN05211,SALE08507,CUST00352,HDFC Bank,146000,50000,36,8.75,4626
FIN05212,SALE05778,CUST01339,SBI Auto Loans,166000,68740,24,9.55,7626
FIN05213,SALE18173,CUST01587,Bajaj Finance,168000,61383,24,11.32,7855
FIN05214,SALE01773,CUST04592,ICICI Bank,136000,35472,12,11.93,12079
FIN05215,SALE04929,CUST02409,TVS Credit,166000,70582,36,10.91,5428
FIN05216,SALE19933,CUST03478,ICICI Bank,262000,61498,48,8.73,6486
FIN05217,SALE16154,CUST01899,SBI Auto Loans,154000,44257,48,10.42,3937
FIN05218,SALE01402,CUST04207,TVS Credit,171000,47814,36,11.33,5625
FIN05219,SALE17630,CUST04982,HDFC Bank,129000,37793,36,12.21,4298
FIN05220,SALE11595,CUST01560,Bajaj Finance,268000,55541,36,10.26,8680
FIN05221,SALE14668,CUST00137,Bajaj Finance,138000,57082,48,8.92,3429
FIN05222,SALE12881,CUST04183,HDFC Bank,151000,40787,24,9.61,6941
FIN05223,SALE03728,CUST04827,HDFC Bank,285000,79153,12,10.29,25094
FIN05224,SALE07557,CUST00006,ICICI Bank,126000,37862,12,8.74,11004
FIN05225,SALE18561,CUST00700,HDFC Bank,163000,29983,48,11.8,4276
FIN05226,SALE07939,CUST02609,ICICI Bank,252000,92756,12,11.85,22372
FIN05227,SALE00614,CUST04707,TVS Credit,154000,51493,36,11.93,5110
FIN05228,SALE07314,CUST02229,Axis Bank,180000,46907,36,11.96,5975
FIN05229,SALE19690,CUST04257,ICICI Bank,182000,54585,36,9.41,5822
FIN05230,SALE01765,CUST03538,Bajaj Finance,127000,45222,12,9.32,11125
FIN05231,SALE06343,CUST02165,HDFC Bank,234000,92327,36,10.57,7613
FIN05232,SALE00081,CUST01375,SBI Auto Loans,180000,48341,48,10.95,4648
FIN05233,SALE19133,CUST02231,HDFC Bank,146000,44369,24,9.49,6703
FIN05234,SALE03849,CUST03628,TVS Credit,145000,26656,36,10.28,4698
FIN05235,SALE07607,CUST03087,ICICI Bank,120000,44694,24,9.22,5494
FIN05236,SALE14391,CUST03453,ICICI Bank,200000,36187,36,11.41,6587
FIN05237,SALE12837,CUST04193,Axis Bank,184000,34309,24,8.71,8382
FIN05238,SALE05026,CUST03915,SBI Auto Loans,228000,44126,24,12.22,10756
FIN05239,SALE00824,CUST01430,TVS Credit,117000,49221,36,8.83,3711
FIN05240,SALE06249,CUST00176,SBI Auto Loans,179000,56970,48,8.81,4438
FIN05241,SALE06454,CUST04786,Bajaj Finance,163000,57575,60,11.4,3577
FIN05242,SALE06836,CUST01685,HDFC Bank,163000,55275,60,12.29,3650
FIN05243,SALE02346,CUST02894,HDFC Bank,167000,54477,48,8.78,4138
FIN05244,SALE18754,CUST01467,SBI Auto Loans,153000,42426,12,9.63,13425
FIN05245,SALE03730,CUST04808,HDFC Bank,112000,47094,36,10.33,3631
FIN05246,SALE14425,CUST03551,SBI Auto Loans,124000,46201,48,12.43,3292
FIN05247,SALE18936,CUST02245,HDFC Bank,154000,58502,36,9.93,4964
FIN05248,SALE10039,CUST00461,ICICI Bank,132000,39655,48,8.79,3272
FIN05249,SALE07617,CUST00384,SBI Auto Loans,216000,48626,24,12.26,10194
FIN05250,SALE17356,CUST01204,Bajaj Finance,138000,34277,24,9.49,6336
FIN05251,SALE06656,CUST02604,SBI Auto Loans,165000,52318,48,11.42,4298
FIN05252,SALE12316,CUST03130,SBI Auto Loans,184000,43735,36,12.33,6140
FIN05253,SALE08013,CUST02777,Hero FinCorp,144000,26926,12,9.35,12616
FIN05254,SALE16339,CUST03235,ICICI Bank,170000,38880,48,10.78,4376
FIN05255,SALE16681,CUST02729,Axis Bank,121000,49400,48,11.68,3167
FIN05256,SALE03078,CUST01859,SBI Auto Loans,283000,61211,36,12.11,9415
FIN05257,SALE01318,CUST04627,HDFC Bank,155000,44328,48,9.69,3908
FIN05258,SALE11330,CUST01818,Hero FinCorp,123000,49358,36,11.21,4039
FIN05259,SALE09903,CUST03745,HDFC Bank,231000,91513,48,9.19,5769
FIN05260,SALE04275,CUST04953,ICICI Bank,169000,55803,36,11.19,5548
FIN05261,SALE04614,CUST03679,SBI Auto Loans,170000,49642,36,12.0,5646
FIN05262,SALE13074,CUST01088,Axis Bank,180000,54766,12,9.41,15776
FIN05263,SALE06178,CUST01436,TVS Credit,187000,34140,24,8.67,8515
FIN05264,SALE02656,CUST00427,ICICI Bank,190000,79449,12,9.43,16654
FIN05265,SALE05685,CUST03090,SBI Auto Loans,160000,53567,36,11.05,5242
FIN05266,SALE15228,CUST03995,HDFC Bank,332000,75047,36,9.68,10663
FIN05267,SALE15114,CUST00137,ICICI Bank,175000,61714,48,8.54,4317
FIN05268,SALE07856,CUST04934,SBI Auto Loans,263000,99482,12,11.17,23265
FIN05269,SALE19768,CUST03088,SBI Auto Loans,174000,62881,24,12.43,8226
FIN05270,SALE12188,CUST00160,Cholamandalam Finance,127000,42631,48,11.17,3293
FIN05271,SALE04367,CUST02455,ICICI Bank,140000,30215,48,12.28,3706
FIN05272,SALE07024,CUST04010,TVS Credit,163000,33058,36,11.29,5359
FIN05273,SALE18294,CUST01959,ICICI Bank,121000,40993,24,9.56,5559
FIN05274,SALE09569,CUST01571,HDFC Bank,131000,32579,24,11.99,6166
FIN05275,SALE19764,CUST04192,SBI Auto Loans,171000,42569,36,8.65,5410
FIN05276,SALE07694,CUST01428,HDFC Bank,140000,51872,36,11.28,4602
FIN05277,SALE07190,CUST02074,TVS Credit,278000,63537,36,10.32,9012
FIN05278,SALE09692,CUST03634,TVS Credit,169000,50862,60,12.19,3776
FIN05279,SALE14740,CUST03763,Cholamandalam Finance,143000,53555,24,11.82,6719
FIN05280,SALE06664,CUST02404,HDFC Bank,160000,36918,24,11.67,7507
FIN05281,SALE09222,CUST03878,ICICI Bank,168000,45060,36,10.17,5434
FIN05282,SALE00256,CUST03115,Axis Bank,139000,49436,36,11.1,4557
FIN05283,SALE14570,CUST04653,Bajaj Finance,141000,27906,36,11.55,4653
FIN05284,SALE03877,CUST03260,TVS Credit,159000,37360,60,12.12,3547
FIN05285,SALE15631,CUST01377,ICICI Bank,151000,47815,36,9.9,4865
FIN05286,SALE11172,CUST04283,ICICI Bank,144000,33182,36,10.54,4683
FIN05287,SALE17032,CUST03620,HDFC Bank,165000,50982,36,11.73,5459
FIN05288,SALE04884,CUST03482,ICICI Bank,248000,77666,24,10.53,11505
FIN05289,SALE04163,CUST04706,SBI Auto Loans,192000,36806,12,11.86,17046
FIN05290,SALE05899,CUST04887,Cholamandalam Finance,115000,45256,24,12.22,5425
FIN05291,SALE04833,CUST03608,Axis Bank,126000,42553,48,9.11,3142
FIN05292,SALE06791,CUST03701,HDFC Bank,122000,47797,48,10.91,3148
FIN05293,SALE01345,CUST03330,HDFC Bank,140000,58943,36,10.91,4577
FIN05294,SALE06945,CUST02340,Axis Bank,148000,40357,12,12.18,13162
FIN05295,SALE18007,CUST00358,SBI Auto Loans,164000,34336,36,8.99,5214
FIN05296,SALE19644,CUST02257,ICICI Bank,143000,29186,24,8.71,6514
FIN05297,SALE14411,CUST02952,ICICI Bank,203000,69754,36,11.9,6733
FIN05298,SALE18191,CUST03738,SBI Auto Loans,180000,53827,12,8.91,15734
FIN05299,SALE00688,CUST04719,Hero FinCorp,119000,50958,24,11.4,5568
FIN05300,SALE13249,CUST01315,HDFC Bank,130000,31891,24,8.92,5934
FIN05301,SALE16395,CUST03516,ICICI Bank,183000,44348,36,12.18,6094
FIN05302,SALE07091,CUST03072,Cholamandalam Finance,177000,51345,36,9.06,5633
FIN05303,SALE08006,CUST01758,SBI Auto Loans,170000,46502,36,9.51,5446
FIN05304,SALE01408,CUST00409,ICICI Bank,167000,51318,24,11.89,7853
FIN05305,SALE17620,CUST01892,Bajaj Finance,163000,55884,12,11.81,14468
FIN05306,SALE14079,CUST00390,Bajaj Finance,165000,67945,24,11.16,7703
FIN05307,SALE02221,CUST00391,HDFC Bank,279000,68103,36,9.85,8983
FIN05308,SALE10459,CUST02713,ICICI Bank,300000,58945,24,11.89,14107
FIN05309,SALE05297,CUST00979,Bajaj Finance,155000,38142,36,11.39,5103
FIN05310,SALE05482,CUST01409,Bajaj Finance,144000,53412,36,8.97,4577
FIN05311,SALE13105,CUST00120,Bajaj Finance,248000,70984,36,9.13,7901
FIN05312,SALE05300,CUST02785,Axis Bank,161000,30222,36,8.71,5098
FIN05313,SALE01355,CUST02873,Cholamandalam Finance,175000,52698,36,11.63,5782
FIN05314,SALE08410,CUST03077,Bajaj Finance,156000,30373,48,9.9,3949
FIN05315,SALE14887,CUST03922,TVS Credit,138000,32368,48,11.09,3573
FIN05316,SALE13351,CUST00584,Bajaj Finance,242000,103445,24,12.47,11445
FIN05317,SALE02193,CUST04331,SBI Auto Loans,180000,38553,36,12.45,6017
FIN05318,SALE09182,CUST00509,HDFC Bank,194000,37349,36,10.87,6339
FIN05319,SALE10048,CUST00870,SBI Auto Loans,159000,35089,12,12.18,14140
FIN05320,SALE07145,CUST00394,Axis Bank,184000,34724,48,11.82,4829
FIN05321,SALE06634,CUST01703,Bajaj Finance,155000,41987,36,9.47,4963
FIN05322,SALE00458,CUST04817,Bajaj Finance,284000,57002,12,11.11,25115
FIN05323,SALE02101,CUST00983,Axis Bank,193000,40696,12,10.25,16990
FIN05324,SALE18516,CUST03354,ICICI Bank,251000,97896,36,11.15,8235
FIN05325,SALE10271,CUST00402,ICICI Bank,143000,28980,48,10.1,3634
FIN05326,SALE10438,CUST00705,SBI Auto Loans,192000,42389,36,11.64,6344
FIN05327,SALE07862,CUST02749,TVS Credit,183000,43511,36,11.26,6014
FIN05328,SALE03077,CUST03821,ICICI Bank,247000,72502,24,8.63,11242
FIN05329,SALE17262,CUST01178,SBI Auto Loans,236000,86621,24,12.36,11149
FIN05330,SALE11475,CUST01766,HDFC Bank,196000,77325,12,8.58,17102
FIN05331,SALE04331,CUST04419,Bajaj Finance,174000,58791,36,10.25,5635
FIN05332,SALE10946,CUST03369,HDFC Bank,128000,41453,24,9.92,5902
FIN05333,SALE00671,CUST02933,SBI Auto Loans,166000,59353,36,11.98,5512
FIN05334,SALE08229,CUST04790,SBI Auto Loans,234000,83652,48,11.34,6087
FIN05335,SALE00167,CUST02191,SBI Auto Loans,180000,54066,36,10.8,5876
FIN05336,SALE07630,CUST01086,HDFC Bank,127000,44753,24,9.48,5830
FIN05337,SALE08305,CUST03635,ICICI Bank,170000,64005,36,11.23,5584
FIN05338,SALE03908,CUST02129,ICICI Bank,245000,98896,36,11.36,8063
FIN05339,SALE02914,CUST02704,ICICI Bank,139000,57114,36,9.7,4466
FIN05340,SALE04581,CUST04179,TVS Credit,132000,38492,36,10.54,4293
FIN05341,SALE16595,CUST03169,HDFC Bank,138000,27845,24,10.75,6416
FIN05342,SALE01971,CUST01289,ICICI Bank,174000,40851,24,9.54,7992
FIN05343,SALE02575,CUST03011,Axis Bank,166000,66771,48,10.84,4277
FIN05344,SALE07604,CUST03013,HDFC Bank,122000,50047,36,8.94,3876
FIN05345,SALE11801,CUST03666,SBI Auto Loans,121000,48863,36,9.96,3902
FIN05346,SALE07905,CUST02834,Bajaj Finance,136000,34018,36,8.9,4318
FIN05347,SALE15724,CUST04327,ICICI Bank,158000,60965,24,11.97,7435
FIN05348,SALE11773,CUST01169,SBI Auto Loans,178000,61333,36,8.87,5650
FIN05349,SALE14431,CUST02102,SBI Auto Loans,254000,69326,36,11.55,8382
FIN05350,SALE08334,CUST03533,HDFC Bank,195000,39561,36,9.22,6221
FIN05351,SALE00335,CUST02388,HDFC Bank,336000,67464,12,9.04,29390
FIN05352,SALE09292,CUST00364,SBI Auto Loans,186000,48478,24,10.45,8622
FIN05353,SALE03148,CUST03317,HDFC Bank,179000,37695,24,9.83,8246
FIN05354,SALE17433,CUST04271,SBI Auto Loans,198000,64912,36,10.17,6405
FIN05355,SALE12923,CUST00966,Hero FinCorp,164000,43516,48,12.41,4352
FIN05356,SALE15302,CUST00938,ICICI Bank,152000,47044,36,8.74,4815
FIN05357,SALE13761,CUST03395,Bajaj Finance,165000,68104,60,11.49,3628
FIN05358,SALE05818,CUST02621,HDFC Bank,253000,107150,24,10.91,11781
FIN05359,SALE10240,CUST04394,Bajaj Finance,168000,66215,36,9.8,5405
FIN05360,SALE04253,CUST01994,HDFC Bank,258000,61859,36,12.19,8593
FIN05361,SALE17732,CUST03869,ICICI Bank,167000,29990,24,8.67,7604
FIN05362,SALE05697,CUST03408,ICICI Bank,159000,61854,36,10.52,5169
FIN05363,SALE10963,CUST03606,SBI Auto Loans,156000,60757,48,11.09,4039
FIN05364,SALE09669,CUST03557,ICICI Bank,128000,43710,48,9.8,3234
FIN05365,SALE15509,CUST00653,SBI Auto Loans,141000,28587,48,9.7,3556
FIN05366,SALE12089,CUST04387,TVS Credit,144000,53533,48,12.19,3806
FIN05367,SALE16934,CUST01151,SBI Auto Loans,184000,52458,36,8.78,5832
FIN05368,SALE11587,CUST04411,HDFC Bank,199000,36891,36,8.75,6305
FIN05369,SALE13739,CUST02617,ICICI Bank,157000,42178,48,10.87,4048
FIN05370,SALE05205,CUST01456,HDFC Bank,256000,103120,12,11.85,22727
FIN05371,SALE09678,CUST00894,HDFC Bank,285000,72649,36,9.76,9164
FIN05372,SALE10490,CUST03240,ICICI Bank,164000,50501,24,11.78,7703
FIN05373,SALE07074,CUST01553,HDFC Bank,136000,34114,36,8.85,4315
FIN05374,SALE17838,CUST01183,Bajaj Finance,198000,37739,36,8.86,6283
FIN05375,SALE12745,CUST04586,SBI Auto Loans,134000,34064,36,8.74,4245
FIN05376,SALE00721,CUST01013,ICICI Bank,124000,46957,36,11.37,4081
FIN05377,SALE08980,CUST01463,ICICI Bank,200000,36449,24,9.66,9198
FIN05378,SALE00576,CUST02827,Cholamandalam Finance,158000,31581,36,8.66,4999
FIN05379,SALE02235,CUST02609,ICICI Bank,153000,63886,36,10.95,5005
FIN05380,SALE07757,CUST01031,Bajaj Finance,145000,26691,36,9.97,4677
FIN05381,SALE11725,CUST04947,ICICI Bank,156000,65884,36,10.93,5102
FIN05382,SALE03535,CUST01112,HDFC Bank,190000,44049,48,10.39,4855
FIN05383,SALE11493,CUST01263,HDFC Bank,245000,72070,36,11.37,8064
FIN05384,SALE07731,CUST02434,Axis Bank,239000,81262,48,11.84,6275
FIN05385,SALE11972,CUST03552,HDFC Bank,282000,60459,36,10.38,9150
FIN05386,SALE18416,CUST04493,ICICI Bank,220000,51197,36,9.87,7085
FIN05387,SALE17867,CUST03182,SBI Auto Loans,183000,52222,24,8.61,8328
FIN05388,SALE01212,CUST01843,SBI Auto Loans,180000,35048,36,8.89,5715
FIN05389,SALE16842,CUST04336,HDFC Bank,154000,64525,36,8.69,4875
FIN05390,SALE01787,CUST00226,Bajaj Finance,128000,36786,36,10.6,4166
FIN05391,SALE08247,CUST02472,Bajaj Finance,154000,43340,36,10.25,4987
FIN05392,SALE00453,CUST00285,HDFC Bank,203000,68034,48,11.96,5342
FIN05393,SALE10488,CUST02845,HDFC Bank,179000,50763,24,9.86,8248
FIN05394,SALE04130,CUST03094,SBI Auto Loans,151000,48058,36,10.87,4934
FIN05395,SALE19530,CUST02343,Hero FinCorp,136000,35044,36,8.64,4302
FIN05396,SALE13141,CUST00974,SBI Auto Loans,203000,67412,36,11.55,6699
FIN05397,SALE03964,CUST04520,HDFC Bank,160000,38828,48,11.02,4137
FIN05398,SALE06054,CUST03402,HDFC Bank,198000,38102,24,11.91,9312
FIN05399,SALE12398,CUST00084,TVS Credit,129000,36400,24,11.62,6050
FIN05400,SALE13830,CUST03107,HDFC Bank,137000,28293,36,10.3,4440
FIN05401,SALE17651,CUST00680,HDFC Bank,140000,28960,60,9.55,2944
FIN05402,SALE07902,CUST01007,Bajaj Finance,134000,37307,36,11.31,4407
FIN05403,SALE10958,CUST00919,SBI Auto Loans,119000,47234,12,9.82,10452
FIN05404,SALE03997,CUST03739,HDFC Bank,183000,34352,36,8.67,5791
FIN05405,SALE07837,CUST04831,ICICI Bank,175000,37407,36,9.89,5638
FIN05406,SALE19766,CUST01745,SBI Auto Loans,239000,74829,36,8.87,7586
FIN05407,SALE02001,CUST03475,Bajaj Finance,187000,34700,36,11.49,6166
FIN05408,SALE09845,CUST04714,SBI Auto Loans,122000,44090,60,11.3,2671
FIN05409,SALE17638,CUST00371,SBI Auto Loans,277000,65683,36,9.16,8829
FIN05410,SALE17536,CUST00462,TVS Credit,197000,71817,24,10.05,9095
FIN05411,SALE18896,CUST01168,HDFC Bank,125000,44926,24,10.04,5770
FIN05412,SALE07156,CUST01442,HDFC Bank,120000,50484,36,9.04,3818
FIN05413,SALE12416,CUST04323,HDFC Bank,167000,64564,24,9.07,7635
FIN05414,SALE05121,CUST02098,Bajaj Finance,188000,74197,36,10.11,6076
FIN05415,SALE17993,CUST00125,ICICI Bank,166000,53131,24,10.32,7685
FIN05416,SALE05049,CUST04271,SBI Auto Loans,274000,80167,12,12.04,24350
FIN05417,SALE02761,CUST04854,Axis Bank,181000,34499,36,12.44,6050
FIN05418,SALE06139,CUST01714,Bajaj Finance,162000,34142,36,10.42,5259
FIN05419,SALE00705,CUST04367,ICICI Bank,196000,74210,24,11.18,9152
FIN05420,SALE06854,CUST04759,TVS Credit,243000,81242,36,10.44,7891
FIN05421,SALE08302,CUST02051,Bajaj Finance,160000,59250,36,10.89,5230
FIN05422,SALE14519,CUST01834,SBI Auto Loans,130000,31646,36,9.83,4184
FIN05423,SALE11576,CUST01072,Bajaj Finance,139000,32940,24,11.02,6480
FIN05424,SALE03895,CUST00078,ICICI Bank,178000,56634,24,10.33,8241
FIN05425,SALE16387,CUST00746,TVS Credit,139000,59051,60,9.19,2898
FIN05426,SALE16485,CUST02291,HDFC Bank,145000,51836,36,9.79,4664
FIN05427,SALE03345,CUST03449,Hero FinCorp,245000,79484,12,10.94,21647
FIN05428,SALE14153,CUST01796,TVS Credit,169000,65186,36,10.82,5518
FIN05429,SALE09089,CUST04164,SBI Auto Loans,243000,81843,36,10.35,7881
FIN05430,SALE17822,CUST02551,HDFC Bank,343000,70586,12,10.44,30225
FIN05431,SALE04720,CUST00862,TVS Credit,123000,34548,36,8.63,3890
FIN05432,SALE05047,CUST01373,HDFC Bank,130000,40579,48,11.98,3422
FIN05433,SALE10952,CUST01370,Bajaj Finance,147000,48183,12,10.02,12925
FIN05434,SALE05957,CUST00569,SBI Auto Loans,224000,41378,24,11.01,10441
FIN05435,SALE19862,CUST01007,ICICI Bank,128000,44163,48,9.07,3190
FIN05436,SALE00008,CUST01908,Cholamandalam Finance,119000,45874,24,8.69,5420
FIN05437,SALE11980,CUST02594,TVS Credit,165000,33467,36,9.51,5286
FIN05438,SALE18077,CUST01229,TVS Credit,180000,41699,60,10.65,3882
FIN05439,SALE10310,CUST04183,SBI Auto Loans,168000,66358,36,12.34,5607
FIN05440,SALE17049,CUST03696,ICICI Bank,128000,40119,24,12.37,6048
FIN05441,SALE16399,CUST02986,HDFC Bank,211000,62515,36,10.59,6867
FIN05442,SALE18689,CUST03433,Bajaj Finance,282000,81615,12,12.33,25099
FIN05443,SALE17989,CUST01460,ICICI Bank,115000,44213,12,9.61,10089
FIN05444,SALE00795,CUST01981,Bajaj Finance,143000,27364,36,11.61,4723
FIN05445,SALE18458,CUST02731,ICICI Bank,161000,59182,60,11.77,3563
FIN05446,SALE01845,CUST00290,HDFC Bank,148000,51047,36,10.34,4799
FIN05447,SALE05084,CUST03452,SBI Auto Loans,277000,75078,36,8.64,8762
FIN05448,SALE11722,CUST02940,Hero FinCorp,164000,32706,48,9.17,4094
FIN05449,SALE09275,CUST01794,ICICI Bank,171000,49371,12,10.11,15042
FIN05450,SALE08189,CUST00579,HDFC Bank,141000,29346,36,8.88,4476
FIN05451,SALE01620,CUST00677,HDFC Bank,139000,51843,24,9.75,6398
FIN05452,SALE00962,CUST02479,HDFC Bank,142000,46197,36,11.15,4659
FIN05453,SALE09538,CUST03319,ICICI Bank,162000,56705,48,11.05,4191
FIN05454,SALE19724,CUST04461,SBI Auto Loans,281000,63171,36,9.06,8944
FIN05455,SALE07567,CUST04644,ICICI Bank,167000,49412,36,11.93,5541
FIN05456,SALE11852,CUST01676,ICICI Bank,178000,58697,12,10.2,15666
FIN05457,SALE00785,CUST00224,SBI Auto Loans,165000,33774,24,10.62,7661
FIN05458,SALE17469,CUST02850,ICICI Bank,126000,37670,24,8.5,5727
FIN05459,SALE19851,CUST02075,HDFC Bank,155000,33467,24,10.25,7170
FIN05460,SALE17488,CUST01201,Axis Bank,136000,30250,24,9.69,6256
FIN05461,SALE07075,CUST04913,TVS Credit,176000,43856,36,12.06,5851
FIN05462,SALE12685,CUST02908,TVS Credit,179000,42963,36,10.37,5807
FIN05463,SALE17731,CUST03903,SBI Auto Loans,162000,37402,24,8.67,7376
FIN05464,SALE10255,CUST00287,Axis Bank,138000,57432,24,11.59,6470
FIN05465,SALE19384,CUST02098,ICICI Bank,161000,59607,36,10.95,5267
FIN05466,SALE04169,CUST03856,SBI Auto Loans,181000,38925,36,10.04,5844
FIN05467,SALE09347,CUST01442,SBI Auto Loans,183000,38440,24,9.14,8372
FIN05468,SALE12748,CUST03478,Hero FinCorp,226000,41055,48,9.39,5666
FIN05469,SALE01736,CUST01079,ICICI Bank,199000,35515,36,11.15,6529
FIN05470,SALE11220,CUST01207,ICICI Bank,147000,38030,24,9.65,6760
FIN05471,SALE13652,CUST01702,HDFC Bank,244000,81653,24,11.22,11397
FIN05472,SALE14936,CUST04994,Bajaj Finance,131000,38270,36,10.6,4264
FIN05473,SALE03368,CUST01825,TVS Credit,164000,31969,12,9.44,14376
FIN05474,SALE02121,CUST04494,HDFC Bank,154000,65612,36,8.72,4877
FIN05475,SALE08841,CUST02272,SBI Auto Loans,134000,35875,36,8.58,4235
FIN05476,SALE14576,CUST02620,HDFC Bank,133000,37238,24,9.46,6104
FIN05477,SALE16919,CUST03608,SBI Auto Loans,253000,73915,36,9.25,8075
FIN05478,SALE17828,CUST01464,Axis Bank,144000,28199,24,10.14,6654
FIN05479,SALE19831,CUST04956,HDFC Bank,174000,47777,24,10.3,8053
FIN05480,SALE13857,CUST03227,HDFC Bank,264000,59495,36,10.49,8579
FIN05481,SALE16449,CUST00884,ICICI Bank,144000,27158,12,10.7,12707
FIN05482,SALE14351,CUST01800,ICICI Bank,176000,44494,36,12.29,5870
FIN05483,SALE00113,CUST04507,Hero FinCorp,165000,56926,12,10.45,14541
FIN05484,SALE12298,CUST03518,HDFC Bank,160000,31191,24,8.71,7288
FIN05485,SALE00200,CUST01328,ICICI Bank,183000,52209,24,9.93,8439
FIN05486,SALE13039,CUST00728,ICICI Bank,349000,66425,36,9.16,11124
FIN05487,SALE13127,CUST04042,HDFC Bank,159000,57812,24,11.82,7471
FIN05488,SALE08015,CUST04887,ICICI Bank,158000,39013,48,11.94,4156
FIN05489,SALE06879,CUST04245,Bajaj Finance,204000,69004,24,11.55,9560
FIN05490,SALE14694,CUST02456,SBI Auto Loans,142000,56660,36,11.71,4697
FIN05491,SALE03323,CUST00976,SBI Auto Loans,235000,90588,24,8.93,10728
FIN05492,SALE12946,CUST04310,SBI Auto Loans,179000,56221,48,9.36,4485
FIN05493,SALE02308,CUST03050,TVS Credit,161000,56703,24,8.57,7324
FIN05494,SALE19673,CUST04807,HDFC Bank,158000,59405,12,11.55,14005
FIN05495,SALE00820,CUST03401,ICICI Bank,137000,35162,36,11.06,4489
FIN05496,SALE05468,CUST01897,ICICI Bank,249000,68586,24,11.46,11659
FIN05497,SALE08707,CUST02769,Bajaj Finance,165000,66488,36,8.79,5231
FIN05498,SALE00752,CUST04361,Hero FinCorp,164000,69315,36,10.04,5295
FIN05499,SALE14293,CUST01410,HDFC Bank,232000,99018,48,10.72,5965
FIN05500,SALE02765,CUST02789,SBI Auto Loans,160000,36357,36,12.32,5339
FIN05501,SALE14578,CUST03930,Bajaj Finance,159000,39169,36,10.82,5192
FIN05502,SALE08108,CUST02058,SBI Auto Loans,182000,45556,24,9.34,8343
FIN05503,SALE05921,CUST01305,Bajaj Finance,185000,34882,60,9.32,3869
FIN05504,SALE10814,CUST00735,TVS Credit,308000,103447,24,8.96,14065
FIN05505,SALE18481,CUST03582,ICICI Bank,143000,49891,12,8.55,12476
FIN05506,SALE10097,CUST02557,ICICI Bank,144000,54077,48,9.58,3623
FIN05507,SALE17703,CUST03272,Bajaj Finance,158000,36152,24,10.71,7343
FIN05508,SALE16403,CUST03866,Cholamandalam Finance,196000,37451,36,10.63,6383
FIN05509,SALE13729,CUST00270,ICICI Bank,229000,98310,36,9.62,7348
FIN05510,SALE12765,CUST04935,SBI Auto Loans,177000,38440,48,10.28,4513
FIN05511,SALE16611,CUST04919,HDFC Bank,243000,73927,24,11.67,11401
FIN05512,SALE11700,CUST01083,Cholamandalam Finance,139000,59158,36,12.29,4636
FIN05513,SALE08807,CUST01505,Cholamandalam Finance,135000,35319,12,9.16,11816
FIN05514,SALE04995,CUST01850,SBI Auto Loans,256000,84732,36,8.82,8119
FIN05515,SALE06602,CUST04341,SBI Auto Loans,225000,95723,12,9.22,19700
FIN05516,SALE11380,CUST03167,HDFC Bank,177000,57071,12,10.4,15594
FIN05517,SALE00396,CUST04065,Hero FinCorp,142000,46634,36,10.34,4605
FIN05518,SALE05129,CUST04734,Bajaj Finance,179000,55132,24,8.86,8166
FIN05519,SALE10911,CUST03672,HDFC Bank,154000,59241,12,12.33,13706
FIN05520,SALE19169,CUST02261,SBI Auto Loans,152000,61606,60,10.34,3255
FIN05521,SALE12795,CUST04682,TVS Credit,130000,37564,60,11.0,2827
FIN05522,SALE16037,CUST01297,SBI Auto Loans,175000,61271,12,9.42,15338
FIN05523,SALE08659,CUST03079,ICICI Bank,186000,34868,24,11.29,8694
FIN05524,SALE08478,CUST02449,SBI Auto Loans,165000,45839,36,11.47,5439
FIN05525,SALE12259,CUST03493,TVS Credit,306000,104904,24,10.73,14224
FIN05526,SALE12519,CUST00246,Cholamandalam Finance,129000,41176,36,11.7,4266
FIN05527,SALE15675,CUST03137,ICICI Bank,156000,43433,36,12.04,5184
FIN05528,SALE13933,CUST00708,HDFC Bank,159000,56435,24,11.85,7474
FIN05529,SALE12085,CUST01949,HDFC Bank,177000,41813,36,11.06,5800
FIN05530,SALE04682,CUST04455,ICICI Bank,163000,35828,24,9.43,7479
FIN05531,SALE15089,CUST04179,SBI Auto Loans,300000,60404,60,11.42,6586
FIN05532,SALE04851,CUST02116,SBI Auto Loans,161000,35766,24,9.44,7388
FIN05533,SALE15051,CUST02304,Axis Bank,139000,30825,12,10.5,12253
FIN05534,SALE16269,CUST02867,HDFC Bank,154000,64948,24,8.53,7002
FIN05535,SALE10696,CUST02528,Hero FinCorp,152000,64304,36,10.79,4961
FIN05536,SALE14171,CUST02363,Bajaj Finance,147000,44118,24,11.68,6898
FIN05537,SALE11302,CUST02526,SBI Auto Loans,162000,37099,24,12.38,7655
FIN05538,SALE00492,CUST02808,TVS Credit,162000,28872,36,10.54,5268
FIN05539,SALE07340,CUST01676,SBI Auto Loans,298000,110155,36,10.36,9666
FIN05540,SALE19311,CUST03390,Axis Bank,120000,50277,24,10.19,5548
FIN05541,SALE08636,CUST00259,TVS Credit,158000,39509,36,8.55,4991
FIN05542,SALE03574,CUST00953,SBI Auto Loans,143000,26810,24,10.77,6650
FIN05543,SALE03239,CUST03468,HDFC Bank,161000,35522,60,11.46,3538
FIN05544,SALE13860,CUST04106,HDFC Bank,148000,46341,48,8.81,3670
FIN05545,SALE09524,CUST00412,HDFC Bank,131000,34083,36,11.04,4291
FIN05546,SALE13179,CUST04065,HDFC Bank,138000,31297,24,9.95,6365
FIN05547,SALE04454,CUST00922,SBI Auto Loans,169000,39761,48,8.59,4173
FIN05548,SALE08815,CUST04285,SBI Auto Loans,282000,83568,12,9.33,24704
FIN05549,SALE18875,CUST04231,SBI Auto Loans,201000,35671,36,9.61,6449
FIN05550,SALE03685,CUST02342,HDFC Bank,215000,56048,60,11.72,4752
FIN05551,SALE04023,CUST03296,SBI Auto Loans,185000,32960,48,11.95,4867
FIN05552,SALE14942,CUST04836,Bajaj Finance,127000,44802,36,11.72,4201
FIN05553,SALE11982,CUST04890,HDFC Bank,178000,57742,36,9.14,5672
FIN05554,SALE00592,CUST01268,HDFC Bank,155000,56816,24,11.94,7292
FIN05555,SALE04646,CUST04828,TVS Credit,181000,39383,24,12.09,8528
FIN05556,SALE02861,CUST03372,ICICI Bank,158000,60212,36,9.46,5058
FIN05557,SALE14315,CUST03034,ICICI Bank,153000,61701,12,10.55,13490
FIN05558,SALE07818,CUST02637,Bajaj Finance,178000,49833,24,12.19,8395
FIN05559,SALE12530,CUST03544,SBI Auto Loans,147000,48940,36,10.18,4756
FIN05560,SALE04260,CUST03219,HDFC Bank,150000,46421,36,8.81,4757
FIN05561,SALE11695,CUST01621,HDFC Bank,119000,40237,36,9.11,3790
FIN05562,SALE15214,CUST00439,SBI Auto Loans,138000,28995,36,11.43,4546
FIN05563,SALE12766,CUST01858,HDFC Bank,260000,63046,36,11.63,8590
FIN05564,SALE16398,CUST03749,ICICI Bank,169000,67086,36,8.68,5349
FIN05565,SALE06905,CUST03403,HDFC Bank,194000,42379,48,12.03,5112
FIN05566,SALE16943,CUST00634,Cholamandalam Finance,242000,73413,36,10.58,7875
FIN05567,SALE00382,CUST00711,Cholamandalam Finance,143000,29274,48,11.79,3751
FIN05568,SALE18759,CUST02452,Bajaj Finance,123000,47789,36,11.28,4043
FIN05569,SALE12991,CUST03349,HDFC Bank,267000,88721,48,10.8,6875
FIN05570,SALE12874,CUST04986,Bajaj Finance,162000,34056,24,10.09,7482
FIN05571,SALE19956,CUST04954,Bajaj Finance,132000,39226,36,11.48,4352
FIN05572,SALE07555,CUST02665,HDFC Bank,161000,36421,24,8.9,7348
FIN05573,SALE08142,CUST01840,SBI Auto Loans,170000,50883,36,11.95,5642
FIN05574,SALE12932,CUST00992,Bajaj Finance,170000,59467,48,9.76,4292
FIN05575,SALE10002,CUST04082,Bajaj Finance,164000,33366,36,11.44,5403
FIN05576,SALE13810,CUST04647,Bajaj Finance,248000,69694,36,8.6,7840
FIN05577,SALE07751,CUST01206,HDFC Bank,186000,46946,36,11.19,6106
FIN05578,SALE12958,CUST04013,ICICI Bank,172000,43477,36,8.52,5431
FIN05579,SALE11294,CUST01665,HDFC Bank,293000,112320,24,10.28,13558
FIN05580,SALE19980,CUST03421,SBI Auto Loans,188000,34000,36,9.84,6052
FIN05581,SALE14796,CUST02575,HDFC Bank,182000,51143,24,11.24,8503
FIN05582,SALE14356,CUST03303,Bajaj Finance,187000,49406,24,11.7,8777
FIN05583,SALE11015,CUST00862,SBI Auto Loans,158000,41334,12,10.12,13900
FIN05584,SALE08486,CUST00569,Bajaj Finance,245000,98946,36,9.25,7819
FIN05585,SALE08000,CUST02540,SBI Auto Loans,192000,80765,36,10.21,6214
FIN05586,SALE11121,CUST03438,ICICI Bank,256000,58520,24,9.05,11701
FIN05587,SALE03026,CUST02304,ICICI Bank,237000,88738,24,10.19,10957
FIN05588,SALE01846,CUST00737,HDFC Bank,259000,52803,36,11.31,8517
FIN05589,SALE18109,CUST01820,Axis Bank,252000,72189,36,9.37,8057
FIN05590,SALE00969,CUST04039,Bajaj Finance,164000,35067,24,10.87,7634
FIN05591,SALE07231,CUST03175,HDFC Bank,172000,58183,12,12.16,15295
FIN05592,SALE05321,CUST02822,HDFC Bank,200000,68794,12,10.62,17641
FIN05593,SALE03458,CUST02425,Bajaj Finance,243000,83921,24,10.53,11273
FIN05594,SALE08111,CUST00113,TVS Credit,173000,62850,36,10.6,5631
FIN05595,SALE00521,CUST03353,Bajaj Finance,185000,36471,36,10.7,6030
FIN05596,SALE19082,CUST03880,ICICI Bank,257000,68447,36,9.0,8173
FIN05597,SALE16075,CUST01843,HDFC Bank,149000,40947,36,9.27,4757
FIN05598,SALE04695,CUST04902,Bajaj Finance,188000,33944,24,10.03,8678
FIN05599,SALE10317,CUST01633,HDFC Bank,196000,77148,36,9.39,6268
FIN05600,SALE05556,CUST00788,HDFC Bank,165000,39831,48,9.02,4108
FIN05601,SALE19853,CUST02766,SBI Auto Loans,142000,27620,24,8.69,6467
FIN05602,SALE19482,CUST00605,TVS Credit,152000,42873,36,8.76,4817
FIN05603,SALE08718,CUST01149,ICICI Bank,175000,45482,36,9.95,5643
FIN05604,SALE14998,CUST00206,TVS Credit,135000,36382,36,9.64,4333
FIN05605,SALE10388,CUST04149,ICICI Bank,142000,55787,24,8.77,6472
FIN05606,SALE05608,CUST00417,SBI Auto Loans,119000,50818,24,11.63,5581
FIN05607,SALE19028,CUST04771,TVS Credit,135000,55633,36,9.52,4326
FIN05608,SALE01196,CUST02991,Axis Bank,188000,43105,36,10.38,6100
FIN05609,SALE18348,CUST02245,SBI Auto Loans,139000,57237,12,9.12,12163
FIN05610,SALE01699,CUST04802,Bajaj Finance,156000,41921,36,11.78,5165
FIN05611,SALE08986,CUST02329,Axis Bank,263000,71027,36,8.71,8328
FIN05612,SALE00111,CUST04796,HDFC Bank,309000,100057,36,10.86,10096
FIN05613,SALE14518,CUST04769,Bajaj Finance,140000,57065,36,9.04,4455
FIN05614,SALE05397,CUST01985,Axis Bank,230000,43625,36,11.75,7612
FIN05615,SALE06108,CUST02483,HDFC Bank,143000,27145,24,9.1,6539
FIN05616,SALE08398,CUST01676,TVS Credit,167000,31555,48,11.34,4344
FIN05617,SALE13583,CUST04040,ICICI Bank,153000,43839,24,9.52,7026
FIN05618,SALE06318,CUST01326,Bajaj Finance,143000,48516,36,9.02,4549
FIN05619,SALE02633,CUST01030,Hero FinCorp,166000,31556,12,8.78,14500
FIN05620,SALE11915,CUST00928,ICICI Bank,181000,40262,36,8.5,5714
FIN05621,SALE08372,CUST02410,ICICI Bank,231000,92549,48,11.21,5994
FIN05622,SALE12768,CUST00849,HDFC Bank,165000,66314,36,12.16,5493
FIN05623,SALE10684,CUST02093,ICICI Bank,173000,49292,48,10.35,4417
FIN05624,SALE19077,CUST01411,Bajaj Finance,267000,94805,24,12.16,12589
FIN05625,SALE00929,CUST03567,SBI Auto Loans,189000,39766,36,11.61,6242
FIN05626,SALE10138,CUST02368,ICICI Bank,267000,56994,36,9.92,8605
FIN05627,SALE00217,CUST03168,Bajaj Finance,183000,52950,24,10.01,8445
FIN05628,SALE09077,CUST04803,TVS Credit,269000,89674,48,10.29,6860
FIN05629,SALE18239,CUST02925,SBI Auto Loans,145000,25850,24,10.47,6723
FIN05630,SALE01235,CUST04115,SBI Auto Loans,136000,31156,24,11.95,6399
FIN05631,SALE15422,CUST01270,ICICI Bank,178000,43863,36,9.34,5689
FIN05632,SALE13304,CUST01670,Bajaj Finance,199000,35443,36,10.26,6445
FIN05633,SALE07399,CUST00022,ICICI Bank,143000,28277,24,12.41,6759
FIN05634,SALE15932,CUST02520,Axis Bank,214000,58125,48,11.52,5585
FIN05635,SALE09125,CUST00629,SBI Auto Loans,198000,38434,48,10.1,5031
FIN05636,SALE16223,CUST03797,ICICI Bank,120000,50381,36,8.53,3790
FIN05637,SALE12215,CUST00462,HDFC Bank,128000,40045,48,9.24,3200
FIN05638,SALE06039,CUST00118,SBI Auto Loans,244000,99606,12,11.85,21662
FIN05639,SALE07908,CUST01491,Axis Bank,181000,49697,48,9.54,4551
FIN05640,SALE16483,CUST00053,ICICI Bank,205000,65581,48,10.31,5230
FIN05641,SALE08025,CUST00900,SBI Auto Loans,199000,68127,36,11.5,6562
FIN05642,SALE01412,CUST03906,HDFC Bank,145000,49633,24,8.55,6594
FIN05643,SALE07575,CUST04303,ICICI Bank,121000,50540,24,8.8,5517
FIN05644,SALE09225,CUST03974,SBI Auto Loans,256000,71421,36,9.33,8180
FIN05645,SALE10848,CUST04523,ICICI Bank,134000,29520,36,9.45,4289
FIN05646,SALE00956,CUST02181,Hero FinCorp,166000,52978,24,10.9,7729
FIN05647,SALE02318,CUST01115,Cholamandalam Finance,272000,71040,36,9.16,8670
FIN05648,SALE08307,CUST03675,HDFC Bank,150000,63938,36,10.18,4853
FIN05649,SALE07343,CUST02452,HDFC Bank,137000,33731,24,11.62,6425
FIN05650,SALE02610,CUST01704,SBI Auto Loans,305000,55439,36,11.77,10097
FIN05651,SALE12992,CUST00358,SBI Auto Loans,157000,40050,36,12.14,5225
FIN05652,SALE08983,CUST02481,SBI Auto Loans,238000,88833,48,11.03,6155
FIN05653,SALE17263,CUST02026,ICICI Bank,139000,58652,24,11.69,6523
FIN05654,SALE13386,CUST01692,HDFC Bank,298000,67752,36,12.27,9936
FIN05655,SALE00766,CUST02524,HDFC Bank,162000,31731,48,10.83,4174
FIN05656,SALE00553,CUST00519,Hero FinCorp,170000,65300,36,12.26,5668
FIN05657,SALE12879,CUST04736,Bajaj Finance,234000,88830,24,11.89,11003
FIN05658,SALE17719,CUST04298,HDFC Bank,161000,54979,12,12.17,14317
FIN05659,SALE18322,CUST03572,Bajaj Finance,166000,67101,36,11.21,5451
FIN05660,SALE19788,CUST04195,Bajaj Finance,156000,41423,12,10.69,13765
FIN05661,SALE15518,CUST03574,HDFC Bank,162000,46726,48,10.27,4130
FIN05662,SALE14279,CUST02606,ICICI Bank,133000,38655,36,9.73,4275
FIN05663,SALE02233,CUST04691,SBI Auto Loans,189000,79352,36,8.8,5993
FIN05664,SALE14002,CUST04639,SBI Auto Loans,123000,44443,24,9.5,5647
FIN05665,SALE03336,CUST03183,SBI Auto Loans,164000,54826,48,9.84,4147
FIN05666,SALE16303,CUST02666,ICICI Bank,134000,37880,48,12.27,3547
FIN05667,SALE01410,CUST00830,Bajaj Finance,155000,66214,36,12.26,5167
FIN05668,SALE03079,CUST04232,Hero FinCorp,152000,43941,36,9.19,4847
FIN05669,SALE05589,CUST03888,HDFC Bank,123000,48878,48,12.38,3262
FIN05670,SALE09088,CUST01398,Bajaj Finance,179000,38611,36,9.35,5721
FIN05671,SALE12826,CUST03968,Hero FinCorp,157000,61373,24,10.79,7302
FIN05672,SALE18436,CUST02531,ICICI Bank,178000,58478,60,11.96,3956
FIN05673,SALE16500,CUST00343,HDFC Bank,118000,45456,24,11.05,5502
FIN05674,SALE00475,CUST02265,TVS Credit,178000,38626,48,12.49,4730
FIN05675,SALE08570,CUST04734,TVS Credit,122000,47433,36,8.52,3852
FIN05676,SALE13829,CUST04476,SBI Auto Loans,176000,39850,12,9.83,15459
FIN05677,SALE14316,CUST00374,SBI Auto Loans,121000,49955,36,12.16,4028
FIN05678,SALE07660,CUST04519,Bajaj Finance,150000,49263,36,9.93,4835
FIN05679,SALE13713,CUST01982,SBI Auto Loans,147000,45295,36,11.38,4839
FIN05680,SALE11322,CUST02656,SBI Auto Loans,161000,33843,36,11.83,5334
FIN05681,SALE17114,CUST03336,Bajaj Finance,145000,54226,36,8.71,4591
FIN05682,SALE05324,CUST04681,ICICI Bank,173000,46005,36,9.64,5553
FIN05683,SALE05163,CUST02978,TVS Credit,167000,52556,24,12.23,7879
FIN05684,SALE06421,CUST04331,TVS Credit,175000,38242,12,10.05,15389
FIN05685,SALE15335,CUST04000,Bajaj Finance,166000,32941,24,9.67,7635
FIN05686,SALE15299,CUST04925,Hero FinCorp,170000,61935,36,11.41,5599
FIN05687,SALE18034,CUST04813,TVS Credit,164000,53140,48,11.0,4239
FIN05688,SALE02371,CUST04760,HDFC Bank,134000,37041,12,9.43,11745
FIN05689,SALE02832,CUST02874,TVS Credit,148000,50370,36,9.45,4737
FIN05690,SALE14498,CUST01932,TVS Credit,175000,60502,36,10.17,5661
FIN05691,SALE03783,CUST02012,Axis Bank,177000,42493,60,11.78,3918
FIN05692,SALE09954,CUST02520,Axis Bank,185000,35687,36,8.6,5849
FIN05693,SALE14872,CUST03767,Cholamandalam Finance,247000,70563,36,12.09,8215
FIN05694,SALE04846,CUST04587,TVS Credit,234000,88198,60,10.02,4974
FIN05695,SALE03371,CUST00075,HDFC Bank,156000,60659,36,9.83,5021
FIN05696,SALE01925,CUST04567,SBI Auto Loans,198000,37679,48,12.48,5261
FIN05697,SALE12468,CUST00902,Bajaj Finance,169000,50806,36,9.45,5410
FIN05698,SALE08045,CUST03923,HDFC Bank,238000,85356,24,12.1,11215
FIN05699,SALE15809,CUST01200,ICICI Bank,163000,36505,36,9.29,5205
FIN05700,SALE11646,CUST01544,Axis Bank,139000,32491,48,8.78,3445
FIN05701,SALE06636,CUST03968,ICICI Bank,166000,31263,36,10.38,5386
FIN05702,SALE05896,CUST02501,ICICI Bank,140000,58849,36,11.76,4634
FIN05703,SALE19414,CUST03931,ICICI Bank,172000,48715,24,12.21,8114
FIN05704,SALE18262,CUST02963,ICICI Bank,186000,41794,36,11.0,6089
FIN05705,SALE14401,CUST02154,ICICI Bank,171000,64546,36,9.22,5455
FIN05706,SALE11491,CUST01166,SBI Auto Loans,153000,43453,36,8.67,4842
FIN05707,SALE01546,CUST01287,HDFC Bank,164000,52696,60,10.04,3488
FIN05708,SALE14139,CUST01952,SBI Auto Loans,266000,56697,24,9.02,12155
FIN05709,SALE08092,CUST03497,SBI Auto Loans,181000,38069,36,9.97,5838
FIN05710,SALE05112,CUST04769,Axis Bank,196000,72566,36,11.68,6480
FIN05711,SALE06833,CUST00747,ICICI Bank,214000,56426,36,9.99,6904
FIN05712,SALE18297,CUST03550,Bajaj Finance,245000,75244,48,10.86,6316
FIN05713,SALE09039,CUST01671,SBI Auto Loans,157000,54081,24,9.69,7222
FIN05714,SALE01058,CUST02635,SBI Auto Loans,337000,80859,36,10.7,10985
FIN05715,SALE02917,CUST00911,HDFC Bank,299000,55572,48,8.8,7412
FIN05716,SALE01236,CUST00713,SBI Auto Loans,167000,64541,24,10.43,7739
FIN05717,SALE17507,CUST04072,SBI Auto Loans,124000,39669,36,8.99,3943
FIN05718,SALE11467,CUST01610,SBI Auto Loans,180000,43972,60,10.49,3868
FIN05719,SALE01021,CUST01033,Hero FinCorp,183000,34386,36,9.81,5889
FIN05720,SALE17758,CUST01559,Cholamandalam Finance,156000,66232,12,8.8,13628
FIN05721,SALE01690,CUST01282,HDFC Bank,248000,69527,24,8.61,11285
FIN05722,SALE03149,CUST01343,TVS Credit,178000,53436,36,11.53,5872
FIN05723,SALE17278,CUST02339,HDFC Bank,191000,44538,24,11.19,8919
FIN05724,SALE13774,CUST01357,SBI Auto Loans,195000,40478,36,9.71,6266
FIN05725,SALE07065,CUST01317,ICICI Bank,164000,49001,36,11.81,5432
FIN05726,SALE08180,CUST01872,Bajaj Finance,232000,94498,24,8.54,10550
FIN05727,SALE12754,CUST02794,ICICI Bank,158000,39444,48,8.93,3927
FIN05728,SALE15306,CUST01010,HDFC Bank,245000,80523,48,9.86,6197
FIN05729,SALE07825,CUST03942,Bajaj Finance,176000,55973,36,9.92,5672
FIN05730,SALE05238,CUST00248,HDFC Bank,165000,69108,36,9.71,5302
FIN05731,SALE03470,CUST04054,ICICI Bank,133000,38721,48,11.41,3464
FIN05732,SALE13952,CUST01182,TVS Credit,182000,36490,36,8.61,5755
FIN05733,SALE16830,CUST00794,Axis Bank,179000,49520,36,9.54,5737
FIN05734,SALE12203,CUST03554,Bajaj Finance,178000,42850,36,9.88,5734
FIN05735,SALE07512,CUST04511,SBI Auto Loans,193000,41874,36,9.73,6203
FIN05736,SALE08795,CUST00551,Bajaj Finance,145000,26396,48,12.14,3828
FIN05737,SALE19352,CUST02729,Hero FinCorp,160000,33923,12,9.72,14046
FIN05738,SALE15343,CUST04235,Hero FinCorp,158000,55589,36,10.94,5168
FIN05739,SALE15713,CUST02342,HDFC Bank,118000,39390,36,12.41,3942
FIN05740,SALE18451,CUST04024,Bajaj Finance,123000,43988,24,10.12,5683
FIN05741,SALE19351,CUST00367,ICICI Bank,163000,58664,60,8.94,3379
FIN05742,SALE06436,CUST02240,HDFC Bank,158000,62191,12,11.93,14033
FIN05743,SALE16704,CUST02612,HDFC Bank,169000,67104,24,10.05,7802
FIN05744,SALE01800,CUST03647,HDFC Bank,256000,83199,24,10.82,11910
FIN05745,SALE06624,CUST04241,TVS Credit,134000,36394,24,9.43,6148
FIN05746,SALE10747,CUST03624,TVS Credit,304000,103989,48,8.76,7530
FIN05747,SALE09744,CUST00290,HDFC Bank,282000,56115,24,11.32,13185
FIN05748,SALE11732,CUST00335,SBI Auto Loans,134000,30560,24,10.78,6232
FIN05749,SALE09266,CUST01957,Cholamandalam Finance,148000,41435,24,9.85,6819
FIN05750,SALE12944,CUST01859,HDFC Bank,180000,51345,48,12.22,4760
FIN05751,SALE09634,CUST04266,Axis Bank,176000,42723,48,9.97,4461
FIN05752,SALE16917,CUST01618,Bajaj Finance,163000,59561,12,8.69,14231
FIN05753,SALE07079,CUST01563,HDFC Bank,128000,41883,36,10.45,4157
FIN05754,SALE01246,CUST04000,SBI Auto Loans,183000,51124,24,12.29,8639
FIN05755,SALE15952,CUST01233,Bajaj Finance,127000,43016,36,12.39,4242
FIN05756,SALE05505,CUST03463,Bajaj Finance,251000,94622,36,10.0,8099
FIN05757,SALE02513,CUST00381,HDFC Bank,176000,46955,12,9.86,15462
FIN05758,SALE08522,CUST00119,HDFC Bank,176000,40598,36,10.97,5760
FIN05759,SALE06824,CUST04422,HDFC Bank,180000,33580,36,11.35,5923
FIN05760,SALE16554,CUST03922,HDFC Bank,146000,26354,48,9.06,3637
FIN05761,SALE12260,CUST00331,Bajaj Finance,162000,56994,60,10.62,3492
FIN05762,SALE03348,CUST00912,Axis Bank,166000,31971,12,8.83,14504
FIN05763,SALE00234,CUST01018,Cholamandalam Finance,142000,56516,24,10.4,6579
FIN05764,SALE15935,CUST04624,Hero FinCorp,170000,62335,60,9.73,3589
FIN05765,SALE07087,CUST00422,HDFC Bank,130000,40801,36,11.8,4305
FIN05766,SALE14435,CUST03772,ICICI Bank,160000,54540,36,10.4,5193
FIN05767,SALE14804,CUST03819,SBI Auto Loans,239000,81815,48,11.29,6211
FIN05768,SALE16992,CUST03040,ICICI Bank,164000,32363,48,12.34,4346
FIN05769,SALE04805,CUST00555,Bajaj Finance,185000,38536,48,11.16,4796
FIN05770,SALE04533,CUST02410,HDFC Bank,121000,50524,36,10.52,3934
FIN05771,SALE13722,CUST00751,ICICI Bank,147000,43633,36,11.41,4841
FIN05772,SALE05127,CUST04351,Bajaj Finance,191000,44042,60,8.98,3963
FIN05773,SALE04304,CUST04500,ICICI Bank,190000,46745,24,10.07,8774
FIN05774,SALE17188,CUST03465,Bajaj Finance,136000,28399,48,12.03,3583
FIN05775,SALE19590,CUST01059,HDFC Bank,141000,26372,36,8.95,4480
FIN05776,SALE16175,CUST00381,HDFC Bank,147000,60420,24,11.99,6919
FIN05777,SALE01374,CUST02193,HDFC Bank,332000,83220,36,12.29,11073
FIN05778,SALE07361,CUST01474,Axis Bank,149000,47335,36,11.17,4890
FIN05779,SALE07139,CUST01392,SBI Auto Loans,209000,61248,48,11.07,5409
FIN05780,SALE13996,CUST00594,SBI Auto Loans,163000,28684,36,9.94,5255
FIN05781,SALE16747,CUST03392,HDFC Bank,143000,54041,24,9.16,6543
FIN05782,SALE08170,CUST03226,Bajaj Finance,188000,46495,36,12.11,6254
FIN05783,SALE04191,CUST04437,SBI Auto Loans,156000,63967,36,9.33,4985
FIN05784,SALE06056,CUST04298,ICICI Bank,176000,58063,24,10.16,8135
FIN05785,SALE09551,CUST04990,SBI Auto Loans,152000,44784,24,8.64,6919
FIN05786,SALE18434,CUST02977,ICICI Bank,173000,60104,24,11.87,8133
FIN05787,SALE16116,CUST04642,HDFC Bank,241000,83226,24,11.82,11324
FIN05788,SALE09454,CUST04982,Bajaj Finance,178000,57695,36,9.19,5676
FIN05789,SALE00439,CUST00556,ICICI Bank,244000,80547,12,9.75,21423
FIN05790,SALE00330,CUST04269,Bajaj Finance,149000,47986,36,9.6,4780
FIN05791,SALE07623,CUST00820,TVS Credit,232000,93790,36,8.97,7374
FIN05792,SALE07054,CUST04556,HDFC Bank,186000,34219,24,8.72,8473
FIN05793,SALE16411,CUST01630,ICICI Bank,122000,36369,36,12.48,4080
FIN05794,SALE14702,CUST02135,HDFC Bank,135000,36744,24,11.05,6295
FIN05795,SALE10334,CUST01991,HDFC Bank,229000,94358,24,8.59,10419
FIN05796,SALE12993,CUST02970,Axis Bank,159000,53678,24,9.61,7308
FIN05797,SALE12511,CUST01093,ICICI Bank,182000,54473,36,12.27,6069
FIN05798,SALE02302,CUST04770,HDFC Bank,128000,41872,36,12.41,4277
FIN05799,SALE14528,CUST01648,ICICI Bank,191000,41915,12,9.3,16730
FIN05800,SALE16132,CUST02903,Bajaj Finance,120000,47166,60,10.06,2553
FIN05801,SALE04706,CUST03273,TVS Credit,172000,49880,12,12.44,15317
FIN05802,SALE13274,CUST01257,HDFC Bank,150000,45693,36,9.97,4838
FIN05803,SALE17707,CUST03450,HDFC Bank,162000,52174,36,11.97,5378
FIN05804,SALE12318,CUST01707,Bajaj Finance,164000,68910,48,10.74,4218
FIN05805,SALE14067,CUST02961,ICICI Bank,251000,72584,36,10.16,8118
FIN05806,SALE12498,CUST03700,Bajaj Finance,279000,63086,60,10.4,5983
FIN05807,SALE12387,CUST02361,HDFC Bank,136000,29102,36,11.26,4469
FIN05808,SALE06582,CUST00889,SBI Auto Loans,195000,39511,36,9.22,6221
FIN05809,SALE02313,CUST01580,Cholamandalam Finance,287000,59402,24,11.5,13443
FIN05810,SALE01023,CUST04140,Bajaj Finance,184000,51320,24,9.27,8429
FIN05811,SALE17738,CUST03729,HDFC Bank,241000,78446,24,10.63,11191
FIN05812,SALE19401,CUST02680,Bajaj Finance,142000,48180,24,10.19,6565
FIN05813,SALE08062,CUST01545,TVS Credit,157000,60592,24,12.22,7407
FIN05814,SALE13680,CUST00397,HDFC Bank,130000,37448,48,9.2,3247
FIN05815,SALE14103,CUST02561,SBI Auto Loans,132000,34857,36,11.94,4381
FIN05816,SALE19622,CUST03782,Axis Bank,181000,51842,48,9.9,4582
FIN05817,SALE17944,CUST03922,ICICI Bank,177000,42154,36,9.83,5697
FIN05818,SALE05715,CUST00046,HDFC Bank,128000,41418,24,10.42,5931
FIN05819,SALE04325,CUST03652,HDFC Bank,174000,36939,36,9.14,5544
FIN05820,SALE01256,CUST03514,ICICI Bank,259000,64652,24,9.5,11892
FIN05821,SALE12541,CUST04197,Axis Bank,293000,55007,60,12.09,6531
FIN05822,SALE08162,CUST01918,TVS Credit,185000,51118,36,9.24,5904
FIN05823,SALE06357,CUST00922,ICICI Bank,165000,65772,36,9.85,5312
FIN05824,SALE09370,CUST01118,HDFC Bank,160000,57996,24,9.99,7382
FIN05825,SALE15914,CUST04944,Bajaj Finance,174000,53964,36,10.62,5665
FIN05826,SALE07171,CUST01037,ICICI Bank,171000,65781,36,11.52,5641
FIN05827,SALE10812,CUST02133,HDFC Bank,154000,43478,36,12.08,5121
FIN05828,SALE09615,CUST01652,SBI Auto Loans,134000,35524,36,10.77,4372
FIN05829,SALE04211,CUST00437,ICICI Bank,140000,57339,36,11.12,4591
FIN05830,SALE06083,CUST01338,Axis Bank,146000,34266,36,11.2,4794
FIN05831,SALE08041,CUST00165,Bajaj Finance,244000,74315,36,11.68,8067
FIN05832,SALE18672,CUST04013,HDFC Bank,126000,36155,48,8.61,3112
FIN05833,SALE16334,CUST00538,TVS Credit,142000,54391,36,11.92,4711
FIN05834,SALE11899,CUST04653,TVS Credit,133000,39137,36,11.89,4411
FIN05835,SALE13171,CUST01628,Bajaj Finance,149000,48053,24,9.88,6867
FIN05836,SALE14599,CUST04707,Cholamandalam Finance,174000,44845,36,11.28,5720
FIN05837,SALE19833,CUST02559,HDFC Bank,198000,72406,24,11.41,9266
FIN05838,SALE03649,CUST03564,ICICI Bank,154000,33269,48,12.47,4091
FIN05839,SALE04189,CUST01373,HDFC Bank,289000,56011,48,8.52,7126
FIN05840,SALE06424,CUST03494,TVS Credit,139000,57166,48,8.77,3444
FIN05841,SALE02180,CUST01010,ICICI Bank,173000,44052,24,9.96,7980
FIN05842,SALE17302,CUST04361,SBI Auto Loans,213000,60122,12,11.0,18825
FIN05843,SALE17204,CUST00976,HDFC Bank,210000,52385,36,9.3,6707
FIN05844,SALE12736,CUST03115,SBI Auto Loans,179000,42858,24,12.39,8459
FIN05845,SALE09214,CUST03747,TVS Credit,175000,53493,12,9.28,15327
FIN05846,SALE19245,CUST01413,TVS Credit,150000,48828,36,12.35,5007
FIN05847,SALE15815,CUST01526,HDFC Bank,173000,45876,48,8.88,4295
FIN05848,SALE04901,CUST04920,SBI Auto Loans,182000,38871,36,10.77,5939
FIN05849,SALE12896,CUST00789,SBI Auto Loans,199000,73027,12,10.12,17506
FIN05850,SALE03033,CUST01335,SBI Auto Loans,122000,41126,24,10.52,5659
FIN05851,SALE04337,CUST00662,TVS Credit,158000,39429,36,10.1,5106
FIN05852,SALE03954,CUST02385,HDFC Bank,168000,63597,60,9.47,3526
FIN05853,SALE08885,CUST02787,SBI Auto Loans,126000,45927,60,11.27,2757
FIN05854,SALE13638,CUST01952,ICICI Bank,128000,39444,36,11.7,4233
FIN05855,SALE06829,CUST00432,HDFC Bank,184000,50260,24,12.47,8702
FIN05856,SALE14755,CUST02741,TVS Credit,158000,33629,48,11.27,4104
FIN05857,SALE06536,CUST03126,SBI Auto Loans,168000,45845,24,8.66,7649
FIN05858,SALE15276,CUST00592,Bajaj Finance,179000,36730,36,9.53,5736
FIN05859,SALE04781,CUST03562,ICICI Bank,137000,30793,36,10.55,4456
FIN05860,SALE14226,CUST02307,ICICI Bank,242000,81843,36,10.56,7872
FIN05861,SALE14571,CUST00835,Bajaj Finance,261000,60821,36,11.49,8605
FIN05862,SALE16793,CUST03284,SBI Auto Loans,154000,43571,36,10.31,4992
FIN05863,SALE11546,CUST03293,Axis Bank,247000,84503,36,11.42,8136
FIN05864,SALE02526,CUST04383,ICICI Bank,136000,50167,12,9.12,11901
FIN05865,SALE09513,CUST01632,HDFC Bank,282000,61942,12,10.6,24871
FIN05866,SALE11212,CUST03637,Bajaj Finance,271000,88747,36,10.12,8760
FIN05867,SALE00774,CUST02952,ICICI Bank,174000,59598,24,8.92,7943
FIN05868,SALE01676,CUST04157,Bajaj Finance,317000,87987,36,9.37,10135
FIN05869,SALE11953,CUST04191,SBI Auto Loans,153000,44527,36,8.86,4855
FIN05870,SALE06398,CUST00768,HDFC Bank,113000,44667,48,8.74,2798
FIN05871,SALE10166,CUST04220,Axis Bank,181000,39422,36,8.71,5731
FIN05872,SALE02705,CUST01451,ICICI Bank,175000,44907,48,10.21,4456
FIN05873,SALE13062,CUST00418,HDFC Bank,252000,84770,36,8.53,7959
FIN05874,SALE12930,CUST03651,HDFC Bank,143000,28155,24,10.55,6635
FIN05875,SALE18219,CUST00065,SBI Auto Loans,303000,58832,36,9.68,9731
FIN05876,SALE04056,CUST00779,SBI Auto Loans,143000,47935,36,9.0,4547
FIN05877,SALE10630,CUST01008,Bajaj Finance,165000,66129,36,12.35,5508
FIN05878,SALE08830,CUST02520,Axis Bank,167000,46514,36,10.13,5399
FIN05879,SALE16551,CUST00357,SBI Auto Loans,170000,65139,36,11.25,5586
FIN05880,SALE06522,CUST03017,SBI Auto Loans,127000,41944,36,11.77,4204
FIN05881,SALE12524,CUST02750,Axis Bank,131000,40513,24,9.32,6004
FIN05882,SALE09471,CUST01699,ICICI Bank,156000,40187,24,8.67,7103
FIN05883,SALE10981,CUST02873,TVS Credit,156000,41951,12,11.12,13796
FIN05884,SALE16802,CUST02115,Bajaj Finance,273000,54353,36,10.1,8822
FIN05885,SALE15083,CUST03705,Axis Bank,164000,55581,36,11.2,5385
FIN05886,SALE16262,CUST03320,TVS Credit,254000,93233,24,10.06,11728
FIN05887,SALE06978,CUST04002,Cholamandalam Finance,194000,39190,36,10.39,6295
FIN05888,SALE01127,CUST03152,Axis Bank,129000,43222,36,10.95,4220
FIN05889,SALE18152,CUST04016,HDFC Bank,125000,32990,36,8.7,3958
FIN05890,SALE11681,CUST04350,Bajaj Finance,284000,61589,60,10.81,6148
FIN05891,SALE00597,CUST00747,SBI Auto Loans,140000,30051,36,9.78,4503
FIN05892,SALE01217,CUST02575,SBI Auto Loans,121000,46650,24,11.96,5694
FIN05893,SALE14906,CUST02686,ICICI Bank,198000,38101,12,12.01,17593
FIN05894,SALE13283,CUST04252,TVS Credit,153000,65827,48,9.85,3869
FIN05895,SALE19403,CUST04991,Axis Bank,152000,47022,48,11.62,3974
FIN05896,SALE15835,CUST00745,ICICI Bank,165000,29320,24,9.72,7593
FIN05897,SALE11823,CUST00934,HDFC Bank,185000,33400,24,8.6,8418
FIN05898,SALE17512,CUST00325,ICICI Bank,175000,44996,24,9.85,8063
FIN05899,SALE19652,CUST00067,ICICI Bank,173000,62280,12,10.37,15239
FIN05900,SALE15742,CUST03845,ICICI Bank,234000,90290,24,11.5,10961
FIN05901,SALE19343,CUST00985,Axis Bank,227000,43606,36,10.19,7345
FIN05902,SALE17972,CUST04927,HDFC Bank,162000,56379,36,9.57,5195
FIN05903,SALE17663,CUST03941,ICICI Bank,152000,43972,36,9.2,4848
FIN05904,SALE02685,CUST03049,SBI Auto Loans,290000,54647,24,11.79,13623
FIN05905,SALE15288,CUST00471,SBI Auto Loans,179000,39685,24,9.53,8221
FIN05906,SALE11019,CUST00938,ICICI Bank,229000,44842,24,9.67,10532
FIN05907,SALE13998,CUST00572,TVS Credit,150000,47924,24,8.55,6822
FIN05908,SALE13480,CUST03754,TVS Credit,127000,40479,48,10.78,3269
FIN05909,SALE17253,CUST03491,Axis Bank,168000,53421,36,11.27,5522
FIN05910,SALE09274,CUST01011,SBI Auto Loans,289000,123140,24,12.4,13658
FIN05911,SALE10823,CUST01014,Bajaj Finance,191000,44452,36,8.83,6059
FIN05912,SALE12695,CUST00016,Hero FinCorp,241000,80312,60,8.88,4989
FIN05913,SALE17592,CUST04134,Cholamandalam Finance,132000,37656,36,11.44,4349
FIN05914,SALE04245,CUST04128,SBI Auto Loans,197000,42401,24,11.17,9197
FIN05915,SALE13095,CUST01448,Bajaj Finance,155000,42688,48,11.54,4047
FIN05916,SALE15857,CUST03497,Axis Bank,182000,34168,24,10.68,8456
FIN05917,SALE17297,CUST01271,ICICI Bank,215000,51136,36,9.9,6927
FIN05918,SALE00239,CUST04470,HDFC Bank,121000,45440,24,9.31,5545
FIN05919,SALE14004,CUST04934,TVS Credit,294000,114758,24,11.81,13814
FIN05920,SALE12586,CUST02155,ICICI Bank,141000,56319,36,11.07,4621
FIN05921,SALE16063,CUST04755,TVS Credit,122000,37099,36,9.51,3909
FIN05922,SALE05464,CUST03155,HDFC Bank,166000,53528,36,9.78,5339
FIN05923,SALE12746,CUST04371,SBI Auto Loans,144000,54173,24,8.72,6560
FIN05924,SALE13945,CUST03469,ICICI Bank,158000,39241,48,9.21,3948
FIN05925,SALE15955,CUST03675,Bajaj Finance,189000,39110,48,9.31,4731
FIN05926,SALE12479,CUST04557,Cholamandalam Finance,188000,35665,48,10.98,4857
FIN05927,SALE17786,CUST00863,Cholamandalam Finance,168000,29601,24,10.93,7825
FIN05928,SALE05918,CUST04720,Hero FinCorp,149000,47739,36,11.73,4930
FIN05929,SALE03926,CUST00610,Axis Bank,177000,50615,24,10.41,8201
FIN05930,SALE14725,CUST03993,ICICI Bank,157000,29164,36,9.35,5018
FIN05931,SALE15902,CUST02967,SBI Auto Loans,171000,47633,24,10.58,7937
FIN05932,SALE12562,CUST02274,HDFC Bank,168000,30328,24,10.88,7821
FIN05933,SALE00378,CUST00067,Bajaj Finance,166000,46936,24,11.65,7787
FIN05934,SALE19850,CUST01744,HDFC Bank,163000,35825,36,10.8,5321
FIN05935,SALE12657,CUST02722,SBI Auto Loans,193000,79510,36,8.62,6103
FIN05936,SALE07914,CUST01966,Bajaj Finance,154000,64651,36,10.15,4980
FIN05937,SALE01980,CUST02631,Bajaj Finance,129000,42553,36,12.27,4301
FIN05938,SALE17862,CUST00179,ICICI Bank,281000,85295,12,10.9,24822
FIN05939,SALE05132,CUST02847,Bajaj Finance,144000,27971,24,10.9,6705
FIN05940,SALE02260,CUST01347,HDFC Bank,181000,53862,36,8.98,5754
FIN05941,SALE07144,CUST02655,SBI Auto Loans,162000,35145,36,10.99,5303
FIN05942,SALE01175,CUST03611,Bajaj Finance,174000,60435,60,10.98,3781
FIN05943,SALE04224,CUST00751,HDFC Bank,199000,37266,24,9.71,9156
FIN05944,SALE15321,CUST03345,Bajaj Finance,255000,107229,48,11.74,6683
FIN05945,SALE19265,CUST01076,HDFC Bank,167000,65847,36,11.26,5488
FIN05946,SALE12261,CUST02654,TVS Credit,157000,39393,24,9.45,7205
FIN05947,SALE04341,CUST04324,Bajaj Finance,151000,45641,24,11.4,7066
FIN05948,SALE07276,CUST01906,HDFC Bank,144000,40626,24,12.3,6799
FIN05949,SALE03117,CUST00521,HDFC Bank,158000,37231,36,10.52,5137
FIN05950,SALE19992,CUST04483,Bajaj Finance,187000,48939,36,8.55,5907
FIN05951,SALE06480,CUST00959,Hero FinCorp,276000,86025,12,10.93,24384
FIN05952,SALE12815,CUST02724,Cholamandalam Finance,126000,39819,36,9.9,4060
FIN05953,SALE08280,CUST02273,Bajaj Finance,132000,34068,36,9.07,4202
FIN05954,SALE08240,CUST03615,ICICI Bank,160000,37509,36,11.64,5287
FIN05955,SALE15122,CUST04420,Axis Bank,175000,55022,36,8.57,5530
FIN05956,SALE12682,CUST01785,Bajaj Finance,142000,54987,36,9.12,4523
FIN05957,SALE13393,CUST01150,ICICI Bank,217000,55976,24,11.25,10139
FIN05958,SALE01533,CUST01241,HDFC Bank,143000,28290,24,11.44,6694
FIN05959,SALE06524,CUST00184,SBI Auto Loans,168000,56725,36,9.62,5391
FIN05960,SALE10408,CUST03020,SBI Auto Loans,197000,73755,36,10.88,6438
FIN05961,SALE18081,CUST01931,SBI Auto Loans,167000,53811,36,10.25,5408
FIN05962,SALE11789,CUST01424,ICICI Bank,144000,54148,24,11.27,6730
FIN05963,SALE09136,CUST02390,SBI Auto Loans,172000,47178,36,12.29,5737
FIN05964,SALE16692,CUST04986,SBI Auto Loans,194000,42368,36,8.98,6167
FIN05965,SALE05317,CUST04219,ICICI Bank,121000,48154,48,9.63,3047
FIN05966,SALE10451,CUST02414,HDFC Bank,199000,35063,48,8.98,4950
FIN05967,SALE19291,CUST02944,TVS Credit,248000,67110,36,8.67,7848
FIN05968,SALE18602,CUST03128,Bajaj Finance,194000,42530,36,9.02,6171
FIN05969,SALE08935,CUST04079,ICICI Bank,255000,82598,60,9.29,5329
FIN05970,SALE15770,CUST02050,Bajaj Finance,188000,39170,48,9.95,4764
FIN05971,SALE04355,CUST04582,HDFC Bank,170000,49133,36,11.82,5632
FIN05972,SALE04093,CUST00210,Hero FinCorp,119000,49549,12,11.71,10557
FIN05973,SALE17031,CUST00325,ICICI Bank,172000,61475,36,10.72,5608
FIN05974,SALE15284,CUST00780,Axis Bank,134000,33817,36,10.97,4385
FIN05975,SALE16700,CUST02371,SBI Auto Loans,127000,38884,24,9.81,5849
FIN05976,SALE15025,CUST04568,ICICI Bank,143000,54177,48,8.58,3530
FIN05977,SALE00594,CUST04546,SBI Auto Loans,128000,37580,36,12.41,4277
FIN05978,SALE06402,CUST04411,SBI Auto Loans,157000,41078,24,11.32,7341
FIN05979,SALE05298,CUST00117,TVS Credit,135000,31209,36,9.04,4295
FIN05980,SALE01312,CUST01863,SBI Auto Loans,178000,61407,12,8.81,15551
FIN05981,SALE11449,CUST03169,SBI Auto Loans,170000,60757,48,12.49,4518
FIN05982,SALE08523,CUST01673,Cholamandalam Finance,139000,31770,24,10.73,6461
FIN05983,SALE03520,CUST02504,HDFC Bank,155000,29760,48,9.34,3882
FIN05984,SALE15060,CUST01822,Cholamandalam Finance,266000,53287,24,11.61,12473
FIN05985,SALE17353,CUST02116,ICICI Bank,296000,116645,36,12.12,9848
FIN05986,SALE12624,CUST04813,Bajaj Finance,172000,47635,36,9.05,5474
FIN05987,SALE12466,CUST00442,HDFC Bank,156000,50483,48,8.63,3855
FIN05988,SALE10941,CUST02298,Hero FinCorp,246000,71358,36,10.52,7998
FIN05989,SALE05595,CUST01895,Bajaj Finance,161000,57416,36,11.22,5288
FIN05990,SALE09932,CUST01801,TVS Credit,301000,61481,36,11.39,9910
FIN05991,SALE04551,CUST04756,ICICI Bank,117000,48267,12,8.54,10207
FIN05992,SALE01126,CUST02437,ICICI Bank,134000,37238,24,9.82,6172
FIN05993,SALE14648,CUST03316,HDFC Bank,254000,66912,36,10.67,8276
FIN05994,SALE00524,CUST00398,SBI Auto Loans,136000,34148,36,8.77,4310
FIN05995,SALE09880,CUST04433,Bajaj Finance,171000,40450,24,11.01,7971
FIN05996,SALE13629,CUST02934,HDFC Bank,147000,51369,36,9.82,4731
FIN05997,SALE06566,CUST01616,TVS Credit,174000,52790,24,12.3,8215
FIN05998,SALE09878,CUST00435,SBI Auto Loans,168000,30672,12,11.45,14883
FIN05999,SALE07000,CUST03157,Bajaj Finance,185000,34403,36,10.59,6021
FIN06000,SALE13295,CUST03667,ICICI Bank,192000,36797,24,10.65,8918
FIN06001,SALE04081,CUST03244,TVS Credit,160000,64702,12,10.84,14129
FIN06002,SALE03504,CUST04155,SBI Auto Loans,121000,50648,24,10.82,5629
FIN06003,SALE08445,CUST04510,HDFC Bank,321000,79084,48,9.34,8040
FIN06004,SALE01880,CUST01416,Bajaj Finance,176000,44004,48,10.48,4504
FIN06005,SALE12528,CUST02569,Axis Bank,207000,55312,36,10.36,6714
FIN06006,SALE16258,CUST03487,SBI Auto Loans,128000,42371,36,11.95,4248
FIN06007,SALE15357,CUST01122,HDFC Bank,165000,54464,48,10.8,4249
FIN06008,SALE09698,CUST00683,Bajaj Finance,160000,52665,60,11.67,3532
FIN06009,SALE16608,CUST02027,ICICI Bank,213000,58077,36,10.3,6903
FIN06010,SALE13562,CUST01088,HDFC Bank,125000,43017,36,8.83,3965
FIN06011,SALE14417,CUST02502,SBI Auto Loans,194000,34151,48,9.64,4887
FIN06012,SALE05747,CUST02317,ICICI Bank,154000,42626,36,11.48,5077
FIN06013,SALE06912,CUST01124,TVS Credit,146000,43986,24,9.49,6703
FIN06014,SALE02402,CUST04986,HDFC Bank,169000,45177,24,9.19,7735
FIN06015,SALE05808,CUST04894,HDFC Bank,186000,33551,24,11.55,8717
FIN06016,SALE10207,CUST00253,Bajaj Finance,166000,61416,24,10.57,7704
FIN06017,SALE08424,CUST04363,HDFC Bank,119000,40068,48,10.9,3070
FIN06018,SALE08669,CUST02765,TVS Credit,160000,36964,24,9.22,7326
FIN06019,SALE06681,CUST02989,HDFC Bank,176000,60425,60,9.05,3658
FIN06020,SALE10746,CUST01054,ICICI Bank,193000,40224,48,10.77,4967
FIN06021,SALE01705,CUST02122,ICICI Bank,260000,86281,24,11.22,12145
FIN06022,SALE09376,CUST03819,SBI Auto Loans,147000,51439,12,11.82,13048
FIN06023,SALE06129,CUST00694,SBI Auto Loans,321000,87516,12,8.62,28015
FIN06024,SALE07900,CUST01062,ICICI Bank,132000,38840,36,12.19,4396
FIN06025,SALE02723,CUST04764,TVS Credit,197000,40470,48,12.3,5217
FIN06026,SALE13749,CUST02821,HDFC Bank,262000,64995,36,10.47,8512
FIN06027,SALE19609,CUST01595,HDFC Bank,218000,52405,36,9.28,6961
FIN06028,SALE15801,CUST00817,ICICI Bank,282000,71931,36,10.36,9147
FIN06029,SALE19188,CUST00203,Bajaj Finance,184000,49980,48,9.09,4587
FIN06030,SALE12148,CUST03681,HDFC Bank,186000,33579,60,9.6,3915
FIN06031,SALE00564,CUST03573,SBI Auto Loans,181000,53643,12,9.78,15894
FIN06032,SALE18526,CUST01255,TVS Credit,275000,86946,36,8.76,8714
FIN06033,SALE17885,CUST01765,Axis Bank,177000,36893,24,11.04,8253
FIN06034,SALE17986,CUST00555,HDFC Bank,167000,69650,48,10.07,4241
FIN06035,SALE03562,CUST01083,Bajaj Finance,147000,44402,36,9.49,4708
FIN06036,SALE16826,CUST04702,TVS Credit,253000,67068,36,10.93,8275
FIN06037,SALE17704,CUST04134,ICICI Bank,150000,41318,12,10.95,13254
FIN06038,SALE04785,CUST02953,Bajaj Finance,162000,56537,48,9.73,4088
FIN06039,SALE15619,CUST00066,TVS Credit,151000,64297,24,9.91,6962
FIN06040,SALE18876,CUST00775,ICICI Bank,177000,37553,60,8.8,3657
FIN06041,SALE19038,CUST04759,ICICI Bank,166000,69589,36,10.76,5416
FIN06042,SALE00540,CUST02090,ICICI Bank,183000,50299,24,9.86,8433
FIN06043,SALE01135,CUST01258,TVS Credit,175000,45787,36,8.93,5559
FIN06044,SALE06138,CUST00124,Bajaj Finance,122000,43106,48,8.77,3023
FIN06045,SALE19422,CUST03802,TVS Credit,121000,42406,60,8.98,2511
FIN06046,SALE17584,CUST03794,HDFC Bank,152000,45615,36,10.77,4960
FIN06047,SALE05146,CUST04776,ICICI Bank,237000,87950,36,11.18,7779
FIN06048,SALE01309,CUST02454,HDFC Bank,153000,62865,36,10.95,5005
FIN06049,SALE08599,CUST04398,TVS Credit,320000,94850,36,9.69,10279
FIN06050,SALE09822,CUST00834,HDFC Bank,118000,49448,12,11.21,10441
FIN06051,SALE08743,CUST02015,TVS Credit,173000,47312,24,9.57,7949
FIN06052,SALE05253,CUST03411,ICICI Bank,184000,35929,24,12.18,8677
FIN06053,SALE09774,CUST00438,Hero FinCorp,138000,31850,48,9.41,3461
FIN06054,SALE13716,CUST03490,SBI Auto Loans,179000,55008,36,12.34,5974
FIN06055,SALE19839,CUST00830,ICICI Bank,188000,48459,36,8.63,5946
FIN06056,SALE08297,CUST00335,ICICI Bank,130000,38898,24,9.91,5993
FIN06057,SALE14379,CUST04883,ICICI Bank,129000,41868,24,11.89,6066
FIN06058,SALE10405,CUST00542,HDFC Bank,188000,42935,36,8.91,5970
FIN06059,SALE15243,CUST01715,Bajaj Finance,128000,40074,36,9.31,4089
FIN06060,SALE02994,CUST00692,SBI Auto Loans,165000,55571,36,10.18,5338
FIN06061,SALE05543,CUST00732,ICICI Bank,138000,56182,60,9.32,2886
FIN06062,SALE18473,CUST02975,TVS Credit,341000,71786,48,11.25,8855
FIN06063,SALE12575,CUST04986,ICICI Bank,217000,47514,36,11.59,7165
FIN06064,SALE17629,CUST04726,ICICI Bank,167000,39453,36,11.94,5542
FIN06065,SALE15628,CUST02400,ICICI Bank,342000,72990,36,12.44,11431
FIN06066,SALE08580,CUST01286,HDFC Bank,160000,37075,24,10.14,7394
FIN06067,SALE12891,CUST00773,TVS Credit,142000,26069,48,10.15,3612
FIN06068,SALE04090,CUST04524,Cholamandalam Finance,113000,45040,36,10.51,3673
FIN06069,SALE01328,CUST00731,SBI Auto Loans,265000,59747,12,10.53,23363
FIN06070,SALE01534,CUST04230,Bajaj Finance,155000,39778,24,12.46,7330
FIN06071,SALE03758,CUST02860,SBI Auto Loans,179000,54973,12,8.84,15641
FIN06072,SALE04994,CUST03411,HDFC Bank,147000,38697,36,10.54,4781
FIN06073,SALE03719,CUST00189,TVS Credit,298000,119073,48,10.92,7690
FIN06074,SALE14427,CUST01287,ICICI Bank,178000,41416,24,10.25,8234
FIN06075,SALE03576,CUST03610,ICICI Bank,167000,52951,36,11.14,5478
FIN06076,SALE16379,CUST03033,Hero FinCorp,167000,54629,36,9.49,5349
FIN06077,SALE19433,CUST04207,HDFC Bank,245000,74720,36,8.55,7740
FIN06078,SALE03981,CUST02367,Cholamandalam Finance,139000,30399,24,8.56,6322
FIN06079,SALE15894,CUST03719,HDFC Bank,173000,47949,24,12.15,8156
FIN06080,SALE07824,CUST02962,HDFC Bank,114000,46325,24,10.44,5284
FIN06081,SALE01613,CUST01741,Bajaj Finance,203000,65717,24,9.44,9315
FIN06082,SALE00950,CUST02617,ICICI Bank,140000,58112,36,10.31,4538
FIN06083,SALE07029,CUST02227,SBI Auto Loans,192000,43638,36,9.18,6122
FIN06084,SALE01729,CUST03340,Bajaj Finance,224000,94017,36,9.52,7177
FIN06085,SALE10494,CUST02427,ICICI Bank,178000,41340,36,9.24,5680
FIN06086,SALE10220,CUST01518,TVS Credit,198000,36289,12,10.47,17451
FIN06087,SALE02599,CUST03880,SBI Auto Loans,139000,54798,24,8.99,6350
FIN06088,SALE09462,CUST04682,HDFC Bank,311000,96531,36,9.39,9946
FIN06089,SALE11443,CUST01404,HDFC Bank,187000,49330,60,11.5,4113
FIN06090,SALE08668,CUST00843,ICICI Bank,182000,51355,36,8.95,5783
FIN06091,SALE02388,CUST04433,HDFC Bank,199000,72367,36,10.6,6477
FIN06092,SALE12764,CUST00663,HDFC Bank,159000,31647,12,10.5,14016
FIN06093,SALE09386,CUST02863,SBI Auto Loans,178000,53025,36,10.09,5751
FIN06094,SALE09661,CUST00132,Hero FinCorp,144000,53413,24,11.99,6778
FIN06095,SALE16270,CUST04845,HDFC Bank,151000,47806,36,12.09,5022
FIN06096,SALE18180,CUST00117,HDFC Bank,245000,74655,24,9.24,11220
FIN06097,SALE11471,CUST00075,TVS Credit,180000,39625,12,9.16,15755
FIN06098,SALE06590,CUST02806,ICICI Bank,174000,45626,36,11.03,5699
FIN06099,SALE05494,CUST00786,HDFC Bank,155000,66338,36,12.37,5176
FIN06100,SALE17752,CUST01930,HDFC Bank,177000,53925,48,9.16,4418
FIN06101,SALE10176,CUST03906,HDFC Bank,129000,38500,24,11.87,6065
FIN06102,SALE08165,CUST01416,HDFC Bank,140000,58924,24,12.2,6603
FIN06103,SALE16629,CUST00960,SBI Auto Loans,191000,43261,12,10.89,16871
FIN06104,SALE04694,CUST00425,SBI Auto Loans,183000,43192,36,9.76,5884
FIN06105,SALE09379,CUST00281,ICICI Bank,289000,74177,12,9.06,25282
FIN06106,SALE08248,CUST04809,Bajaj Finance,159000,52654,24,10.75,7392
FIN06107,SALE08817,CUST01177,ICICI Bank,342000,67405,36,9.19,10906
FIN06108,SALE09976,CUST04092,Bajaj Finance,178000,39414,36,9.77,5724
FIN06109,SALE03756,CUST03301,Hero FinCorp,135000,35384,12,9.62,11845
FIN06110,SALE18355,CUST02193,Hero FinCorp,160000,54596,12,9.99,14066
FIN06111,SALE01852,CUST04029,Axis Bank,295000,59125,12,12.31,26253
FIN06112,SALE05673,CUST01545,Bajaj Finance,150000,52706,24,8.72,6833
FIN06113,SALE14257,CUST00751,HDFC Bank,210000,55339,36,8.69,6648
FIN06114,SALE09688,CUST04114,SBI Auto Loans,120000,41679,24,12.46,5675
FIN06115,SALE04689,CUST00083,SBI Auto Loans,276000,59729,36,11.87,9150
FIN06116,SALE14136,CUST00156,HDFC Bank,180000,56228,36,11.51,5937
FIN06117,SALE14408,CUST02660,SBI Auto Loans,178000,32679,60,11.9,3951
FIN06118,SALE02093,CUST04820,ICICI Bank,155000,37463,36,8.59,4899
FIN06119,SALE16226,CUST04798,SBI Auto Loans,139000,32864,24,10.37,6438
FIN06120,SALE13115,CUST02232,SBI Auto Loans,255000,66340,36,10.38,8274
FIN06121,SALE10033,CUST03943,HDFC Bank,169000,41468,36,10.42,5487
FIN06122,SALE15810,CUST00207,Bajaj Finance,195000,39728,12,11.0,17234
FIN06123,SALE07958,CUST02774,HDFC Bank,117000,48966,12,9.98,10285
FIN06124,SALE12838,CUST00531,SBI Auto Loans,167000,44854,60,9.39,3498
FIN06125,SALE10062,CUST02400,SBI Auto Loans,122000,40866,36,9.76,3923
FIN06126,SALE19068,CUST04230,ICICI Bank,168000,30492,24,9.21,7691
FIN06127,SALE14302,CUST00293,HDFC Bank,181000,55327,36,8.86,5744
FIN06128,SALE00346,CUST03590,ICICI Bank,143000,55521,36,9.25,4564
FIN06129,SALE07956,CUST00432,Cholamandalam Finance,128000,43105,36,10.53,4162
FIN06130,SALE04891,CUST00705,TVS Credit,143000,28057,36,11.39,4708
FIN06131,SALE19229,CUST02683,ICICI Bank,141000,31187,12,8.81,12318
FIN06132,SALE05601,CUST03984,Bajaj Finance,158000,40727,36,8.99,5024
FIN06133,SALE16860,CUST04131,HDFC Bank,188000,47307,24,10.14,8687
FIN06134,SALE17194,CUST01236,ICICI Bank,155000,58775,48,11.81,4067
FIN06135,SALE05875,CUST01523,SBI Auto Loans,134000,36640,36,9.46,4290
FIN06136,SALE01329,CUST03622,Bajaj Finance,169000,69826,24,10.66,7850
FIN06137,SALE18175,CUST02978,TVS Credit,265000,56740,36,11.15,8695
FIN06138,SALE03063,CUST03009,SBI Auto Loans,169000,63773,24,10.69,7852
FIN06139,SALE02073,CUST01275,HDFC Bank,142000,51686,36,9.74,4565
FIN06140,SALE04492,CUST02110,Axis Bank,137000,54544,48,10.22,3489
FIN06141,SALE11709,CUST01915,ICICI Bank,177000,56252,24,8.51,8046
FIN06142,SALE18916,CUST01357,Hero FinCorp,193000,42014,36,9.6,6191
FIN06143,SALE09017,CUST00264,SBI Auto Loans,288000,68712,36,12.31,9608
FIN06144,SALE10964,CUST02482,ICICI Bank,172000,41796,36,11.93,5707
FIN06145,SALE02218,CUST02293,SBI Auto Loans,131000,37558,24,12.04,6169
FIN06146,SALE05509,CUST02796,Bajaj Finance,155000,63208,60,9.95,3289
FIN06147,SALE02616,CUST04859,HDFC Bank,132000,40056,36,8.52,4168
FIN06148,SALE09832,CUST03645,TVS Credit,137000,55992,36,10.66,4463
FIN06149,SALE16237,CUST02329,SBI Auto Loans,116000,49495,24,10.52,5381
FIN06150,SALE00620,CUST04681,ICICI Bank,184000,35222,36,9.73,5914
FIN06151,SALE19463,CUST03560,HDFC Bank,122000,50253,24,10.94,5683
FIN06152,SALE12782,CUST00996,SBI Auto Loans,135000,28454,48,11.04,3492
FIN06153,SALE10316,CUST02397,ICICI Bank,143000,27962,36,9.49,4580
FIN06154,SALE05752,CUST04347,ICICI Bank,130000,39664,48,11.62,3399
FIN06155,SALE14646,CUST01381,TVS Credit,131000,38327,12,9.07,11460
FIN06156,SALE15297,CUST04750,HDFC Bank,317000,94344,24,11.92,14910
FIN06157,SALE17431,CUST00312,Axis Bank,182000,36908,24,8.98,8313
FIN06158,SALE09153,CUST00358,Bajaj Finance,229000,94580,48,9.12,5712
FIN06159,SALE07429,CUST03677,HDFC Bank,181000,53405,24,9.73,8330
FIN06160,SALE04968,CUST02958,ICICI Bank,124000,40568,36,11.37,4081
FIN06161,SALE19925,CUST04764,Bajaj Finance,166000,30317,12,8.9,14509
FIN06162,SALE12497,CUST03031,SBI Auto Loans,177000,56771,24,9.72,8145
FIN06163,SALE06894,CUST04901,HDFC Bank,162000,51655,24,11.43,7583
FIN06164,SALE11446,CUST04041,ICICI Bank,193000,42680,36,10.59,6281
FIN06165,SALE03032,CUST03628,HDFC Bank,183000,33125,24,12.09,8622
FIN06166,SALE07890,CUST03727,ICICI Bank,136000,36203,48,11.09,3521
FIN06167,SALE08221,CUST02504,ICICI Bank,171000,43063,24,12.45,8086
FIN06168,SALE04086,CUST04654,SBI Auto Loans,160000,31954,12,8.75,13974
FIN06169,SALE08008,CUST04163,HDFC Bank,130000,39494,24,9.49,5968
FIN06170,SALE05479,CUST01703,TVS Credit,188000,45524,36,10.21,6085
FIN06171,SALE08358,CUST00473,ICICI Bank,214000,56107,12,11.15,18929
FIN06172,SALE04187,CUST01281,ICICI Bank,124000,45849,24,9.62,5700
FIN06173,SALE04956,CUST00931,SBI Auto Loans,304000,57355,36,10.55,9888
FIN06174,SALE18761,CUST03555,TVS Credit,184000,35868,36,10.08,5944
FIN06175,SALE11832,CUST00780,HDFC Bank,130000,37984,24,11.65,6098
FIN06176,SALE15400,CUST01074,SBI Auto Loans,184000,35792,36,11.82,6096
FIN06177,SALE17059,CUST02559,Bajaj Finance,250000,69467,36,12.25,8333
FIN06178,SALE14249,CUST00512,SBI Auto Loans,132000,34390,36,10.82,4310
FIN06179,SALE18357,CUST02336,HDFC Bank,273000,50955,12,10.9,24115
FIN06180,SALE13175,CUST03545,Hero FinCorp,139000,32139,12,11.2,12298
FIN06181,SALE02589,CUST04039,HDFC Bank,265000,75626,48,12.49,7042
FIN06182,SALE12119,CUST00432,ICICI Bank,131000,35498,36,8.77,4152
FIN06183,SALE15844,CUST04932,Cholamandalam Finance,189000,42957,24,10.29,8747
FIN06184,SALE04972,CUST02410,Axis Bank,170000,51639,36,9.87,5475
FIN06185,SALE08427,CUST02345,ICICI Bank,165000,55288,48,12.37,4375
FIN06186,SALE05295,CUST00886,Bajaj Finance,142000,26991,48,11.58,3710
FIN06187,SALE07737,CUST00081,HDFC Bank,180000,41739,12,9.83,15811
FIN06188,SALE15028,CUST03693,Axis Bank,177000,42384,36,11.52,5838
FIN06189,SALE17185,CUST02841,ICICI Bank,134000,23801,12,12.42,11932
FIN06190,SALE06809,CUST03957,Axis Bank,141000,56024,24,9.62,6482
FIN06191,SALE00264,CUST03925,HDFC Bank,155000,62229,36,9.74,4983
FIN06192,SALE19115,CUST00796,SBI Auto Loans,185000,35630,36,11.96,6141
FIN06193,SALE06823,CUST04693,ICICI Bank,270000,96243,36,9.37,8632
FIN06194,SALE08408,CUST04533,ICICI Bank,143000,50890,48,8.71,3539
FIN06195,SALE04433,CUST00674,Hero FinCorp,158000,33107,24,12.48,7473
FIN06196,SALE11492,CUST02049,TVS Credit,120000,49645,36,11.17,3938
FIN06197,SALE14851,CUST03887,SBI Auto Loans,263000,101042,36,11.94,8728
FIN06198,SALE18257,CUST04923,HDFC Bank,189000,45167,24,9.13,8646
FIN06199,SALE07219,CUST03121,ICICI Bank,189000,41008,36,11.95,6273
FIN06200,SALE19650,CUST04914,HDFC Bank,168000,46276,36,9.95,5417
FIN06201,SALE01095,CUST00536,Cholamandalam Finance,263000,61205,36,11.96,8730
FIN06202,SALE17966,CUST00525,HDFC Bank,171000,63173,36,11.68,5654
FIN06203,SALE09947,CUST00519,HDFC Bank,169000,40266,36,9.91,5446
FIN06204,SALE11510,CUST04616,Hero FinCorp,177000,59667,48,11.42,4611
FIN06205,SALE17618,CUST04628,Bajaj Finance,314000,98235,36,9.12,10003
FIN06206,SALE04530,CUST03431,ICICI Bank,253000,70979,24,8.58,11510
FIN06207,SALE07735,CUST02480,Bajaj Finance,215000,56600,36,10.18,6956
FIN06208,SALE14163,CUST01370,HDFC Bank,340000,75877,24,12.45,16077
FIN06209,SALE09987,CUST01301,ICICI Bank,188000,45922,24,10.16,8689
FIN06210,SALE16913,CUST03765,SBI Auto Loans,133000,38835,36,9.19,4241
FIN06211,SALE06612,CUST03809,TVS Credit,194000,42285,24,12.2,9150
FIN06212,SALE11310,CUST04283,Hero FinCorp,114000,47593,12,10.61,10055
FIN06213,SALE14259,CUST00731,HDFC Bank,159000,52951,12,10.38,14007
FIN06214,SALE10095,CUST04942,Bajaj Finance,122000,47575,36,8.83,3870
FIN06215,SALE04933,CUST01481,Axis Bank,152000,44694,60,8.92,3149
FIN06216,SALE15381,CUST02776,HDFC Bank,152000,61549,12,10.09,13370
FIN06217,SALE05966,CUST02769,TVS Credit,168000,66296,24,11.34,7857
FIN06218,SALE04221,CUST02453,HDFC Bank,172000,60914,36,9.75,5530
FIN06219,SALE06974,CUST01592,Axis Bank,149000,45334,36,10.54,4846
FIN06220,SALE06654,CUST02993,Axis Bank,133000,38592,36,11.53,4388
FIN06221,SALE03910,CUST02193,ICICI Bank,176000,32821,36,9.68,5653
FIN06222,SALE02463,CUST02166,Axis Bank,148000,48418,36,11.41,4874
FIN06223,SALE16314,CUST01817,ICICI Bank,129000,34455,24,11.54,6045
FIN06224,SALE06429,CUST01627,HDFC Bank,176000,57160,12,9.11,15400
FIN06225,SALE19451,CUST02008,TVS Credit,272000,70403,60,10.98,5911
FIN06226,SALE09801,CUST03611,Hero FinCorp,270000,91656,24,10.4,12509
FIN06227,SALE17708,CUST01421,ICICI Bank,231000,96695,24,8.83,10535
FIN06228,SALE16336,CUST04132,ICICI Bank,179000,47893,48,10.1,4549
FIN06229,SALE16825,CUST00673,Bajaj Finance,175000,44345,36,12.43,5849
FIN06230,SALE10196,CUST00091,HDFC Bank,160000,58192,24,9.18,7323
FIN06231,SALE17361,CUST03336,HDFC Bank,185000,34166,36,10.4,6004
FIN06232,SALE07353,CUST02708,SBI Auto Loans,125000,44726,12,11.57,11081
FIN06233,SALE00281,CUST04141,SBI Auto Loans,153000,44860,36,11.51,5046
FIN06234,SALE16340,CUST02182,HDFC Bank,165000,46791,48,11.37,4294
FIN06235,SALE12483,CUST03568,ICICI Bank,178000,42409,24,11.36,8326
FIN06236,SALE00523,CUST01010,Bajaj Finance,124000,46276,60,12.16,2768
FIN06237,SALE07544,CUST03491,Hero FinCorp,168000,65611,48,12.06,4429
FIN06238,SALE15141,CUST03199,ICICI Bank,173000,45325,24,9.21,7920
FIN06239,SALE01830,CUST02636,HDFC Bank,304000,54507,48,12.43,8070
FIN06240,SALE11562,CUST02060,Bajaj Finance,174000,40939,24,10.59,8077
FIN06241,SALE06501,CUST01606,HDFC Bank,259000,107759,12,8.71,22615
FIN06242,SALE03281,CUST02675,HDFC Bank,243000,83543,24,10.6,11281
FIN06243,SALE10691,CUST00003,TVS Credit,155000,35017,36,9.77,4985
FIN06244,SALE05101,CUST02662,Axis Bank,181000,38775,36,9.94,5835
FIN06245,SALE02188,CUST01262,HDFC Bank,171000,42566,24,8.5,7773
FIN06246,SALE04308,CUST00300,SBI Auto Loans,139000,48143,48,11.03,3595
FIN06247,SALE03356,CUST00597,HDFC Bank,165000,62600,36,12.18,5495
FIN06248,SALE10392,CUST00435,ICICI Bank,209000,49300,48,10.64,5365
FIN06249,SALE06882,CUST03971,TVS Credit,181000,40325,24,11.37,8467
FIN06250,SALE13623,CUST04679,Bajaj Finance,160000,56416,36,9.36,5115
FIN06251,SALE07774,CUST00479,ICICI Bank,155000,61449,24,10.36,7178
FIN06252,SALE00901,CUST03897,HDFC Bank,165000,31387,36,10.62,5372
FIN06253,SALE03046,CUST01163,Bajaj Finance,179000,40913,48,11.85,4701
FIN06254,SALE17639,CUST02364,HDFC Bank,142000,46902,36,11.71,4697
FIN06255,SALE10667,CUST01623,Axis Bank,128000,42119,24,12.46,6053
FIN06256,SALE01674,CUST00980,TVS Credit,142000,27301,24,11.95,6681
FIN06257,SALE03273,CUST04210,SBI Auto Loans,129000,40541,24,12.29,6090
FIN06258,SALE15613,CUST00420,Axis Bank,137000,33684,36,12.43,4579
FIN06259,SALE00427,CUST04854,SBI Auto Loans,171000,47896,36,9.97,5515
FIN06260,SALE09709,CUST01794,Bajaj Finance,123000,42057,36,10.45,3995
FIN06261,SALE16571,CUST00468,HDFC Bank,181000,35781,36,11.33,5954
FIN06262,SALE03215,CUST02299,HDFC Bank,183000,37602,12,10.38,16121
FIN06263,SALE06344,CUST03363,Bajaj Finance,203000,37070,24,11.89,9545
FIN06264,SALE01079,CUST00087,HDFC Bank,247000,70579,36,11.27,8118
FIN06265,SALE15423,CUST01890,HDFC Bank,140000,31487,48,12.32,3709
FIN06266,SALE16832,CUST02016,Bajaj Finance,121000,46740,36,10.54,3935
FIN06267,SALE17111,CUST04566,ICICI Bank,234000,84502,36,9.52,7498
FIN06268,SALE08612,CUST00063,SBI Auto Loans,247000,73801,48,9.4,6194
FIN06269,SALE01263,CUST02635,Bajaj Finance,153000,64844,24,9.74,7042
FIN06270,SALE06798,CUST02367,ICICI Bank,156000,27649,24,9.83,7186
FIN06271,SALE10348,CUST01381,SBI Auto Loans,156000,64749,36,10.48,5069
FIN06272,SALE09291,CUST02584,ICICI Bank,160000,54728,48,9.47,4017
FIN06273,SALE14470,CUST02177,SBI Auto Loans,178000,43597,60,11.9,3951
FIN06274,SALE15578,CUST00916,ICICI Bank,137000,35204,36,12.21,4564
FIN06275,SALE09780,CUST04104,Axis Bank,178000,61930,12,10.57,15696
FIN06276,SALE06224,CUST04407,SBI Auto Loans,138000,59046,36,9.48,4419
FIN06277,SALE05097,CUST01689,ICICI Bank,127000,44246,24,10.74,5904
FIN06278,SALE14850,CUST01692,HDFC Bank,295000,53231,24,9.92,13602
FIN06279,SALE01018,CUST02570,HDFC Bank,261000,98406,36,11.6,8619
FIN06280,SALE00538,CUST01610,SBI Auto Loans,155000,39703,36,10.8,5060
FIN06281,SALE18474,CUST03730,SBI Auto Loans,259000,104567,48,12.43,6875
FIN06282,SALE06279,CUST01332,ICICI Bank,194000,74130,24,8.94,8858
FIN06283,SALE07448,CUST04026,SBI Auto Loans,143000,28656,24,9.38,6558
FIN06284,SALE16697,CUST00171,ICICI Bank,264000,78141,24,11.52,12368
FIN06285,SALE11739,CUST03597,Cholamandalam Finance,168000,52549,36,10.62,5470
FIN06286,SALE18962,CUST03118,HDFC Bank,143000,53504,36,9.6,4587
FIN06287,SALE04733,CUST04769,TVS Credit,139000,26747,36,10.63,4526
FIN06288,SALE17702,CUST03791,ICICI Bank,289000,74076,24,11.65,13557
FIN06289,SALE06315,CUST01218,Bajaj Finance,257000,65205,24,10.81,11956
FIN06290,SALE03384,CUST01995,ICICI Bank,167000,49507,60,10.86,3619
FIN06291,SALE08582,CUST03906,ICICI Bank,169000,46365,36,10.33,5479
FIN06292,SALE00924,CUST04641,Bajaj Finance,167000,48696,60,10.02,3550
FIN06293,SALE12145,CUST03114,ICICI Bank,172000,49063,36,12.31,5738
FIN06294,SALE00420,CUST03654,ICICI Bank,183000,50882,36,10.14,5917
FIN06295,SALE03843,CUST04720,HDFC Bank,286000,78767,36,10.85,9343
FIN06296,SALE03189,CUST02426,ICICI Bank,177000,43244,36,8.97,5626
FIN06297,SALE14445,CUST04314,SBI Auto Loans,306000,60765,36,11.03,10022
FIN06298,SALE18890,CUST02010,TVS Credit,141000,31370,60,11.06,3070
FIN06299,SALE13004,CUST00358,Hero FinCorp,254000,68178,36,9.06,8084
FIN06300,SALE14650,CUST02048,SBI Auto Loans,138000,59297,36,11.05,4521
FIN06301,SALE07589,CUST03569,SBI Auto Loans,170000,63693,12,11.39,15056
FIN06302,SALE03560,CUST01686,ICICI Bank,174000,57892,36,11.36,5726
FIN06303,SALE05632,CUST01281,Hero FinCorp,141000,28560,48,9.4,3536
FIN06304,SALE11847,CUST03815,TVS Credit,144000,46051,48,9.6,3625
FIN06305,SALE18544,CUST03236,Bajaj Finance,172000,49716,36,9.38,5500
FIN06306,SALE14963,CUST03542,SBI Auto Loans,166000,64940,24,9.54,7625
FIN06307,SALE08710,CUST02109,HDFC Bank,155000,65800,60,12.39,3479
FIN06308,SALE09212,CUST03435,SBI Auto Loans,185000,51307,36,9.88,5959
FIN06309,SALE19266,CUST02666,HDFC Bank,147000,46426,36,11.18,4825
FIN06310,SALE06577,CUST00839,HDFC Bank,139000,58190,36,12.16,4627
FIN06311,SALE06523,CUST00505,SBI Auto Loans,143000,26796,24,12.11,6739
FIN06312,SALE04593,CUST01147,Axis Bank,121000,50796,36,9.47,3874
FIN06313,SALE17565,CUST04587,Bajaj Finance,162000,66433,36,11.34,5330
FIN06314,SALE02776,CUST04693,TVS Credit,142000,26497,36,12.25,4733
FIN06315,SALE01193,CUST04604,ICICI Bank,157000,61610,36,9.07,4998
FIN06316,SALE00055,CUST02832,Cholamandalam Finance,171000,44822,12,12.39,15224
FIN06317,SALE18490,CUST01965,Bajaj Finance,177000,44502,48,10.28,4513
FIN06318,SALE02328,CUST03461,Hero FinCorp,155000,42772,24,9.73,7133
FIN06319,SALE04107,CUST02787,HDFC Bank,166000,32503,48,8.96,4128
FIN06320,SALE13864,CUST04950,ICICI Bank,176000,51373,36,9.77,5660
FIN06321,SALE16748,CUST00238,Axis Bank,130000,39080,36,9.12,4141
FIN06322,SALE16086,CUST01479,HDFC Bank,166000,51359,60,11.19,3625
FIN06323,SALE04449,CUST01742,Bajaj Finance,164000,30962,48,10.73,4217
FIN06324,SALE05390,CUST04087,HDFC Bank,182000,52540,36,11.58,6009
FIN06325,SALE09410,CUST02227,Bajaj Finance,272000,63724,36,9.67,8735
FIN06326,SALE13988,CUST03044,ICICI Bank,297000,121037,36,9.56,9522
FIN06327,SALE19110,CUST04448,HDFC Bank,190000,46288,36,10.99,6219
FIN06328,SALE18570,CUST01796,HDFC Bank,121000,48074,12,10.0,10638
FIN06329,SALE14664,CUST02413,Bajaj Finance,157000,40545,48,12.06,4139
FIN06330,SALE17834,CUST02137,SBI Auto Loans,153000,34112,36,11.75,5064
FIN06331,SALE16218,CUST01911,Axis Bank,142000,55863,36,9.79,4568
FIN06332,SALE19371,CUST01580,HDFC Bank,126000,45798,36,10.54,4098
FIN06333,SALE06103,CUST01568,Bajaj Finance,168000,62140,24,11.49,7868
FIN06334,SALE11777,CUST03806,ICICI Bank,114000,48544,48,11.65,2983
FIN06335,SALE07116,CUST02746,ICICI Bank,171000,47515,36,12.39,5712
FIN06336,SALE04074,CUST03080,Bajaj Finance,176000,44809,48,11.64,4604
FIN06337,SALE02607,CUST04640,HDFC Bank,149000,50154,12,11.73,13220
FIN06338,SALE09173,CUST02138,HDFC Bank,113000,44501,36,11.17,3709
FIN06339,SALE07218,CUST00241,TVS Credit,310000,100062,12,11.05,27406
FIN06340,SALE08506,CUST01092,ICICI Bank,166000,32040,48,12.03,4374
FIN06341,SALE18319,CUST01660,HDFC Bank,156000,51733,24,9.82,7186
FIN06342,SALE14830,CUST00466,SBI Auto Loans,194000,79286,36,10.88,6340
FIN06343,SALE04550,CUST03397,Bajaj Finance,132000,33454,36,12.08,4389
FIN06344,SALE09271,CUST04295,ICICI Bank,134000,37658,36,11.19,4399
FIN06345,SALE01008,CUST00909,HDFC Bank,256000,62744,36,11.73,8470
FIN06346,SALE08972,CUST04885,Bajaj Finance,211000,54330,36,9.32,6741
FIN06347,SALE09103,CUST04558,SBI Auto Loans,122000,49635,24,11.95,5740
FIN06348,SALE08745,CUST02758,Axis Bank,174000,36859,24,9.63,8000
FIN06349,SALE03651,CUST02812,SBI Auto Loans,225000,41333,36,9.96,7256
FIN06350,SALE16667,CUST00531,Axis Bank,126000,44142,48,10.25,3211
FIN06351,SALE18354,CUST00942,Hero FinCorp,187000,33527,24,9.06,8548
FIN06352,SALE06002,CUST02017,Bajaj Finance,123000,48883,24,10.53,5706
FIN06353,SALE01334,CUST04384,Bajaj Finance,160000,61885,36,11.78,5297
FIN06354,SALE00429,CUST04442,TVS Credit,143000,55142,12,12.19,12718
FIN06355,SALE02166,CUST04203,Axis Bank,269000,74758,36,10.15,8699
FIN06356,SALE14691,CUST01293,SBI Auto Loans,144000,44529,36,10.25,4663
FIN06357,SALE04322,CUST01146,ICICI Bank,139000,59066,24,11.86,6534
FIN06358,SALE10647,CUST00623,SBI Auto Loans,264000,53506,36,11.94,8761
FIN06359,SALE11014,CUST00030,SBI Auto Loans,190000,42781,36,11.79,6292
FIN06360,SALE01384,CUST00613,Bajaj Finance,193000,43016,12,9.54,16927
FIN06361,SALE19445,CUST00896,HDFC Bank,164000,50797,48,12.22,4336
FIN06362,SALE03674,CUST02001,ICICI Bank,170000,64075,48,9.06,4235
FIN06363,SALE12360,CUST01046,Bajaj Finance,259000,64169,24,10.75,12041
FIN06364,SALE01917,CUST02068,HDFC Bank,182000,36879,36,10.93,5952
FIN06365,SALE08996,CUST01080,Axis Bank,165000,63652,36,10.64,5374
FIN06366,SALE12253,CUST01165,TVS Credit,188000,47353,36,11.59,6208
FIN06367,SALE07972,CUST04831,SBI Auto Loans,161000,63946,12,12.4,14335
FIN06368,SALE11000,CUST01918,HDFC Bank,174000,56994,36,10.76,5677
FIN06369,SALE04687,CUST01932,Hero FinCorp,175000,38228,36,10.48,5686
FIN06370,SALE11623,CUST00981,Axis Bank,126000,44840,24,10.21,5826
FIN06371,SALE01055,CUST01743,HDFC Bank,155000,38008,48,10.56,3973
FIN06372,SALE03929,CUST04880,HDFC Bank,181000,37855,24,10.42,8387
FIN06373,SALE18286,CUST00927,SBI Auto Loans,200000,69443,36,9.06,6366
FIN06374,SALE06043,CUST03671,HDFC Bank,175000,42145,24,12.33,8265
FIN06375,SALE05720,CUST03877,Hero FinCorp,112000,46474,48,9.07,2791
FIN06376,SALE07609,CUST03641,HDFC Bank,183000,52328,36,9.42,5855
FIN06377,SALE17957,CUST00981,Bajaj Finance,252000,89968,24,12.37,11906
FIN06378,SALE04594,CUST03768,HDFC Bank,178000,35349,36,9.86,5732
FIN06379,SALE12111,CUST00836,Bajaj Finance,153000,33240,36,10.26,4956
FIN06380,SALE03242,CUST04171,Hero FinCorp,180000,40361,36,12.28,6003
FIN06381,SALE15649,CUST00982,TVS Credit,126000,38014,24,8.6,5733
FIN06382,SALE00353,CUST03751,Hero FinCorp,198000,37197,36,9.41,6334
FIN06383,SALE06980,CUST00476,SBI Auto Loans,176000,45131,12,9.18,15406
FIN06384,SALE10844,CUST02053,HDFC Bank,172000,56859,24,9.75,7917
FIN06385,SALE12941,CUST03307,HDFC Bank,169000,48772,24,10.71,7854
FIN06386,SALE09138,CUST03451,HDFC Bank,137000,58294,36,11.4,4511
FIN06387,SALE05624,CUST04329,Bajaj Finance,287000,116645,24,11.48,13440
FIN06388,SALE18630,CUST04791,HDFC Bank,297000,117426,36,9.32,9489
FIN06389,SALE16986,CUST01721,TVS Credit,126000,38547,36,8.97,4005
FIN06390,SALE13347,CUST04853,Cholamandalam Finance,286000,77083,36,11.25,9397
FIN06391,SALE15972,CUST04681,Bajaj Finance,178000,53620,12,11.92,15808
FIN06392,SALE04685,CUST00932,SBI Auto Loans,256000,104863,36,11.65,8460
FIN06393,SALE07304,CUST04776,SBI Auto Loans,140000,56080,36,11.23,4599
FIN06394,SALE04033,CUST02618,Bajaj Finance,131000,27791,48,11.46,3415
FIN06395,SALE02853,CUST03026,SBI Auto Loans,134000,33273,24,9.87,6175
FIN06396,SALE19996,CUST03424,Bajaj Finance,263000,80719,36,10.58,8558
FIN06397,SALE12346,CUST02816,SBI Auto Loans,253000,65090,48,11.29,6575
FIN06398,SALE00651,CUST02557,SBI Auto Loans,266000,54182,24,10.9,12385
FIN06399,SALE03747,CUST01947,Bajaj Finance,321000,93877,36,8.64,10154
FIN06400,SALE14384,CUST02392,Hero FinCorp,135000,35363,36,9.34,4314
FIN06401,SALE19487,CUST02704,SBI Auto Loans,161000,34993,36,11.38,5300
FIN06402,SALE14413,CUST02919,ICICI Bank,180000,38629,36,11.19,5909
FIN06403,SALE10503,CUST03279,Bajaj Finance,186000,47924,36,11.55,6138
FIN06404,SALE13916,CUST01388,HDFC Bank,157000,40334,36,10.27,5086
FIN06405,SALE12070,CUST02620,HDFC Bank,198000,37847,24,11.51,9275
FIN06406,SALE19893,CUST04267,ICICI Bank,136000,50616,36,10.24,4404
FIN06407,SALE19176,CUST00089,Bajaj Finance,226000,47180,36,11.74,7478
FIN06408,SALE05250,CUST04375,Bajaj Finance,164000,32392,48,11.15,4251
FIN06409,SALE19600,CUST02923,HDFC Bank,306000,99633,36,12.38,10219
FIN06410,SALE04981,CUST00658,TVS Credit,141000,29126,48,11.68,3691
FIN06411,SALE02507,CUST01588,HDFC Bank,126000,32511,48,10.92,3252
FIN06412,SALE00600,CUST01596,HDFC Bank,127000,42895,24,10.31,5879
FIN06413,SALE01538,CUST03438,SBI Auto Loans,173000,61580,12,9.21,15146
FIN06414,SALE09704,CUST00422,HDFC Bank,195000,43536,36,11.14,6397
FIN06415,SALE15580,CUST01247,TVS Credit,148000,46725,24,12.01,6968
FIN06416,SALE06973,CUST03141,SBI Auto Loans,128000,43687,12,8.97,11192
FIN06417,SALE13974,CUST01782,HDFC Bank,197000,36772,36,9.98,6355
FIN06418,SALE15236,CUST01241,HDFC Bank,196000,36924,36,10.1,6334
FIN06419,SALE06513,CUST02919,SBI Auto Loans,131000,40538,48,11.89,3443
FIN06420,SALE00687,CUST04598,Bajaj Finance,155000,66179,60,11.75,3428
FIN06421,SALE02406,CUST03919,SBI Auto Loans,180000,39400,36,11.0,5893
FIN06422,SALE08617,CUST01556,HDFC Bank,132000,38994,24,12.05,6217
FIN06423,SALE11645,CUST02133,Bajaj Finance,166000,32315,48,11.42,4324
FIN06424,SALE00847,CUST04578,TVS Credit,170000,66707,24,10.65,7896
FIN06425,SALE01253,CUST01044,Bajaj Finance,119000,44914,24,10.76,5533
FIN06426,SALE11693,CUST00643,HDFC Bank,269000,93538,36,11.06,8814
FIN06427,SALE03097,CUST04410,Hero FinCorp,175000,46932,36,9.62,5616
FIN06428,SALE18263,CUST00556,HDFC Bank,183000,51223,48,12.01,4820
FIN06429,SALE09542,CUST04507,Bajaj Finance,141000,47839,36,11.37,4641
FIN06430,SALE15322,CUST03983,HDFC Bank,142000,28728,24,10.57,6590
FIN06431,SALE08273,CUST00718,HDFC Bank,147000,50714,24,8.66,6693
FIN06432,SALE09646,CUST02094,Bajaj Finance,156000,28578,36,11.62,5153
FIN06433,SALE06491,CUST00223,ICICI Bank,172000,40422,36,10.75,5611
FIN06434,SALE10003,CUST02944,Axis Bank,259000,106910,36,9.03,8240
FIN06435,SALE13553,CUST01101,ICICI Bank,166000,59975,36,10.74,5414
FIN06436,SALE05723,CUST00962,SBI Auto Loans,313000,97306,24,9.12,14317
FIN06437,SALE05407,CUST03709,SBI Auto Loans,264000,57493,48,9.98,6693
FIN06438,SALE08709,CUST02366,ICICI Bank,172000,46136,36,11.36,5660
FIN06439,SALE15890,CUST04290,TVS Credit,140000,31955,36,10.22,4532
FIN06440,SALE16067,CUST01668,Bajaj Finance,176000,39282,36,9.05,5601
FIN06441,SALE17138,CUST04461,HDFC Bank,171000,47898,12,9.08,14961
FIN06442,SALE03831,CUST00819,TVS Credit,186000,46018,48,10.17,4733
FIN06443,SALE00545,CUST01998,ICICI Bank,179000,34618,48,9.46,4494
FIN06444,SALE03178,CUST03150,SBI Auto Loans,173000,42402,36,10.06,5587
FIN06445,SALE11476,CUST04905,HDFC Bank,123000,47067,48,11.37,3201
FIN06446,SALE16582,CUST01861,Bajaj Finance,176000,32135,36,12.05,5850
FIN06447,SALE18562,CUST03444,SBI Auto Loans,193000,38752,12,10.12,16979
FIN06448,SALE07887,CUST00293,Cholamandalam Finance,192000,38288,24,10.64,8917
FIN06449,SALE00646,CUST01025,HDFC Bank,145000,51106,36,12.11,4824
FIN06450,SALE07685,CUST04561,HDFC Bank,158000,40369,24,10.3,7313
FIN06451,SALE18375,CUST03977,TVS Credit,195000,35144,24,9.87,8987
FIN06452,SALE03000,CUST01827,Axis Bank,151000,56397,36,8.55,4770
FIN06453,SALE12272,CUST03822,TVS Credit,130000,38237,12,8.63,11346
FIN06454,SALE01224,CUST02083,SBI Auto Loans,166000,32239,24,10.5,7698
FIN06455,SALE08804,CUST03469,Bajaj Finance,179000,40968,36,9.34,5721
FIN06456,SALE05138,CUST04058,TVS Credit,165000,31234,60,8.68,3400
FIN06457,SALE05971,CUST03999,ICICI Bank,164000,69660,12,12.43,14604
FIN06458,SALE01744,CUST04135,Axis Bank,162000,52037,48,9.69,4085
FIN06459,SALE11881,CUST02254,HDFC Bank,150000,45119,48,10.64,3851
FIN06460,SALE06102,CUST03049,HDFC Bank,117000,45795,60,8.75,2415
FIN06461,SALE00520,CUST02392,ICICI Bank,167000,66342,36,8.77,5293
FIN06462,SALE15098,CUST03467,SBI Auto Loans,179000,51988,24,9.88,8250
FIN06463,SALE14273,CUST02195,SBI Auto Loans,241000,78229,24,10.36,11161
FIN06464,SALE07039,CUST04327,HDFC Bank,178000,40710,48,10.49,4557
FIN06465,SALE11939,CUST00844,SBI Auto Loans,188000,47010,36,8.93,5972
FIN06466,SALE12411,CUST02260,ICICI Bank,124000,47357,36,10.33,4020
FIN06467,SALE10035,CUST04113,Bajaj Finance,165000,46434,24,9.84,7602
FIN06468,SALE02511,CUST01531,TVS Credit,232000,91311,24,10.06,10712
FIN06469,SALE02256,CUST01376,HDFC Bank,271000,53184,48,9.55,6815
FIN06470,SALE01157,CUST02946,HDFC Bank,137000,34213,12,10.4,12070
FIN06471,SALE06011,CUST03479,Bajaj Finance,244000,99802,36,8.76,7732
FIN06472,SALE03061,CUST01985,Axis Bank,185000,41498,36,11.7,6118
FIN06473,SALE02819,CUST01111,Bajaj Finance,176000,32433,60,11.12,3837
FIN06474,SALE15021,CUST04528,Hero FinCorp,260000,62724,36,10.79,8486
FIN06475,SALE10156,CUST02568,Bajaj Finance,168000,30262,48,10.22,4279
FIN06476,SALE15694,CUST04225,ICICI Bank,162000,58488,48,11.82,4252
FIN06477,SALE07969,CUST03654,HDFC Bank,168000,48715,36,10.38,5451
FIN06478,SALE06448,CUST04185,ICICI Bank,250000,92975,36,8.97,7946
FIN06479,SALE14681,CUST00971,SBI Auto Loans,189000,43799,36,11.91,6269
FIN06480,SALE15024,CUST01671,Axis Bank,261000,90177,36,12.45,8725
FIN06481,SALE06263,CUST02719,HDFC Bank,162000,58268,36,10.37,5255
FIN06482,SALE13378,CUST00046,Bajaj Finance,124000,39590,36,11.51,4090
FIN06483,SALE00858,CUST02130,Bajaj Finance,195000,37498,36,9.17,6216
FIN06484,SALE11407,CUST04758,HDFC Bank,191000,75214,36,8.87,6062
FIN06485,SALE11115,CUST02394,HDFC Bank,157000,64529,36,10.77,5123
FIN06486,SALE19767,CUST03952,Bajaj Finance,167000,53341,36,11.05,5471
FIN06487,SALE06710,CUST03554,Hero FinCorp,153000,44887,60,9.59,3220
FIN06488,SALE10125,CUST04631,SBI Auto Loans,158000,56759,36,11.8,5233
FIN06489,SALE14132,CUST00284,HDFC Bank,189000,38670,60,10.44,4057
FIN06490,SALE01721,CUST00918,ICICI Bank,166000,55893,24,9.19,7598
FIN06491,SALE07364,CUST02377,SBI Auto Loans,160000,39120,36,9.97,5160
FIN06492,SALE06105,CUST03232,TVS Credit,267000,57348,24,8.63,12153
FIN06493,SALE13053,CUST01418,Axis Bank,264000,79705,36,8.85,8377
FIN06494,SALE03255,CUST03090,TVS Credit,129000,41632,36,9.42,4127
FIN06495,SALE03814,CUST04088,Bajaj Finance,121000,44570,36,12.16,4028
FIN06496,SALE05405,CUST01900,HDFC Bank,168000,52222,36,12.0,5580
FIN06497,SALE17500,CUST03257,HDFC Bank,316000,91166,36,10.98,10342
FIN06498,SALE18965,CUST01982,SBI Auto Loans,198000,35716,24,11.24,9250
FIN06499,SALE10916,CUST03594,HDFC Bank,148000,50165,60,10.15,3155
FIN06500,SALE02304,CUST02678,ICICI Bank,344000,66158,24,11.46,16107
FIN06501,SALE01446,CUST00820,HDFC Bank,174000,61539,36,9.55,5578
FIN06502,SALE05954,CUST04461,ICICI Bank,127000,40886,24,10.65,5899
FIN06503,SALE08645,CUST02700,TVS Credit,294000,120568,48,10.87,7580
FIN06504,SALE07520,CUST00276,SBI Auto Loans,176000,42862,36,10.64,5732
FIN06505,SALE05294,CUST03684,ICICI Bank,114000,43394,36,8.88,3619
FIN06506,SALE11215,CUST01793,SBI Auto Loans,160000,58565,24,11.7,7509
FIN06507,SALE07034,CUST00623,TVS Credit,165000,50853,60,10.09,3513
FIN06508,SALE00462,CUST02483,Bajaj Finance,191000,44239,24,10.18,8830
FIN06509,SALE08510,CUST04415,Cholamandalam Finance,165000,30782,48,9.82,4171
FIN06510,SALE10090,CUST04604,SBI Auto Loans,137000,51338,36,8.92,4351
FIN06511,SALE14404,CUST03167,TVS Credit,243000,80033,48,9.26,6077
FIN06512,SALE14762,CUST01889,SBI Auto Loans,192000,47003,36,11.96,6373
FIN06513,SALE10552,CUST04664,HDFC Bank,179000,55176,24,9.51,8220
FIN06514,SALE04701,CUST02247,SBI Auto Loans,177000,36166,36,8.79,5611
FIN06515,SALE05592,CUST00444,Bajaj Finance,185000,49896,36,9.28,5907
FIN06516,SALE08789,CUST04615,Bajaj Finance,166000,31166,36,8.53,5243
FIN06517,SALE17421,CUST01155,HDFC Bank,147000,51111,48,11.0,3799
FIN06518,SALE00117,CUST04525,SBI Auto Loans,143000,34694,48,8.97,3557
FIN06519,SALE05838,CUST00169,ICICI Bank,251000,74031,48,10.22,6393
FIN06520,SALE19126,CUST03602,HDFC Bank,177000,57362,24,9.25,8107
FIN06521,SALE17709,CUST00414,HDFC Bank,159000,56062,48,10.1,4040
FIN06522,SALE07271,CUST00395,HDFC Bank,194000,39605,36,10.86,6338
FIN06523,SALE19859,CUST00407,HDFC Bank,164000,64795,36,11.96,5444
FIN06524,SALE07004,CUST04647,HDFC Bank,144000,27703,24,9.54,6614
FIN06525,SALE13065,CUST03599,SBI Auto Loans,298000,62249,36,11.43,9817
FIN06526,SALE05906,CUST04830,Bajaj Finance,144000,53131,36,10.87,4706
FIN06527,SALE12954,CUST01546,SBI Auto Loans,161000,36382,36,10.65,5244
FIN06528,SALE01273,CUST00615,HDFC Bank,181000,33728,24,9.02,8271
FIN06529,SALE05768,CUST02543,ICICI Bank,239000,97988,24,12.27,11281
FIN06530,SALE10605,CUST01112,SBI Auto Loans,245000,98501,36,8.87,7776
FIN06531,SALE14245,CUST02327,Bajaj Finance,128000,41787,36,11.86,4243
FIN06532,SALE17387,CUST02190,HDFC Bank,150000,41137,24,8.79,6838
FIN06533,SALE19806,CUST01866,Hero FinCorp,207000,56951,36,9.99,6678
FIN06534,SALE08466,CUST04787,HDFC Bank,123000,46727,36,12.27,4101
FIN06535,SALE03551,CUST04956,Hero FinCorp,213000,50091,36,9.7,6843
FIN06536,SALE10587,CUST00488,ICICI Bank,277000,64426,36,9.31,8849
FIN06537,SALE09540,CUST02426,TVS Credit,137000,48763,48,10.24,3490
FIN06538,SALE01310,CUST01278,HDFC Bank,182000,51327,48,10.33,4645
FIN06539,SALE03185,CUST02937,HDFC Bank,147000,38723,36,9.19,4688
FIN06540,SALE08847,CUST01648,Bajaj Finance,144000,54882,24,11.04,6714
FIN06541,SALE00189,CUST02772,HDFC Bank,229000,91425,48,11.94,6024
FIN06542,SALE03533,CUST00663,Bajaj Finance,140000,59184,48,11.11,3626
FIN06543,SALE00931,CUST02544,TVS Credit,134000,53142,48,10.62,3439
FIN06544,SALE14590,CUST01620,HDFC Bank,257000,89450,36,11.22,8441
FIN06545,SALE16153,CUST04860,SBI Auto Loans,134000,36030,36,12.35,4473
FIN06546,SALE06888,CUST00020,HDFC Bank,158000,40837,36,9.59,5068
FIN06547,SALE01239,CUST04362,SBI Auto Loans,153000,45939,48,12.08,4035
FIN06548,SALE19702,CUST03330,Bajaj Finance,240000,83575,24,9.16,10982
FIN06549,SALE08627,CUST03020,Axis Bank,306000,59038,36,11.87,10145
FIN06550,SALE07232,CUST02505,ICICI Bank,176000,59684,36,9.29,5621
FIN06551,SALE07793,CUST00208,TVS Credit,138000,25220,36,9.49,4420
FIN06552,SALE07612,CUST02914,Bajaj Finance,185000,46325,12,9.7,16239
FIN06553,SALE12580,CUST02585,SBI Auto Loans,262000,57081,48,11.22,6800
FIN06554,SALE16503,CUST02320,HDFC Bank,116000,46292,36,10.41,3765
FIN06555,SALE05017,CUST02084,TVS Credit,150000,40209,48,10.3,3826
FIN06556,SALE01909,CUST04180,HDFC Bank,196000,36932,36,9.77,6303
FIN06557,SALE08249,CUST03994,HDFC Bank,165000,33467,60,9.01,3426
FIN06558,SALE07228,CUST02207,SBI Auto Loans,153000,44256,36,9.6,4908
FIN06559,SALE10243,CUST02683,TVS Credit,270000,51974,24,9.91,12448
FIN06560,SALE06079,CUST04555,HDFC Bank,172000,47798,36,9.76,5531
FIN06561,SALE18950,CUST00230,HDFC Bank,270000,64432,48,10.35,6893
FIN06562,SALE06941,CUST03897,SBI Auto Loans,165000,69028,36,9.36,5275
FIN06563,SALE00654,CUST01992,Bajaj Finance,276000,49448,48,11.61,7215
FIN06564,SALE19409,CUST02056,TVS Credit,165000,31472,48,10.22,4202
FIN06565,SALE00332,CUST04062,SBI Auto Loans,123000,46407,24,11.05,5736
FIN06566,SALE13427,CUST03013,ICICI Bank,247000,95563,36,10.7,8051
FIN06567,SALE13151,CUST03049,TVS Credit,139000,29934,36,11.87,4608
FIN06568,SALE07406,CUST00817,HDFC Bank,126000,39642,36,9.02,4008
FIN06569,SALE13672,CUST03875,Bajaj Finance,173000,60630,24,12.44,8179
FIN06570,SALE10678,CUST00227,Cholamandalam Finance,178000,57611,60,10.82,3854
FIN06571,SALE18365,CUST02548,HDFC Bank,213000,52259,24,11.95,10022
FIN06572,SALE01316,CUST02749,Bajaj Finance,162000,34790,48,10.76,4168
FIN06573,SALE01493,CUST04981,ICICI Bank,134000,36180,36,9.77,4309
FIN06574,SALE05022,CUST03897,Bajaj Finance,178000,38722,36,9.23,5679
FIN06575,SALE13264,CUST02113,HDFC Bank,170000,65850,36,9.83,5472
FIN06576,SALE14884,CUST02883,ICICI Bank,153000,44398,48,12.01,4030
FIN06577,SALE10650,CUST03476,TVS Credit,134000,30160,36,11.1,4393
FIN06578,SALE14453,CUST01551,ICICI Bank,181000,54689,36,11.97,6009
FIN06579,SALE04174,CUST04326,SBI Auto Loans,184000,51913,24,9.58,8455
FIN06580,SALE10045,CUST00718,SBI Auto Loans,145000,52758,24,10.62,6733
FIN06581,SALE10621,CUST02479,HDFC Bank,264000,61179,24,9.9,12170
FIN06582,SALE16014,CUST02420,SBI Auto Loans,188000,45921,12,12.5,16748
FIN06583,SALE00401,CUST04226,Bajaj Finance,188000,40418,24,11.88,8839
FIN06584,SALE01803,CUST03186,SBI Auto Loans,138000,32483,36,12.0,4584
FIN06585,SALE02890,CUST04852,SBI Auto Loans,162000,29167,12,10.03,14245
FIN06586,SALE06611,CUST03005,ICICI Bank,123000,48774,12,9.24,10770
FIN06587,SALE10423,CUST02445,SBI Auto Loans,164000,32185,36,10.75,5350
FIN06588,SALE05680,CUST04968,HDFC Bank,187000,46561,12,9.5,16397
FIN06589,SALE04309,CUST04134,SBI Auto Loans,175000,57691,12,12.41,15582
FIN06590,SALE09137,CUST01157,HDFC Bank,165000,54483,36,9.1,5255
FIN06591,SALE00371,CUST00519,Bajaj Finance,321000,83678,24,9.68,14765
FIN06592,SALE15319,CUST04303,HDFC Bank,287000,72312,36,9.68,9218
FIN06593,SALE05043,CUST03586,TVS Credit,170000,50382,36,11.02,5567
FIN06594,SALE16644,CUST03411,ICICI Bank,347000,70332,36,9.75,11156
FIN06595,SALE17688,CUST02928,HDFC Bank,130000,35954,36,12.15,4327
FIN06596,SALE17316,CUST00673,Bajaj Finance,168000,67188,36,10.13,5431
FIN06597,SALE17092,CUST04851,HDFC Bank,182000,53151,36,11.34,5988
FIN06598,SALE04750,CUST02543,TVS Credit,173000,35549,12,10.56,15255
FIN06599,SALE06935,CUST04614,SBI Auto Loans,169000,51416,36,11.89,5604
FIN06600,SALE09148,CUST02413,ICICI Bank,124000,45530,24,11.72,5821
FIN06601,SALE18963,CUST02836,SBI Auto Loans,179000,48692,36,10.87,5849
FIN06602,SALE14452,CUST04229,ICICI Bank,180000,40381,24,9.35,8252
FIN06603,SALE11336,CUST01264,Bajaj Finance,130000,41766,48,10.21,3310
FIN06604,SALE00781,CUST00640,TVS Credit,243000,79350,36,10.57,7906
FIN06605,SALE16928,CUST04403,HDFC Bank,166000,59043,36,10.34,5383
FIN06606,SALE15943,CUST00947,Bajaj Finance,161000,35466,36,9.56,5162
FIN06607,SALE02420,CUST01690,SBI Auto Loans,177000,54352,36,10.92,5788
FIN06608,SALE15002,CUST01498,Bajaj Finance,179000,48682,12,12.47,15943
FIN06609,SALE10628,CUST01765,SBI Auto Loans,173000,60765,24,8.95,7899
FIN06610,SALE07765,CUST00195,HDFC Bank,181000,37411,36,9.31,5782
FIN06611,SALE00562,CUST01586,Bajaj Finance,154000,64858,24,10.12,7115
FIN06612,SALE05162,CUST03813,ICICI Bank,158000,57020,36,11.84,5236
FIN06613,SALE03779,CUST03349,HDFC Bank,244000,74458,48,8.69,6036
FIN06614,SALE01432,CUST01635,ICICI Bank,162000,49961,36,12.45,5416
FIN06615,SALE01406,CUST03616,SBI Auto Loans,140000,59275,36,12.29,4669
FIN06616,SALE09980,CUST03624,Bajaj Finance,167000,68866,36,9.8,5373
FIN06617,SALE05960,CUST00041,ICICI Bank,178000,43521,24,10.76,8276
FIN06618,SALE04414,CUST01632,Bajaj Finance,169000,30242,12,11.78,14998
FIN06619,SALE13177,CUST02452,Bajaj Finance,252000,105291,24,12.19,11885
FIN06620,SALE06676,CUST02228,ICICI Bank,182000,52788,24,11.88,8557
FIN06621,SALE00805,CUST04078,HDFC Bank,144000,53409,36,11.61,4756
FIN06622,SALE15945,CUST04922,SBI Auto Loans,166000,52163,24,12.0,7814
FIN06623,SALE18222,CUST00178,TVS Credit,174000,51123,48,11.85,4569
FIN06624,SALE04516,CUST01767,HDFC Bank,200000,39930,48,11.37,5205
FIN06625,SALE08951,CUST04159,TVS Credit,156000,40957,24,8.81,7113
FIN06626,SALE07848,CUST01969,SBI Auto Loans,339000,60572,24,12.09,15972
FIN06627,SALE15195,CUST00902,HDFC Bank,150000,46104,36,8.97,4768
FIN06628,SALE19541,CUST00387,Cholamandalam Finance,175000,44741,48,11.65,4578
FIN06629,SALE19368,CUST01813,TVS Credit,191000,44041,36,11.61,6308
FIN06630,SALE11065,CUST02575,ICICI Bank,138000,24955,12,9.78,12118
FIN06631,SALE10658,CUST03557,ICICI Bank,185000,49824,48,9.75,4670
FIN06632,SALE00529,CUST02381,Bajaj Finance,161000,33438,36,9.91,5188
FIN06633,SALE15095,CUST00724,TVS Credit,184000,33392,48,9.12,4589
FIN06634,SALE07480,CUST00466,ICICI Bank,167000,32089,12,8.66,14578
FIN06635,SALE17782,CUST03821,HDFC Bank,265000,57137,48,9.05,6601
FIN06636,SALE13314,CUST01330,Bajaj Finance,298000,68205,36,10.36,9666
FIN06637,SALE05575,CUST01755,Hero FinCorp,158000,39652,60,10.67,3409
FIN06638,SALE10118,CUST03693,Hero FinCorp,325000,82873,48,11.4,8463
FIN06639,SALE19965,CUST00417,HDFC Bank,157000,62341,36,11.35,5166
FIN06640,SALE18755,CUST02182,HDFC Bank,143000,54058,36,9.62,4589
FIN06641,SALE07608,CUST01117,Bajaj Finance,194000,43314,12,11.61,17201
FIN06642,SALE13233,CUST04638,Bajaj Finance,158000,62846,60,11.67,3488
FIN06643,SALE05348,CUST01108,Bajaj Finance,196000,39916,48,12.09,5170
FIN06644,SALE16257,CUST04445,Hero FinCorp,124000,47281,36,10.8,4048
FIN06645,SALE09854,CUST04316,ICICI Bank,167000,43207,60,9.67,3521
FIN06646,SALE16840,CUST01819,ICICI Bank,167000,54386,24,9.24,7648
FIN06647,SALE12652,CUST03476,Bajaj Finance,150000,40254,36,8.93,4765
FIN06648,SALE02694,CUST04187,SBI Auto Loans,177000,59786,24,12.14,8344
FIN06649,SALE17287,CUST01589,HDFC Bank,130000,37046,36,9.77,4181
FIN06650,SALE14594,CUST03699,TVS Credit,139000,26211,36,9.84,4475
FIN06651,SALE10069,CUST03888,HDFC Bank,141000,55782,24,10.89,6565
FIN06652,SALE15934,CUST02219,Hero FinCorp,152000,45627,36,9.79,4890
FIN06653,SALE03995,CUST02951,Bajaj Finance,167000,51442,24,11.86,7850
FIN06654,SALE10174,CUST04481,ICICI Bank,185000,33271,60,11.23,4044
FIN06655,SALE09401,CUST03317,ICICI Bank,158000,47718,36,9.15,5035
FIN06656,SALE10044,CUST03883,Bajaj Finance,159000,38194,36,11.11,5214
FIN06657,SALE07882,CUST00567,Hero FinCorp,268000,57527,24,9.84,12347
FIN06658,SALE05065,CUST04743,SBI Auto Loans,146000,51570,24,12.31,6894
FIN06659,SALE05349,CUST02094,HDFC Bank,171000,61294,48,12.35,4533
FIN06660,SALE19212,CUST02995,ICICI Bank,139000,51845,48,10.86,3583
FIN06661,SALE01983,CUST04965,TVS Credit,327000,81194,24,9.6,15029
FIN06662,SALE04989,CUST03757,Axis Bank,196000,39820,36,11.87,6498
FIN06663,SALE16028,CUST02221,Axis Bank,131000,38705,48,9.06,3264
FIN06664,SALE16614,CUST04008,ICICI Bank,307000,97349,48,8.83,7615
FIN06665,SALE19968,CUST01695,HDFC Bank,240000,70536,24,11.36,11226
FIN06666,SALE03802,CUST02730,SBI Auto Loans,167000,67196,36,12.47,5584
FIN06667,SALE09679,CUST04569,ICICI Bank,156000,63916,48,11.6,4078
FIN06668,SALE15834,CUST01901,TVS Credit,145000,35098,36,11.95,4813
FIN06669,SALE14119,CUST04252,Bajaj Finance,183000,48171,36,10.98,5989
FIN06670,SALE12465,CUST04997,TVS Credit,178000,39354,36,9.31,5686
FIN06671,SALE10733,CUST03403,Bajaj Finance,156000,38066,36,12.31,5205
FIN06672,SALE09899,CUST01122,ICICI Bank,161000,59177,24,9.82,7416
FIN06673,SALE11159,CUST03238,ICICI Bank,181000,51683,36,12.05,6016
FIN06674,SALE04190,CUST03576,Bajaj Finance,287000,53693,36,8.56,9068
FIN06675,SALE03031,CUST02150,Bajaj Finance,249000,71156,36,9.69,7998
FIN06676,SALE06971,CUST03496,Bajaj Finance,186000,36409,48,9.85,4704
FIN06677,SALE05014,CUST01205,HDFC Bank,130000,34497,48,10.69,3340
FIN06678,SALE17200,CUST03669,SBI Auto Loans,159000,36738,48,10.99,4109
FIN06679,SALE10655,CUST02616,ICICI Bank,348000,62627,36,10.22,11265
FIN06680,SALE07186,CUST03248,Bajaj Finance,182000,39576,24,11.83,8553
FIN06681,SALE00128,CUST00561,ICICI Bank,285000,49915,24,10.24,13183
FIN06682,SALE16966,CUST03993,SBI Auto Loans,173000,46554,60,11.25,3783
FIN06683,SALE03119,CUST04721,SBI Auto Loans,164000,57072,36,9.52,5255
FIN06684,SALE09237,CUST03672,ICICI Bank,150000,46526,24,9.19,6866
FIN06685,SALE13278,CUST02295,ICICI Bank,191000,48860,36,11.12,6264
FIN06686,SALE18150,CUST00370,Bajaj Finance,164000,70388,12,9.33,14367
FIN06687,SALE10100,CUST02287,HDFC Bank,231000,93069,36,8.95,7340
FIN06688,SALE12790,CUST00718,TVS Credit,179000,57009,36,9.25,5713
FIN06689,SALE05145,CUST04437,Axis Bank,265000,60642,36,9.55,8495
FIN06690,SALE10710,CUST00525,HDFC Bank,177000,35210,12,12.25,15747
FIN06691,SALE00926,CUST04486,Bajaj Finance,169000,58042,36,11.67,5587
FIN06692,SALE09400,CUST03905,Bajaj Finance,151000,48254,60,9.89,3200
FIN06693,SALE11682,CUST04171,Bajaj Finance,138000,31470,48,10.9,3560
FIN06694,SALE04274,CUST02662,Cholamandalam Finance,146000,45727,36,12.32,4872
FIN06695,SALE18524,CUST00084,HDFC Bank,132000,34108,36,11.98,4383
FIN06696,SALE03434,CUST01615,SBI Auto Loans,143000,46846,36,9.35,4571
FIN06697,SALE08979,CUST03403,Axis Bank,142000,56840,36,11.35,4672
FIN06698,SALE18774,CUST04436,HDFC Bank,252000,87249,36,9.04,8018
FIN06699,SALE07932,CUST04254,Axis Bank,152000,46342,36,9.64,4879
FIN06700,SALE15268,CUST03400,Bajaj Finance,275000,70611,36,9.89,8859
FIN06701,SALE04287,CUST02326,SBI Auto Loans,124000,35598,36,8.8,3932
FIN06702,SALE13971,CUST00808,Hero FinCorp,126000,45000,36,10.25,4080
FIN06703,SALE14729,CUST01972,ICICI Bank,245000,77411,24,10.39,11350
FIN06704,SALE12843,CUST03611,Bajaj Finance,141000,47173,36,12.28,4702
FIN06705,SALE17744,CUST03402,SBI Auto Loans,139000,59307,60,12.38,3119
FIN06706,SALE10912,CUST01964,Bajaj Finance,161000,68052,60,11.02,3502
FIN06707,SALE17851,CUST00026,ICICI Bank,168000,52156,12,9.01,14693
FIN06708,SALE14547,CUST02285,SBI Auto Loans,169000,40841,36,11.29,5556
FIN06709,SALE09530,CUST03833,TVS Credit,145000,47958,24,12.18,6838
FIN06710,SALE16578,CUST02464,Hero FinCorp,228000,94529,48,12.35,6043
FIN06711,SALE08821,CUST02889,HDFC Bank,192000,40782,48,10.57,4922
FIN06712,SALE06449,CUST04263,HDFC Bank,135000,35371,48,10.83,3478
FIN06713,SALE12414,CUST00330,SBI Auto Loans,118000,48974,36,9.85,3799
FIN06714,SALE08496,CUST04661,Hero FinCorp,157000,64323,36,9.66,5041
FIN06715,SALE12254,CUST03700,ICICI Bank,172000,68589,48,11.21,4463
FIN06716,SALE10633,CUST04051,SBI Auto Loans,139000,30330,36,11.08,4556
FIN06717,SALE04758,CUST04922,SBI Auto Loans,172000,63953,60,10.73,3717
FIN06718,SALE10314,CUST00805,ICICI Bank,173000,45333,24,11.64,8115
FIN06719,SALE17041,CUST03567,ICICI Bank,156000,41973,24,9.34,7151
FIN06720,SALE08192,CUST00577,HDFC Bank,121000,51021,24,11.12,5646
FIN06721,SALE14352,CUST01414,TVS Credit,116000,48741,24,9.29,5315
FIN06722,SALE09159,CUST00270,HDFC Bank,136000,34430,36,9.42,4351
FIN06723,SALE14212,CUST01630,TVS Credit,161000,30327,48,10.29,4106
FIN06724,SALE17150,CUST00238,HDFC Bank,309000,98685,36,8.71,9784
FIN06725,SALE10206,CUST00445,SBI Auto Loans,136000,34435,36,10.18,4400
FIN06726,SALE17935,CUST03646,TVS Credit,172000,42124,48,11.64,4499
FIN06727,SALE06165,CUST03713,HDFC Bank,163000,34940,24,11.45,7631
FIN06728,SALE09177,CUST03165,Cholamandalam Finance,225000,40525,36,10.54,7317
FIN06729,SALE14870,CUST04449,SBI Auto Loans,161000,36876,48,9.5,4045
FIN06730,SALE14585,CUST02613,ICICI Bank,152000,63505,24,8.74,6926
FIN06731,SALE06858,CUST03311,Bajaj Finance,265000,50540,60,9.96,5625
FIN06732,SALE06597,CUST04285,ICICI Bank,169000,29819,24,10.45,7834
FIN06733,SALE14631,CUST03494,ICICI Bank,288000,62901,48,9.7,7263
FIN06734,SALE04249,CUST03779,SBI Auto Loans,154000,41869,24,9.23,7052
FIN06735,SALE01306,CUST01173,ICICI Bank,169000,63889,36,9.12,5384
FIN06736,SALE18095,CUST01964,TVS Credit,148000,49719,36,9.2,4720
FIN06737,SALE09621,CUST00086,Bajaj Finance,166000,70043,12,11.62,14719
FIN06738,SALE16378,CUST02288,TVS Credit,259000,63763,24,11.51,12133
FIN06739,SALE18274,CUST02375,ICICI Bank,302000,62403,24,10.42,13994
FIN06740,SALE03196,CUST03189,TVS Credit,151000,45201,24,10.47,7001
FIN06741,SALE08758,CUST04156,HDFC Bank,130000,39902,24,9.97,5997
FIN06742,SALE13382,CUST03081,HDFC Bank,158000,39111,36,10.15,5109
FIN06743,SALE13909,CUST01178,Bajaj Finance,175000,42140,24,10.01,8076
FIN06744,SALE18114,CUST01273,ICICI Bank,173000,42524,48,11.22,4490
FIN06745,SALE02514,CUST02075,ICICI Bank,263000,99920,24,9.25,12045
FIN06746,SALE10683,CUST02382,SBI Auto Loans,185000,48409,36,8.54,5843
FIN06747,SALE01225,CUST01579,HDFC Bank,169000,61158,36,10.87,5522
FIN06748,SALE16765,CUST00692,SBI Auto Loans,191000,45734,48,11.47,4980
FIN06749,SALE02562,CUST03660,ICICI Bank,152000,37013,60,9.48,3191
FIN06750,SALE17559,CUST00555,Hero FinCorp,164000,54602,36,10.55,5334
FIN06751,SALE00732,CUST03857,TVS Credit,173000,61933,24,10.33,8009
FIN06752,SALE07845,CUST02640,SBI Auto Loans,141000,31275,36,9.67,4528
FIN06753,SALE00127,CUST04372,SBI Auto Loans,168000,63259,36,8.75,5323
FIN06754,SALE07198,CUST04791,Cholamandalam Finance,272000,50641,36,12.43,9090
FIN06755,SALE13581,CUST02256,ICICI Bank,161000,30165,12,9.41,14110
FIN06756,SALE15695,CUST02297,SBI Auto Loans,168000,50365,36,10.03,5423
FIN06757,SALE17796,CUST02027,HDFC Bank,244000,74429,48,12.02,6428
FIN06758,SALE05647,CUST00127,TVS Credit,271000,54328,24,8.79,12354
FIN06759,SALE16055,CUST00759,ICICI Bank,123000,48381,24,11.73,5775
FIN06760,SALE14858,CUST03211,TVS Credit,227000,42464,36,9.5,7271
FIN06761,SALE15421,CUST00101,TVS Credit,175000,44983,36,9.64,5617
FIN06762,SALE03113,CUST03272,SBI Auto Loans,165000,30454,24,11.77,7749
FIN06763,SALE18835,CUST01081,HDFC Bank,268000,56855,48,8.52,6608
FIN06764,SALE15112,CUST02655,HDFC Bank,296000,112814,48,8.71,7325
FIN06765,SALE10719,CUST02284,Bajaj Finance,194000,39863,36,8.52,6126
FIN06766,SALE19258,CUST04709,SBI Auto Loans,232000,41694,36,9.3,7410
FIN06767,SALE04324,CUST04451,SBI Auto Loans,151000,48301,36,11.04,4946
FIN06768,SALE17864,CUST01040,ICICI Bank,172000,47320,36,11.27,5653
FIN06769,SALE05161,CUST01391,TVS Credit,126000,36520,36,9.49,4036
FIN06770,SALE09306,CUST04840,Cholamandalam Finance,148000,48513,12,8.57,12913
FIN06771,SALE19004,CUST04132,TVS Credit,166000,65258,36,11.76,5495
FIN06772,SALE06339,CUST03739,TVS Credit,181000,54727,36,12.41,6047
FIN06773,SALE08595,CUST01572,Bajaj Finance,122000,44977,36,9.3,3897
FIN06774,SALE15709,CUST03945,ICICI Bank,176000,45013,36,10.16,5692
FIN06775,SALE04490,CUST04300,Cholamandalam Finance,197000,74128,36,12.13,6555
FIN06776,SALE02900,CUST02059,TVS Credit,139000,32897,24,11.37,6502
FIN06777,SALE14841,CUST02052,TVS Credit,265000,53564,36,11.79,8775
FIN06778,SALE03326,CUST00788,Axis Bank,173000,43407,12,11.49,15330
FIN06779,SALE17555,CUST00075,Bajaj Finance,155000,63709,12,10.04,13630
FIN06780,SALE12065,CUST02904,Cholamandalam Finance,195000,38469,24,12.12,9190
FIN06781,SALE19661,CUST04315,SBI Auto Loans,179000,40485,36,8.91,5685
FIN06782,SALE12606,CUST02347,HDFC Bank,125000,46288,60,9.16,2605
FIN06783,SALE13003,CUST02105,ICICI Bank,160000,36382,36,11.69,5291
FIN06784,SALE06262,CUST01534,ICICI Bank,187000,33990,36,12.32,6240
FIN06785,SALE19559,CUST00009,Bajaj Finance,188000,45953,36,10.56,6116
FIN06786,SALE12138,CUST04846,ICICI Bank,229000,83866,12,9.31,20059
FIN06787,SALE11397,CUST00223,TVS Credit,148000,45432,24,10.23,6845
FIN06788,SALE07439,CUST02599,Bajaj Finance,316000,92065,36,11.13,10365
FIN06789,SALE06550,CUST00875,HDFC Bank,167000,29265,36,11.54,5510
FIN06790,SALE03406,CUST01805,HDFC Bank,130000,28334,48,10.41,3323
FIN06791,SALE19475,CUST01101,SBI Auto Loans,165000,53580,36,10.92,5396
FIN06792,SALE17493,CUST00598,SBI Auto Loans,137000,35375,24,10.82,6374
FIN06793,SALE00473,CUST01788,Bajaj Finance,127000,42139,48,9.76,3206
FIN06794,SALE04456,CUST03882,HDFC Bank,133000,32063,36,12.02,4419
FIN06795,SALE17699,CUST00754,ICICI Bank,136000,33898,36,8.69,4305
FIN06796,SALE11184,CUST04460,SBI Auto Loans,166000,40720,36,11.27,5456
FIN06797,SALE02034,CUST04865,SBI Auto Loans,129000,43204,48,12.32,3417
FIN06798,SALE10054,CUST04458,Cholamandalam Finance,171000,47370,24,11.11,7979
FIN06799,SALE05289,CUST02976,Bajaj Finance,133000,36149,36,10.54,4325
FIN06800,SALE02049,CUST03873,ICICI Bank,156000,63326,12,10.37,13742
FIN06801,SALE02026,CUST04490,HDFC Bank,177000,61470,24,11.82,8317
FIN06802,SALE16975,CUST03961,SBI Auto Loans,171000,46763,48,12.02,4505
FIN06803,SALE02981,CUST01712,SBI Auto Loans,134000,24676,60,10.9,2907
FIN06804,SALE18897,CUST00716,SBI Auto Loans,158000,60204,48,12.32,4186
FIN06805,SALE13602,CUST00495,SBI Auto Loans,173000,62572,36,9.22,5519
FIN06806,SALE05645,CUST00669,HDFC Bank,180000,39649,36,11.89,5969
FIN06807,SALE12053,CUST00297,ICICI Bank,169000,69625,60,11.94,3754
FIN06808,SALE15735,CUST04204,Bajaj Finance,155000,63462,60,9.73,3273
FIN06809,SALE03367,CUST02240,HDFC Bank,147000,50596,36,12.47,4916
FIN06810,SALE01680,CUST01999,Bajaj Finance,137000,35030,36,11.5,4518
FIN06811,SALE19478,CUST00375,SBI Auto Loans,325000,90596,48,11.72,8514
FIN06812,SALE09036,CUST02563,HDFC Bank,160000,36430,48,11.96,4210
FIN06813,SALE14166,CUST00162,TVS Credit,275000,70290,24,8.86,12546
FIN06814,SALE17802,CUST02741,HDFC Bank,156000,41314,24,10.58,7240
FIN06815,SALE17490,CUST04276,ICICI Bank,337000,77807,60,10.59,7258
FIN06816,SALE16780,CUST02033,Bajaj Finance,282000,62407,48,8.86,6999
FIN06817,SALE11507,CUST00043,HDFC Bank,155000,62567,36,12.22,5165
FIN06818,SALE03979,CUST03685,Hero FinCorp,176000,58659,24,9.06,8045
FIN06819,SALE06907,CUST03250,Hero FinCorp,302000,59544,36,12.01,10032
FIN06820,SALE04207,CUST02563,SBI Auto Loans,158000,64966,36,10.83,5160
FIN06821,SALE02946,CUST00089,ICICI Bank,186000,35405,24,10.49,8625
FIN06822,SALE08173,CUST02543,ICICI Bank,181000,37306,36,12.4,6046
FIN06823,SALE16408,CUST01550,SBI Auto Loans,178000,38609,24,10.65,8267
FIN06824,SALE12303,CUST02207,HDFC Bank,159000,54188,24,9.61,7308
FIN06825,SALE06661,CUST04667,TVS Credit,155000,60836,12,10.76,13682
FIN06826,SALE06220,CUST02052,SBI Auto Loans,138000,59646,36,9.72,4435
FIN06827,SALE01505,CUST01230,HDFC Bank,163000,36301,24,10.31,7545
FIN06828,SALE00180,CUST01589,ICICI Bank,338000,72281,24,12.08,15923
FIN06829,SALE04228,CUST04979,HDFC Bank,230000,42392,24,11.72,10797
FIN06830,SALE05126,CUST03766,HDFC Bank,145000,48384,24,11.82,6813
FIN06831,SALE01837,CUST03325,HDFC Bank,241000,83264,36,10.66,7851
FIN06832,SALE16480,CUST02393,Bajaj Finance,193000,42864,12,11.85,17134
FIN06833,SALE17671,CUST01377,Bajaj Finance,182000,34965,48,8.53,4489
FIN06834,SALE12964,CUST02630,Cholamandalam Finance,177000,43194,36,11.32,5822
FIN06835,SALE17331,CUST02474,HDFC Bank,130000,40115,48,9.82,3286
FIN06836,SALE08363,CUST02215,HDFC Bank,154000,42529,36,9.28,4917
FIN06837,SALE17131,CUST03338,Bajaj Finance,181000,36012,24,11.25,8457
FIN06838,SALE16760,CUST02814,Bajaj Finance,183000,35610,36,11.89,6069
FIN06839,SALE06476,CUST01550,ICICI Bank,170000,49150,36,10.84,5553
FIN06840,SALE17108,CUST04132,ICICI Bank,136000,28949,36,12.27,4535
FIN06841,SALE00557,CUST01159,Bajaj Finance,136000,35028,24,12.36,6425
FIN06842,SALE08913,CUST01241,ICICI Bank,161000,58782,36,11.9,5340
FIN06843,SALE08581,CUST03062,Axis Bank,222000,52087,36,9.49,7110
FIN06844,SALE16368,CUST00457,ICICI Bank,163000,48138,36,9.43,5216
FIN06845,SALE08058,CUST03352,TVS Credit,183000,38255,48,8.57,4517
FIN06846,SALE02442,CUST02366,HDFC Bank,286000,76507,12,9.92,25133
FIN06847,SALE18443,CUST01462,HDFC Bank,182000,38625,36,11.84,6031
FIN06848,SALE15700,CUST02688,SBI Auto Loans,150000,49038,24,12.44,7092
FIN06849,SALE02376,CUST02770,ICICI Bank,135000,55067,36,10.4,4381
FIN06850,SALE08122,CUST03870,SBI Auto Loans,182000,36551,12,11.72,16147
FIN06851,SALE13155,CUST04706,SBI Auto Loans,138000,29049,36,12.47,4615
FIN06852,SALE09366,CUST04977,SBI Auto Loans,142000,55818,36,10.12,4590
FIN06853,SALE04197,CUST02921,Cholamandalam Finance,171000,42176,60,8.72,3526
FIN06854,SALE04664,CUST01333,HDFC Bank,200000,71268,36,9.12,6371
FIN06855,SALE10968,CUST00265,HDFC Bank,156000,41091,60,11.93,3465
FIN06856,SALE03197,CUST03094,HDFC Bank,146000,54493,48,11.26,3792
FIN06857,SALE19712,CUST02119,SBI Auto Loans,184000,36665,36,12.2,6129
FIN06858,SALE14640,CUST00066,ICICI Bank,124000,47881,36,11.57,4093
FIN06859,SALE04858,CUST03548,Bajaj Finance,132000,39072,36,10.52,4292
FIN06860,SALE01625,CUST04835,TVS Credit,212000,55244,36,9.72,6813
FIN06861,SALE00490,CUST02557,SBI Auto Loans,142000,27582,36,10.32,4603
FIN06862,SALE02859,CUST02368,Bajaj Finance,164000,31792,48,8.8,4066
FIN06863,SALE02132,CUST01291,HDFC Bank,142000,29484,36,11.09,4655
FIN06864,SALE13549,CUST01344,TVS Credit,160000,58838,36,11.05,5242
FIN06865,SALE17445,CUST03034,SBI Auto Loans,188000,40690,12,9.56,16490
FIN06866,SALE14642,CUST03267,Axis Bank,166000,70100,24,8.61,7554
FIN06867,SALE02954,CUST02916,Bajaj Finance,161000,54444,48,8.87,3997
FIN06868,SALE06531,CUST00993,Bajaj Finance,185000,34845,36,10.76,6036
FIN06869,SALE18854,CUST04147,HDFC Bank,154000,61743,24,12.44,7281
FIN06870,SALE13272,CUST03890,Hero FinCorp,183000,35419,36,8.69,5793
FIN06871,SALE13902,CUST04004,ICICI Bank,170000,65700,36,10.31,5510
FIN06872,SALE10549,CUST04862,SBI Auto Loans,174000,57686,48,12.5,4625
FIN06873,SALE05945,CUST04142,HDFC Bank,165000,48699,36,10.24,5343
FIN06874,SALE01314,CUST00633,Bajaj Finance,166000,53374,48,11.75,4351
FIN06875,SALE06730,CUST01412,Hero FinCorp,159000,62922,24,9.25,7282
FIN06876,SALE16889,CUST03933,TVS Credit,176000,43980,24,9.97,8119
FIN06877,SALE19636,CUST00137,HDFC Bank,199000,37239,48,9.82,5030
FIN06878,SALE03157,CUST01268,SBI Auto Loans,152000,27680,36,9.86,4895
FIN06879,SALE18038,CUST00947,HDFC Bank,232000,90712,36,11.46,7646
FIN06880,SALE04783,CUST04864,Bajaj Finance,300000,56637,36,10.84,9799
FIN06881,SALE05997,CUST02128,Bajaj Finance,165000,53364,36,12.21,5497
FIN06882,SALE00467,CUST01632,ICICI Bank,139000,28758,36,11.14,4560
FIN06883,SALE09870,CUST01199,HDFC Bank,157000,59873,36,8.97,4990
FIN06884,SALE10107,CUST01971,Hero FinCorp,183000,52129,36,12.41,6114
FIN06885,SALE11568,CUST03225,ICICI Bank,135000,51103,48,12.22,3570
FIN06886,SALE18862,CUST03431,ICICI Bank,130000,42126,48,8.81,3223
FIN06887,SALE13521,CUST01639,HDFC Bank,275000,49493,48,8.97,6839
FIN06888,SALE15753,CUST03737,Bajaj Finance,135000,35544,36,12.03,4486
FIN06889,SALE10610,CUST00932,ICICI Bank,189000,41555,24,11.15,8822
FIN06890,SALE08783,CUST01846,Bajaj Finance,216000,57114,48,8.74,5349
FIN06891,SALE19170,CUST01301,HDFC Bank,139000,32968,36,11.07,4555
FIN06892,SALE19468,CUST01800,ICICI Bank,162000,61862,48,10.18,4123
FIN06893,SALE02824,CUST02080,ICICI Bank,237000,85743,12,11.44,20995
FIN06894,SALE15150,CUST04112,HDFC Bank,146000,51063,60,10.82,3161
FIN06895,SALE03309,CUST02339,HDFC Bank,240000,79569,36,8.74,7603
FIN06896,SALE13025,CUST03232,HDFC Bank,129000,40322,36,12.33,4305
FIN06897,SALE19695,CUST01006,TVS Credit,150000,46430,48,9.41,3762
FIN06898,SALE06494,CUST01389,HDFC Bank,249000,71816,36,10.44,8086
FIN06899,SALE14795,CUST03862,SBI Auto Loans,304000,111525,36,9.66,9761
FIN06900,SALE11363,CUST01853,ICICI Bank,120000,42231,36,10.13,3879
FIN06901,SALE08395,CUST04233,SBI Auto Loans,143000,29012,24,8.6,6507
FIN06902,SALE00826,CUST02965,SBI Auto Loans,142000,26010,36,9.77,4567
FIN06903,SALE14275,CUST03900,Bajaj Finance,339000,69104,60,9.65,7145
FIN06904,SALE16163,CUST03917,HDFC Bank,287000,117666,36,10.61,9343
FIN06905,SALE15821,CUST03020,Hero FinCorp,177000,45488,24,10.94,8245
FIN06906,SALE16674,CUST04328,HDFC Bank,139000,57123,36,9.31,4440
FIN06907,SALE15408,CUST04116,HDFC Bank,182000,36659,24,9.46,8353
FIN06908,SALE06900,CUST02500,ICICI Bank,174000,37728,36,9.37,5563
FIN06909,SALE05095,CUST01997,HDFC Bank,163000,33370,12,10.72,14385
FIN06910,SALE00273,CUST01583,Bajaj Finance,272000,86757,36,8.78,8622
FIN06911,SALE04412,CUST04281,Bajaj Finance,168000,50874,36,12.19,5595
FIN06912,SALE09893,CUST03348,HDFC Bank,149000,49764,24,10.09,6882
FIN06913,SALE13353,CUST04394,HDFC Bank,163000,53584,36,10.1,5267
FIN06914,SALE04369,CUST02770,SBI Auto Loans,233000,86358,48,11.39,6066
FIN06915,SALE03735,CUST04332,Axis Bank,173000,63335,24,9.92,7977
FIN06916,SALE04977,CUST00340,SBI Auto Loans,142000,56530,36,9.59,4555
FIN06917,SALE15278,CUST00641,HDFC Bank,151000,39829,24,11.31,7060
FIN06918,SALE18421,CUST03223,Bajaj Finance,143000,42594,36,12.11,4757
FIN06919,SALE05771,CUST03978,SBI Auto Loans,195000,37254,24,9.09,8917
FIN06920,SALE15241,CUST02177,SBI Auto Loans,177000,41698,36,11.12,5805
FIN06921,SALE17037,CUST03408,Bajaj Finance,267000,85508,36,11.75,8836
FIN06922,SALE10320,CUST02482,Cholamandalam Finance,130000,40143,60,12.46,2922
FIN06923,SALE02316,CUST03823,Cholamandalam Finance,157000,36391,12,11.76,13932
FIN06924,SALE14556,CUST03133,TVS Credit,141000,53365,24,12.26,6654
FIN06925,SALE10504,CUST02825,Bajaj Finance,185000,49266,36,11.88,6134
FIN06926,SALE17173,CUST02884,Bajaj Finance,280000,81219,36,10.67,9123
FIN06927,SALE09423,CUST04494,ICICI Bank,280000,67912,36,9.12,8920
FIN06928,SALE01071,CUST01840,Hero FinCorp,137000,33561,12,12.25,12188
FIN06929,SALE02267,CUST02733,SBI Auto Loans,255000,69126,36,12.04,8475
FIN06930,SALE12655,CUST04758,Hero FinCorp,164000,57335,36,10.88,5360
FIN06931,SALE00871,CUST03625,ICICI Bank,181000,60065,12,10.86,15985
FIN06932,SALE02991,CUST04961,Hero FinCorp,174000,40892,60,11.06,3788
FIN06933,SALE16976,CUST00104,Bajaj Finance,168000,45678,36,8.84,5330
FIN06934,SALE08674,CUST00890,Bajaj Finance,152000,64222,24,12.23,7172
FIN06935,SALE07215,CUST02060,TVS Credit,150000,46372,36,11.78,4966
FIN06936,SALE11570,CUST01099,HDFC Bank,143000,51591,36,8.63,4523
FIN06937,SALE17941,CUST04196,ICICI Bank,159000,39988,60,9.94,3374
FIN06938,SALE12347,CUST02326,SBI Auto Loans,297000,120364,60,12.14,6628
FIN06939,SALE11650,CUST04352,Bajaj Finance,160000,60608,12,10.42,14098
FIN06940,SALE16105,CUST01453,HDFC Bank,169000,59209,36,11.42,5567
FIN06941,SALE05709,CUST02706,TVS Credit,141000,30599,36,11.2,4630
FIN06942,SALE01171,CUST03261,HDFC Bank,150000,57445,36,9.07,4775
FIN06943,SALE15055,CUST01322,Cholamandalam Finance,218000,55880,36,10.45,7080
FIN06944,SALE01183,CUST03385,Bajaj Finance,149000,54495,48,11.7,3902
FIN06945,SALE01724,CUST01453,HDFC Bank,127000,43795,36,12.0,4218
FIN06946,SALE08525,CUST01513,Bajaj Finance,174000,61537,48,11.05,4501
FIN06947,SALE05332,CUST01050,ICICI Bank,118000,47754,24,11.9,5549
FIN06948,SALE16736,CUST01248,Bajaj Finance,252000,92157,48,12.36,6681
FIN06949,SALE01188,CUST03825,TVS Credit,143000,25116,36,11.54,4718
FIN06950,SALE15872,CUST01710,SBI Auto Loans,190000,37766,24,8.8,8663
FIN06951,SALE11351,CUST04446,HDFC Bank,123000,39161,24,12.25,5804
FIN06952,SALE13354,CUST00522,SBI Auto Loans,251000,76013,24,12.14,11832
FIN06953,SALE07615,CUST00956,Axis Bank,195000,38390,24,9.35,8940
FIN06954,SALE05201,CUST00493,ICICI Bank,158000,60640,48,8.64,3905
FIN06955,SALE07135,CUST02553,ICICI Bank,162000,50696,36,8.68,5127
FIN06956,SALE02808,CUST00324,Cholamandalam Finance,190000,36185,48,9.98,4817
FIN06957,SALE04651,CUST02616,ICICI Bank,127000,40592,24,11.96,5976
FIN06958,SALE15576,CUST00328,Axis Bank,129000,40128,48,11.25,3350
FIN06959,SALE07868,CUST00416,Axis Bank,117000,48026,24,9.16,5354
FIN06960,SALE00898,CUST00904,TVS Credit,271000,49225,48,10.41,6927
FIN06961,SALE16446,CUST01815,HDFC Bank,157000,63585,36,11.91,5208
FIN06962,SALE12558,CUST00960,Bajaj Finance,124000,45443,48,11.11,3211
FIN06963,SALE04032,CUST00185,SBI Auto Loans,167000,53247,24,10.0,7706
FIN06964,SALE07564,CUST03412,SBI Auto Loans,174000,60873,48,9.16,4343
FIN06965,SALE10951,CUST00361,TVS Credit,166000,52804,48,10.97,4288
FIN06966,SALE07748,CUST00121,TVS Credit,154000,43225,60,10.33,3297
FIN06967,SALE09945,CUST00052,ICICI Bank,193000,42427,24,9.91,8898
FIN06968,SALE07635,CUST03776,TVS Credit,168000,64107,36,12.27,5602
FIN06969,SALE07069,CUST04869,ICICI Bank,251000,94678,36,9.38,8026
FIN06970,SALE04236,CUST04717,SBI Auto Loans,155000,39721,12,9.31,13577
FIN06971,SALE15938,CUST02610,SBI Auto Loans,166000,32509,12,9.4,14548
FIN06972,SALE01338,CUST03879,SBI Auto Loans,185000,39047,12,9.56,16227
FIN06973,SALE17324,CUST04005,SBI Auto Loans,118000,41411,12,9.47,10345
FIN06974,SALE10592,CUST01818,ICICI Bank,160000,37938,12,9.0,13992
FIN06975,SALE03302,CUST02692,ICICI Bank,183000,34775,36,10.73,5968
FIN06976,SALE18587,CUST01252,HDFC Bank,180000,54156,36,11.45,5931
FIN06977,SALE13024,CUST03023,HDFC Bank,134000,32191,36,9.21,4274
FIN06978,SALE06293,CUST04854,Cholamandalam Finance,161000,35578,24,10.2,7444
FIN06979,SALE02154,CUST03075,SBI Auto Loans,150000,47466,12,11.0,13257
FIN06980,SALE15829,CUST02095,HDFC Bank,164000,52207,36,11.41,5401
FIN06981,SALE06937,CUST04986,Bajaj Finance,166000,65012,48,11.48,4329
FIN06982,SALE12506,CUST02677,SBI Auto Loans,170000,66148,24,10.49,7883
FIN06983,SALE14189,CUST02234,SBI Auto Loans,195000,39370,24,10.22,9018
FIN06984,SALE12032,CUST04460,ICICI Bank,141000,52138,48,11.87,3704
FIN06985,SALE15885,CUST03062,Hero FinCorp,168000,67324,36,11.12,5510
FIN06986,SALE10589,CUST00938,ICICI Bank,155000,41522,36,9.06,4933
FIN06987,SALE17735,CUST03357,SBI Auto Loans,221000,94419,60,9.91,4686
FIN06988,SALE19781,CUST04080,ICICI Bank,163000,56963,48,11.15,4225
FIN06989,SALE09853,CUST03542,ICICI Bank,157000,36789,48,10.15,3993
FIN06990,SALE02480,CUST04600,SBI Auto Loans,181000,38988,12,11.57,16045
FIN06991,SALE09074,CUST00592,ICICI Bank,143000,51881,48,9.71,3607
FIN06992,SALE08632,CUST03913,SBI Auto Loans,115000,48346,36,11.53,3794
FIN06993,SALE11146,CUST01128,HDFC Bank,144000,26273,48,9.41,3612
FIN06994,SALE19204,CUST01954,Axis Bank,140000,57576,36,8.63,4428
FIN06995,SALE01763,CUST00963,SBI Auto Loans,164000,62404,24,9.62,7539
FIN06996,SALE16787,CUST03804,TVS Credit,155000,43157,24,12.35,7322
FIN06997,SALE18151,CUST00872,ICICI Bank,182000,50725,36,9.32,5815
FIN06998,SALE08828,CUST02787,SBI Auto Loans,172000,40443,24,10.3,7961
FIN06999,SALE08438,CUST02664,SBI Auto Loans,197000,76239,36,11.85,6529
FIN07000,SALE00218,CUST00677,HDFC Bank,183000,46913,24,9.08,8367
FIN07001,SALE02107,CUST00489,Hero FinCorp,173000,46289,36,10.94,5659
FIN07002,SALE03580,CUST03409,Bajaj Finance,140000,55354,24,11.35,6548
FIN07003,SALE15861,CUST01374,Axis Bank,197000,36117,24,9.27,9024
FIN07004,SALE03635,CUST04605,ICICI Bank,350000,61707,48,10.49,8959
FIN07005,SALE08875,CUST04210,ICICI Bank,153000,58767,24,9.98,7059
FIN07006,SALE17407,CUST02855,Bajaj Finance,263000,84325,24,10.61,12210
FIN07007,SALE18395,CUST00988,SBI Auto Loans,198000,76126,36,11.91,6568
FIN07008,SALE07680,CUST03073,ICICI Bank,210000,62188,24,9.2,9613
FIN07009,SALE14669,CUST03263,HDFC Bank,166000,55353,60,11.05,3613
FIN07010,SALE16106,CUST04254,HDFC Bank,199000,38048,48,11.32,5174
FIN07011,SALE07801,CUST02056,ICICI Bank,172000,66054,36,12.23,5732
FIN07012,SALE17054,CUST02955,HDFC Bank,149000,47414,12,9.18,13043
FIN07013,SALE12989,CUST04924,Bajaj Finance,129000,40932,24,9.23,5907
FIN07014,SALE11780,CUST02851,ICICI Bank,176000,43927,48,11.34,4578
FIN07015,SALE07753,CUST03811,ICICI Bank,188000,43799,24,11.93,8844
FIN07016,SALE10247,CUST03263,SBI Auto Loans,169000,52140,36,8.83,5361
FIN07017,SALE11900,CUST03815,SBI Auto Loans,148000,38365,24,11.9,6960
FIN07018,SALE10600,CUST02184,ICICI Bank,168000,51089,36,9.83,5407
FIN07019,SALE00819,CUST01126,SBI Auto Loans,129000,40748,60,9.02,2679
FIN07020,SALE09694,CUST04382,TVS Credit,178000,57325,12,9.45,15604
FIN07021,SALE03376,CUST02769,Bajaj Finance,166000,47456,48,9.83,4197
FIN07022,SALE13147,CUST04441,TVS Credit,295000,57202,24,8.85,13457
FIN07023,SALE02967,CUST04925,ICICI Bank,161000,36777,36,10.29,5217
FIN07024,SALE19181,CUST04817,HDFC Bank,140000,29889,36,9.18,4464
FIN07025,SALE10051,CUST02885,HDFC Bank,216000,57424,24,11.18,10085
FIN07026,SALE05521,CUST01938,HDFC Bank,187000,44756,48,11.36,4866
FIN07027,SALE01567,CUST01109,HDFC Bank,212000,60059,36,9.26,6767
FIN07028,SALE12307,CUST02605,SBI Auto Loans,131000,31854,12,8.61,11432
FIN07029,SALE08752,CUST02191,TVS Credit,147000,50385,24,9.68,6762
FIN07030,SALE09166,CUST03383,HDFC Bank,193000,75223,60,9.0,4006
FIN07031,SALE16381,CUST00640,SBI Auto Loans,122000,46894,24,8.54,5548
FIN07032,SALE08194,CUST01786,TVS Credit,180000,48530,36,10.15,5821
FIN07033,SALE05228,CUST03101,Bajaj Finance,193000,36312,60,12.37,4329
FIN07034,SALE19185,CUST01981,SBI Auto Loans,120000,42922,36,12.28,4002
FIN07035,SALE06551,CUST01135,ICICI Bank,157000,39786,36,11.3,5162
FIN07036,SALE00020,CUST02656,SBI Auto Loans,250000,89429,24,12.15,11786
FIN07037,SALE15449,CUST01978,HDFC Bank,126000,46150,36,11.35,4146
FIN07038,SALE16956,CUST04102,ICICI Bank,319000,93797,60,12.02,7099
FIN07039,SALE19476,CUST02580,Hero FinCorp,186000,33910,24,11.02,8671
FIN07040,SALE07508,CUST02673,ICICI Bank,248000,74519,36,9.46,7940
FIN07041,SALE16227,CUST04530,HDFC Bank,121000,48448,60,8.98,2511
FIN07042,SALE02342,CUST03282,SBI Auto Loans,173000,46860,60,11.11,3771
FIN07043,SALE08555,CUST04846,Bajaj Finance,196000,40191,36,10.76,6395
FIN07044,SALE17701,CUST01812,HDFC Bank,178000,52749,36,10.14,5755
FIN07045,SALE19104,CUST04788,SBI Auto Loans,170000,64033,24,9.03,7769
FIN07046,SALE01424,CUST03728,ICICI Bank,166000,33272,36,10.75,5415
FIN07047,SALE16894,CUST00178,ICICI Bank,180000,38713,36,11.24,5913
FIN07048,SALE17911,CUST00593,HDFC Bank,170000,53577,48,8.9,4222
FIN07049,SALE15512,CUST04309,SBI Auto Loans,157000,60058,60,11.92,3486
FIN07050,SALE18031,CUST03454,Bajaj Finance,176000,40547,24,9.21,8057
FIN07051,SALE16588,CUST00631,SBI Auto Loans,162000,46463,36,10.55,5269
FIN07052,SALE16232,CUST04730,ICICI Bank,160000,60185,36,12.27,5335
FIN07053,SALE00857,CUST04344,Bajaj Finance,184000,37228,36,12.5,6155
FIN07054,SALE05074,CUST03999,ICICI Bank,256000,69953,48,11.39,6665
FIN07055,SALE14815,CUST04782,SBI Auto Loans,144000,55091,12,9.56,12630
FIN07056,SALE02393,CUST01105,Axis Bank,143000,52712,36,9.47,4579
FIN07057,SALE15969,CUST03789,Hero FinCorp,151000,45624,36,10.71,4923
FIN07058,SALE00108,CUST04046,ICICI Bank,138000,59173,36,9.63,4429
FIN07059,SALE14975,CUST01395,HDFC Bank,156000,38424,24,11.91,7337
FIN07060,SALE12277,CUST02851,ICICI Bank,173000,45383,24,12.13,8154
FIN07061,SALE01292,CUST01162,Axis Bank,158000,61544,36,9.93,5093
FIN07062,SALE13097,CUST01313,Hero FinCorp,163000,51984,24,12.0,7673
FIN07063,SALE05682,CUST04180,ICICI Bank,223000,39448,36,9.63,7157
FIN07064,SALE07258,CUST01400,ICICI Bank,155000,41310,36,8.81,4915
FIN07065,SALE03541,CUST04835,Bajaj Finance,251000,88927,36,8.53,7927
FIN07066,SALE07109,CUST03329,Bajaj Finance,139000,31748,12,10.02,12222
FIN07067,SALE19168,CUST00497,ICICI Bank,151000,65196,48,10.44,3862
FIN07068,SALE18041,CUST04845,TVS Credit,228000,97279,36,12.39,7615
FIN07069,SALE04225,CUST01641,Bajaj Finance,160000,67757,24,8.52,7274
FIN07070,SALE10387,CUST03224,HDFC Bank,122000,44764,36,11.91,4047
FIN07071,SALE12206,CUST02897,SBI Auto Loans,131000,36455,36,12.08,4356
FIN07072,SALE08494,CUST00082,Bajaj Finance,120000,51077,36,8.66,3797
FIN07073,SALE12052,CUST02683,TVS Credit,123000,41649,36,11.3,4044
FIN07074,SALE04113,CUST03787,HDFC Bank,308000,102463,24,12.05,14506
FIN07075,SALE02355,CUST04678,HDFC Bank,217000,50158,36,9.64,6965
FIN07076,SALE04693,CUST04090,SBI Auto Loans,141000,53674,36,11.57,4654
FIN07077,SALE06947,CUST03221,TVS Credit,271000,50326,12,8.79,23673
FIN07078,SALE05208,CUST00250,HDFC Bank,152000,42866,24,9.52,6980
FIN07079,SALE15933,CUST04176,Bajaj Finance,293000,51591,48,9.5,7361
FIN07080,SALE06352,CUST01340,HDFC Bank,187000,48646,60,9.56,3933
FIN07081,SALE12155,CUST02097,TVS Credit,170000,40472,36,9.39,5437
FIN07082,SALE19708,CUST02391,Axis Bank,133000,28560,36,11.07,4359
FIN07083,SALE14968,CUST04518,TVS Credit,248000,72894,36,9.45,7938
FIN07084,SALE16233,CUST04288,HDFC Bank,166000,69791,60,9.0,3446
FIN07085,SALE18611,CUST00858,ICICI Bank,117000,47936,36,9.12,3727
FIN07086,SALE06304,CUST01709,ICICI Bank,118000,42293,48,12.38,3129
FIN07087,SALE01142,CUST03189,HDFC Bank,140000,53310,24,10.01,6461
FIN07088,SALE08947,CUST04665,ICICI Bank,141000,58205,24,11.23,6587
FIN07089,SALE10233,CUST01089,Axis Bank,164000,46721,36,9.02,5217
FIN07090,SALE06471,CUST03536,Bajaj Finance,278000,65230,12,12.02,24703
FIN07091,SALE03165,CUST02924,SBI Auto Loans,332000,76264,24,8.67,15117
FIN07092,SALE02544,CUST02966,Cholamandalam Finance,137000,29735,36,8.95,4353
FIN07093,SALE19648,CUST04568,Cholamandalam Finance,266000,51748,24,10.89,12384
FIN07094,SALE11048,CUST04078,ICICI Bank,130000,39151,36,12.34,4339
FIN07095,SALE07299,CUST02863,ICICI Bank,256000,75830,48,8.55,6316
FIN07096,SALE05000,CUST02511,HDFC Bank,283000,60027,48,9.86,7159
FIN07097,SALE09707,CUST02325,HDFC Bank,177000,54681,36,9.45,5666
FIN07098,SALE15003,CUST00858,HDFC Bank,190000,44223,24,10.99,8855
FIN07099,SALE09968,CUST01501,ICICI Bank,129000,37762,36,12.46,4313
FIN07100,SALE18861,CUST00943,ICICI Bank,168000,64881,48,9.28,4203
FIN07101,SALE06388,CUST00164,Bajaj Finance,195000,38723,48,11.49,5086
FIN07102,SALE09187,CUST00673,TVS Credit,166000,31483,48,10.66,4263
FIN07103,SALE07851,CUST03660,Bajaj Finance,185000,41719,36,9.57,5932
FIN07104,SALE10284,CUST00697,TVS Credit,155000,53532,36,8.69,4907
FIN07105,SALE06033,CUST00663,Axis Bank,132000,37561,36,10.26,4275
FIN07106,SALE12467,CUST00411,TVS Credit,134000,27884,12,10.76,11828
FIN07107,SALE07943,CUST00956,ICICI Bank,176000,55405,48,11.22,4568
FIN07108,SALE02703,CUST04993,Hero FinCorp,159000,62656,36,10.04,5133
FIN07109,SALE09792,CUST03532,HDFC Bank,211000,51815,24,10.25,9761
FIN07110,SALE12552,CUST00846,HDFC Bank,138000,30008,12,11.42,12224
FIN07111,SALE01865,CUST04774,HDFC Bank,167000,61662,24,9.08,7635
FIN07112,SALE10607,CUST01576,TVS Credit,176000,59847,24,11.67,8258
FIN07113,SALE03088,CUST02605,Axis Bank,158000,59399,36,9.29,5046
FIN07114,SALE00790,CUST02827,HDFC Bank,245000,78005,48,11.91,6441
FIN07115,SALE00937,CUST04787,HDFC Bank,182000,36737,36,11.07,5964
FIN07116,SALE01738,CUST01949,SBI Auto Loans,147000,52031,36,12.48,4916
FIN07117,SALE02040,CUST04821,HDFC Bank,165000,70745,24,9.13,7548
FIN07118,SALE10564,CUST04860,SBI Auto Loans,156000,29916,24,11.64,7317
FIN07119,SALE12355,CUST00440,HDFC Bank,179000,54839,24,9.03,8180
FIN07120,SALE07224,CUST04504,TVS Credit,160000,60526,48,11.07,4141
FIN07121,SALE19446,CUST02944,SBI Auto Loans,184000,34721,12,12.03,16351
FIN07122,SALE00543,CUST03305,SBI Auto Loans,273000,87582,24,10.49,12659
FIN07123,SALE02023,CUST01196,Bajaj Finance,142000,54243,36,8.71,4496
FIN07124,SALE18384,CUST04515,HDFC Bank,232000,92464,24,11.2,10835
FIN07125,SALE17383,CUST04474,Cholamandalam Finance,169000,46953,12,9.69,14833
FIN07126,SALE10252,CUST04547,SBI Auto Loans,272000,54103,36,12.2,9060
FIN07127,SALE05887,CUST01920,Bajaj Finance,122000,50083,12,11.07,10787
FIN07128,SALE17112,CUST01077,HDFC Bank,156000,41293,60,8.86,3228
FIN07129,SALE19260,CUST00854,ICICI Bank,212000,56650,36,10.88,6929
FIN07130,SALE14137,CUST00508,Cholamandalam Finance,122000,48384,24,12.2,5754
FIN07131,SALE12076,CUST02534,ICICI Bank,189000,46786,36,8.78,5991
FIN07132,SALE03102,CUST00151,Cholamandalam Finance,135000,36798,48,11.63,3531
FIN07133,SALE03294,CUST03039,TVS Credit,153000,61686,36,9.91,4930
FIN07134,SALE01810,CUST04447,ICICI Bank,238000,82319,24,8.85,10857
FIN07135,SALE06763,CUST03812,HDFC Bank,181000,38621,36,11.41,5961
FIN07136,SALE11498,CUST04377,ICICI Bank,158000,38751,24,12.15,7449
FIN07137,SALE13533,CUST00850,SBI Auto Loans,271000,90671,24,10.54,12573
FIN07138,SALE04597,CUST04180,HDFC Bank,170000,49487,36,9.06,5411
FIN07139,SALE06295,CUST03890,HDFC Bank,187000,39173,60,9.71,3947
FIN07140,SALE10617,CUST00921,ICICI Bank,180000,53337,36,11.95,5974
FIN07141,SALE14263,CUST02190,Bajaj Finance,142000,27372,12,11.54,12586
FIN07142,SALE11861,CUST01299,Hero FinCorp,180000,54260,36,11.02,5895
FIN07143,SALE19372,CUST02392,SBI Auto Loans,180000,39810,24,9.3,8248
FIN07144,SALE11665,CUST00698,HDFC Bank,320000,96121,48,10.14,8138
FIN07145,SALE00202,CUST01208,HDFC Bank,202000,64517,36,9.89,6508
FIN07146,SALE15714,CUST03240,ICICI Bank,121000,50410,36,9.27,3863
FIN07147,SALE15459,CUST00291,HDFC Bank,244000,98477,48,12.43,6477
FIN07148,SALE15621,CUST01919,Bajaj Finance,141000,52011,24,11.75,6621
FIN07149,SALE09861,CUST01656,Axis Bank,289000,59214,36,8.53,9127
FIN07150,SALE16222,CUST04403,Hero FinCorp,170000,61149,36,10.64,5537
FIN07151,SALE14272,CUST04346,SBI Auto Loans,165000,32690,24,11.51,7729
FIN07152,SALE10750,CUST00132,ICICI Bank,161000,60170,48,9.61,4053
FIN07153,SALE01978,CUST02856,Bajaj Finance,129000,41178,36,11.15,4232
FIN07154,SALE06208,CUST02067,SBI Auto Loans,162000,59150,48,10.16,4121
FIN07155,SALE01751,CUST01987,SBI Auto Loans,134000,34132,36,8.92,4256
FIN07156,SALE04352,CUST04569,TVS Credit,163000,56560,36,11.71,5391
FIN07157,SALE06512,CUST02462,HDFC Bank,170000,51592,48,11.15,4406
FIN07158,SALE02730,CUST03663,ICICI Bank,164000,33251,36,12.25,5467
FIN07159,SALE01596,CUST02352,HDFC Bank,141000,30891,60,12.44,3168
FIN07160,SALE00861,CUST01512,Bajaj Finance,155000,42248,36,9.77,4985
FIN07161,SALE19187,CUST02938,HDFC Bank,151000,33936,36,10.79,4929
FIN07162,SALE13324,CUST03925,ICICI Bank,157000,55835,36,11.83,5202
FIN07163,SALE05562,CUST04987,Bajaj Finance,229000,93584,36,12.34,7643
FIN07164,SALE11243,CUST03112,HDFC Bank,142000,56072,24,11.9,6678
FIN07165,SALE03525,CUST02903,SBI Auto Loans,182000,49901,24,11.07,8489
FIN07166,SALE05476,CUST02305,ICICI Bank,168000,53126,36,12.42,5614
FIN07167,SALE17595,CUST00035,SBI Auto Loans,166000,31436,36,12.18,5528
FIN07168,SALE06528,CUST02330,HDFC Bank,172000,40882,36,9.09,5477
FIN07169,SALE07072,CUST01285,ICICI Bank,151000,60488,60,11.1,3291
FIN07170,SALE02433,CUST01089,TVS Credit,206000,63283,24,10.7,9573
FIN07171,SALE07867,CUST01822,TVS Credit,273000,88876,36,11.83,9045
FIN07172,SALE18457,CUST04805,Hero FinCorp,256000,67306,24,8.71,11661
FIN07173,SALE18503,CUST03961,TVS Credit,119000,50893,36,11.43,3920
FIN07174,SALE03259,CUST02934,SBI Auto Loans,145000,45186,36,9.43,4640
FIN07175,SALE18970,CUST03732,HDFC Bank,148000,49724,12,10.1,13018
FIN07176,SALE16624,CUST04136,HDFC Bank,197000,37131,36,9.21,6284
FIN07177,SALE14200,CUST03411,SBI Auto Loans,254000,68106,36,12.05,8443
FIN07178,SALE09048,CUST02453,HDFC Bank,193000,44630,36,11.44,6359
FIN07179,SALE02668,CUST01165,SBI Auto Loans,166000,53935,36,12.5,5553
FIN07180,SALE01904,CUST00753,TVS Credit,155000,41296,24,9.62,7125
FIN07181,SALE02301,CUST02139,ICICI Bank,183000,45410,36,9.06,5824
FIN07182,SALE15209,CUST04114,Hero FinCorp,239000,94205,36,8.92,7591
FIN07183,SALE04366,CUST04473,HDFC Bank,185000,49425,36,8.63,5851
FIN07184,SALE05231,CUST02024,HDFC Bank,157000,41741,36,12.13,5224
FIN07185,SALE17478,CUST01114,ICICI Bank,203000,67185,24,8.82,9257
FIN07186,SALE10794,CUST03403,Cholamandalam Finance,181000,38731,48,9.76,4570
FIN07187,SALE10787,CUST01862,Bajaj Finance,272000,71168,48,12.05,7169
FIN07188,SALE12948,CUST03548,HDFC Bank,280000,66077,48,10.53,7173
FIN07189,SALE07089,CUST00056,Axis Bank,172000,46597,60,11.19,3756
FIN07190,SALE10759,CUST03661,Bajaj Finance,146000,26021,36,10.41,4739
FIN07191,SALE01201,CUST01467,Cholamandalam Finance,155000,61703,24,9.49,7116
FIN07192,SALE14866,CUST01227,ICICI Bank,173000,60539,36,11.77,5727
FIN07193,SALE00438,CUST00727,SBI Auto Loans,270000,52114,36,12.49,9031
FIN07194,SALE07640,CUST02976,TVS Credit,165000,31355,36,11.21,5418
FIN07195,SALE12455,CUST00721,HDFC Bank,138000,58298,60,9.83,2921
FIN07196,SALE19774,CUST03276,HDFC Bank,117000,45433,36,10.46,3801
FIN07197,SALE06310,CUST00305,TVS Credit,225000,49122,36,11.95,7468
FIN07198,SALE10681,CUST02214,Bajaj Finance,165000,53844,36,11.84,5468
FIN07199,SALE09325,CUST00208,ICICI Bank,252000,89336,36,10.31,8168
FIN07200,SALE10764,CUST01791,SBI Auto Loans,178000,41010,24,10.82,8281
FIN07201,SALE10734,CUST02802,SBI Auto Loans,185000,34861,36,10.13,5981
FIN07202,SALE01254,CUST00899,ICICI Bank,164000,32717,36,10.72,5347
FIN07203,SALE16901,CUST04973,HDFC Bank,202000,37089,36,11.91,6701
FIN07204,SALE18171,CUST00557,SBI Auto Loans,179000,37774,36,10.85,5848
FIN07205,SALE08704,CUST04156,ICICI Bank,325000,78925,24,11.94,15290
FIN07206,SALE15551,CUST01947,TVS Credit,186000,33911,12,10.52,16397
FIN07207,SALE16007,CUST04075,ICICI Bank,138000,27168,24,11.85,6486
FIN07208,SALE03183,CUST00811,TVS Credit,270000,89836,24,8.98,12332
FIN07209,SALE18086,CUST03056,SBI Auto Loans,184000,54992,36,8.83,5837
FIN07210,SALE14363,CUST02450,HDFC Bank,133000,38043,24,9.89,6131
FIN07211,SALE04044,CUST01129,Bajaj Finance,209000,64329,24,8.73,9522
FIN07212,SALE02336,CUST00362,ICICI Bank,233000,87270,36,12.37,7780
FIN07213,SALE07829,CUST02650,Hero FinCorp,230000,84592,36,10.46,7471
FIN07214,SALE11003,CUST03639,SBI Auto Loans,135000,37135,48,9.82,3412
FIN07215,SALE06274,CUST00021,SBI Auto Loans,173000,63763,36,11.46,5702
FIN07216,SALE00078,CUST02067,ICICI Bank,276000,51475,36,11.8,9141
FIN07217,SALE09647,CUST01394,HDFC Bank,170000,63693,24,10.63,7894
FIN07218,SALE03702,CUST01583,ICICI Bank,163000,55939,12,11.52,14446
FIN07219,SALE01456,CUST01426,TVS Credit,249000,94907,36,12.04,8275
FIN07220,SALE13676,CUST01731,Cholamandalam Finance,182000,54523,12,9.63,15969
FIN07221,SALE00463,CUST02462,TVS Credit,166000,54673,24,10.31,7684
FIN07222,SALE07083,CUST00428,ICICI Bank,147000,51319,12,12.33,13083
FIN07223,SALE06818,CUST01602,Bajaj Finance,171000,59832,48,11.84,4490
FIN07224,SALE13301,CUST00702,HDFC Bank,160000,37201,12,9.09,13999
FIN07225,SALE16095,CUST01135,HDFC Bank,124000,42844,36,11.25,4074
FIN07226,SALE17547,CUST00788,Bajaj Finance,182000,38920,36,12.45,6084
FIN07227,SALE05986,CUST02084,ICICI Bank,139000,58487,36,11.69,4596
FIN07228,SALE15137,CUST03311,ICICI Bank,191000,40670,12,12.47,17012
FIN07229,SALE02097,CUST01537,ICICI Bank,163000,35369,24,11.87,7663
FIN07230,SALE02843,CUST00120,ICICI Bank,181000,47233,36,11.55,5973
FIN07231,SALE10624,CUST03211,ICICI Bank,141000,27917,36,11.05,4619
FIN07232,SALE03932,CUST04566,TVS Credit,160000,61940,24,11.64,7505
FIN07233,SALE19951,CUST02173,SBI Auto Loans,183000,52312,36,9.15,5832
FIN07234,SALE06765,CUST00019,Bajaj Finance,181000,55198,24,11.4,8470
FIN07235,SALE02525,CUST04555,SBI Auto Loans,142000,43233,12,9.72,12466
FIN07236,SALE01261,CUST03491,ICICI Bank,121000,48716,36,10.33,3923
FIN07237,SALE04716,CUST00657,ICICI Bank,192000,78795,48,8.62,4743
FIN07238,SALE02010,CUST04133,ICICI Bank,163000,35992,24,8.86,7436
FIN07239,SALE19740,CUST00067,ICICI Bank,315000,97672,36,8.67,9969
FIN07240,SALE18860,CUST02360,Cholamandalam Finance,177000,41253,36,12.17,5893
FIN07241,SALE16306,CUST04775,Bajaj Finance,184000,36234,36,10.04,5941
FIN07242,SALE16397,CUST03436,HDFC Bank,194000,39307,36,11.0,6351
FIN07243,SALE17771,CUST01992,Hero FinCorp,184000,36881,36,10.6,5989
FIN07244,SALE17520,CUST03068,SBI Auto Loans,188000,33623,36,9.41,6014
FIN07245,SALE03582,CUST02146,SBI Auto Loans,167000,54953,36,9.1,5318
FIN07246,SALE15050,CUST03109,ICICI Bank,163000,34167,36,10.09,5266
FIN07247,SALE00044,CUST02163,Bajaj Finance,302000,54058,12,11.32,26736
FIN07248,SALE04940,CUST01388,HDFC Bank,283000,77591,36,9.16,9020
FIN07249,SALE01509,CUST00946,Bajaj Finance,256000,60112,60,12.49,5758
FIN07250,SALE19874,CUST02700,ICICI Bank,256000,70874,24,12.26,12082
FIN07251,SALE03163,CUST03006,HDFC Bank,138000,33093,24,10.41,6394
FIN07252,SALE18655,CUST04685,ICICI Bank,224000,47402,36,8.54,7075
FIN07253,SALE17496,CUST01092,ICICI Bank,185000,36273,36,8.59,5848
FIN07254,SALE08971,CUST01455,Axis Bank,265000,55076,24,9.32,12145
FIN07255,SALE14742,CUST04657,ICICI Bank,252000,73731,36,10.63,8206
FIN07256,SALE17514,CUST01518,ICICI Bank,292000,70441,36,10.82,9535
FIN07257,SALE12184,CUST04660,Hero FinCorp,147000,47486,36,11.54,4850
FIN07258,SALE06308,CUST03252,ICICI Bank,173000,60498,12,10.66,15263
FIN07259,SALE00175,CUST01886,TVS Credit,193000,81189,36,8.66,6107
FIN07260,SALE07381,CUST01965,SBI Auto Loans,310000,95460,48,9.32,7762
FIN07261,SALE03686,CUST01275,SBI Auto Loans,178000,40521,36,9.57,5708
FIN07262,SALE08997,CUST01414,HDFC Bank,130000,33587,36,12.34,4339
FIN07263,SALE19035,CUST04837,Bajaj Finance,161000,36734,24,9.84,7417
FIN07264,SALE15308,CUST00801,Axis Bank,153000,56964,12,11.42,13552
FIN07265,SALE11896,CUST00677,ICICI Bank,300000,100772,36,11.95,9957
FIN07266,SALE06547,CUST01406,HDFC Bank,175000,58304,24,9.61,8044
FIN07267,SALE05553,CUST02769,Hero FinCorp,155000,62689,24,9.67,7129
FIN07268,SALE16230,CUST04221,TVS Credit,304000,54490,48,10.95,7850
FIN07269,SALE13116,CUST04401,HDFC Bank,314000,93652,36,11.32,10328
FIN07270,SALE11778,CUST00817,TVS Credit,282000,74334,36,10.59,9178
FIN07271,SALE01442,CUST04259,HDFC Bank,142000,55810,36,10.13,4591
FIN07272,SALE11997,CUST03177,HDFC Bank,162000,58136,48,10.16,4121
FIN07273,SALE00727,CUST02005,SBI Auto Loans,187000,41522,48,10.51,4789
FIN07274,SALE02532,CUST01608,ICICI Bank,162000,32100,60,9.0,3363
FIN07275,SALE13019,CUST01505,ICICI Bank,149000,41917,24,11.09,6951
FIN07276,SALE10975,CUST03954,ICICI Bank,165000,51315,48,8.98,4104
FIN07277,SALE13750,CUST04927,HDFC Bank,179000,57956,24,10.42,8295
FIN07278,SALE11913,CUST02246,SBI Auto Loans,122000,49488,36,11.14,4002
FIN07279,SALE09392,CUST00453,TVS Credit,128000,41001,36,9.92,4125
FIN07280,SALE09114,CUST03870,HDFC Bank,119000,50431,36,9.74,3825
FIN07281,SALE07408,CUST01498,Axis Bank,141000,31347,48,12.35,3737
FIN07282,SALE17233,CUST01049,TVS Credit,180000,51914,24,9.72,8283
FIN07283,SALE11833,CUST01478,SBI Auto Loans,175000,48530,24,11.53,8199
FIN07284,SALE05423,CUST04123,Axis Bank,246000,74960,24,9.8,11329
FIN07285,SALE16242,CUST03201,TVS Credit,266000,76175,48,11.5,6940
FIN07286,SALE02254,CUST01946,SBI Auto Loans,155000,66635,24,9.39,7109
FIN07287,SALE13535,CUST01482,HDFC Bank,165000,54688,12,10.72,14561
FIN07288,SALE08798,CUST03081,SBI Auto Loans,160000,59531,36,10.23,5180
FIN07289,SALE04913,CUST03789,HDFC Bank,167000,48643,36,10.99,5467
FIN07290,SALE02111,CUST03151,SBI Auto Loans,197000,36769,12,10.88,17400
FIN07291,SALE00967,CUST03605,HDFC Bank,139000,58686,48,9.41,3486
FIN07292,SALE00768,CUST00002,TVS Credit,138000,33232,36,11.2,4531
FIN07293,SALE04652,CUST02882,TVS Credit,272000,88790,36,9.29,8686
FIN07294,SALE01966,CUST00812,Hero FinCorp,180000,53977,36,11.05,5897
FIN07295,SALE18700,CUST01609,ICICI Bank,304000,112345,24,9.05,13895
FIN07296,SALE04406,CUST03197,HDFC Bank,144000,27689,24,11.09,6718
FIN07297,SALE00944,CUST01313,TVS Credit,177000,52902,36,10.18,5726
FIN07298,SALE03093,CUST02544,TVS Credit,120000,50199,12,8.89,10488
FIN07299,SALE14596,CUST01932,TVS Credit,137000,34732,48,10.58,3513
FIN07300,SALE10288,CUST04278,ICICI Bank,187000,48162,24,10.86,8704
FIN07301,SALE10312,CUST01790,SBI Auto Loans,294000,69414,24,9.03,13435
FIN07302,SALE00309,CUST00482,Bajaj Finance,313000,101769,36,8.84,9930
FIN07303,SALE18054,CUST03601,SBI Auto Loans,117000,48796,24,10.7,5437
FIN07304,SALE05513,CUST01431,SBI Auto Loans,154000,43016,24,8.83,7023
FIN07305,SALE09156,CUST03036,SBI Auto Loans,213000,59733,24,11.25,9952
FIN07306,SALE18702,CUST03663,SBI Auto Loans,189000,33033,36,9.23,6030
FIN07307,SALE15807,CUST03394,HDFC Bank,181000,40158,24,12.34,8549
FIN07308,SALE05517,CUST04287,HDFC Bank,176000,41591,36,9.13,5607
FIN07309,SALE12084,CUST00869,Bajaj Finance,166000,31515,36,11.57,5480
FIN07310,SALE18078,CUST02602,HDFC Bank,176000,41027,36,9.0,5597
FIN07311,SALE14735,CUST03767,Cholamandalam Finance,166000,50545,24,11.2,7752
FIN07312,SALE02659,CUST00410,ICICI Bank,134000,36146,36,10.12,4331
FIN07313,SALE00042,CUST00065,SBI Auto Loans,245000,102711,24,9.81,11284
FIN07314,SALE12534,CUST04320,Cholamandalam Finance,239000,83749,36,10.53,7771
FIN07315,SALE13983,CUST00019,ICICI Bank,186000,35033,24,11.87,8744
FIN07316,SALE14238,CUST01306,Axis Bank,157000,39786,24,10.72,7297
FIN07317,SALE16423,CUST00814,TVS Credit,197000,39794,12,11.96,17500
FIN07318,SALE19292,CUST00064,ICICI Bank,170000,61669,12,9.76,14927
FIN07319,SALE07809,CUST02324,Bajaj Finance,195000,41678,36,11.89,6467
FIN07320,SALE03261,CUST02871,Cholamandalam Finance,184000,43017,12,11.02,16264
FIN07321,SALE19916,CUST02710,ICICI Bank,169000,64332,36,9.31,5399
FIN07322,SALE14853,CUST02179,ICICI Bank,196000,40674,12,11.64,17381
FIN07323,SALE10701,CUST04815,ICICI Bank,195000,37855,36,12.4,6514
FIN07324,SALE04620,CUST02908,HDFC Bank,136000,26492,48,9.78,3435
FIN07325,SALE07126,CUST02369,HDFC Bank,160000,36127,60,11.36,3508
FIN07326,SALE07817,CUST01349,HDFC Bank,271000,47648,48,9.12,6759
FIN07327,SALE08936,CUST02714,HDFC Bank,179000,54131,48,11.1,4635
FIN07328,SALE03573,CUST03191,HDFC Bank,139000,31095,24,9.05,6353
FIN07329,SALE07967,CUST01152,Axis Bank,291000,58638,12,12.14,25874
FIN07330,SALE10776,CUST01730,ICICI Bank,137000,32703,36,9.34,4378
FIN07331,SALE04036,CUST00603,ICICI Bank,181000,40742,12,10.87,15986
FIN07332,SALE17580,CUST04970,SBI Auto Loans,183000,35733,36,9.67,5877
FIN07333,SALE05355,CUST00368,Bajaj Finance,150000,48633,36,9.36,4795
FIN07334,SALE15570,CUST03039,ICICI Bank,250000,85953,24,11.21,11676
FIN07335,SALE13294,CUST03152,SBI Auto Loans,165000,53198,36,12.24,5499
FIN07336,SALE07230,CUST01252,Axis Bank,328000,85487,24,11.34,15339
FIN07337,SALE04743,CUST00255,HDFC Bank,154000,65941,36,10.01,4970
FIN07338,SALE05233,CUST00421,HDFC Bank,160000,37685,36,8.52,5052
FIN07339,SALE14584,CUST04834,SBI Auto Loans,346000,72217,36,9.16,11028
FIN07340,SALE02056,CUST03460,Cholamandalam Finance,188000,48813,12,10.52,16574
FIN07341,SALE17556,CUST00324,ICICI Bank,144000,52427,36,11.92,4777
FIN07342,SALE16575,CUST04788,HDFC Bank,166000,54261,36,8.85,5267
FIN07343,SALE18062,CUST04554,TVS Credit,159000,34545,48,8.58,3925
FIN07344,SALE04040,CUST04736,Bajaj Finance,132000,51856,36,8.86,4189
FIN07345,SALE13472,CUST00208,Hero FinCorp,181000,53243,24,11.79,8503
FIN07346,SALE02120,CUST01123,HDFC Bank,182000,40026,36,10.96,5955
FIN07347,SALE13185,CUST01338,HDFC Bank,188000,41786,24,9.48,8630
FIN07348,SALE16654,CUST01125,TVS Credit,152000,45300,12,9.48,13326
FIN07349,SALE16844,CUST02660,TVS Credit,157000,42170,36,8.92,4987
FIN07350,SALE16882,CUST04754,ICICI Bank,134000,36908,36,12.23,4465
FIN07351,SALE12333,CUST03660,HDFC Bank,159000,37162,24,9.85,7326
FIN07352,SALE03610,CUST01783,ICICI Bank,161000,31686,36,10.26,5215
FIN07353,SALE07493,CUST01704,Axis Bank,268000,59454,48,10.81,6902
FIN07354,SALE09614,CUST04284,Bajaj Finance,186000,50775,24,10.38,8616
FIN07355,SALE10269,CUST00425,HDFC Bank,306000,55823,12,12.09,27201
FIN07356,SALE01609,CUST04653,Axis Bank,178000,31927,60,9.76,3761
FIN07357,SALE14560,CUST00815,SBI Auto Loans,166000,67319,48,12.11,4380
FIN07358,SALE10081,CUST03223,HDFC Bank,142000,29761,36,9.59,4555
FIN07359,SALE03639,CUST01717,Hero FinCorp,225000,46638,36,9.7,7228
FIN07360,SALE02866,CUST01440,Bajaj Finance,225000,91485,36,9.41,7198
FIN07361,SALE00068,CUST04136,ICICI Bank,256000,102498,36,8.5,8081
FIN07362,SALE17333,CUST02258,TVS Credit,263000,84750,36,11.2,8635
FIN07363,SALE11579,CUST03039,Axis Bank,124000,39440,12,12.38,11039
FIN07364,SALE02362,CUST00184,HDFC Bank,122000,49370,24,9.69,5612
FIN07365,SALE09314,CUST01864,Axis Bank,144000,55233,36,10.3,4667
FIN07366,SALE16365,CUST02417,SBI Auto Loans,132000,53954,36,9.97,4257
FIN07367,SALE01089,CUST03939,HDFC Bank,175000,47002,60,8.86,3621
FIN07368,SALE11448,CUST04449,ICICI Bank,115000,48589,36,11.62,3799
FIN07369,SALE15732,CUST00199,ICICI Bank,149000,47598,48,10.5,3815
FIN07370,SALE06407,CUST00046,SBI Auto Loans,169000,52147,24,11.4,7908
FIN07371,SALE06284,CUST03695,Bajaj Finance,198000,37061,36,9.44,6337
FIN07372,SALE18960,CUST00491,HDFC Bank,232000,89375,12,12.12,20626
FIN07373,SALE02352,CUST04899,HDFC Bank,141000,29057,36,10.03,4552
FIN07374,SALE13878,CUST00170,ICICI Bank,305000,109539,36,10.45,9906
FIN07375,SALE02421,CUST01570,HDFC Bank,195000,36363,36,10.56,6343
FIN07376,SALE12474,CUST01209,ICICI Bank,155000,51306,36,9.37,4956
FIN07377,SALE14822,CUST02701,SBI Auto Loans,153000,62721,24,11.91,7196
FIN07378,SALE16553,CUST01131,ICICI Bank,180000,58875,36,8.67,5696
FIN07379,SALE10119,CUST01338,ICICI Bank,136000,33063,24,10.39,6300
FIN07380,SALE09131,CUST03887,Hero FinCorp,229000,86190,36,9.62,7348
FIN07381,SALE17444,CUST00409,ICICI Bank,141000,53720,12,11.42,12489
FIN07382,SALE03771,CUST00441,ICICI Bank,170000,41515,36,8.59,5374
FIN07383,SALE00504,CUST01134,Hero FinCorp,166000,47868,48,11.17,4304
FIN07384,SALE04067,CUST02536,HDFC Bank,133000,54310,60,9.01,2762
FIN07385,SALE01552,CUST02558,SBI Auto Loans,229000,95665,36,10.74,7469
FIN07386,SALE10109,CUST00850,HDFC Bank,165000,49071,24,10.1,7622
FIN07387,SALE01202,CUST00177,ICICI Bank,124000,46431,36,11.89,4112
FIN07388,SALE18599,CUST01195,HDFC Bank,155000,63955,36,11.62,5120
FIN07389,SALE04050,CUST02226,SBI Auto Loans,153000,54458,60,11.49,3364
FIN07390,SALE10798,CUST04621,HDFC Bank,242000,100143,12,9.15,21180
FIN07391,SALE04316,CUST00083,TVS Credit,175000,63265,36,8.95,5561
FIN07392,SALE14349,CUST02699,Bajaj Finance,195000,76648,48,11.88,5124
FIN07393,SALE10539,CUST01859,TVS Credit,269000,51294,36,11.17,8828
FIN07394,SALE03654,CUST01972,Bajaj Finance,176000,59757,36,8.96,5593
FIN07395,SALE05909,CUST03306,Bajaj Finance,288000,55348,24,9.21,13185
FIN07396,SALE16239,CUST01114,SBI Auto Loans,162000,45917,36,9.81,5213
FIN07397,SALE02461,CUST02297,SBI Auto Loans,129000,33693,60,9.44,2705
FIN07398,SALE05644,CUST02512,ICICI Bank,127000,41587,36,8.62,4016
FIN07399,SALE05812,CUST04149,TVS Credit,152000,39743,36,11.52,5014
FIN07400,SALE17899,CUST03015,HDFC Bank,168000,52684,24,11.1,7838
FIN07401,SALE08462,CUST01753,TVS Credit,166000,55174,36,8.76,5260
FIN07402,SALE13451,CUST04133,Axis Bank,142000,52342,36,9.3,4535
FIN07403,SALE04139,CUST03627,HDFC Bank,184000,47876,36,9.72,5913
FIN07404,SALE13413,CUST03294,HDFC Bank,132000,37831,36,10.13,4267
FIN07405,SALE00814,CUST04286,SBI Auto Loans,143000,54264,12,11.0,12639
FIN07406,SALE08269,CUST04115,SBI Auto Loans,121000,49813,48,11.0,3127
FIN07407,SALE16683,CUST03446,Bajaj Finance,146000,51688,36,11.83,4837
FIN07408,SALE07052,CUST04704,Bajaj Finance,141000,56741,36,9.97,4548
FIN07409,SALE15160,CUST01922,ICICI Bank,122000,47501,24,9.3,5590
FIN07410,SALE15990,CUST01887,SBI Auto Loans,272000,53091,36,11.64,8988
FIN07411,SALE14885,CUST01388,TVS Credit,201000,71910,12,12.21,17878
FIN07412,SALE13331,CUST02609,TVS Credit,228000,44282,12,12.23,20282
FIN07413,SALE14116,CUST03231,Bajaj Finance,121000,48987,36,10.97,3960
FIN07414,SALE06872,CUST03856,Bajaj Finance,133000,36575,36,11.15,4364
FIN07415,SALE05813,CUST03251,ICICI Bank,126000,45633,24,11.47,5900
FIN07416,SALE07843,CUST00663,ICICI Bank,168000,51337,12,9.27,14713
FIN07417,SALE12835,CUST01570,Bajaj Finance,233000,85598,24,10.99,10859
FIN07418,SALE01679,CUST00749,TVS Credit,278000,84401,12,10.08,24451
FIN07419,SALE01935,CUST02814,HDFC Bank,123000,46881,60,11.41,2700
FIN07420,SALE09970,CUST00826,TVS Credit,162000,37004,36,11.99,5380
FIN07421,SALE17998,CUST04674,TVS Credit,132000,38057,24,10.87,6144
FIN07422,SALE04683,CUST03159,Bajaj Finance,297000,108852,24,12.14,14000
FIN07423,SALE03601,CUST01594,ICICI Bank,153000,42883,36,10.53,4975
FIN07424,SALE06548,CUST03760,HDFC Bank,266000,55440,48,11.94,6997
FIN07425,SALE06189,CUST04691,SBI Auto Loans,194000,39591,24,12.34,9163
FIN07426,SALE02280,CUST02514,HDFC Bank,120000,41605,24,9.13,5489
FIN07427,SALE03823,CUST03261,HDFC Bank,307000,104232,36,9.99,9905
FIN07428,SALE07556,CUST02503,ICICI Bank,164000,55920,48,8.77,4063
FIN07429,SALE03615,CUST01574,SBI Auto Loans,143000,27822,36,11.68,4728
FIN07430,SALE14915,CUST03063,HDFC Bank,167000,32515,48,9.12,4165
FIN07431,SALE15063,CUST01523,Bajaj Finance,184000,46199,12,11.93,16342
FIN07432,SALE00110,CUST04721,HDFC Bank,141000,29133,36,11.43,4645
FIN07433,SALE14364,CUST02492,SBI Auto Loans,201000,35355,36,8.63,6357
FIN07434,SALE19102,CUST03523,Bajaj Finance,187000,48847,24,8.96,8540
FIN07435,SALE11717,CUST03546,Bajaj Finance,150000,59427,24,10.2,6936
FIN07436,SALE13522,CUST03103,SBI Auto Loans,209000,62160,36,10.91,6833
FIN07437,SALE03650,CUST00137,ICICI Bank,118000,48758,48,8.79,2925
FIN07438,SALE18932,CUST00646,HDFC Bank,168000,51391,24,12.16,7921
FIN07439,SALE01251,CUST00907,ICICI Bank,144000,53204,12,8.76,12577
FIN07440,SALE08579,CUST04475,ICICI Bank,134000,34557,48,12.33,3550
FIN07441,SALE11590,CUST04055,Bajaj Finance,247000,76796,24,11.02,11514
FIN07442,SALE12889,CUST00437,HDFC Bank,145000,51577,24,8.9,6618
FIN07443,SALE05519,CUST03808,SBI Auto Loans,146000,51594,24,8.93,6665
FIN07444,SALE11428,CUST03512,SBI Auto Loans,173000,62997,36,11.85,5734
FIN07445,SALE00698,CUST00177,SBI Auto Loans,156000,65054,24,8.94,7123
FIN07446,SALE14373,CUST03392,HDFC Bank,161000,30996,36,12.41,5379
FIN07447,SALE07436,CUST01946,ICICI Bank,149000,59849,24,11.51,6980
FIN07448,SALE11207,CUST02427,Hero FinCorp,119000,39303,24,10.12,5498
FIN07449,SALE12647,CUST03346,ICICI Bank,281000,78956,12,9.83,24682
FIN07450,SALE11431,CUST00158,ICICI Bank,253000,62412,12,12.08,22488
FIN07451,SALE02782,CUST04351,ICICI Bank,172000,56401,24,8.7,7834
FIN07452,SALE12471,CUST03045,Bajaj Finance,183000,52898,48,8.96,4550
FIN07453,SALE02325,CUST04780,ICICI Bank,184000,34728,36,11.87,6100
FIN07454,SALE18590,CUST01785,Axis Bank,190000,45983,24,12.35,8975
FIN07455,SALE19158,CUST01604,SBI Auto Loans,283000,75217,36,10.63,9216
FIN07456,SALE04526,CUST03977,Bajaj Finance,130000,39630,24,10.29,6016
FIN07457,SALE14674,CUST00618,HDFC Bank,284000,57947,24,12.14,13387
FIN07458,SALE00623,CUST04606,SBI Auto Loans,157000,39802,36,10.15,5077
FIN07459,SALE19085,CUST01736,HDFC Bank,145000,53624,36,9.35,4635
FIN07460,SALE12842,CUST04903,HDFC Bank,167000,64778,36,9.26,5331
FIN07461,SALE05020,CUST03119,HDFC Bank,232000,95038,12,9.55,20348
FIN07462,SALE05763,CUST02619,TVS Credit,163000,68492,36,9.7,5237
FIN07463,SALE14216,CUST01284,Bajaj Finance,257000,69603,36,10.93,8405
FIN07464,SALE19763,CUST00057,HDFC Bank,119000,39490,24,9.88,5485
FIN07465,SALE17653,CUST04937,HDFC Bank,158000,62444,24,11.18,7377
FIN07466,SALE03160,CUST04576,ICICI Bank,160000,60552,12,8.51,13956
FIN07467,SALE18792,CUST01708,Bajaj Finance,165000,34468,36,10.97,5400
FIN07468,SALE17815,CUST04180,SBI Auto Loans,270000,52154,36,9.87,8696
FIN07469,SALE10815,CUST02504,SBI Auto Loans,262000,52629,48,9.69,6606
FIN07470,SALE01891,CUST00667,HDFC Bank,188000,40613,48,9.7,4741
FIN07471,SALE09592,CUST04017,SBI Auto Loans,162000,53279,36,12.0,5381
FIN07472,SALE15766,CUST01419,HDFC Bank,144000,45772,36,10.29,4666
FIN07473,SALE09816,CUST01522,Bajaj Finance,292000,117985,36,12.19,9725
FIN07474,SALE09135,CUST02759,HDFC Bank,160000,46727,36,9.67,5138
FIN07475,SALE13412,CUST03571,SBI Auto Loans,168000,47747,36,11.94,5575
FIN07476,SALE17046,CUST04891,ICICI Bank,192000,42616,36,11.75,6354
FIN07477,SALE12982,CUST00337,HDFC Bank,174000,62241,24,9.97,8027
FIN07478,SALE03352,CUST00946,HDFC Bank,154000,36741,36,8.69,4875
FIN07479,SALE14126,CUST01301,ICICI Bank,163000,33792,36,10.85,5325
FIN07480,SALE13282,CUST03974,ICICI Bank,162000,33529,36,12.19,5395
FIN07481,SALE01835,CUST03183,SBI Auto Loans,231000,92759,36,12.2,7695
FIN07482,SALE04996,CUST03475,SBI Auto Loans,247000,78989,36,11.94,8197
FIN07483,SALE00880,CUST00480,SBI Auto Loans,172000,61899,24,10.12,7946
FIN07484,SALE13152,CUST01346,HDFC Bank,142000,53879,36,9.91,4576
FIN07485,SALE06569,CUST02304,ICICI Bank,115000,47943,48,8.84,2853
FIN07486,SALE17011,CUST03019,Cholamandalam Finance,166000,54870,12,10.0,14594
FIN07487,SALE10435,CUST03931,TVS Credit,183000,50518,48,10.56,4691
FIN07488,SALE04071,CUST01170,Hero FinCorp,236000,84550,48,9.92,5977
FIN07489,SALE08344,CUST03310,TVS Credit,245000,81559,36,10.01,7907
FIN07490,SALE02682,CUST04214,HDFC Bank,142000,28000,36,8.74,4498
FIN07491,SALE13042,CUST03548,Axis Bank,184000,52666,12,12.27,16371
FIN07492,SALE13543,CUST03144,SBI Auto Loans,163000,33074,36,9.34,5209
FIN07493,SALE06506,CUST00206,HDFC Bank,123000,44709,12,11.92,10924
FIN07494,SALE14524,CUST00154,Axis Bank,163000,55608,12,9.07,14260
FIN07495,SALE05760,CUST00570,Bajaj Finance,154000,64912,36,10.63,5015
FIN07496,SALE12364,CUST01849,Bajaj Finance,159000,60070,24,9.02,7265
FIN07497,SALE12214,CUST03426,ICICI Bank,164000,48368,24,9.13,7502
FIN07498,SALE09633,CUST03722,HDFC Bank,178000,52191,24,11.11,8305
FIN07499,SALE02439,CUST00018,HDFC Bank,135000,35524,48,10.2,3437
FIN07500,SALE09906,CUST04408,TVS Credit,141000,31083,24,10.38,6531
FIN07501,SALE12531,CUST03819,HDFC Bank,193000,41961,36,12.38,6445
FIN07502,SALE08866,CUST01369,HDFC Bank,145000,53605,24,9.11,6632
FIN07503,SALE02620,CUST03115,Bajaj Finance,158000,39671,36,9.48,5060
FIN07504,SALE15446,CUST03602,Axis Bank,270000,96060,36,9.29,8622
FIN07505,SALE02940,CUST02413,TVS Credit,184000,37413,48,12.37,4879
FIN07506,SALE01542,CUST03266,SBI Auto Loans,125000,46294,36,11.33,4112
FIN07507,SALE10998,CUST01724,ICICI Bank,137000,32829,36,10.64,4462
FIN07508,SALE09759,CUST02614,TVS Credit,137000,33256,48,12.46,3639
FIN07509,SALE14290,CUST01738,Axis Bank,264000,92824,48,8.91,6558
FIN07510,SALE12635,CUST00777,HDFC Bank,122000,41554,48,8.54,3009
FIN07511,SALE06029,CUST01682,TVS Credit,139000,50946,12,9.94,12216
FIN07512,SALE01061,CUST03647,HDFC Bank,177000,62825,36,11.08,5801
FIN07513,SALE03665,CUST03388,Bajaj Finance,304000,109486,36,9.62,9755
FIN07514,SALE08137,CUST00398,Hero FinCorp,171000,56827,24,9.24,7831
FIN07515,SALE09648,CUST00551,ICICI Bank,191000,44113,36,11.61,6308
FIN07516,SALE09064,CUST04918,TVS Credit,155000,64415,36,12.32,5172
FIN07517,SALE02635,CUST02915,SBI Auto Loans,156000,55467,36,9.45,4993
FIN07518,SALE01940,CUST00872,Axis Bank,132000,35070,24,11.21,6165
FIN07519,SALE11105,CUST04166,ICICI Bank,155000,41567,12,10.82,13686
FIN07520,SALE03703,CUST02920,ICICI Bank,333000,78490,36,10.81,10872
FIN07521,SALE09753,CUST04744,Cholamandalam Finance,143000,28294,36,9.96,4612
FIN07522,SALE17925,CUST01906,ICICI Bank,141000,27336,36,12.22,4698
FIN07523,SALE11877,CUST03621,HDFC Bank,135000,56425,36,10.49,4387
FIN07524,SALE18187,CUST02538,Bajaj Finance,126000,46302,36,9.25,4021
FIN07525,SALE11819,CUST03863,HDFC Bank,127000,43743,48,11.93,3340
FIN07526,SALE18057,CUST04581,Bajaj Finance,161000,58805,24,9.9,7422
FIN07527,SALE03049,CUST03722,ICICI Bank,135000,33630,36,8.73,4276
FIN07528,SALE18694,CUST04268,ICICI Bank,184000,52667,36,11.36,6055
FIN07529,SALE10250,CUST02760,HDFC Bank,182000,46391,48,10.87,4692
FIN07530,SALE05360,CUST01494,SBI Auto Loans,145000,51055,12,11.72,12864
FIN07531,SALE03917,CUST01082,Bajaj Finance,146000,26226,36,9.32,4665
FIN07532,SALE04945,CUST02030,Cholamandalam Finance,219000,54289,12,8.56,19107
FIN07533,SALE13362,CUST00339,Bajaj Finance,132000,32428,36,12.38,4408
FIN07534,SALE12895,CUST00810,TVS Credit,158000,62975,36,12.17,5261
FIN07535,SALE12566,CUST00106,SBI Auto Loans,142000,50968,36,10.82,4637
FIN07536,SALE06366,CUST00650,ICICI Bank,196000,37622,24,10.68,9106
FIN07537,SALE15058,CUST00180,HDFC Bank,182000,36604,60,9.61,3832
FIN07538,SALE19234,CUST01484,Bajaj Finance,198000,35953,24,12.19,9338
FIN07539,SALE19912,CUST04147,SBI Auto Loans,182000,46635,12,10.28,16024
FIN07540,SALE08517,CUST01776,ICICI Bank,124000,46797,12,11.48,10987
FIN07541,SALE12807,CUST03604,SBI Auto Loans,120000,49721,36,8.64,3796
FIN07542,SALE14533,CUST02510,Bajaj Finance,202000,68802,36,10.16,6533
FIN07543,SALE11771,CUST01162,ICICI Bank,262000,57731,36,10.36,8498
FIN07544,SALE09526,CUST03726,ICICI Bank,190000,40763,12,11.45,16832
FIN07545,SALE02229,CUST00775,ICICI Bank,156000,28857,36,8.59,4931
FIN07546,SALE06826,CUST01446,HDFC Bank,126000,41618,36,11.04,4127
FIN07547,SALE15460,CUST01588,ICICI Bank,173000,61194,48,11.84,4542
FIN07548,SALE03824,CUST03469,ICICI Bank,118000,50486,36,9.55,3783
FIN07549,SALE02103,CUST01722,Bajaj Finance,166000,30770,36,10.99,5434
FIN07550,SALE14538,CUST03419,HDFC Bank,163000,56832,36,11.02,5338
FIN07551,SALE12048,CUST04843,TVS Credit,128000,43616,36,11.36,4212
FIN07552,SALE05418,CUST03870,HDFC Bank,124000,46377,36,9.6,3978
FIN07553,SALE06146,CUST04608,HDFC Bank,173000,54468,24,10.27,8005
FIN07554,SALE18546,CUST00315,Cholamandalam Finance,120000,47756,24,12.14,5657
FIN07555,SALE04641,CUST00730,SBI Auto Loans,131000,39103,36,10.66,4268
FIN07556,SALE02114,CUST04555,HDFC Bank,287000,59313,60,8.51,5890
FIN07557,SALE15871,CUST02394,Bajaj Finance,151000,40269,36,11.35,4969
FIN07558,SALE17177,CUST04278,ICICI Bank,167000,66772,48,10.98,4315
FIN07559,SALE19959,CUST04299,SBI Auto Loans,127000,34832,24,9.68,5842
FIN07560,SALE14176,CUST02222,HDFC Bank,167000,30638,36,9.3,5334
FIN07561,SALE12051,CUST03552,Cholamandalam Finance,165000,30458,24,9.11,7546
FIN07562,SALE18981,CUST01382,Bajaj Finance,279000,64785,36,12.34,9312
FIN07563,SALE04323,CUST01910,ICICI Bank,201000,67484,36,12.07,6683
FIN07564,SALE03907,CUST02554,Bajaj Finance,145000,26598,12,10.67,12793
FIN07565,SALE10417,CUST03510,Bajaj Finance,292000,117953,24,10.96,13604
FIN07566,SALE08677,CUST01731,Hero FinCorp,143000,45320,24,12.41,6759
FIN07567,SALE00869,CUST02958,SBI Auto Loans,191000,43764,36,10.71,6227
FIN07568,SALE17892,CUST03106,ICICI Bank,183000,39000,24,10.5,8487
FIN07569,SALE15392,CUST01517,HDFC Bank,177000,41807,24,11.91,8325
FIN07570,SALE02529,CUST01752,Axis Bank,157000,34453,36,12.44,5248
FIN07571,SALE19751,CUST04484,Bajaj Finance,185000,34409,36,8.73,5860
FIN07572,SALE08765,CUST03564,HDFC Bank,165000,34329,36,10.97,5400
FIN07573,SALE10609,CUST04247,SBI Auto Loans,166000,68526,24,9.91,7653
FIN07574,SALE02691,CUST04881,SBI Auto Loans,176000,40612,36,10.51,5721
FIN07575,SALE00203,CUST03248,ICICI Bank,182000,37047,24,9.25,8336
FIN07576,SALE13867,CUST03720,Bajaj Finance,236000,86929,24,9.5,10836
FIN07577,SALE01794,CUST01454,HDFC Bank,125000,45590,36,12.35,4173
FIN07578,SALE06649,CUST02204,SBI Auto Loans,188000,49735,36,9.7,6040
FIN07579,SALE13352,CUST03738,HDFC Bank,138000,31921,12,11.16,12207
FIN07580,SALE15869,CUST04936,Hero FinCorp,164000,33122,12,10.87,14485
FIN07581,SALE09493,CUST01294,SBI Auto Loans,119000,44203,12,12.14,10581
FIN07582,SALE19192,CUST04218,ICICI Bank,166000,64313,36,11.14,5446
FIN07583,SALE11734,CUST04078,ICICI Bank,175000,60714,36,9.47,5603
FIN07584,SALE17705,CUST03462,Bajaj Finance,140000,55698,12,9.0,12243
FIN07585,SALE07828,CUST00162,ICICI Bank,131000,46054,36,9.57,4201
FIN07586,SALE07505,CUST01736,HDFC Bank,157000,63087,36,8.95,4989
FIN07587,SALE06499,CUST00253,HDFC Bank,156000,58019,36,8.74,4942
FIN07588,SALE14857,CUST03876,SBI Auto Loans,162000,36370,36,10.3,5250
FIN07589,SALE08975,CUST03476,TVS Credit,148000,49184,24,10.07,6834
FIN07590,SALE10302,CUST01018,Axis Bank,130000,29220,24,12.26,6135
FIN07591,SALE01927,CUST00109,Bajaj Finance,152000,40029,12,10.55,13402
FIN07592,SALE12105,CUST04281,HDFC Bank,161000,68689,24,9.95,7426
FIN07593,SALE11494,CUST02083,TVS Credit,142000,30097,24,10.55,6589
FIN07594,SALE14731,CUST04687,Axis Bank,175000,44229,36,9.32,5591
FIN07595,SALE17199,CUST00466,ICICI Bank,166000,66697,36,11.51,5475
FIN07596,SALE13927,CUST00604,Axis Bank,172000,64349,36,11.46,5669
FIN07597,SALE07665,CUST01475,ICICI Bank,293000,113439,24,9.38,13437
FIN07598,SALE11216,CUST04870,ICICI Bank,140000,55590,60,8.72,2887
FIN07599,SALE17258,CUST02501,TVS Credit,156000,41368,60,11.23,3410
FIN07600,SALE19495,CUST00057,HDFC Bank,176000,45876,60,11.58,3878
FIN07601,SALE17402,CUST03742,ICICI Bank,208000,62481,24,11.91,9783
FIN07602,SALE10761,CUST03931,SBI Auto Loans,179000,40094,48,10.47,4580
FIN07603,SALE16997,CUST04026,TVS Credit,156000,65382,48,10.24,3975
FIN07604,SALE03211,CUST03395,ICICI Bank,197000,69505,36,10.85,6436
FIN07605,SALE11301,CUST02281,TVS Credit,227000,44419,48,9.19,5669
FIN07606,SALE05457,CUST03289,HDFC Bank,188000,42671,24,10.21,8693
FIN07607,SALE11265,CUST01938,Cholamandalam Finance,178000,50238,48,12.39,4722
FIN07608,SALE07006,CUST03087,Bajaj Finance,291000,122390,12,10.53,25655
FIN07609,SALE15828,CUST00901,Hero FinCorp,129000,42132,24,11.44,6039
FIN07610,SALE14855,CUST03907,HDFC Bank,265000,58788,36,11.25,8707
FIN07611,SALE16054,CUST01609,HDFC Bank,233000,40978,36,11.14,7644
FIN07612,SALE19112,CUST01588,SBI Auto Loans,246000,81149,36,10.9,8042
FIN07613,SALE16017,CUST00680,Hero FinCorp,216000,50473,36,9.21,6890
FIN07614,SALE08412,CUST02352,TVS Credit,199000,41615,24,11.6,9330
FIN07615,SALE00684,CUST03651,HDFC Bank,150000,48783,24,12.24,7078
FIN07616,SALE13128,CUST03087,HDFC Bank,166000,32645,48,9.7,4186
FIN07617,SALE06540,CUST00061,HDFC Bank,183000,56992,36,10.54,5951
FIN07618,SALE01086,CUST02798,Axis Bank,172000,51136,36,8.7,5446
FIN07619,SALE15140,CUST03035,SBI Auto Loans,174000,47782,48,12.22,4601
FIN07620,SALE13334,CUST01003,Hero FinCorp,167000,52728,24,9.14,7640
FIN07621,SALE01467,CUST00909,HDFC Bank,178000,56402,36,8.81,5645
FIN07622,SALE09571,CUST04218,ICICI Bank,154000,63709,36,12.09,5122
FIN07623,SALE09459,CUST01010,ICICI Bank,122000,40954,24,9.56,5605
FIN07624,SALE04055,CUST00251,ICICI Bank,152000,63313,60,9.87,3220
FIN07625,SALE14105,CUST02781,HDFC Bank,187000,46312,48,11.55,4883
FIN07626,SALE02062,CUST00323,HDFC Bank,129000,40652,24,11.16,6022
FIN07627,SALE16185,CUST04753,ICICI Bank,173000,43987,48,9.11,4314
FIN07628,SALE03691,CUST03329,TVS Credit,120000,49657,48,10.19,3054
FIN07629,SALE09629,CUST03940,HDFC Bank,280000,83844,24,9.37,12839
FIN07630,SALE04579,CUST02163,ICICI Bank,150000,47481,60,12.25,3356
FIN07631,SALE19711,CUST02621,HDFC Bank,166000,61593,24,9.52,7623
FIN07632,SALE18858,CUST00780,Hero FinCorp,322000,93983,24,11.32,15056
FIN07633,SALE18479,CUST03537,Bajaj Finance,182000,54498,48,12.12,4803
FIN07634,SALE10558,CUST04046,Bajaj Finance,262000,63429,12,8.74,22881
FIN07635,SALE04223,CUST04481,ICICI Bank,164000,51818,48,11.94,4314
FIN07636,SALE03136,CUST02992,HDFC Bank,330000,79700,48,8.76,8175
FIN07637,SALE14718,CUST02995,HDFC Bank,165000,66473,48,9.92,4178
FIN07638,SALE18982,CUST04549,Axis Bank,167000,31093,36,12.22,5564
FIN07639,SALE07426,CUST04391,TVS Credit,147000,50934,36,11.2,4827
FIN07640,SALE00846,CUST02982,Hero FinCorp,173000,44592,12,10.49,15249
FIN07641,SALE15537,CUST02105,Hero FinCorp,191000,42730,24,10.25,8836
FIN07642,SALE05046,CUST02029,SBI Auto Loans,171000,47685,12,9.15,14966
FIN07643,SALE01905,CUST00510,ICICI Bank,238000,85174,24,10.0,10982
FIN07644,SALE14907,CUST01086,HDFC Bank,188000,40484,36,10.26,6089
FIN07645,SALE04565,CUST04910,TVS Credit,128000,37368,48,11.88,3363
FIN07646,SALE11696,CUST03813,TVS Credit,157000,54895,24,10.7,7296
FIN07647,SALE08713,CUST00263,Bajaj Finance,148000,46368,36,10.69,4824
FIN07648,SALE16580,CUST00869,Axis Bank,166000,66735,36,11.5,5474
FIN07649,SALE19047,CUST03898,Bajaj Finance,164000,54639,36,9.34,5241
FIN07650,SALE15745,CUST00601,SBI Auto Loans,143000,54342,36,9.43,4576
FIN07651,SALE00984,CUST04658,HDFC Bank,275000,68484,24,9.84,12670
FIN07652,SALE11803,CUST01269,TVS Credit,190000,42242,24,9.75,8746
FIN07653,SALE09946,CUST04439,ICICI Bank,183000,36448,24,8.83,8346
FIN07654,SALE11555,CUST03656,Bajaj Finance,156000,63668,36,10.85,5096
FIN07655,SALE05071,CUST02446,TVS Credit,146000,45075,36,9.13,4652
FIN07656,SALE05252,CUST02743,Axis Bank,179000,56939,24,8.83,8164
FIN07657,SALE16930,CUST00729,TVS Credit,174000,59799,36,10.64,5667
FIN07658,SALE13252,CUST01926,HDFC Bank,222000,52582,24,10.65,10311
FIN07659,SALE02697,CUST03460,ICICI Bank,181000,51675,24,9.8,8336
FIN07660,SALE06813,CUST01855,TVS Credit,195000,35841,24,9.82,8982
FIN07661,SALE02392,CUST00740,SBI Auto Loans,185000,35728,24,10.79,8604
FIN07662,SALE07869,CUST01877,HDFC Bank,175000,60678,24,12.22,8256
FIN07663,SALE04571,CUST00998,SBI Auto Loans,220000,51849,12,11.99,19546
FIN07664,SALE14802,CUST03546,HDFC Bank,141000,58273,36,11.6,4656
FIN07665,SALE03676,CUST00111,Bajaj Finance,141000,45611,36,11.21,4630
FIN07666,SALE08428,CUST00710,HDFC Bank,185000,35037,24,10.26,8559
FIN07667,SALE14412,CUST04033,SBI Auto Loans,176000,56964,48,10.37,4495
FIN07668,SALE14205,CUST01047,HDFC Bank,158000,62513,36,11.76,5230
FIN07669,SALE19754,CUST03210,Bajaj Finance,198000,69214,48,9.57,4981
FIN07670,SALE18830,CUST01852,ICICI Bank,193000,76514,36,8.53,6095
FIN07671,SALE19672,CUST03654,Cholamandalam Finance,253000,100292,60,10.14,5393
FIN07672,SALE08665,CUST01740,TVS Credit,152000,42190,36,9.7,4883
FIN07673,SALE00730,CUST04874,SBI Auto Loans,316000,87711,36,9.56,10131
FIN07674,SALE05444,CUST02666,HDFC Bank,161000,58307,48,10.52,4124
FIN07675,SALE19142,CUST02523,SBI Auto Loans,313000,97053,12,9.06,27381
FIN07676,SALE02164,CUST00347,SBI Auto Loans,235000,90147,48,12.45,6241
FIN07677,SALE02972,CUST04168,Hero FinCorp,153000,57728,24,11.55,7170
FIN07678,SALE02212,CUST02546,HDFC Bank,253000,104781,36,9.12,8059
FIN07679,SALE02876,CUST03827,SBI Auto Loans,132000,36471,36,12.46,4413
FIN07680,SALE11259,CUST00235,TVS Credit,142000,56825,36,10.47,4613
FIN07681,SALE07257,CUST02766,Bajaj Finance,128000,43989,24,11.42,5991
FIN07682,SALE05053,CUST03522,HDFC Bank,186000,48447,24,8.79,8479
FIN07683,SALE09354,CUST00523,Bajaj Finance,120000,46335,12,8.57,10470
FIN07684,SALE07689,CUST02110,ICICI Bank,141000,48713,36,9.91,4544
FIN07685,SALE00091,CUST01969,ICICI Bank,195000,37738,24,11.53,9137
FIN07686,SALE11381,CUST02277,Cholamandalam Finance,150000,59383,12,9.83,13176
FIN07687,SALE16247,CUST01156,Axis Bank,163000,68947,36,8.92,5177
FIN07688,SALE08905,CUST04848,TVS Credit,196000,66831,24,9.23,8975
FIN07689,SALE16276,CUST02466,ICICI Bank,186000,35739,36,8.91,5907
FIN07690,SALE17994,CUST00917,HDFC Bank,121000,48945,12,10.68,10676
FIN07691,SALE01420,CUST01161,Axis Bank,174000,42938,24,10.14,8040
FIN07692,SALE12432,CUST02966,TVS Credit,132000,33182,24,10.8,6140
FIN07693,SALE07937,CUST04556,ICICI Bank,311000,105676,24,9.06,14217
FIN07694,SALE10547,CUST04378,Bajaj Finance,245000,91677,48,11.71,6417
FIN07695,SALE05627,CUST00649,Bajaj Finance,141000,49805,60,8.72,2908
FIN07696,SALE04027,CUST01824,ICICI Bank,184000,34187,36,10.31,5964
FIN07697,SALE07166,CUST03544,ICICI Bank,178000,52693,24,9.81,8198
FIN07698,SALE12493,CUST00366,ICICI Bank,292000,117214,24,11.47,13673
FIN07699,SALE07863,CUST01437,HDFC Bank,163000,31563,36,10.6,5306
FIN07700,SALE06670,CUST00004,Bajaj Finance,197000,39732,36,10.38,6392
FIN07701,SALE14146,CUST00862,TVS Credit,164000,55709,36,10.07,5297
FIN07702,SALE00484,CUST04341,HDFC Bank,183000,54321,36,11.69,6051
FIN07703,SALE09251,CUST01829,HDFC Bank,180000,49574,48,10.63,4620
FIN07704,SALE05637,CUST04880,TVS Credit,126000,41322,48,11.9,3312
FIN07705,SALE09283,CUST04109,HDFC Bank,150000,49211,24,10.65,6967
FIN07706,SALE18743,CUST03335,Bajaj Finance,181000,44047,48,9.18,4520
FIN07707,SALE00874,CUST04554,SBI Auto Loans,229000,94110,36,9.07,7290
FIN07708,SALE16197,CUST02581,Bajaj Finance,159000,40129,24,10.56,7378
FIN07709,SALE00292,CUST00363,SBI Auto Loans,127000,39713,36,8.86,4030
FIN07710,SALE14867,CUST00697,SBI Auto Loans,190000,46609,36,10.47,6173
FIN07711,SALE16061,CUST00584,Bajaj Finance,183000,51795,24,10.02,8446
FIN07712,SALE05440,CUST00377,HDFC Bank,157000,55358,36,9.66,5041
FIN07713,SALE03501,CUST04944,HDFC Bank,129000,39954,36,12.38,4308
FIN07714,SALE06703,CUST04572,SBI Auto Loans,185000,50581,24,12.16,8722
FIN07715,SALE08003,CUST03605,HDFC Bank,155000,64046,36,11.48,5110
FIN07716,SALE16750,CUST02492,ICICI Bank,188000,33789,12,11.71,16678
FIN07717,SALE06309,CUST00346,SBI Auto Loans,141000,55277,36,11.52,4651
FIN07718,SALE03598,CUST01731,HDFC Bank,127000,42141,36,12.02,4219
FIN07719,SALE05916,CUST03792,Bajaj Finance,143000,41819,24,8.52,6501
FIN07720,SALE00941,CUST00286,ICICI Bank,287000,54923,36,9.62,9210
FIN07721,SALE13470,CUST01799,Bajaj Finance,125000,43805,36,12.41,4176
FIN07722,SALE03968,CUST02160,SBI Auto Loans,175000,59245,24,10.1,8083
FIN07723,SALE02680,CUST01906,Hero FinCorp,182000,48326,36,9.67,5844
FIN07724,SALE19569,CUST00506,ICICI Bank,151000,46172,36,8.51,4767
FIN07725,SALE05002,CUST04541,HDFC Bank,154000,41096,36,12.47,5150
FIN07726,SALE01363,CUST04861,ICICI Bank,159000,65991,36,10.15,5142
FIN07727,SALE12942,CUST04225,SBI Auto Loans,142000,28066,36,12.38,4742
FIN07728,SALE09332,CUST01197,SBI Auto Loans,177000,48029,36,10.84,5781
FIN07729,SALE12296,CUST01986,Bajaj Finance,164000,49606,36,9.78,5275
FIN07730,SALE06762,CUST04209,ICICI Bank,258000,86034,24,11.7,12109
FIN07731,SALE14090,CUST04463,HDFC Bank,130000,39378,60,11.5,2859
FIN07732,SALE11728,CUST00739,ICICI Bank,206000,65889,36,9.58,6606
FIN07733,SALE10087,CUST04170,HDFC Bank,267000,60099,48,8.86,6627
FIN07734,SALE16828,CUST04284,Bajaj Finance,155000,60960,36,9.89,4993
FIN07735,SALE01177,CUST00501,ICICI Bank,193000,34839,48,10.82,4971
FIN07736,SALE02226,CUST04205,Cholamandalam Finance,121000,49314,24,10.93,5636
FIN07737,SALE09421,CUST01029,Axis Bank,278000,49623,24,9.36,12746
FIN07738,SALE14013,CUST01349,SBI Auto Loans,169000,44349,24,11.74,7935
FIN07739,SALE16991,CUST02861,HDFC Bank,146000,48574,24,12.28,6892
FIN07740,SALE03180,CUST02659,Axis Bank,143000,28710,36,11.65,4726
FIN07741,SALE17051,CUST00104,HDFC Bank,163000,61584,48,12.44,4328
FIN07742,SALE00478,CUST03315,ICICI Bank,135000,24833,12,11.54,11966
FIN07743,SALE13930,CUST01168,Bajaj Finance,262000,60925,36,8.62,8285
FIN07744,SALE14024,CUST04547,TVS Credit,271000,89021,36,9.74,8711
FIN07745,SALE14122,CUST03169,HDFC Bank,185000,34566,36,9.7,5943
FIN07746,SALE18591,CUST00616,ICICI Bank,300000,99624,36,10.64,9771
FIN07747,SALE17710,CUST04766,SBI Auto Loans,168000,50362,60,10.08,3576
FIN07748,SALE02585,CUST03847,ICICI Bank,131000,39920,36,9.78,4213
FIN07749,SALE10672,CUST04153,HDFC Bank,168000,65253,24,8.51,7637
FIN07750,SALE01827,CUST02391,SBI Auto Loans,155000,65721,24,9.42,7111
FIN07751,SALE15190,CUST02252,SBI Auto Loans,174000,47333,24,11.26,8131
FIN07752,SALE07136,CUST01552,SBI Auto Loans,186000,35547,24,10.81,8653
FIN07753,SALE12863,CUST03881,HDFC Bank,293000,120318,60,9.08,6094
FIN07754,SALE17884,CUST00137,TVS Credit,157000,31213,24,10.32,7268
FIN07755,SALE14481,CUST04715,Bajaj Finance,271000,55185,12,10.88,23936
FIN07756,SALE00603,CUST04581,HDFC Bank,342000,68480,24,8.98,15621
FIN07757,SALE20000,CUST03286,SBI Auto Loans,163000,47265,36,9.67,5234
FIN07758,SALE08776,CUST01118,TVS Credit,180000,53771,24,12.12,8483
FIN07759,SALE09558,CUST02430,ICICI Bank,122000,42814,36,11.16,4003
FIN07760,SALE10372,CUST02469,Hero FinCorp,293000,64648,36,10.17,9478
FIN07761,SALE02009,CUST01531,TVS Credit,172000,58343,60,9.53,3615
FIN07762,SALE09277,CUST02292,HDFC Bank,138000,25336,36,11.72,4565
FIN07763,SALE15466,CUST00572,ICICI Bank,133000,34776,60,9.58,2798
FIN07764,SALE09584,CUST03961,HDFC Bank,156000,63113,36,12.45,5215
FIN07765,SALE15370,CUST03764,HDFC Bank,208000,57121,36,11.13,6822
FIN07766,SALE19795,CUST04563,Axis Bank,165000,53712,36,10.77,5384
FIN07767,SALE09529,CUST01322,SBI Auto Loans,266000,92537,36,9.58,8531
FIN07768,SALE10481,CUST00721,Bajaj Finance,139000,30851,36,9.27,4438
FIN07769,SALE19149,CUST03985,HDFC Bank,136000,35446,48,8.75,3368
FIN07770,SALE00518,CUST01827,ICICI Bank,247000,77134,36,9.44,7905
FIN07771,SALE01516,CUST00976,Hero FinCorp,179000,56640,36,9.42,5727
FIN07772,SALE10476,CUST02892,Hero FinCorp,181000,31884,36,9.53,5801
FIN07773,SALE00532,CUST00208,SBI Auto Loans,196000,39756,24,8.99,8953
FIN07774,SALE14890,CUST04160,TVS Credit,135000,33859,24,10.94,6288
FIN07775,SALE17116,CUST00461,HDFC Bank,120000,46653,36,10.69,3911
FIN07776,SALE00958,CUST01930,Axis Bank,174000,43949,24,10.56,8074
FIN07777,SALE00660,CUST04543,Cholamandalam Finance,151000,45968,24,11.5,7073
FIN07778,SALE15592,CUST02220,HDFC Bank,158000,41438,36,10.6,5143
FIN07779,SALE04180,CUST02885,Bajaj Finance,257000,68615,24,10.75,11948
FIN07780,SALE02936,CUST03575,SBI Auto Loans,199000,37450,36,10.05,6426
FIN07781,SALE17080,CUST03921,HDFC Bank,172000,46732,36,8.94,5465
FIN07782,SALE10854,CUST01952,Bajaj Finance,330000,86600,36,10.21,10681
FIN07783,SALE06008,CUST02900,SBI Auto Loans,181000,32275,36,10.24,5861
FIN07784,SALE15667,CUST03672,Bajaj Finance,125000,44343,36,10.51,4063
FIN07785,SALE12317,CUST01620,SBI Auto Loans,155000,64430,12,11.52,13737
FIN07786,SALE04866,CUST01590,HDFC Bank,155000,64647,36,11.71,5127
FIN07787,SALE18756,CUST01568,Hero FinCorp,179000,54806,36,12.36,5976
FIN07788,SALE07172,CUST02417,SBI Auto Loans,279000,85591,36,9.69,8962
FIN07789,SALE13510,CUST01608,HDFC Bank,234000,88722,36,11.89,7760
FIN07790,SALE03073,CUST04059,SBI Auto Loans,158000,55228,36,10.32,5122
FIN07791,SALE16678,CUST02355,ICICI Bank,163000,32451,36,11.59,5382
FIN07792,SALE16541,CUST00766,Bajaj Finance,157000,55663,60,9.26,3279
FIN07793,SALE07627,CUST04694,Bajaj Finance,236000,85771,24,12.41,11155
FIN07794,SALE13329,CUST02745,TVS Credit,270000,76001,36,10.29,8749
FIN07795,SALE14338,CUST02244,Bajaj Finance,140000,48835,12,10.62,12349
FIN07796,SALE00799,CUST04638,SBI Auto Loans,170000,50730,36,10.76,5546
FIN07797,SALE08300,CUST03017,Bajaj Finance,186000,44775,36,10.36,6033
FIN07798,SALE11040,CUST01195,SBI Auto Loans,173000,47359,24,9.91,7976
FIN07799,SALE13405,CUST00046,TVS Credit,132000,38480,36,9.6,4235
FIN07800,SALE17158,CUST04198,TVS Credit,265000,46944,12,11.75,23514
FIN07801,SALE02951,CUST04041,Cholamandalam Finance,162000,34908,36,10.5,5265
FIN07802,SALE11376,CUST01585,Cholamandalam Finance,347000,61939,24,8.8,15821
FIN07803,SALE05616,CUST04413,SBI Auto Loans,167000,39310,36,12.36,5576
FIN07804,SALE08460,CUST01633,HDFC Bank,156000,37821,36,8.9,4954
FIN07805,SALE17318,CUST00015,TVS Credit,140000,25599,36,10.0,4517
FIN07806,SALE10305,CUST04562,Hero FinCorp,191000,41973,24,12.38,9025
FIN07807,SALE17524,CUST00564,HDFC Bank,130000,36209,24,11.83,6109
FIN07808,SALE00290,CUST00925,TVS Credit,179000,49328,24,10.76,8323
FIN07809,SALE09095,CUST00626,Bajaj Finance,186000,35723,24,11.83,8741
FIN07810,SALE07934,CUST01075,Hero FinCorp,120000,38597,36,8.54,3790
FIN07811,SALE10731,CUST00456,SBI Auto Loans,171000,63177,60,8.51,3509
FIN07812,SALE15181,CUST01408,Hero FinCorp,164000,33342,60,12.38,3680
FIN07813,SALE16977,CUST01604,HDFC Bank,165000,56791,36,11.1,5410
FIN07814,SALE04282,CUST00099,TVS Credit,296000,61053,36,9.32,9457
FIN07815,SALE09850,CUST02711,SBI Auto Loans,163000,33744,24,10.19,7536
FIN07816,SALE12109,CUST02084,ICICI Bank,137000,32479,36,9.72,4403
FIN07817,SALE04250,CUST00217,Bajaj Finance,183000,36805,36,11.82,6062
FIN07818,SALE03278,CUST00019,ICICI Bank,175000,60996,36,9.11,5574
FIN07819,SALE11758,CUST03599,SBI Auto Loans,171000,50290,12,9.28,14976
FIN07820,SALE00663,CUST04076,SBI Auto Loans,176000,43423,36,10.26,5701
FIN07821,SALE10887,CUST00089,TVS Credit,183000,44974,36,9.58,5869
FIN07822,SALE03343,CUST03319,HDFC Bank,183000,35267,48,10.45,4681
FIN07823,SALE10769,CUST02895,ICICI Bank,193000,40116,24,9.59,8869
FIN07824,SALE09955,CUST02908,TVS Credit,318000,96728,36,10.92,10399
FIN07825,SALE06330,CUST01408,Axis Bank,166000,41152,24,9.33,7609
FIN07826,SALE04386,CUST04849,HDFC Bank,172000,44829,60,9.51,3613
FIN07827,SALE16386,CUST02248,Hero FinCorp,291000,117809,36,11.53,9600
FIN07828,SALE00019,CUST01253,ICICI Bank,131000,34977,36,10.94,4285
FIN07829,SALE09192,CUST02253,TVS Credit,186000,34305,24,8.59,8462
FIN07830,SALE01098,CUST04785,HDFC Bank,144000,54357,36,9.94,4642
FIN07831,SALE00980,CUST03180,HDFC Bank,193000,41407,48,10.03,4898
FIN07832,SALE12933,CUST00787,Axis Bank,192000,72017,24,12.31,9066
FIN07833,SALE08470,CUST02192,Cholamandalam Finance,153000,33208,24,11.48,7165
FIN07834,SALE09425,CUST04187,HDFC Bank,198000,35309,24,10.69,9200
FIN07835,SALE04106,CUST03435,TVS Credit,156000,63171,24,8.71,7106
FIN07836,SALE14784,CUST00398,HDFC Bank,162000,35704,24,12.48,7662
FIN07837,SALE16068,CUST04006,TVS Credit,206000,68536,24,11.89,9687
FIN07838,SALE03262,CUST03088,ICICI Bank,167000,51675,36,9.23,5328
FIN07839,SALE08644,CUST04103,HDFC Bank,121000,48837,36,9.37,3869
FIN07840,SALE05672,CUST00774,TVS Credit,120000,49633,60,9.21,2503
FIN07841,SALE15708,CUST02474,ICICI Bank,133000,38311,12,12.27,11834
FIN07842,SALE04243,CUST03718,SBI Auto Loans,154000,39320,24,8.9,7028
FIN07843,SALE16265,CUST01168,Bajaj Finance,177000,57136,36,12.24,5899
FIN07844,SALE03736,CUST04382,ICICI Bank,133000,37995,36,12.42,4444
FIN07845,SALE02080,CUST01858,HDFC Bank,128000,42352,36,9.87,4122
FIN07846,SALE03812,CUST03568,HDFC Bank,266000,60270,60,10.18,5675
FIN07847,SALE02925,CUST02657,Bajaj Finance,169000,51353,24,9.35,7748
FIN07848,SALE18419,CUST04914,ICICI Bank,249000,74148,24,12.28,11754
FIN07849,SALE06834,CUST00389,HDFC Bank,139000,30863,48,10.13,3534
FIN07850,SALE00164,CUST03465,HDFC Bank,174000,46139,60,9.49,3653
FIN07851,SALE09333,CUST00356,SBI Auto Loans,141000,55016,24,11.32,6593
FIN07852,SALE09863,CUST03372,Bajaj Finance,150000,46754,36,9.11,4778
FIN07853,SALE12987,CUST01014,Axis Bank,176000,43824,24,11.55,8248
FIN07854,SALE18780,CUST00030,Bajaj Finance,224000,91493,60,9.11,4662
FIN07855,SALE13630,CUST00457,Cholamandalam Finance,178000,43378,36,10.77,5808
FIN07856,SALE01271,CUST04291,ICICI Bank,121000,46773,24,12.05,5699
FIN07857,SALE11009,CUST03627,HDFC Bank,239000,86311,36,8.8,7578
FIN07858,SALE10893,CUST01535,TVS Credit,119000,43791,36,9.32,3802
FIN07859,SALE04849,CUST04418,HDFC Bank,176000,43576,36,9.98,5677
FIN07860,SALE05721,CUST04338,SBI Auto Loans,142000,28669,36,8.82,4504
FIN07861,SALE05076,CUST00365,TVS Credit,148000,44129,36,11.64,4890
FIN07862,SALE12421,CUST01867,TVS Credit,264000,81914,24,9.95,12176
FIN07863,SALE00843,CUST03321,TVS Credit,142000,27966,24,8.69,6467
FIN07864,SALE17346,CUST00187,SBI Auto Loans,172000,56134,48,8.64,4251
FIN07865,SALE17057,CUST02612,SBI Auto Loans,181000,38713,36,11.17,5940
FIN07866,SALE14883,CUST04123,SBI Auto Loans,183000,36267,36,10.83,5976
FIN07867,SALE05732,CUST03590,ICICI Bank,134000,38332,24,10.66,6224
FIN07868,SALE13599,CUST04406,HDFC Bank,123000,41212,48,11.5,3209
FIN07869,SALE17978,CUST00166,Bajaj Finance,136000,36235,12,11.92,12078
FIN07870,SALE09098,CUST01885,ICICI Bank,159000,56703,36,11.13,5215
FIN07871,SALE10077,CUST01930,TVS Credit,198000,34923,24,11.74,9297
FIN07872,SALE09049,CUST04983,HDFC Bank,136000,25611,36,8.79,4311
FIN07873,SALE08981,CUST04979,SBI Auto Loans,160000,35826,24,8.79,7294
FIN07874,SALE15843,CUST00544,HDFC Bank,185000,53562,24,9.41,8487
FIN07875,SALE10067,CUST02367,HDFC Bank,127000,40033,36,10.34,4118
FIN07876,SALE05211,CUST00048,SBI Auto Loans,304000,61485,36,11.51,10026
FIN07877,SALE14752,CUST02223,Bajaj Finance,171000,60737,36,9.17,5451
FIN07878,SALE19450,CUST02955,ICICI Bank,124000,46166,24,10.57,5755
FIN07879,SALE05025,CUST04013,SBI Auto Loans,128000,39473,36,9.35,4091
FIN07880,SALE06075,CUST03700,SBI Auto Loans,189000,45848,24,11.88,8886
FIN07881,SALE14606,CUST02879,SBI Auto Loans,166000,47982,36,10.07,5362
FIN07882,SALE01708,CUST04631,Bajaj Finance,130000,36924,24,10.77,6045
FIN07883,SALE15591,CUST03623,ICICI Bank,144000,52546,36,9.09,4585
FIN07884,SALE05612,CUST00981,SBI Auto Loans,151000,56252,12,11.01,13346
FIN07885,SALE15363,CUST01593,HDFC Bank,150000,47174,36,9.06,4774
FIN07886,SALE19545,CUST04625,HDFC Bank,144000,54707,12,11.01,12728
FIN07887,SALE12990,CUST03195,SBI Auto Loans,148000,43128,24,9.86,6820
FIN07888,SALE04760,CUST02140,ICICI Bank,158000,63482,36,10.15,5109
FIN07889,SALE04742,CUST02505,SBI Auto Loans,140000,31408,36,12.49,4683
FIN07890,SALE04512,CUST00060,Bajaj Finance,161000,35255,36,10.7,5248
FIN07891,SALE06732,CUST01734,HDFC Bank,263000,59639,12,12.45,23423
FIN07892,SALE09449,CUST02085,HDFC Bank,165000,68799,36,9.92,5318
FIN07893,SALE11284,CUST03029,SBI Auto Loans,242000,84563,12,9.79,21252
FIN07894,SALE13592,CUST01268,HDFC Bank,253000,103975,36,9.27,8077
FIN07895,SALE00598,CUST00310,HDFC Bank,174000,62634,36,12.16,5793
FIN07896,SALE08433,CUST03447,TVS Credit,185000,42923,36,11.85,6131
FIN07897,SALE13046,CUST01045,HDFC Bank,130000,38909,24,11.39,6083
FIN07898,SALE18866,CUST01459,HDFC Bank,249000,73767,24,10.44,11541
FIN07899,SALE09760,CUST01451,TVS Credit,164000,57193,48,9.82,4145
FIN07900,SALE16041,CUST02336,HDFC Bank,174000,61908,36,12.38,5811
FIN07901,SALE19408,CUST04285,Bajaj Finance,131000,26610,36,12.03,4353
FIN07902,SALE12771,CUST04954,Cholamandalam Finance,273000,51347,36,11.1,8951
FIN07903,SALE03803,CUST02236,HDFC Bank,188000,33342,24,11.13,8774
FIN07904,SALE01358,CUST03068,ICICI Bank,155000,65389,60,9.49,3255
FIN07905,SALE13322,CUST03879,Bajaj Finance,193000,43523,24,10.97,8993
FIN07906,SALE13744,CUST01358,Hero FinCorp,151000,62569,36,11.09,4950
FIN07907,SALE18928,CUST04566,TVS Credit,134000,37364,36,10.42,4350
FIN07908,SALE14058,CUST00335,HDFC Bank,154000,42205,36,9.41,4927
FIN07909,SALE16876,CUST00692,SBI Auto Loans,131000,55543,24,9.81,6034
FIN07910,SALE11594,CUST03718,SBI Auto Loans,156000,41476,36,10.15,5045
FIN07911,SALE12039,CUST00727,HDFC Bank,157000,62815,48,8.62,3879
FIN07912,SALE00639,CUST03844,Bajaj Finance,285000,52281,36,8.83,9040
FIN07913,SALE14722,CUST01059,SBI Auto Loans,172000,63819,12,8.96,15038
FIN07914,SALE13367,CUST03955,SBI Auto Loans,155000,65810,12,9.5,13591
FIN07915,SALE10029,CUST00693,HDFC Bank,147000,49441,48,11.26,3818
FIN07916,SALE08520,CUST03428,SBI Auto Loans,215000,43646,36,9.91,6928
FIN07917,SALE19653,CUST02419,ICICI Bank,304000,100901,60,11.97,6758
FIN07918,SALE06755,CUST01063,SBI Auto Loans,159000,36777,24,8.67,7240
FIN07919,SALE10781,CUST01961,ICICI Bank,147000,37504,24,8.9,6709
FIN07920,SALE07152,CUST01282,TVS Credit,286000,74729,36,10.84,9342
FIN07921,SALE15909,CUST00633,SBI Auto Loans,148000,41393,36,9.57,4746
FIN07922,SALE11427,CUST00654,Bajaj Finance,130000,37224,48,10.5,3328
FIN07923,SALE04548,CUST02914,Bajaj Finance,247000,96196,36,11.9,8192
FIN07924,SALE13012,CUST03564,SBI Auto Loans,157000,54698,24,11.52,7355
FIN07925,SALE01747,CUST01854,HDFC Bank,335000,80453,36,10.61,10906
FIN07926,SALE13656,CUST01388,HDFC Bank,190000,41205,48,10.31,4847
FIN07927,SALE17906,CUST00956,Hero FinCorp,179000,54887,24,11.56,8389
FIN07928,SALE01527,CUST04268,Bajaj Finance,270000,72960,12,9.19,23636
FIN07929,SALE15561,CUST04524,Bajaj Finance,286000,60449,24,11.4,13383
FIN07930,SALE00115,CUST04084,SBI Auto Loans,187000,32762,36,10.29,6059
FIN07931,SALE19053,CUST03264,Axis Bank,124000,40686,12,9.73,10886
FIN07932,SALE02718,CUST03893,ICICI Bank,120000,50376,24,10.01,5538
FIN07933,SALE10654,CUST04406,Bajaj Finance,144000,26273,24,11.03,6714
FIN07934,SALE13520,CUST04019,Bajaj Finance,179000,54378,12,12.34,15932
FIN07935,SALE01994,CUST03168,ICICI Bank,145000,53527,48,10.58,3718
FIN07936,SALE05387,CUST01240,SBI Auto Loans,143000,47821,36,9.61,4588
FIN07937,SALE07562,CUST01750,SBI Auto Loans,187000,46115,36,8.95,5942
FIN07938,SALE11174,CUST02301,Hero FinCorp,152000,59970,48,10.2,3870
FIN07939,SALE00173,CUST01807,HDFC Bank,143000,53787,36,9.88,4606
FIN07940,SALE07140,CUST02554,ICICI Bank,179000,41740,36,9.63,5745
FIN07941,SALE01713,CUST01642,SBI Auto Loans,189000,47416,48,9.74,4770
FIN07942,SALE01688,CUST01497,ICICI Bank,240000,84910,36,9.52,7690
FIN07943,SALE03678,CUST04898,TVS Credit,268000,54713,36,9.88,8633
FIN07944,SALE09918,CUST03315,Bajaj Finance,194000,40572,12,10.21,17075
FIN07945,SALE05738,CUST00459,HDFC Bank,135000,35265,12,11.96,11992
FIN07946,SALE08592,CUST03507,ICICI Bank,176000,53421,24,10.31,8147
FIN07947,SALE10932,CUST01076,SBI Auto Loans,130000,38757,36,10.33,4215
FIN07948,SALE15482,CUST01237,SBI Auto Loans,136000,29973,24,9.73,6259
FIN07949,SALE10430,CUST01067,ICICI Bank,250000,104034,12,10.44,22030
FIN07950,SALE03244,CUST02459,ICICI Bank,161000,57600,36,11.27,5292
FIN07951,SALE09248,CUST02132,ICICI Bank,126000,35994,36,8.65,3986
FIN07952,SALE13531,CUST01796,SBI Auto Loans,185000,33517,24,11.2,8640
FIN07953,SALE00947,CUST02677,Hero FinCorp,233000,88097,48,8.93,5790
FIN07954,SALE11805,CUST00977,SBI Auto Loans,180000,41022,60,11.34,3944
FIN07955,SALE14671,CUST03308,ICICI Bank,171000,55378,24,12.07,8055
FIN07956,SALE06408,CUST00202,SBI Auto Loans,141000,28805,24,11.03,6574
FIN07957,SALE10817,CUST02104,SBI Auto Loans,121000,49130,24,8.56,5503
FIN07958,SALE02434,CUST00734,HDFC Bank,335000,67380,12,8.83,29270
FIN07959,SALE11692,CUST04393,HDFC Bank,165000,70217,36,12.21,5497
FIN07960,SALE01582,CUST04310,TVS Credit,154000,65604,36,11.71,5094
FIN07961,SALE18335,CUST04964,HDFC Bank,235000,90813,12,11.38,20811
FIN07962,SALE10047,CUST03027,Axis Bank,157000,37371,36,9.49,5028
FIN07963,SALE02395,CUST01861,Bajaj Finance,220000,51572,24,8.71,10021
FIN07964,SALE05257,CUST00331,HDFC Bank,143000,25958,36,11.72,4731
FIN07965,SALE06179,CUST02116,HDFC Bank,135000,54843,36,11.46,4449
FIN07966,SALE18306,CUST02170,Hero FinCorp,228000,96520,24,10.81,10606
FIN07967,SALE11260,CUST02107,HDFC Bank,237000,86017,36,12.13,7887
FIN07968,SALE05181,CUST01827,SBI Auto Loans,154000,37521,36,8.75,4879
FIN07969,SALE06092,CUST04329,ICICI Bank,128000,42252,24,10.53,5938
FIN07970,SALE06439,CUST00455,HDFC Bank,137000,25388,24,10.17,6333
FIN07971,SALE12877,CUST03839,HDFC Bank,155000,52108,36,10.76,5057
FIN07972,SALE05176,CUST04304,Bajaj Finance,165000,69411,60,10.59,3554
FIN07973,SALE01479,CUST04454,HDFC Bank,275000,52266,36,10.15,8893
FIN07974,SALE17020,CUST00119,TVS Credit,282000,62870,36,12.03,9370
FIN07975,SALE01502,CUST02745,HDFC Bank,118000,41251,36,11.1,3869
FIN07976,SALE14757,CUST03509,HDFC Bank,122000,49541,36,9.67,3918
FIN07977,SALE12615,CUST02766,SBI Auto Loans,139000,33172,48,10.09,3531
FIN07978,SALE19510,CUST03906,HDFC Bank,133000,32700,24,9.85,6128
FIN07979,SALE07453,CUST00640,ICICI Bank,261000,54569,36,9.48,8358
FIN07980,SALE08331,CUST01347,SBI Auto Loans,183000,78067,36,11.19,6008
FIN07981,SALE04451,CUST02951,HDFC Bank,139000,28496,12,12.21,12364
FIN07982,SALE13799,CUST03378,Bajaj Finance,137000,30706,24,10.97,6383
FIN07983,SALE00052,CUST03771,SBI Auto Loans,177000,40719,24,9.97,8165
FIN07984,SALE15554,CUST04098,TVS Credit,156000,62333,24,9.3,7148
FIN07985,SALE04203,CUST01908,Bajaj Finance,180000,41902,48,12.09,4748
FIN07986,SALE19762,CUST04262,HDFC Bank,165000,54642,48,8.58,4073
FIN07987,SALE08230,CUST03047,SBI Auto Loans,123000,40024,24,10.69,5715
FIN07988,SALE08543,CUST01299,HDFC Bank,182000,34770,36,8.74,5766
FIN07989,SALE04069,CUST04617,HDFC Bank,134000,36332,24,11.12,6253
FIN07990,SALE16057,CUST02495,Axis Bank,133000,36557,36,10.35,4313
FIN07991,SALE19841,CUST00876,SBI Auto Loans,130000,39634,36,11.31,4275
FIN07992,SALE18848,CUST03164,SBI Auto Loans,176000,51741,36,9.66,5651
FIN07993,SALE05134,CUST00622,Bajaj Finance,125000,44613,36,8.62,3953
FIN07994,SALE16885,CUST03571,ICICI Bank,178000,40380,36,11.08,5834
FIN07995,SALE00641,CUST03581,TVS Credit,181000,53078,24,11.72,8497
FIN07996,SALE00905,CUST03279,Hero FinCorp,172000,62662,36,11.36,5660
FIN07997,SALE16867,CUST04434,ICICI Bank,120000,49792,24,10.1,5543
FIN07998,SALE13437,CUST00872,HDFC Bank,253000,73024,12,8.82,22104
FIN07999,SALE14695,CUST02959,SBI Auto Loans,124000,37923,36,11.82,4108
FIN08000,SALE09937,CUST01243,SBI Auto Loans,121000,42867,12,8.84,10573
