Inventory_ID,Dealer_ID,Bike_ID,Item_Type,Item_Name,Opening_Stock,Received_Stock,Sold_Stock,Closing_Stock,Reorder_Level,Stock_Value_INR,Last_Restock_Date
INV00001,DLR124,BK005,Motorcycle,Himalayan 450,25,42,32,35,6,8478750,2026-04-13
INV00002,DLR182,BK010,Motorcycle,Super Meteor 650,15,13,24,4,10,1237260,2026-03-18
INV00003,DLR035,BK011,Spare Part,Clutch Cable Wire,87,293,353,27,45,5616,2025-06-02
INV00004,DLR197,BK010,Accessory,Streetwind V3 Mesh Jacket,77,83,67,93,22,403620,2025-10-30
INV00005,DLR172,BK013,Motorcycle,Bullet 500,11,39,40,10,10,1598000,2026-01-19
INV00006,DLR039,BK004,Accessory,Machined Oil Filler Cap,27,74,19,82,14,48790,2026-03-26
INV00007,DLR039,BK002,Motorcycle,Classic 350,8,16,5,19,8,3118242,2026-05-02
INV00008,DLR054,BK001,Motorcycle,Bullet 350,20,31,15,36,10,5309100,2026-06-27
INV00009,DLR174,BK001,Motorcycle,Bullet 350,13,35,39,9,9,1327275,2026-02-24
INV00010,DLR199,BK014,Motorcycle,Thunderbird 350X,28,16,13,31,8,4295050,2025-08-11
INV00011,DLR187,BK003,Motorcycle,Hunter 350,32,20,5,47,12,5988505,2025-10-06
INV00012,DLR135,BK013,Accessory,Streetwind V3 Mesh Jacket,75,27,83,19,19,82460,2025-09-15
INV00013,DLR150,BK014,Spare Part,Air Filter Element,152,53,159,46,31,13432,2026-03-15
INV00014,DLR113,BK009,Motorcycle,Interceptor 650,24,20,10,34,8,8756700,2025-07-28
INV00015,DLR109,BK014,Spare Part,Oil Filter Element,65,146,191,20,21,4540,2026-02-20
INV00016,DLR002,BK010,Spare Part,Air Filter Element,144,67,120,91,23,26572,2026-04-16
INV00017,DLR060,BK002,Spare Part,Spark Plug Twin Spark,99,232,303,28,37,5096,2026-07-01
INV00018,DLR064,BK009,Motorcycle,Interceptor 650,19,50,38,31,12,7984050,2026-06-15
INV00019,DLR060,BK009,Motorcycle,Interceptor 650,12,23,17,18,5,4635900,2026-05-10
INV00020,DLR065,BK010,Motorcycle,Super Meteor 650,10,29,26,13,10,4021095,2025-11-05
INV00021,DLR008,BK008,Spare Part,Brake Pads Front/Rear,33,132,84,81,49,63180,2025-11-30
INV00022,DLR083,BK011,Spare Part,Oil Filter Element,82,284,160,206,37,46762,2026-06-06
INV00023,DLR026,BK011,Motorcycle,Shotgun 650,21,11,24,8,7,2443920,2026-03-17
INV00024,DLR167,BK012,Motorcycle,Classic 500,15,13,7,21,9,3748500,2026-02-07
INV00025,DLR124,BK010,Spare Part,Oil Filter Element,117,181,273,25,43,5675,2025-11-29
INV00026,DLR057,BK008,Motorcycle,Continental GT 650,16,37,21,32,6,8676800,2025-11-12
INV00027,DLR061,BK004,Accessory,Tripper Navigation Module,17,68,62,23,23,83697,2026-05-15
INV00028,DLR127,BK001,Accessory,Royal Enfield Urban Riding Jacket,66,47,107,6,17,35700,2025-07-17
INV00029,DLR026,BK010,Spare Part,Engine Oil 15W50 Semi-Synth,140,228,72,296,23,182632,2026-03-30
INV00030,DLR086,BK006,Accessory,Compact Engine Guard,46,82,36,92,13,180228,2025-09-06
INV00031,DLR066,BK011,Motorcycle,Shotgun 650,20,41,42,19,6,5804310,2026-01-25
INV00032,DLR003,BK013,Spare Part,Battery 12V 14Ah,176,211,358,29,26,52780,2025-06-15
INV00033,DLR107,BK002,Spare Part,Oil Filter Element,43,279,32,290,29,65830,2025-12-07
INV00034,DLR133,BK003,Motorcycle,Hunter 350,9,16,15,10,7,1274150,2025-10-17
INV00035,DLR115,BK012,Motorcycle,Classic 500,14,37,38,13,9,2320500,2026-01-31
INV00036,DLR063,BK003,Accessory,Aluminum Top Box 40L,22,118,64,76,20,771400,2025-08-08
INV00037,DLR148,BK011,Accessory,Aluminum Top Box 40L,43,69,66,46,13,466900,2025-08-06
INV00038,DLR007,BK014,Accessory,Touring Passenger Seat,19,99,54,64,25,132160,2026-03-08
INV00039,DLR170,BK010,Motorcycle,Super Meteor 650,12,30,23,19,5,5876985,2026-03-03
INV00040,DLR026,BK010,Accessory,Waterproof Duffel Bag,48,55,51,52,23,152880,2025-11-15
INV00041,DLR181,BK008,Spare Part,Engine Oil 15W50 Semi-Synth,144,117,100,161,25,99337,2025-06-18
INV00042,DLR081,BK005,Motorcycle,Himalayan 450,35,50,49,36,6,8721000,2025-12-07
INV00043,DLR177,BK011,Accessory,LED Fog Light Kit,50,21,46,25,15,84000,2025-06-25
INV00044,DLR030,BK012,Accessory,LED Fog Light Kit,55,96,72,79,11,265440,2025-06-13
INV00045,DLR019,BK004,Spare Part,Engine Oil 15W50 Semi-Synth,107,273,42,338,31,208546,2026-06-13
INV00046,DLR162,BK009,Motorcycle,Interceptor 650,25,40,4,61,6,15710550,2025-10-09
INV00047,DLR070,BK007,Accessory,USB Charging Port,47,20,13,54,10,43470,2025-06-21
INV00048,DLR076,BK001,Motorcycle,Bullet 350,27,36,19,44,10,6488900,2025-10-07
INV00049,DLR160,BK008,Accessory,Rider Touring Seat,52,113,147,18,24,47250,2025-11-27
INV00050,DLR044,BK006,Accessory,Black Commuter Pannier,33,56,60,29,23,91350,2025-08-08
INV00051,DLR081,BK008,Accessory,Silver Sump Guard,39,87,15,111,25,240870,2026-04-05
INV00052,DLR085,BK012,Motorcycle,Classic 500,21,17,13,25,6,4462500,2025-12-14
INV00053,DLR091,BK003,Accessory,Pannier Rails Pair,22,91,96,17,13,45220,2025-12-06
INV00054,DLR145,BK006,Accessory,Black Commuter Pannier,45,33,53,25,10,78750,2026-01-11
INV00055,DLR019,BK013,Accessory,Silver Sump Guard,70,107,80,97,25,210490,2026-02-03
INV00056,DLR197,BK012,Accessory,Rider Touring Seat,27,100,15,112,17,294000,2026-07-03
INV00057,DLR041,BK012,Motorcycle,Classic 500,23,39,28,34,12,6069000,2025-06-30
INV00058,DLR042,BK006,Accessory,Tank Bag 15L,27,72,75,24,18,53760,2025-10-28
INV00059,DLR072,BK007,Accessory,Black Commuter Pannier,61,117,139,39,15,122850,2025-10-07
INV00060,DLR175,BK005,Motorcycle,Himalayan 450,26,44,32,38,7,9205500,2026-02-16
INV00061,DLR198,BK002,Spare Part,Air Filter Element,143,211,90,264,28,77088,2026-06-17
INV00062,DLR175,BK011,Motorcycle,Shotgun 650,20,48,23,45,12,13747050,2026-06-19
INV00063,DLR184,BK006,Spare Part,Engine Oil 15W50 Semi-Synth,98,284,178,204,36,125868,2026-03-22
INV00064,DLR079,BK001,Spare Part,Spark Plug Twin Spark,128,136,242,22,44,4004,2026-03-06
INV00065,DLR066,BK015,Accessory,Touring Screen / Flyscreen,34,102,105,31,19,59644,2026-03-14
INV00066,DLR190,BK014,Spare Part,Battery 12V 14Ah,173,54,189,38,50,69160,2026-01-31
INV00067,DLR193,BK004,Accessory,Royal Enfield Urban Riding Jacket,76,73,75,74,25,440300,2025-09-14
INV00068,DLR116,BK009,Motorcycle,Interceptor 650,12,27,12,27,10,6953850,2025-07-28
INV00069,DLR145,BK002,Spare Part,Battery 12V 14Ah,61,158,57,162,47,294840,2026-03-03
INV00070,DLR147,BK008,Accessory,Waterproof Duffel Bag,73,75,118,30,22,88200,2026-06-21
INV00071,DLR015,BK012,Accessory,Touring Screen / Flyscreen,30,96,34,92,21,177008,2025-08-23
INV00072,DLR098,BK014,Motorcycle,Thunderbird 350X,15,46,45,16,8,2216800,2025-07-28
INV00073,DLR115,BK007,Spare Part,Battery 12V 14Ah,33,185,115,103,33,187460,2026-06-21
INV00074,DLR115,BK006,Accessory,Compact Engine Guard,62,103,121,44,16,86196,2026-06-11
INV00075,DLR152,BK011,Accessory,Waterproof Duffel Bag,77,25,94,8,19,23520,2025-10-21
INV00076,DLR115,BK008,Spare Part,Engine Oil 15W50 Semi-Synth,99,58,70,87,45,53679,2026-01-17
INV00077,DLR120,BK015,Motorcycle,Continental GT 535,16,11,25,2,6,353600,2025-12-02
INV00078,DLR095,BK005,Motorcycle,Himalayan 450,14,12,23,3,10,726750,2026-01-21
INV00079,DLR083,BK003,Accessory,Machined Oil Filler Cap,42,82,43,81,18,48195,2026-06-18
INV00080,DLR141,BK005,Accessory,RE Horizon Full Face Helmet,58,110,131,37,22,108780,2026-06-21
INV00081,DLR173,BK007,Motorcycle,Scram 411,31,31,47,15,9,2631510,2025-09-03
INV00082,DLR001,BK012,Spare Part,Clutch Cable Wire,36,194,112,118,50,24544,2025-09-19
INV00083,DLR200,BK001,Accessory,Touring Passenger Seat,75,113,130,58,14,119770,2026-02-26
INV00084,DLR161,BK012,Accessory,Master Cylinder Guard,75,69,93,51,25,42840,2025-07-01
INV00085,DLR184,BK009,Accessory,Rear Passenger Backrest,35,114,119,30,22,38850,2025-06-12
INV00086,DLR061,BK007,Spare Part,Brake Pads Front/Rear,192,97,224,65,34,50700,2026-01-09
INV00087,DLR175,BK015,Accessory,Bar End Mirrors Pair,37,102,125,14,19,45080,2025-09-09
INV00088,DLR178,BK006,Motorcycle,Guerrilla 450,35,40,53,22,6,4469300,2026-01-08
INV00089,DLR091,BK004,Accessory,RE Camo Riding Gloves,74,107,144,37,18,62160,2025-08-11
INV00090,DLR072,BK008,Motorcycle,Continental GT 650,14,46,7,53,6,14370950,2025-12-17
INV00091,DLR050,BK011,Accessory,Aluminum Top Box 40L,17,107,70,54,15,548100,2025-11-23
INV00092,DLR156,BK003,Accessory,Black Sump Guard,64,97,28,133,21,307230,2026-01-05
INV00093,DLR157,BK008,Accessory,LED Fog Light Kit,80,38,36,82,11,275520,2026-01-31
INV00094,DLR172,BK001,Motorcycle,Bullet 350,7,22,9,20,9,2949500,2026-06-13
INV00095,DLR149,BK001,Motorcycle,Bullet 350,35,40,41,34,8,5014150,2025-08-31
INV00096,DLR111,BK010,Spare Part,Oil Filter Element,101,209,169,141,23,32007,2026-03-10
INV00097,DLR001,BK002,Accessory,Royal Enfield Urban Riding Jacket,60,98,40,118,13,702100,2026-04-27
INV00098,DLR178,BK003,Accessory,Black Commuter Pannier,68,53,15,106,17,333900,2025-07-05
INV00099,DLR028,BK009,Motorcycle,Interceptor 650,19,48,60,7,6,1802850,2025-10-13
INV00100,DLR112,BK015,Accessory,Pannier Rails Pair,27,30,51,6,14,15960,2025-06-15
INV00101,DLR049,BK014,Motorcycle,Thunderbird 350X,31,13,26,18,11,2493900,2026-01-08
INV00102,DLR175,BK007,Accessory,Rear Passenger Backrest,34,47,47,34,16,44030,2026-03-13
INV00103,DLR173,BK004,Accessory,Pannier Rails Pair,51,40,77,14,19,37240,2025-12-15
INV00104,DLR063,BK008,Accessory,Low Ride Seat,54,100,93,61,11,136640,2026-06-12
INV00105,DLR063,BK001,Spare Part,Oil Filter Element,144,171,94,221,41,50167,2025-07-11
INV00106,DLR117,BK010,Motorcycle,Super Meteor 650,7,35,13,29,10,8970135,2025-06-24
INV00107,DLR085,BK006,Motorcycle,Guerrilla 450,18,38,42,14,7,2844100,2025-10-21
INV00108,DLR168,BK011,Accessory,RE Camo Riding Gloves,80,51,98,33,24,55440,2025-08-13
INV00109,DLR102,BK009,Accessory,RE Camo Riding Gloves,77,95,71,101,18,169680,2026-04-01
INV00110,DLR021,BK013,Motorcycle,Bullet 500,21,37,31,27,7,4314600,2026-02-15
INV00111,DLR125,BK008,Motorcycle,Continental GT 650,30,44,52,22,6,5965300,2025-06-27
INV00112,DLR076,BK001,Accessory,Streetwind V3 Mesh Jacket,36,96,58,74,22,321160,2025-11-08
INV00113,DLR047,BK014,Accessory,Black Sump Guard,55,82,38,99,12,228690,2026-05-07
INV00114,DLR132,BK001,Motorcycle,Bullet 350,14,11,11,14,6,2064650,2026-05-27
INV00115,DLR003,BK008,Spare Part,Engine Oil 15W50 Semi-Synth,64,202,223,43,45,26531,2025-10-22
INV00116,DLR064,BK013,Accessory,Tripper Navigation Module,22,43,37,28,21,101892,2026-01-11
INV00117,DLR136,BK015,Motorcycle,Continental GT 535,24,35,17,42,10,7425600,2025-11-10
INV00118,DLR008,BK002,Accessory,Pannier Rails Pair,41,28,52,17,12,45220,2025-06-16
INV00119,DLR030,BK012,Accessory,Black Commuter Pannier,62,70,66,66,17,207900,2025-07-17
INV00120,DLR057,BK008,Motorcycle,Continental GT 650,6,14,17,3,9,813450,2026-03-18
INV00121,DLR049,BK002,Spare Part,Battery 12V 14Ah,122,156,268,10,20,18200,2026-02-11
INV00122,DLR060,BK001,Motorcycle,Bullet 350,8,38,16,30,12,4424250,2025-09-18
INV00123,DLR061,BK014,Accessory,Machined Oil Filler Cap,20,30,10,40,13,23800,2026-05-05
INV00124,DLR075,BK010,Motorcycle,Super Meteor 650,10,14,20,4,7,1237260,2025-08-21
INV00125,DLR186,BK011,Spare Part,Brake Pads Front/Rear,30,156,44,142,26,110760,2026-02-24
INV00126,DLR098,BK006,Motorcycle,Guerrilla 450,27,47,57,17,11,3453550,2025-06-28
INV00127,DLR044,BK015,Accessory,Silver Sump Guard,49,51,53,47,11,101990,2025-10-20
INV00128,DLR121,BK002,Motorcycle,Classic 350,22,11,28,5,5,820590,2025-11-03
INV00129,DLR087,BK001,Motorcycle,Bullet 350,15,25,7,33,6,4866675,2026-03-20
INV00130,DLR084,BK010,Spare Part,Chain Sprocket Drive Kit,44,262,102,204,35,424320,2025-12-25
INV00131,DLR154,BK013,Motorcycle,Bullet 500,33,27,53,7,12,1118600,2026-02-04
INV00132,DLR156,BK007,Accessory,Aluminum Top Box 40L,47,84,117,14,20,142100,2025-12-10
INV00133,DLR039,BK006,Accessory,Compact Engine Guard,49,41,32,58,19,113622,2025-12-23
INV00134,DLR067,BK013,Motorcycle,Bullet 500,23,26,45,4,11,639200,2026-06-23
INV00135,DLR029,BK013,Accessory,LED Fog Light Kit,58,53,23,88,15,295680,2026-02-11
INV00136,DLR199,BK008,Motorcycle,Continental GT 650,8,29,9,28,11,7592200,2025-06-29
INV00137,DLR095,BK009,Motorcycle,Interceptor 650,7,46,34,19,10,4893450,2025-11-29
INV00138,DLR126,BK001,Accessory,Tank Bag 15L,77,114,150,41,22,91840,2025-11-14
INV00139,DLR012,BK005,Motorcycle,Himalayan 450,14,15,12,17,9,4118250,2026-06-18
INV00140,DLR036,BK010,Spare Part,Spark Plug Twin Spark,67,241,232,76,35,13832,2026-04-19
INV00141,DLR005,BK009,Accessory,Streetwind V3 Mesh Jacket,59,25,18,66,20,286440,2025-08-03
INV00142,DLR059,BK008,Accessory,Royal Enfield Urban Riding Jacket,68,118,55,131,23,779450,2026-02-17
INV00143,DLR065,BK015,Accessory,Tripper Navigation Module,20,57,19,58,18,211062,2025-07-03
INV00144,DLR106,BK012,Accessory,USB Charging Port,29,57,29,57,10,45885,2026-01-14
INV00145,DLR098,BK011,Accessory,Tripper Navigation Module,16,25,23,18,12,65502,2025-10-14
INV00146,DLR057,BK007,Accessory,LED Fog Light Kit,34,105,129,10,17,33600,2026-04-02
INV00147,DLR192,BK011,Spare Part,Chain Sprocket Drive Kit,135,238,78,295,41,613600,2025-06-25
INV00148,DLR081,BK005,Motorcycle,Himalayan 450,19,15,13,21,5,5087250,2025-06-15
INV00149,DLR127,BK007,Motorcycle,Scram 411,27,39,25,41,6,7192794,2026-05-30
INV00150,DLR191,BK009,Spare Part,Brake Pads Front/Rear,144,283,267,160,37,124800,2025-10-07
INV00151,DLR046,BK009,Motorcycle,Interceptor 650,16,33,32,17,11,4378350,2025-07-23
INV00152,DLR136,BK011,Accessory,LED Fog Light Kit,76,25,65,36,23,120960,2026-02-05
INV00153,DLR034,BK012,Motorcycle,Classic 500,28,20,14,34,8,6069000,2025-11-01
INV00154,DLR151,BK014,Motorcycle,Thunderbird 350X,11,10,7,14,6,1939700,2025-12-03
INV00155,DLR041,BK008,Spare Part,Clutch Cable Wire,189,174,298,65,27,13520,2025-09-09
INV00156,DLR109,BK014,Accessory,Rear Passenger Backrest,21,87,96,12,13,15540,2025-08-27
INV00157,DLR176,BK013,Motorcycle,Bullet 500,23,47,37,33,9,5273400,2026-05-19
INV00158,DLR120,BK011,Spare Part,Chain Sprocket Drive Kit,181,238,298,121,47,251680,2026-03-04
INV00159,DLR008,BK002,Motorcycle,Classic 350,29,20,24,25,11,4102950,2025-08-06
INV00160,DLR016,BK009,Motorcycle,Interceptor 650,8,10,16,2,5,515100,2025-08-16
INV00161,DLR092,BK008,Spare Part,Brake Pads Front/Rear,47,267,231,83,47,64740,2026-04-29
INV00162,DLR044,BK012,Motorcycle,Classic 500,25,35,48,12,8,2142000,2026-01-21
INV00163,DLR016,BK004,Spare Part,Clutch Cable Wire,188,140,79,249,30,51792,2025-08-03
INV00164,DLR101,BK008,Spare Part,Engine Oil 15W50 Semi-Synth,141,230,236,135,24,83295,2026-03-21
INV00165,DLR104,BK015,Spare Part,Clutch Cable Wire,168,270,228,210,49,43680,2026-06-18
INV00166,DLR050,BK007,Spare Part,Brake Pads Front/Rear,63,249,209,103,27,80340,2025-12-10
INV00167,DLR132,BK008,Motorcycle,Continental GT 650,9,13,7,15,7,4067250,2025-11-15
INV00168,DLR071,BK006,Motorcycle,Guerrilla 450,22,11,15,18,9,3656700,2025-06-10
INV00169,DLR157,BK008,Accessory,Tripper Navigation Module,41,103,137,7,13,25473,2026-03-02
INV00170,DLR052,BK011,Spare Part,Engine Oil 15W50 Semi-Synth,44,63,25,82,33,50594,2025-12-17
INV00171,DLR083,BK009,Motorcycle,Interceptor 650,14,25,17,22,5,5666100,2026-06-23
INV00172,DLR002,BK005,Accessory,Low Ride Seat,55,103,116,42,10,94080,2026-05-29
INV00173,DLR137,BK010,Accessory,Machined Oil Filler Cap,78,24,59,43,18,25585,2026-03-17
INV00174,DLR175,BK004,Accessory,Cast Alloy Wheels Set,15,56,28,43,24,496650,2026-04-09
INV00175,DLR014,BK011,Spare Part,Clutch Cable Wire,171,260,149,282,21,58656,2025-10-13
INV00176,DLR121,BK001,Motorcycle,Bullet 350,25,43,6,62,7,9143450,2026-01-20
INV00177,DLR109,BK005,Accessory,Rider Touring Seat,15,107,108,14,11,36750,2025-11-12
INV00178,DLR162,BK013,Motorcycle,Bullet 500,32,17,42,7,10,1118600,2026-02-07
INV00179,DLR085,BK005,Accessory,Bar End Mirrors Pair,80,119,10,189,19,608580,2025-09-01
INV00180,DLR125,BK005,Motorcycle,Himalayan 450,10,42,13,39,10,9447750,2025-06-02
INV00181,DLR114,BK003,Accessory,Low Ride Seat,38,21,33,26,14,58240,2026-03-02
INV00182,DLR093,BK002,Accessory,Pannier Rails Pair,22,34,22,34,20,90440,2025-08-20
INV00183,DLR065,BK008,Motorcycle,Continental GT 650,30,38,63,5,10,1355750,2025-06-07
INV00184,DLR185,BK006,Motorcycle,Guerrilla 450,32,49,18,63,9,12798450,2025-07-15
INV00185,DLR132,BK001,Accessory,Silver Sump Guard,52,33,26,59,10,128030,2026-06-01
INV00186,DLR001,BK008,Motorcycle,Continental GT 650,34,12,20,26,10,7049900,2025-07-05
INV00187,DLR085,BK007,Accessory,Rider Touring Seat,42,118,49,111,25,291375,2025-12-26
INV00188,DLR180,BK010,Motorcycle,Super Meteor 650,29,34,38,25,9,7732875,2026-01-16
INV00189,DLR058,BK009,Accessory,Cast Alloy Wheels Set,40,25,46,19,14,219450,2026-05-12
INV00190,DLR095,BK003,Spare Part,Brake Pads Front/Rear,126,300,51,375,31,292500,2025-12-29
INV00191,DLR051,BK007,Spare Part,Battery 12V 14Ah,50,88,63,75,46,136500,2025-08-03
INV00192,DLR053,BK008,Motorcycle,Continental GT 650,32,29,42,19,6,5151850,2025-08-10
INV00193,DLR166,BK006,Accessory,Silver Sump Guard,43,75,59,59,19,128030,2025-09-06
INV00194,DLR111,BK005,Motorcycle,Himalayan 450,18,32,46,4,8,969000,2025-07-14
INV00195,DLR169,BK005,Spare Part,Clutch Cable Wire,182,299,430,51,28,10608,2025-12-08
INV00196,DLR108,BK009,Spare Part,Clutch Cable Wire,38,243,164,117,38,24336,2025-11-11
INV00197,DLR028,BK015,Motorcycle,Continental GT 535,27,24,44,7,6,1237600,2026-03-01
INV00198,DLR115,BK010,Accessory,LED Fog Light Kit,67,119,68,118,17,396480,2026-05-11
INV00199,DLR195,BK001,Motorcycle,Bullet 350,5,27,7,25,8,3686875,2025-10-02
INV00200,DLR057,BK012,Accessory,Machined Oil Filler Cap,45,33,59,19,10,11305,2026-06-29
INV00201,DLR038,BK006,Motorcycle,Guerrilla 450,28,19,34,13,5,2640950,2025-10-11
INV00202,DLR002,BK001,Spare Part,Air Filter Element,169,284,247,206,49,60152,2025-12-12
INV00203,DLR110,BK009,Accessory,Trapezium Engine Guard,78,103,49,132,22,314160,2025-06-22
INV00204,DLR189,BK003,Accessory,LED Fog Light Kit,79,97,117,59,23,198240,2025-09-12
INV00205,DLR106,BK009,Motorcycle,Interceptor 650,11,41,15,37,5,9529350,2026-03-12
INV00206,DLR199,BK009,Spare Part,Oil Filter Element,81,98,36,143,38,32461,2026-01-22
INV00207,DLR008,BK002,Accessory,Touring Screen / Flyscreen,36,57,69,24,25,46176,2025-06-26
INV00208,DLR162,BK011,Accessory,Black Sump Guard,65,37,23,79,10,182490,2026-03-16
INV00209,DLR130,BK011,Accessory,Machined Oil Filler Cap,67,44,61,50,24,29750,2026-02-26
INV00210,DLR176,BK003,Accessory,Machined Oil Filler Cap,23,74,79,18,22,10710,2025-06-06
INV00211,DLR004,BK007,Spare Part,Chain Sprocket Drive Kit,159,224,293,90,22,187200,2025-08-21
INV00212,DLR125,BK010,Motorcycle,Super Meteor 650,28,20,26,22,7,6804930,2026-03-06
INV00213,DLR173,BK005,Accessory,USB Charging Port,17,74,79,12,12,9660,2026-05-13
INV00214,DLR116,BK010,Motorcycle,Super Meteor 650,25,28,9,44,12,13609860,2026-04-06
INV00215,DLR114,BK001,Motorcycle,Bullet 350,6,45,6,45,8,6636375,2025-10-14
INV00216,DLR144,BK012,Motorcycle,Classic 500,22,32,49,5,9,892500,2025-10-10
INV00217,DLR136,BK008,Accessory,Trapezium Engine Guard,49,88,41,96,16,228480,2025-10-09
INV00218,DLR107,BK015,Spare Part,Chain Sprocket Drive Kit,147,284,401,30,40,62400,2025-08-09
INV00219,DLR100,BK001,Motorcycle,Bullet 350,11,14,19,6,5,884850,2026-01-03
INV00220,DLR181,BK007,Accessory,Waterproof Duffel Bag,53,27,50,30,25,88200,2026-04-22
INV00221,DLR176,BK005,Motorcycle,Himalayan 450,5,43,34,14,5,3391500,2026-05-26
INV00222,DLR055,BK008,Accessory,Machined Oil Filler Cap,57,110,71,96,24,57120,2025-07-25
INV00223,DLR033,BK007,Accessory,USB Charging Port,78,22,46,54,12,43470,2025-11-18
INV00224,DLR082,BK008,Accessory,Machined Oil Filler Cap,27,50,50,27,24,16065,2025-09-11
INV00225,DLR183,BK002,Motorcycle,Classic 350,10,17,18,9,10,1477062,2025-12-16
INV00226,DLR036,BK005,Accessory,Cast Alloy Wheels Set,50,112,74,88,17,1016400,2025-09-09
INV00227,DLR029,BK008,Spare Part,Oil Filter Element,145,107,209,43,45,9761,2025-06-20
INV00228,DLR091,BK011,Spare Part,Battery 12V 14Ah,134,161,94,201,21,365820,2026-02-26
INV00229,DLR080,BK014,Motorcycle,Thunderbird 350X,34,38,69,3,9,415650,2026-06-02
INV00230,DLR103,BK005,Spare Part,Engine Oil 15W50 Semi-Synth,115,163,139,139,29,85763,2025-12-26
INV00231,DLR099,BK003,Motorcycle,Hunter 350,24,41,35,30,10,3822450,2026-01-05
INV00232,DLR088,BK011,Motorcycle,Shotgun 650,33,31,45,19,9,5804310,2025-08-16
INV00233,DLR068,BK006,Accessory,Waterproof Duffel Bag,66,78,54,90,15,264600,2026-03-21
INV00234,DLR156,BK001,Spare Part,Oil Filter Element,64,233,240,57,35,12939,2026-04-12
INV00235,DLR070,BK001,Accessory,Compact Engine Guard,27,60,43,44,13,86196,2025-09-25
INV00236,DLR133,BK003,Accessory,Low Ride Seat,67,105,147,25,16,56000,2025-09-30
INV00237,DLR158,BK003,Spare Part,Chain Sprocket Drive Kit,65,89,70,84,40,174720,2025-10-08
INV00238,DLR109,BK011,Accessory,Waterproof Duffel Bag,38,92,62,68,23,199920,2025-07-15
INV00239,DLR016,BK004,Accessory,Pannier Rails Pair,78,54,92,40,11,106400,2026-03-14
INV00240,DLR080,BK004,Accessory,Silver Sump Guard,54,118,158,14,15,30380,2025-12-28
INV00241,DLR038,BK008,Motorcycle,Continental GT 650,16,10,23,3,11,813450,2025-06-17
INV00242,DLR014,BK012,Motorcycle,Classic 500,31,37,55,13,9,2320500,2025-12-17
INV00243,DLR163,BK014,Motorcycle,Thunderbird 350X,30,37,7,60,9,8313000,2026-04-06
INV00244,DLR010,BK010,Spare Part,Engine Oil 15W50 Semi-Synth,31,62,63,30,23,18510,2026-01-07
INV00245,DLR101,BK006,Spare Part,Clutch Cable Wire,109,136,104,141,49,29328,2026-06-04
INV00246,DLR064,BK001,Motorcycle,Bullet 350,20,43,58,5,9,737375,2025-12-22
INV00247,DLR034,BK011,Accessory,LED Fog Light Kit,53,117,50,120,10,403200,2026-04-28
INV00248,DLR081,BK003,Spare Part,Oil Filter Element,117,220,306,31,38,7037,2026-02-15
INV00249,DLR118,BK011,Spare Part,Air Filter Element,44,177,75,146,25,42632,2025-07-26
INV00250,DLR106,BK007,Accessory,RE Camo Riding Gloves,66,92,37,121,11,203280,2026-06-19
INV00251,DLR115,BK001,Accessory,Royal Enfield Urban Riding Jacket,66,116,26,156,13,928200,2026-02-09
INV00252,DLR024,BK004,Accessory,Rear Passenger Backrest,15,101,28,88,21,113960,2025-06-18
INV00253,DLR006,BK007,Motorcycle,Scram 411,9,39,29,19,9,3333246,2025-10-04
INV00254,DLR080,BK014,Accessory,Black Commuter Pannier,67,63,27,103,23,324450,2026-05-11
INV00255,DLR176,BK015,Accessory,Aluminum Top Box 40L,39,56,73,22,25,223300,2026-05-11
INV00256,DLR068,BK002,Motorcycle,Classic 350,18,10,8,20,10,3282360,2026-05-25
INV00257,DLR147,BK015,Accessory,Streetwind V3 Mesh Jacket,78,63,55,86,25,373240,2025-11-10
INV00258,DLR145,BK015,Accessory,Trapezium Engine Guard,48,112,27,133,21,316540,2025-11-13
INV00259,DLR042,BK013,Spare Part,Oil Filter Element,88,62,128,22,47,4994,2025-07-21
INV00260,DLR103,BK015,Spare Part,Air Filter Element,35,283,151,167,40,48764,2025-08-08
INV00261,DLR155,BK008,Accessory,Rear Passenger Backrest,52,102,83,71,17,91945,2025-09-25
INV00262,DLR199,BK012,Spare Part,Spark Plug Twin Spark,118,223,258,83,36,15106,2026-01-06
INV00263,DLR128,BK012,Accessory,Black Commuter Pannier,21,57,70,8,24,25200,2025-08-06
INV00264,DLR068,BK011,Accessory,Tank Bag 15L,50,99,133,16,14,35840,2026-06-14
INV00265,DLR131,BK004,Accessory,Black Commuter Pannier,28,92,111,9,10,28350,2025-12-27
INV00266,DLR116,BK011,Spare Part,Engine Oil 15W50 Semi-Synth,35,58,63,30,38,18510,2026-01-13
INV00267,DLR144,BK005,Motorcycle,Himalayan 450,10,49,35,24,7,5814000,2026-03-24
INV00268,DLR146,BK004,Motorcycle,Meteor 350,25,26,11,40,6,7000600,2025-08-05
INV00269,DLR129,BK003,Accessory,USB Charging Port,59,97,130,26,11,20930,2026-06-28
INV00270,DLR047,BK005,Accessory,Silver Sump Guard,15,63,56,22,25,47740,2026-03-16
INV00271,DLR147,BK010,Motorcycle,Super Meteor 650,29,43,36,36,8,11135340,2025-10-14
INV00272,DLR174,BK006,Spare Part,Clutch Cable Wire,59,216,62,213,44,44304,2025-09-23
INV00273,DLR074,BK004,Spare Part,Spark Plug Twin Spark,44,233,247,30,34,5460,2026-05-21
INV00274,DLR007,BK009,Spare Part,Chain Sprocket Drive Kit,196,105,61,240,50,499200,2026-06-11
INV00275,DLR062,BK010,Accessory,Machined Oil Filler Cap,52,50,51,51,24,30345,2026-03-04
INV00276,DLR192,BK013,Accessory,Rear Passenger Backrest,56,99,15,140,25,181300,2025-09-16
INV00277,DLR177,BK012,Spare Part,Oil Filter Element,163,91,43,211,40,47897,2025-07-22
INV00278,DLR019,BK003,Accessory,Machined Oil Filler Cap,34,32,52,14,12,8330,2025-11-11
INV00279,DLR066,BK005,Spare Part,Air Filter Element,148,212,258,102,21,29784,2026-02-05
INV00280,DLR015,BK006,Spare Part,Battery 12V 14Ah,36,209,119,126,50,229320,2026-04-27
INV00281,DLR185,BK001,Accessory,Master Cylinder Guard,64,105,65,104,15,87360,2026-01-14
INV00282,DLR104,BK003,Spare Part,Air Filter Element,63,159,110,112,34,32704,2025-08-18
INV00283,DLR001,BK013,Accessory,USB Charging Port,21,52,57,16,25,12880,2025-06-21
INV00284,DLR124,BK009,Accessory,RE Horizon Full Face Helmet,45,76,87,34,25,99960,2026-02-09
INV00285,DLR170,BK006,Motorcycle,Guerrilla 450,25,22,42,5,11,1015750,2025-09-08
INV00286,DLR100,BK010,Spare Part,Spark Plug Twin Spark,122,120,93,149,23,27118,2026-05-14
INV00287,DLR151,BK009,Accessory,USB Charging Port,61,77,101,37,14,29785,2026-02-25
INV00288,DLR043,BK007,Spare Part,Brake Pads Front/Rear,55,157,115,97,23,75660,2025-11-09
INV00289,DLR155,BK012,Accessory,Touring Passenger Seat,76,56,67,65,25,134225,2025-07-21
INV00290,DLR093,BK011,Accessory,Low Ride Seat,39,46,19,66,24,147840,2026-03-21
INV00291,DLR199,BK004,Motorcycle,Meteor 350,26,23,44,5,9,875075,2026-02-09
INV00292,DLR085,BK015,Accessory,Silver Sump Guard,69,115,34,150,24,325500,2025-12-12
INV00293,DLR093,BK011,Motorcycle,Shotgun 650,8,11,15,4,5,1221960,2025-06-23
INV00294,DLR044,BK008,Accessory,Black Commuter Pannier,60,86,128,18,11,56700,2026-06-29
INV00295,DLR002,BK006,Motorcycle,Guerrilla 450,9,30,17,22,5,4469300,2026-04-29
INV00296,DLR108,BK004,Motorcycle,Meteor 350,27,10,24,13,8,2275195,2026-02-09
INV00297,DLR099,BK010,Motorcycle,Super Meteor 650,28,45,62,11,7,3402465,2026-05-29
INV00298,DLR128,BK005,Accessory,Tank Bag 15L,38,42,60,20,25,44800,2025-11-10
INV00299,DLR050,BK002,Motorcycle,Classic 350,33,32,13,52,9,8534136,2026-06-24
INV00300,DLR053,BK009,Accessory,Royal Enfield Urban Riding Jacket,18,76,51,43,24,255850,2026-04-05
INV00301,DLR050,BK012,Motorcycle,Classic 500,32,29,19,42,9,7497000,2026-07-06
INV00302,DLR030,BK010,Accessory,Tank Bag 15L,49,60,96,13,22,29120,2025-08-30
INV00303,DLR163,BK005,Accessory,Bar End Mirrors Pair,50,20,46,24,14,77280,2026-06-28
INV00304,DLR127,BK008,Spare Part,Engine Oil 15W50 Semi-Synth,120,165,243,42,49,25914,2025-09-26
INV00305,DLR171,BK011,Accessory,Aluminum Top Box 40L,15,102,66,51,11,517650,2025-11-12
INV00306,DLR173,BK002,Spare Part,Oil Filter Element,119,72,55,136,45,30872,2025-06-16
INV00307,DLR050,BK002,Accessory,Waterproof Duffel Bag,72,36,12,96,25,282240,2025-11-29
INV00308,DLR149,BK002,Motorcycle,Classic 350,31,33,29,35,11,5744130,2025-07-10
INV00309,DLR159,BK007,Spare Part,Battery 12V 14Ah,126,253,29,350,50,637000,2025-07-18
INV00310,DLR185,BK006,Motorcycle,Guerrilla 450,13,25,20,18,5,3656700,2026-06-29
INV00311,DLR021,BK001,Spare Part,Chain Sprocket Drive Kit,197,145,200,142,34,295360,2025-12-11
INV00312,DLR178,BK005,Accessory,Waterproof Duffel Bag,65,66,105,26,24,76440,2025-09-07
INV00313,DLR186,BK003,Accessory,LED Fog Light Kit,76,58,20,114,11,383040,2025-11-20
INV00314,DLR001,BK007,Accessory,Cast Alloy Wheels Set,17,116,112,21,14,242550,2025-10-02
INV00315,DLR063,BK001,Accessory,Black Commuter Pannier,69,117,57,129,13,406350,2025-11-07
INV00316,DLR180,BK008,Accessory,Waterproof Duffel Bag,27,68,52,43,17,126420,2026-01-23
INV00317,DLR057,BK014,Spare Part,Brake Pads Front/Rear,112,102,100,114,25,88920,2026-03-06
INV00318,DLR153,BK001,Spare Part,Engine Oil 15W50 Semi-Synth,192,278,451,19,33,11723,2025-08-16
INV00319,DLR149,BK004,Motorcycle,Meteor 350,23,34,10,47,10,8225705,2025-06-29
INV00320,DLR123,BK002,Spare Part,Brake Pads Front/Rear,140,151,87,204,32,159120,2026-04-06
INV00321,DLR014,BK004,Accessory,Tripper Navigation Module,22,62,17,67,18,243813,2025-07-31
INV00322,DLR031,BK008,Accessory,Touring Screen / Flyscreen,75,76,120,31,16,59644,2025-07-24
INV00323,DLR153,BK010,Spare Part,Chain Sprocket Drive Kit,143,58,170,31,49,64480,2026-04-15
INV00324,DLR100,BK011,Motorcycle,Shotgun 650,19,27,42,4,11,1221960,2025-07-06
INV00325,DLR039,BK003,Accessory,USB Charging Port,43,22,42,23,25,18515,2026-03-05
INV00326,DLR133,BK005,Accessory,Tripper Navigation Module,80,84,49,115,18,418485,2026-07-04
INV00327,DLR056,BK008,Accessory,Tank Bag 15L,65,88,120,33,15,73920,2026-01-15
INV00328,DLR065,BK015,Accessory,Streetwind V3 Mesh Jacket,44,21,59,6,11,26040,2026-03-19
INV00329,DLR183,BK008,Motorcycle,Continental GT 650,15,26,34,7,10,1898050,2026-03-30
INV00330,DLR091,BK001,Motorcycle,Bullet 350,11,23,15,19,12,2802025,2025-08-17
INV00331,DLR187,BK011,Motorcycle,Shotgun 650,31,30,27,34,12,10386660,2026-06-27
INV00332,DLR188,BK009,Spare Part,Spark Plug Twin Spark,34,187,65,156,49,28392,2026-03-01
INV00333,DLR047,BK005,Spare Part,Chain Sprocket Drive Kit,108,290,336,62,40,128960,2025-07-31
INV00334,DLR165,BK004,Accessory,Waterproof Duffel Bag,56,27,45,38,15,111720,2026-05-06
INV00335,DLR056,BK011,Motorcycle,Shotgun 650,34,46,55,25,8,7637250,2026-01-27
INV00336,DLR138,BK002,Spare Part,Engine Oil 15W50 Semi-Synth,197,262,337,122,22,75274,2025-12-04
INV00337,DLR028,BK009,Accessory,Streetwind V3 Mesh Jacket,45,68,84,29,10,125860,2025-06-14
INV00338,DLR071,BK015,Accessory,Trapezium Engine Guard,53,75,103,25,19,59500,2025-10-23
INV00339,DLR154,BK005,Motorcycle,Himalayan 450,16,44,7,53,10,12839250,2025-07-21
INV00340,DLR155,BK013,Motorcycle,Bullet 500,13,19,18,14,6,2237200,2026-05-27
INV00341,DLR161,BK002,Accessory,Royal Enfield Urban Riding Jacket,35,75,78,32,11,190400,2025-06-11
INV00342,DLR160,BK009,Spare Part,Chain Sprocket Drive Kit,42,213,133,122,46,253760,2026-02-23
INV00343,DLR019,BK015,Spare Part,Spark Plug Twin Spark,108,270,66,312,33,56784,2026-04-24
INV00344,DLR110,BK014,Accessory,Black Sump Guard,28,81,69,40,14,92400,2026-04-08
INV00345,DLR072,BK003,Spare Part,Chain Sprocket Drive Kit,150,62,167,45,20,93600,2025-11-23
INV00346,DLR190,BK009,Accessory,Pannier Rails Pair,34,55,11,78,18,207480,2026-04-16
INV00347,DLR166,BK008,Accessory,Royal Enfield Urban Riding Jacket,56,109,133,32,15,190400,2025-10-24
INV00348,DLR002,BK001,Motorcycle,Bullet 350,11,15,14,12,6,1769700,2026-06-18
INV00349,DLR134,BK014,Accessory,Tripper Navigation Module,59,95,121,33,15,120087,2026-07-01
INV00350,DLR039,BK011,Accessory,Black Commuter Pannier,74,73,77,70,13,220500,2026-04-09
INV00351,DLR070,BK010,Spare Part,Clutch Cable Wire,159,288,133,314,25,65312,2025-12-03
INV00352,DLR020,BK010,Accessory,Silver Sump Guard,16,37,35,18,17,39060,2025-09-17
INV00353,DLR068,BK015,Accessory,Master Cylinder Guard,33,76,72,37,25,31080,2025-06-29
INV00354,DLR137,BK006,Accessory,Royal Enfield Urban Riding Jacket,36,74,74,36,15,214200,2025-09-29
INV00355,DLR158,BK011,Accessory,RE Horizon Full Face Helmet,62,53,35,80,18,235200,2025-10-10
INV00356,DLR138,BK013,Motorcycle,Bullet 500,12,43,43,12,5,1917600,2025-07-31
INV00357,DLR031,BK006,Accessory,Aluminum Top Box 40L,76,71,80,67,13,680050,2026-05-11
INV00358,DLR095,BK014,Spare Part,Air Filter Element,189,189,210,168,31,49056,2025-10-06
INV00359,DLR041,BK015,Spare Part,Battery 12V 14Ah,122,53,154,21,44,38220,2025-09-19
INV00360,DLR157,BK008,Motorcycle,Continental GT 650,19,30,13,36,10,9761400,2025-08-16
INV00361,DLR175,BK012,Motorcycle,Classic 500,13,25,19,19,7,3391500,2025-07-20
INV00362,DLR190,BK004,Accessory,RE Horizon Full Face Helmet,76,93,120,49,20,144060,2026-01-10
INV00363,DLR043,BK009,Motorcycle,Interceptor 650,11,24,14,21,5,5408550,2025-06-07
INV00364,DLR108,BK012,Motorcycle,Classic 500,27,30,52,5,10,892500,2026-06-04
INV00365,DLR134,BK001,Spare Part,Spark Plug Twin Spark,162,93,181,74,48,13468,2025-10-28
INV00366,DLR011,BK008,Spare Part,Oil Filter Element,162,147,120,189,31,42903,2026-06-12
INV00367,DLR089,BK009,Accessory,Touring Passenger Seat,39,113,125,27,10,55755,2026-06-28
INV00368,DLR110,BK015,Spare Part,Clutch Cable Wire,159,293,262,190,43,39520,2025-09-20
INV00369,DLR098,BK001,Accessory,Pannier Rails Pair,60,88,44,104,14,276640,2026-01-01
INV00370,DLR037,BK013,Motorcycle,Bullet 500,27,15,29,13,12,2077400,2025-12-09
INV00371,DLR006,BK002,Motorcycle,Classic 350,11,18,23,6,12,984708,2026-06-18
INV00372,DLR007,BK013,Motorcycle,Bullet 500,14,16,12,18,12,2876400,2026-01-31
INV00373,DLR087,BK013,Accessory,Streetwind V3 Mesh Jacket,80,109,182,7,23,30380,2025-09-17
INV00374,DLR189,BK008,Motorcycle,Continental GT 650,19,47,40,26,12,7049900,2025-06-05
INV00375,DLR135,BK001,Spare Part,Clutch Cable Wire,93,179,72,200,37,41600,2026-03-26
INV00376,DLR141,BK012,Spare Part,Oil Filter Element,68,217,225,60,44,13620,2025-09-23
INV00377,DLR169,BK014,Accessory,Aluminum Top Box 40L,72,108,103,77,16,781550,2026-06-24
INV00378,DLR166,BK008,Spare Part,Chain Sprocket Drive Kit,99,256,172,183,30,380640,2025-07-29
INV00379,DLR041,BK011,Accessory,Tank Bag 15L,34,41,19,56,10,125440,2026-03-05
INV00380,DLR169,BK004,Spare Part,Chain Sprocket Drive Kit,95,223,162,156,45,324480,2025-08-07
INV00381,DLR151,BK010,Accessory,Tank Bag 15L,30,46,43,33,11,73920,2026-01-16
INV00382,DLR020,BK009,Accessory,Tank Bag 15L,20,113,65,68,16,152320,2026-04-06
INV00383,DLR154,BK005,Accessory,Trapezium Engine Guard,64,104,145,23,16,54740,2026-02-21
INV00384,DLR185,BK003,Accessory,Silver Sump Guard,63,38,84,17,22,36890,2025-06-08
INV00385,DLR079,BK012,Motorcycle,Classic 500,21,33,47,7,12,1249500,2025-07-25
INV00386,DLR193,BK001,Motorcycle,Bullet 350,25,22,43,4,5,589900,2025-12-02
INV00387,DLR097,BK010,Accessory,Machined Oil Filler Cap,68,42,50,60,11,35700,2026-05-18
INV00388,DLR149,BK007,Accessory,Silver Sump Guard,32,47,50,29,15,62930,2026-03-08
INV00389,DLR136,BK009,Accessory,Royal Enfield Urban Riding Jacket,15,106,80,41,22,243950,2026-06-26
INV00390,DLR008,BK009,Motorcycle,Interceptor 650,33,10,32,11,6,2833050,2025-10-23
INV00391,DLR153,BK012,Motorcycle,Classic 500,35,23,48,10,11,1785000,2025-06-14
INV00392,DLR063,BK013,Spare Part,Brake Pads Front/Rear,159,216,195,180,37,140400,2026-05-06
INV00393,DLR130,BK005,Motorcycle,Himalayan 450,29,27,16,40,12,9690000,2025-08-08
INV00394,DLR200,BK002,Spare Part,Oil Filter Element,140,269,390,19,42,4313,2026-02-09
INV00395,DLR127,BK014,Accessory,Bar End Mirrors Pair,43,119,28,134,12,431480,2026-05-17
INV00396,DLR130,BK001,Spare Part,Air Filter Element,161,278,177,262,42,76504,2025-10-02
INV00397,DLR012,BK013,Accessory,LED Fog Light Kit,77,62,132,7,22,23520,2026-02-18
INV00398,DLR184,BK013,Motorcycle,Bullet 500,8,45,10,43,5,6871400,2025-07-04
INV00399,DLR135,BK014,Accessory,Rear Passenger Backrest,74,41,86,29,12,37555,2026-06-01
INV00400,DLR178,BK015,Motorcycle,Continental GT 535,8,20,15,13,10,2298400,2026-04-13
INV00401,DLR178,BK008,Accessory,Compact Engine Guard,42,27,18,51,16,99909,2025-07-25
INV00402,DLR035,BK002,Accessory,Black Sump Guard,72,120,14,178,19,411180,2025-08-30
INV00403,DLR181,BK004,Spare Part,Battery 12V 14Ah,110,184,72,222,47,404040,2025-07-11
INV00404,DLR137,BK006,Accessory,Touring Passenger Seat,18,73,37,54,10,111510,2025-10-12
INV00405,DLR030,BK007,Accessory,Tripper Navigation Module,36,70,21,85,13,309315,2025-06-05
INV00406,DLR148,BK006,Motorcycle,Guerrilla 450,34,12,4,42,6,8532300,2026-01-22
INV00407,DLR155,BK011,Spare Part,Clutch Cable Wire,46,107,75,78,47,16224,2026-04-23
INV00408,DLR044,BK003,Motorcycle,Hunter 350,25,11,7,29,8,3695035,2026-05-06
INV00409,DLR115,BK001,Motorcycle,Bullet 350,32,46,74,4,6,589900,2026-04-02
INV00410,DLR080,BK001,Motorcycle,Bullet 350,34,27,27,34,11,5014150,2025-07-13
INV00411,DLR181,BK004,Spare Part,Brake Pads Front/Rear,149,176,98,227,48,177060,2026-02-07
INV00412,DLR041,BK001,Accessory,Black Commuter Pannier,61,26,80,7,10,22050,2026-01-09
INV00413,DLR189,BK014,Spare Part,Clutch Cable Wire,88,111,77,122,31,25376,2025-06-14
INV00414,DLR029,BK007,Accessory,Waterproof Duffel Bag,31,61,18,74,11,217560,2025-11-07
INV00415,DLR148,BK005,Accessory,Black Sump Guard,77,51,14,114,21,263340,2026-05-07
INV00416,DLR020,BK013,Accessory,Aluminum Top Box 40L,27,46,24,49,14,497350,2025-06-16
INV00417,DLR152,BK007,Accessory,Trapezium Engine Guard,34,57,10,81,25,192780,2025-11-06
INV00418,DLR024,BK011,Spare Part,Clutch Cable Wire,175,211,373,13,33,2704,2025-12-30
INV00419,DLR087,BK004,Motorcycle,Meteor 350,6,24,28,2,11,350030,2025-09-24
INV00420,DLR170,BK009,Spare Part,Clutch Cable Wire,153,121,76,198,27,41184,2026-04-06
INV00421,DLR026,BK010,Accessory,USB Charging Port,17,109,11,115,10,92575,2026-03-10
INV00422,DLR077,BK002,Accessory,Royal Enfield Urban Riding Jacket,63,82,102,43,11,255850,2025-07-18
INV00423,DLR183,BK005,Accessory,Low Ride Seat,30,54,60,24,21,53760,2025-06-03
INV00424,DLR005,BK004,Accessory,RE Camo Riding Gloves,62,66,75,53,19,89040,2025-12-16
INV00425,DLR191,BK005,Accessory,Trapezium Engine Guard,27,84,23,88,10,209440,2025-08-11
INV00426,DLR055,BK003,Motorcycle,Hunter 350,17,32,9,40,5,5096600,2025-12-25
INV00427,DLR191,BK001,Spare Part,Engine Oil 15W50 Semi-Synth,154,246,203,197,21,121549,2026-01-20
INV00428,DLR088,BK002,Spare Part,Oil Filter Element,129,258,261,126,35,28602,2026-04-21
INV00429,DLR091,BK013,Motorcycle,Bullet 500,17,16,31,2,11,319600,2026-04-28
INV00430,DLR041,BK011,Motorcycle,Shotgun 650,25,42,43,24,9,7331760,2025-09-09
INV00431,DLR188,BK010,Accessory,Pannier Rails Pair,69,88,152,5,25,13300,2025-08-24
INV00432,DLR003,BK003,Spare Part,Spark Plug Twin Spark,172,300,273,199,22,36218,2025-06-16
INV00433,DLR059,BK007,Spare Part,Clutch Cable Wire,88,122,149,61,32,12688,2026-06-21
INV00434,DLR076,BK002,Motorcycle,Classic 350,30,19,33,16,6,2625888,2026-05-18
INV00435,DLR150,BK015,Accessory,Black Commuter Pannier,58,47,18,87,19,274050,2025-12-04
INV00436,DLR149,BK006,Accessory,Bar End Mirrors Pair,21,26,19,28,10,90160,2026-01-05
INV00437,DLR185,BK010,Accessory,LED Fog Light Kit,40,60,64,36,18,120960,2025-08-09
INV00438,DLR115,BK012,Motorcycle,Classic 500,13,23,29,7,6,1249500,2025-06-20
INV00439,DLR157,BK001,Accessory,Touring Passenger Seat,48,61,17,92,13,189980,2025-10-14
INV00440,DLR182,BK007,Accessory,Tripper Navigation Module,20,39,22,37,23,134643,2025-06-04
INV00441,DLR113,BK005,Motorcycle,Himalayan 450,6,37,3,40,7,9690000,2025-08-28
INV00442,DLR093,BK003,Accessory,Rider Touring Seat,25,44,26,43,12,112875,2026-01-17
INV00443,DLR108,BK003,Spare Part,Brake Pads Front/Rear,177,138,178,137,49,106860,2025-07-06
INV00444,DLR126,BK006,Motorcycle,Guerrilla 450,6,16,15,7,8,1422050,2026-01-16
INV00445,DLR158,BK001,Accessory,Bar End Mirrors Pair,49,90,31,108,13,347760,2026-01-15
INV00446,DLR049,BK010,Motorcycle,Super Meteor 650,29,49,54,24,6,7423560,2025-06-14
INV00447,DLR195,BK015,Spare Part,Oil Filter Element,179,158,206,131,33,29737,2025-07-26
INV00448,DLR035,BK013,Motorcycle,Bullet 500,31,34,21,44,11,7031200,2025-10-21
INV00449,DLR185,BK007,Spare Part,Battery 12V 14Ah,126,116,143,99,37,180180,2025-11-30
INV00450,DLR098,BK003,Accessory,Trapezium Engine Guard,48,65,17,96,12,228480,2026-04-29
INV00451,DLR079,BK004,Spare Part,Oil Filter Element,121,169,32,258,48,58566,2026-03-25
INV00452,DLR149,BK015,Motorcycle,Continental GT 535,18,17,3,32,7,5657600,2026-02-22
INV00453,DLR089,BK011,Accessory,Black Sump Guard,47,50,77,20,14,46200,2025-11-13
INV00454,DLR175,BK006,Motorcycle,Guerrilla 450,12,21,24,9,11,1828350,2025-11-20
INV00455,DLR145,BK002,Accessory,Black Sump Guard,19,119,54,84,15,194040,2026-02-27
INV00456,DLR053,BK013,Accessory,Trapezium Engine Guard,58,44,11,91,23,216580,2026-02-06
INV00457,DLR057,BK015,Motorcycle,Continental GT 535,26,44,31,39,5,6895200,2025-09-25
INV00458,DLR144,BK015,Accessory,Compact Engine Guard,28,114,120,22,25,43098,2026-01-24
INV00459,DLR103,BK010,Motorcycle,Super Meteor 650,27,14,10,31,5,9588765,2025-11-16
INV00460,DLR004,BK014,Accessory,Black Sump Guard,73,24,87,10,21,23100,2026-02-04
INV00461,DLR076,BK015,Spare Part,Clutch Cable Wire,101,56,133,24,33,4992,2026-03-30
INV00462,DLR030,BK015,Accessory,USB Charging Port,73,75,130,18,16,14490,2026-03-10
INV00463,DLR165,BK005,Motorcycle,Himalayan 450,29,50,43,36,10,8721000,2025-12-29
INV00464,DLR127,BK007,Accessory,Cast Alloy Wheels Set,74,99,51,122,22,1409100,2025-09-01
INV00465,DLR189,BK007,Motorcycle,Scram 411,27,40,16,51,7,8947134,2025-10-14
INV00466,DLR059,BK008,Spare Part,Air Filter Element,192,207,65,334,38,97528,2026-05-08
INV00467,DLR011,BK006,Accessory,RE Camo Riding Gloves,56,107,37,126,18,211680,2025-07-03
INV00468,DLR176,BK004,Accessory,Compact Engine Guard,72,70,69,73,14,143007,2026-03-23
INV00469,DLR200,BK009,Accessory,Streetwind V3 Mesh Jacket,25,102,91,36,23,156240,2025-06-18
INV00470,DLR091,BK013,Accessory,Silver Sump Guard,28,80,10,98,15,212660,2026-05-15
INV00471,DLR069,BK003,Spare Part,Chain Sprocket Drive Kit,91,163,89,165,43,343200,2026-05-05
INV00472,DLR056,BK008,Motorcycle,Continental GT 650,6,14,9,11,6,2982650,2026-02-25
INV00473,DLR068,BK004,Motorcycle,Meteor 350,11,32,33,10,6,1750150,2026-01-10
INV00474,DLR192,BK009,Motorcycle,Interceptor 650,8,14,6,16,9,4120800,2026-01-23
INV00475,DLR098,BK015,Spare Part,Brake Pads Front/Rear,143,102,90,155,34,120900,2026-03-03
INV00476,DLR124,BK015,Spare Part,Air Filter Element,118,129,55,192,28,56064,2025-11-13
INV00477,DLR090,BK013,Spare Part,Spark Plug Twin Spark,145,281,124,302,22,54964,2026-04-30
INV00478,DLR026,BK013,Accessory,Bar End Mirrors Pair,56,95,55,96,22,309120,2025-12-24
INV00479,DLR060,BK008,Accessory,Compact Engine Guard,16,89,92,13,18,25467,2025-09-23
INV00480,DLR141,BK004,Motorcycle,Meteor 350,14,45,45,14,10,2450210,2026-01-29
INV00481,DLR130,BK012,Spare Part,Engine Oil 15W50 Semi-Synth,133,145,255,23,33,14191,2025-06-06
INV00482,DLR133,BK009,Spare Part,Spark Plug Twin Spark,47,180,200,27,39,4914,2025-06-20
INV00483,DLR193,BK011,Motorcycle,Shotgun 650,14,35,14,35,7,10692150,2026-01-08
INV00484,DLR017,BK008,Motorcycle,Continental GT 650,27,34,5,56,12,15184400,2025-09-20
INV00485,DLR196,BK013,Accessory,Rider Touring Seat,25,53,34,44,12,115500,2026-02-20
INV00486,DLR022,BK004,Accessory,Master Cylinder Guard,34,95,104,25,16,21000,2026-02-22
INV00487,DLR191,BK001,Accessory,Compact Engine Guard,44,20,59,5,17,9795,2025-10-20
INV00488,DLR146,BK002,Accessory,Tank Bag 15L,51,82,62,71,18,159040,2026-03-25
INV00489,DLR048,BK012,Accessory,Bar End Mirrors Pair,67,91,34,124,16,399280,2025-09-28
INV00490,DLR187,BK008,Accessory,Streetwind V3 Mesh Jacket,35,101,72,64,13,277760,2026-03-13
INV00491,DLR020,BK006,Accessory,Rider Touring Seat,38,66,98,6,17,15750,2025-06-18
INV00492,DLR045,BK002,Motorcycle,Classic 350,20,14,16,18,5,2954124,2026-04-30
INV00493,DLR062,BK004,Accessory,Silver Sump Guard,75,117,143,49,24,106330,2025-12-24
INV00494,DLR004,BK003,Accessory,Black Commuter Pannier,16,80,30,66,23,207900,2026-05-20
INV00495,DLR176,BK005,Accessory,Silver Sump Guard,15,63,13,65,17,141050,2026-03-28
INV00496,DLR023,BK007,Accessory,Silver Sump Guard,37,87,75,49,17,106330,2026-01-14
INV00497,DLR157,BK011,Motorcycle,Shotgun 650,25,44,45,24,8,7331760,2026-06-23
INV00498,DLR015,BK013,Accessory,Master Cylinder Guard,38,120,124,34,13,28560,2025-10-19
INV00499,DLR109,BK010,Accessory,Touring Screen / Flyscreen,55,51,63,43,14,82732,2025-10-03
INV00500,DLR199,BK003,Motorcycle,Hunter 350,10,50,22,38,11,4841770,2025-07-21
INV00501,DLR174,BK002,Accessory,Royal Enfield Urban Riding Jacket,35,49,16,68,22,404600,2026-02-11
INV00502,DLR142,BK001,Motorcycle,Bullet 350,23,27,27,23,12,3391925,2025-06-20
INV00503,DLR022,BK005,Accessory,Silver Sump Guard,34,91,10,115,18,249550,2025-10-29
INV00504,DLR113,BK002,Spare Part,Oil Filter Element,39,193,76,156,44,35412,2026-01-01
INV00505,DLR033,BK005,Accessory,Black Commuter Pannier,79,62,61,80,15,252000,2025-09-18
INV00506,DLR115,BK009,Accessory,Bar End Mirrors Pair,69,109,27,151,25,486220,2025-09-22
INV00507,DLR034,BK013,Accessory,Waterproof Duffel Bag,18,110,63,65,16,191100,2026-04-09
INV00508,DLR167,BK011,Accessory,Silver Sump Guard,45,72,81,36,11,78120,2026-01-05
INV00509,DLR093,BK013,Accessory,Silver Sump Guard,67,95,150,12,18,26040,2026-04-26
INV00510,DLR057,BK015,Accessory,Streetwind V3 Mesh Jacket,46,106,73,79,25,342860,2026-06-15
INV00511,DLR096,BK007,Spare Part,Spark Plug Twin Spark,120,106,112,114,35,20748,2026-01-18
INV00512,DLR124,BK012,Accessory,USB Charging Port,61,92,45,108,18,86940,2025-11-21
INV00513,DLR130,BK004,Accessory,Bar End Mirrors Pair,80,109,59,130,24,418600,2025-10-28
INV00514,DLR080,BK009,Spare Part,Oil Filter Element,78,244,218,104,21,23608,2025-10-23
INV00515,DLR034,BK005,Motorcycle,Himalayan 450,5,21,14,12,11,2907000,2026-02-10
INV00516,DLR164,BK001,Motorcycle,Bullet 350,20,43,14,49,10,7226275,2026-03-28
INV00517,DLR143,BK009,Spare Part,Chain Sprocket Drive Kit,57,235,26,266,50,553280,2025-09-28
INV00518,DLR113,BK012,Accessory,RE Camo Riding Gloves,35,95,47,83,10,139440,2025-09-23
INV00519,DLR131,BK014,Accessory,Compact Engine Guard,53,47,72,28,18,54852,2025-07-17
INV00520,DLR161,BK003,Accessory,Bar End Mirrors Pair,16,85,58,43,20,138460,2025-11-11
INV00521,DLR031,BK001,Accessory,RE Camo Riding Gloves,28,98,115,11,24,18480,2025-06-02
INV00522,DLR127,BK014,Accessory,USB Charging Port,41,99,111,29,16,23345,2026-05-14
INV00523,DLR021,BK004,Motorcycle,Meteor 350,14,12,8,18,12,3150270,2025-12-05
INV00524,DLR151,BK005,Motorcycle,Himalayan 450,33,12,7,38,11,9205500,2025-12-09
INV00525,DLR115,BK006,Accessory,LED Fog Light Kit,53,86,58,81,16,272160,2026-04-21
INV00526,DLR039,BK009,Motorcycle,Interceptor 650,5,41,3,43,10,11074650,2025-12-19
INV00527,DLR016,BK014,Spare Part,Clutch Cable Wire,152,103,158,97,42,20176,2026-04-17
INV00528,DLR196,BK014,Motorcycle,Thunderbird 350X,6,46,28,24,5,3325200,2026-07-04
INV00529,DLR008,BK012,Accessory,Tank Bag 15L,29,72,96,5,12,11200,2026-05-04
INV00530,DLR088,BK004,Spare Part,Battery 12V 14Ah,126,153,30,249,45,453180,2026-05-21
INV00531,DLR043,BK005,Motorcycle,Himalayan 450,16,34,41,9,12,2180250,2026-05-26
INV00532,DLR152,BK002,Accessory,Black Commuter Pannier,42,49,59,32,24,100800,2025-11-16
INV00533,DLR118,BK006,Spare Part,Clutch Cable Wire,97,150,226,21,20,4368,2025-12-14
INV00534,DLR143,BK004,Motorcycle,Meteor 350,10,36,4,42,10,7350630,2025-09-08
INV00535,DLR061,BK014,Accessory,Touring Passenger Seat,54,97,121,30,22,61950,2025-12-11
INV00536,DLR186,BK001,Accessory,RE Horizon Full Face Helmet,29,85,69,45,20,132300,2026-02-20
INV00537,DLR143,BK001,Motorcycle,Bullet 350,14,50,4,60,8,8848500,2026-01-01
INV00538,DLR058,BK005,Accessory,Rear Passenger Backrest,57,33,27,63,22,81585,2025-08-01
INV00539,DLR145,BK015,Motorcycle,Continental GT 535,19,49,10,58,7,10254400,2025-08-20
INV00540,DLR168,BK012,Spare Part,Air Filter Element,35,203,190,48,42,14016,2025-10-28
INV00541,DLR076,BK004,Spare Part,Engine Oil 15W50 Semi-Synth,71,71,126,16,26,9872,2025-10-19
INV00542,DLR183,BK006,Accessory,Tripper Navigation Module,18,25,25,18,15,65502,2025-11-23
INV00543,DLR103,BK007,Spare Part,Battery 12V 14Ah,63,290,152,201,21,365820,2025-12-13
INV00544,DLR165,BK004,Spare Part,Clutch Cable Wire,144,271,294,121,26,25168,2026-01-13
INV00545,DLR179,BK002,Accessory,Pannier Rails Pair,28,120,23,125,19,332500,2025-07-21
INV00546,DLR061,BK007,Accessory,LED Fog Light Kit,63,82,102,43,16,144480,2026-06-16
INV00547,DLR033,BK012,Spare Part,Spark Plug Twin Spark,183,148,270,61,26,11102,2026-01-26
INV00548,DLR021,BK010,Accessory,Aluminum Top Box 40L,57,119,125,51,13,517650,2025-08-07
INV00549,DLR008,BK014,Accessory,Aluminum Top Box 40L,48,105,16,137,15,1390550,2026-03-03
INV00550,DLR181,BK010,Spare Part,Spark Plug Twin Spark,106,102,168,40,49,7280,2026-06-13
INV00551,DLR136,BK003,Accessory,Touring Screen / Flyscreen,72,71,81,62,13,119288,2025-09-29
INV00552,DLR173,BK007,Accessory,Rear Passenger Backrest,69,84,110,43,10,55685,2026-02-21
INV00553,DLR197,BK008,Accessory,Low Ride Seat,25,58,25,58,17,129920,2025-11-13
INV00554,DLR150,BK001,Accessory,Cast Alloy Wheels Set,51,98,23,126,19,1455300,2025-10-28
INV00555,DLR067,BK008,Motorcycle,Continental GT 650,19,13,17,15,7,4067250,2025-12-03
INV00556,DLR077,BK005,Accessory,Master Cylinder Guard,76,91,115,52,12,43680,2025-07-02
INV00557,DLR155,BK006,Motorcycle,Guerrilla 450,31,20,38,13,12,2640950,2025-10-20
INV00558,DLR015,BK008,Accessory,Silver Sump Guard,46,98,41,103,18,223510,2025-12-13
INV00559,DLR002,BK004,Accessory,Touring Passenger Seat,18,49,30,37,23,76405,2026-02-23
INV00560,DLR154,BK010,Accessory,Royal Enfield Urban Riding Jacket,17,91,93,15,21,89250,2026-03-01
INV00561,DLR127,BK008,Accessory,RE Horizon Full Face Helmet,75,65,13,127,13,373380,2025-09-06
INV00562,DLR148,BK011,Accessory,Rider Touring Seat,37,61,60,38,24,99750,2026-04-10
INV00563,DLR123,BK012,Spare Part,Chain Sprocket Drive Kit,92,73,147,18,44,37440,2026-02-02
INV00564,DLR018,BK009,Accessory,Waterproof Duffel Bag,67,113,122,58,23,170520,2025-07-06
INV00565,DLR104,BK015,Motorcycle,Continental GT 535,12,45,28,29,8,5127200,2026-03-01
INV00566,DLR031,BK004,Motorcycle,Meteor 350,11,19,26,4,11,700060,2025-08-06
INV00567,DLR078,BK011,Spare Part,Chain Sprocket Drive Kit,107,56,89,74,32,153920,2025-12-21
INV00568,DLR094,BK013,Spare Part,Battery 12V 14Ah,145,57,105,97,27,176540,2025-12-19
INV00569,DLR077,BK005,Spare Part,Air Filter Element,95,297,313,79,40,23068,2025-11-20
INV00570,DLR074,BK002,Motorcycle,Classic 350,25,39,27,37,7,6072366,2025-06-25
INV00571,DLR139,BK011,Motorcycle,Shotgun 650,7,21,19,9,8,2749410,2025-10-09
INV00572,DLR130,BK003,Accessory,Compact Engine Guard,35,22,32,25,17,48975,2025-12-15
INV00573,DLR083,BK001,Motorcycle,Bullet 350,16,35,36,15,11,2212125,2026-04-13
INV00574,DLR108,BK010,Motorcycle,Super Meteor 650,34,15,41,8,7,2474520,2025-09-20
INV00575,DLR049,BK002,Spare Part,Clutch Cable Wire,64,256,178,142,20,29536,2025-10-18
INV00576,DLR032,BK015,Accessory,Tripper Navigation Module,56,85,98,43,18,156477,2026-05-22
INV00577,DLR038,BK008,Accessory,Waterproof Duffel Bag,26,103,113,16,15,47040,2026-02-01
INV00578,DLR115,BK014,Spare Part,Air Filter Element,91,107,86,112,46,32704,2025-11-16
INV00579,DLR112,BK014,Accessory,Master Cylinder Guard,17,31,27,21,18,17640,2025-11-12
INV00580,DLR115,BK007,Spare Part,Engine Oil 15W50 Semi-Synth,136,272,392,16,41,9872,2025-08-29
INV00581,DLR148,BK014,Spare Part,Clutch Cable Wire,43,237,131,149,29,30992,2025-07-04
INV00582,DLR004,BK004,Motorcycle,Meteor 350,14,14,23,5,12,875075,2025-10-04
INV00583,DLR172,BK003,Accessory,Pannier Rails Pair,32,47,42,37,23,98420,2025-12-07
INV00584,DLR180,BK015,Spare Part,Spark Plug Twin Spark,139,241,57,323,24,58786,2026-05-04
INV00585,DLR016,BK004,Spare Part,Spark Plug Twin Spark,135,166,113,188,33,34216,2025-10-12
INV00586,DLR078,BK011,Motorcycle,Shotgun 650,32,48,68,12,7,3665880,2026-05-28
INV00587,DLR131,BK015,Accessory,Black Commuter Pannier,41,62,37,66,20,207900,2026-04-24
INV00588,DLR068,BK014,Motorcycle,Thunderbird 350X,25,37,11,51,11,7066050,2026-06-18
INV00589,DLR166,BK001,Accessory,USB Charging Port,25,117,73,69,19,55545,2026-05-31
INV00590,DLR117,BK013,Accessory,Silver Sump Guard,46,114,75,85,11,184450,2026-01-24
INV00591,DLR173,BK005,Accessory,USB Charging Port,55,22,33,44,14,35420,2026-05-09
INV00592,DLR067,BK001,Spare Part,Clutch Cable Wire,98,156,207,47,31,9776,2025-07-10
INV00593,DLR034,BK001,Accessory,Compact Engine Guard,70,33,22,81,21,158679,2026-06-30
INV00594,DLR152,BK008,Motorcycle,Continental GT 650,19,19,24,14,8,3796100,2025-06-01
INV00595,DLR060,BK002,Accessory,Rear Passenger Backrest,63,59,39,83,18,107485,2025-10-17
INV00596,DLR195,BK003,Accessory,Streetwind V3 Mesh Jacket,56,52,96,12,10,52080,2025-07-02
INV00597,DLR150,BK003,Spare Part,Air Filter Element,57,197,115,139,49,40588,2025-06-25
INV00598,DLR121,BK009,Accessory,Compact Engine Guard,58,107,58,107,10,209613,2025-06-20
INV00599,DLR062,BK013,Motorcycle,Bullet 500,28,50,29,49,7,7830200,2026-06-17
INV00600,DLR160,BK003,Spare Part,Oil Filter Element,36,278,194,120,41,27240,2025-12-04
INV00601,DLR197,BK012,Accessory,Pannier Rails Pair,63,38,74,27,19,71820,2026-04-07
INV00602,DLR128,BK006,Accessory,Pannier Rails Pair,71,89,66,94,17,250040,2026-04-01
INV00603,DLR063,BK010,Accessory,Black Commuter Pannier,41,29,11,59,21,185850,2025-07-11
INV00604,DLR139,BK009,Accessory,RE Camo Riding Gloves,71,90,122,39,15,65520,2026-02-27
INV00605,DLR004,BK011,Spare Part,Clutch Cable Wire,153,96,210,39,47,8112,2026-02-16
INV00606,DLR063,BK010,Accessory,Rider Touring Seat,16,107,19,104,23,273000,2025-12-03
INV00607,DLR162,BK011,Accessory,RE Camo Riding Gloves,52,71,106,17,10,28560,2026-01-17
INV00608,DLR193,BK005,Accessory,Waterproof Duffel Bag,35,105,50,90,22,264600,2026-04-24
INV00609,DLR120,BK001,Spare Part,Oil Filter Element,144,75,161,58,45,13166,2026-04-24
INV00610,DLR130,BK008,Accessory,Tripper Navigation Module,57,26,14,69,14,251091,2025-06-18
INV00611,DLR125,BK006,Spare Part,Oil Filter Element,41,114,76,79,45,17933,2026-03-27
INV00612,DLR013,BK015,Accessory,Black Commuter Pannier,41,94,12,123,22,387450,2025-10-11
INV00613,DLR137,BK005,Accessory,LED Fog Light Kit,39,98,31,106,11,356160,2025-08-16
INV00614,DLR077,BK011,Spare Part,Spark Plug Twin Spark,33,224,147,110,27,20020,2026-04-22
INV00615,DLR026,BK010,Accessory,Bar End Mirrors Pair,15,35,14,36,15,115920,2025-06-30
INV00616,DLR194,BK004,Spare Part,Battery 12V 14Ah,76,206,199,83,40,151060,2025-07-07
INV00617,DLR189,BK007,Accessory,Machined Oil Filler Cap,47,36,65,18,12,10710,2026-04-23
INV00618,DLR199,BK007,Accessory,Waterproof Duffel Bag,50,81,18,113,10,332220,2026-02-06
INV00619,DLR178,BK010,Motorcycle,Super Meteor 650,10,38,24,24,11,7423560,2025-12-05
INV00620,DLR035,BK012,Accessory,Bar End Mirrors Pair,46,33,34,45,10,144900,2026-04-30
INV00621,DLR002,BK002,Accessory,Silver Sump Guard,43,42,21,64,20,138880,2025-08-21
INV00622,DLR146,BK015,Motorcycle,Continental GT 535,31,41,40,32,6,5657600,2026-06-14
INV00623,DLR099,BK015,Accessory,Streetwind V3 Mesh Jacket,49,46,14,81,22,351540,2025-06-13
INV00624,DLR076,BK003,Accessory,Royal Enfield Urban Riding Jacket,45,32,35,42,25,249900,2025-08-11
INV00625,DLR055,BK003,Spare Part,Spark Plug Twin Spark,127,264,154,237,28,43134,2026-01-29
INV00626,DLR030,BK001,Accessory,Tank Bag 15L,22,75,68,29,17,64960,2026-02-07
INV00627,DLR117,BK009,Accessory,Cast Alloy Wheels Set,36,29,26,39,13,450450,2026-03-06
INV00628,DLR031,BK001,Motorcycle,Bullet 350,10,48,4,54,9,7963650,2026-01-28
INV00629,DLR159,BK013,Spare Part,Brake Pads Front/Rear,56,217,49,224,34,174720,2025-07-02
INV00630,DLR189,BK006,Spare Part,Spark Plug Twin Spark,149,213,244,118,43,21476,2025-11-17
INV00631,DLR139,BK011,Accessory,RE Camo Riding Gloves,61,77,85,53,10,89040,2025-09-24
INV00632,DLR188,BK004,Accessory,Tripper Navigation Module,55,101,81,75,25,272925,2026-04-05
INV00633,DLR022,BK014,Spare Part,Air Filter Element,153,185,169,169,37,49348,2026-06-02
INV00634,DLR103,BK006,Motorcycle,Guerrilla 450,29,12,37,4,5,812600,2025-10-26
INV00635,DLR081,BK014,Motorcycle,Thunderbird 350X,13,23,4,32,9,4433600,2026-04-10
INV00636,DLR140,BK003,Motorcycle,Hunter 350,19,12,3,28,5,3567620,2025-08-18
INV00637,DLR101,BK013,Accessory,Aluminum Top Box 40L,48,77,54,71,16,720650,2026-05-29
INV00638,DLR199,BK010,Accessory,Black Commuter Pannier,26,74,36,64,14,201600,2025-11-22
INV00639,DLR021,BK002,Accessory,Master Cylinder Guard,40,26,22,44,21,36960,2026-02-15
INV00640,DLR042,BK002,Accessory,Touring Passenger Seat,64,48,97,15,17,30975,2025-06-15
INV00641,DLR140,BK013,Spare Part,Spark Plug Twin Spark,171,288,441,18,40,3276,2026-04-23
INV00642,DLR004,BK009,Spare Part,Chain Sprocket Drive Kit,50,77,46,81,44,168480,2025-12-06
INV00643,DLR129,BK001,Accessory,Streetwind V3 Mesh Jacket,44,27,35,36,20,156240,2026-05-15
INV00644,DLR200,BK008,Spare Part,Oil Filter Element,53,75,42,86,34,19522,2025-07-25
INV00645,DLR180,BK007,Accessory,Compact Engine Guard,27,104,121,10,24,19590,2025-12-30
INV00646,DLR110,BK004,Spare Part,Oil Filter Element,51,135,63,123,49,27921,2026-01-01
INV00647,DLR124,BK004,Spare Part,Battery 12V 14Ah,59,68,26,101,34,183820,2026-06-27
INV00648,DLR002,BK015,Accessory,Waterproof Duffel Bag,70,55,63,62,19,182280,2025-07-22
INV00649,DLR075,BK008,Spare Part,Clutch Cable Wire,185,265,184,266,33,55328,2026-03-09
INV00650,DLR146,BK006,Motorcycle,Guerrilla 450,19,28,14,33,10,6703950,2025-08-28
INV00651,DLR082,BK008,Accessory,Tank Bag 15L,77,111,133,55,17,123200,2026-05-15
INV00652,DLR147,BK006,Motorcycle,Guerrilla 450,25,34,5,54,8,10970100,2026-06-07
INV00653,DLR042,BK011,Accessory,Royal Enfield Urban Riding Jacket,76,114,17,173,13,1029350,2025-10-14
INV00654,DLR174,BK012,Motorcycle,Classic 500,24,32,48,8,5,1428000,2026-05-14
INV00655,DLR113,BK013,Accessory,Silver Sump Guard,59,102,34,127,22,275590,2026-06-08
INV00656,DLR171,BK011,Accessory,Master Cylinder Guard,43,27,51,19,19,15960,2026-02-05
INV00657,DLR126,BK003,Accessory,Touring Screen / Flyscreen,68,29,21,76,21,146224,2026-04-23
INV00658,DLR165,BK010,Spare Part,Clutch Cable Wire,191,269,142,318,27,66144,2026-07-04
INV00659,DLR130,BK013,Motorcycle,Bullet 500,17,18,32,3,5,479400,2026-01-09
INV00660,DLR048,BK009,Accessory,USB Charging Port,26,61,62,25,22,20125,2025-06-28
INV00661,DLR170,BK014,Spare Part,Air Filter Element,36,298,319,15,37,4380,2025-06-30
INV00662,DLR090,BK002,Accessory,Rider Touring Seat,48,45,45,48,16,126000,2025-12-26
INV00663,DLR064,BK006,Accessory,Trapezium Engine Guard,78,76,73,81,19,192780,2026-02-05
INV00664,DLR038,BK005,Spare Part,Spark Plug Twin Spark,54,230,133,151,34,27482,2025-12-16
INV00665,DLR037,BK002,Spare Part,Battery 12V 14Ah,104,111,30,185,39,336700,2025-12-26
INV00666,DLR074,BK008,Accessory,Cast Alloy Wheels Set,40,37,35,42,17,485100,2026-06-09
INV00667,DLR078,BK009,Accessory,Cast Alloy Wheels Set,37,94,118,13,20,150150,2025-07-24
INV00668,DLR108,BK011,Motorcycle,Shotgun 650,27,47,8,66,9,20162340,2025-11-26
INV00669,DLR068,BK009,Spare Part,Chain Sprocket Drive Kit,65,162,147,80,48,166400,2025-09-14
INV00670,DLR058,BK002,Spare Part,Oil Filter Element,116,183,74,225,24,51075,2026-05-10
INV00671,DLR197,BK014,Accessory,Tripper Navigation Module,65,71,38,98,18,356622,2025-06-04
INV00672,DLR066,BK013,Motorcycle,Bullet 500,19,26,19,26,12,4154800,2026-01-04
INV00673,DLR088,BK012,Motorcycle,Classic 500,29,18,22,25,11,4462500,2026-04-09
INV00674,DLR103,BK009,Spare Part,Engine Oil 15W50 Semi-Synth,135,201,116,220,22,135740,2026-01-31
INV00675,DLR095,BK002,Accessory,Low Ride Seat,62,108,46,124,19,277760,2025-11-15
INV00676,DLR067,BK011,Accessory,Streetwind V3 Mesh Jacket,56,20,50,26,10,112840,2025-11-29
INV00677,DLR113,BK005,Accessory,Streetwind V3 Mesh Jacket,20,82,63,39,23,169260,2025-11-07
INV00678,DLR137,BK008,Accessory,Black Sump Guard,43,89,95,37,17,85470,2025-07-31
INV00679,DLR046,BK008,Accessory,LED Fog Light Kit,45,45,54,36,19,120960,2026-03-04
INV00680,DLR046,BK011,Spare Part,Oil Filter Element,95,142,57,180,29,40860,2026-06-23
INV00681,DLR139,BK009,Motorcycle,Interceptor 650,32,10,15,27,10,6953850,2025-10-06
INV00682,DLR080,BK002,Accessory,Streetwind V3 Mesh Jacket,60,59,62,57,13,247380,2025-10-13
INV00683,DLR026,BK002,Accessory,Touring Screen / Flyscreen,28,24,16,36,19,69264,2026-05-11
INV00684,DLR199,BK008,Spare Part,Engine Oil 15W50 Semi-Synth,191,93,237,47,38,28999,2026-02-15
INV00685,DLR167,BK004,Spare Part,Clutch Cable Wire,163,114,97,180,37,37440,2026-05-30
INV00686,DLR003,BK011,Motorcycle,Shotgun 650,19,40,7,52,7,15885480,2026-01-13
INV00687,DLR126,BK012,Motorcycle,Classic 500,15,34,44,5,10,892500,2025-09-08
INV00688,DLR155,BK001,Spare Part,Engine Oil 15W50 Semi-Synth,145,122,94,173,35,106741,2026-03-19
INV00689,DLR065,BK001,Spare Part,Brake Pads Front/Rear,198,99,39,258,45,201240,2026-06-23
INV00690,DLR138,BK010,Accessory,Touring Passenger Seat,20,71,43,48,13,99120,2026-04-06
INV00691,DLR159,BK013,Accessory,Bar End Mirrors Pair,52,24,19,57,17,183540,2026-01-24
INV00692,DLR108,BK005,Accessory,Waterproof Duffel Bag,55,91,125,21,14,61740,2026-02-24
INV00693,DLR004,BK015,Motorcycle,Continental GT 535,22,34,23,33,11,5834400,2025-08-31
INV00694,DLR106,BK001,Spare Part,Brake Pads Front/Rear,123,198,303,18,20,14040,2026-05-09
INV00695,DLR031,BK014,Accessory,Bar End Mirrors Pair,80,21,10,91,17,293020,2025-06-01
INV00696,DLR001,BK006,Spare Part,Battery 12V 14Ah,167,89,164,92,32,167440,2026-02-24
INV00697,DLR189,BK008,Accessory,RE Horizon Full Face Helmet,34,26,22,38,10,111720,2026-01-19
INV00698,DLR019,BK001,Spare Part,Engine Oil 15W50 Semi-Synth,138,196,112,222,50,136974,2025-08-25
INV00699,DLR053,BK014,Accessory,Tripper Navigation Module,63,102,110,55,15,200145,2025-07-28
INV00700,DLR094,BK005,Motorcycle,Himalayan 450,32,14,40,6,5,1453500,2026-01-15
INV00701,DLR001,BK014,Spare Part,Oil Filter Element,146,237,93,290,39,65830,2026-05-06
INV00702,DLR043,BK014,Spare Part,Spark Plug Twin Spark,69,219,168,120,33,21840,2025-09-19
INV00703,DLR086,BK009,Spare Part,Air Filter Element,108,199,110,197,42,57524,2025-12-17
INV00704,DLR052,BK009,Accessory,Machined Oil Filler Cap,77,102,78,101,20,60095,2025-11-27
INV00705,DLR156,BK002,Motorcycle,Classic 350,9,24,10,23,10,3774714,2025-12-03
INV00706,DLR135,BK009,Accessory,Master Cylinder Guard,80,103,66,117,18,98280,2025-12-22
INV00707,DLR168,BK004,Accessory,Cast Alloy Wheels Set,27,75,20,82,10,947100,2025-11-27
INV00708,DLR083,BK015,Accessory,Pannier Rails Pair,41,22,54,9,14,23940,2026-03-28
INV00709,DLR105,BK002,Motorcycle,Classic 350,23,48,10,61,9,10011198,2025-07-04
INV00710,DLR110,BK008,Accessory,Machined Oil Filler Cap,35,103,15,123,15,73185,2026-01-24
INV00711,DLR153,BK013,Spare Part,Engine Oil 15W50 Semi-Synth,100,134,92,142,49,87614,2026-03-05
INV00712,DLR021,BK013,Motorcycle,Bullet 500,35,49,18,66,12,10546800,2026-04-17
INV00713,DLR042,BK009,Motorcycle,Interceptor 650,30,43,41,32,12,8241600,2025-10-17
INV00714,DLR151,BK005,Motorcycle,Himalayan 450,6,46,14,38,11,9205500,2025-09-03
INV00715,DLR142,BK015,Spare Part,Chain Sprocket Drive Kit,118,238,301,55,46,114400,2025-06-12
INV00716,DLR127,BK011,Motorcycle,Shotgun 650,5,13,11,7,5,2138430,2025-11-30
INV00717,DLR117,BK013,Motorcycle,Bullet 500,23,41,21,43,8,6871400,2026-06-26
INV00718,DLR169,BK011,Spare Part,Battery 12V 14Ah,112,225,100,237,41,431340,2026-04-12
INV00719,DLR033,BK006,Accessory,Streetwind V3 Mesh Jacket,62,101,117,46,10,199640,2026-05-26
INV00720,DLR177,BK009,Motorcycle,Interceptor 650,31,48,4,75,5,19316250,2025-07-24
INV00721,DLR087,BK012,Accessory,Black Sump Guard,31,119,64,86,22,198660,2025-08-18
INV00722,DLR070,BK012,Motorcycle,Classic 500,24,28,33,19,5,3391500,2025-06-03
INV00723,DLR035,BK015,Accessory,Touring Screen / Flyscreen,20,70,67,23,14,44252,2025-11-05
INV00724,DLR178,BK005,Spare Part,Brake Pads Front/Rear,189,290,209,270,45,210600,2026-01-29
INV00725,DLR177,BK008,Spare Part,Spark Plug Twin Spark,166,172,273,65,29,11830,2026-01-21
INV00726,DLR099,BK004,Spare Part,Brake Pads Front/Rear,166,104,110,160,34,124800,2025-08-07
INV00727,DLR172,BK009,Accessory,Cast Alloy Wheels Set,27,120,24,123,11,1420650,2026-06-02
INV00728,DLR177,BK014,Accessory,Rear Passenger Backrest,73,59,90,42,12,54390,2026-02-14
INV00729,DLR004,BK014,Motorcycle,Thunderbird 350X,29,18,5,42,7,5819100,2025-08-20
INV00730,DLR050,BK001,Accessory,Touring Screen / Flyscreen,76,64,68,72,17,138528,2025-09-18
INV00731,DLR199,BK014,Accessory,Bar End Mirrors Pair,38,84,71,51,22,164220,2025-11-24
INV00732,DLR116,BK006,Accessory,Pannier Rails Pair,32,62,75,19,23,50540,2026-03-13
INV00733,DLR083,BK007,Spare Part,Clutch Cable Wire,36,235,134,137,44,28496,2025-12-14
INV00734,DLR069,BK009,Accessory,Touring Passenger Seat,66,59,75,50,25,103250,2025-07-28
INV00735,DLR058,BK001,Motorcycle,Bullet 350,10,31,25,16,9,2359600,2025-12-25
INV00736,DLR165,BK005,Accessory,Low Ride Seat,45,56,66,35,21,78400,2025-08-09
INV00737,DLR150,BK005,Accessory,USB Charging Port,51,56,68,39,10,31395,2025-10-25
INV00738,DLR031,BK012,Accessory,Pannier Rails Pair,19,62,59,22,16,58520,2026-06-27
INV00739,DLR051,BK008,Motorcycle,Continental GT 650,24,31,44,11,6,2982650,2025-07-04
INV00740,DLR134,BK002,Accessory,Machined Oil Filler Cap,30,45,44,31,24,18445,2025-12-04
INV00741,DLR168,BK010,Accessory,Touring Screen / Flyscreen,50,40,32,58,13,111592,2026-05-07
INV00742,DLR049,BK004,Spare Part,Oil Filter Element,103,69,142,30,47,6810,2026-01-23
INV00743,DLR185,BK002,Motorcycle,Classic 350,5,16,15,6,12,984708,2026-05-23
INV00744,DLR118,BK005,Spare Part,Air Filter Element,127,63,92,98,37,28616,2026-04-16
INV00745,DLR001,BK014,Accessory,Aluminum Top Box 40L,34,76,22,88,18,893200,2025-09-23
INV00746,DLR176,BK007,Accessory,Rear Passenger Backrest,75,52,87,40,16,51800,2026-04-22
INV00747,DLR079,BK013,Accessory,Streetwind V3 Mesh Jacket,42,111,139,14,23,60760,2025-07-12
INV00748,DLR101,BK011,Accessory,Streetwind V3 Mesh Jacket,76,78,108,46,19,199640,2026-06-08
INV00749,DLR081,BK009,Accessory,Bar End Mirrors Pair,52,44,20,76,23,244720,2026-04-21
INV00750,DLR082,BK003,Accessory,Streetwind V3 Mesh Jacket,72,92,19,145,10,629300,2025-11-12
INV00751,DLR050,BK011,Motorcycle,Shotgun 650,18,11,14,15,10,4582350,2026-05-23
INV00752,DLR126,BK005,Motorcycle,Himalayan 450,34,50,71,13,9,3149250,2025-11-20
INV00753,DLR160,BK006,Accessory,Tripper Navigation Module,69,93,92,70,21,254730,2026-03-17
INV00754,DLR025,BK011,Motorcycle,Shotgun 650,21,15,17,19,5,5804310,2026-02-09
INV00755,DLR133,BK004,Accessory,Rider Touring Seat,28,120,143,5,17,13125,2025-11-26
INV00756,DLR149,BK015,Accessory,Touring Passenger Seat,45,117,76,86,20,177590,2026-03-26
INV00757,DLR184,BK003,Motorcycle,Hunter 350,30,33,47,16,5,2038640,2026-06-19
INV00758,DLR047,BK005,Accessory,LED Fog Light Kit,24,33,34,23,15,77280,2026-05-25
INV00759,DLR120,BK005,Spare Part,Clutch Cable Wire,56,283,169,170,39,35360,2025-08-04
INV00760,DLR132,BK014,Accessory,Master Cylinder Guard,78,109,24,163,14,136920,2025-09-14
INV00761,DLR026,BK008,Motorcycle,Continental GT 650,33,12,11,34,6,9219100,2025-06-23
INV00762,DLR098,BK001,Spare Part,Battery 12V 14Ah,129,109,100,138,28,251160,2025-09-15
INV00763,DLR054,BK005,Accessory,Compact Engine Guard,38,103,133,8,22,15672,2025-09-15
INV00764,DLR063,BK012,Accessory,Rear Passenger Backrest,24,110,61,73,15,94535,2026-03-31
INV00765,DLR141,BK011,Spare Part,Brake Pads Front/Rear,73,134,63,144,23,112320,2025-12-02
INV00766,DLR185,BK012,Spare Part,Spark Plug Twin Spark,193,294,397,90,27,16380,2025-11-27
INV00767,DLR025,BK008,Motorcycle,Continental GT 650,11,34,35,10,10,2711500,2025-06-23
INV00768,DLR068,BK012,Accessory,Royal Enfield Urban Riding Jacket,54,88,103,39,15,232050,2025-12-16
INV00769,DLR014,BK011,Spare Part,Oil Filter Element,92,135,98,129,40,29283,2026-01-27
INV00770,DLR040,BK015,Motorcycle,Continental GT 535,6,30,26,10,8,1768000,2025-06-24
INV00771,DLR196,BK007,Spare Part,Engine Oil 15W50 Semi-Synth,87,206,33,260,20,160420,2025-10-15
INV00772,DLR094,BK011,Accessory,Cast Alloy Wheels Set,32,80,56,56,15,646800,2025-09-09
INV00773,DLR069,BK001,Accessory,Trapezium Engine Guard,62,73,81,54,17,128520,2025-09-21
INV00774,DLR086,BK006,Spare Part,Chain Sprocket Drive Kit,91,180,119,152,38,316160,2026-03-12
INV00775,DLR017,BK009,Spare Part,Spark Plug Twin Spark,83,206,169,120,44,21840,2026-01-11
INV00776,DLR077,BK009,Spare Part,Brake Pads Front/Rear,41,273,201,113,42,88140,2025-12-02
INV00777,DLR126,BK012,Spare Part,Air Filter Element,164,50,142,72,39,21024,2026-06-12
INV00778,DLR033,BK007,Accessory,Compact Engine Guard,51,21,29,43,18,84237,2026-01-20
INV00779,DLR095,BK001,Motorcycle,Bullet 350,30,30,3,57,10,8406075,2025-12-29
INV00780,DLR174,BK014,Accessory,Aluminum Top Box 40L,19,102,60,61,20,619150,2026-03-01
INV00781,DLR102,BK014,Accessory,RE Horizon Full Face Helmet,32,40,22,50,15,147000,2025-10-27
INV00782,DLR047,BK001,Motorcycle,Bullet 350,5,13,9,9,8,1327275,2026-05-20
INV00783,DLR017,BK010,Motorcycle,Super Meteor 650,6,37,39,4,12,1237260,2025-07-22
INV00784,DLR190,BK014,Motorcycle,Thunderbird 350X,29,25,24,30,6,4156500,2026-06-26
INV00785,DLR172,BK013,Spare Part,Spark Plug Twin Spark,67,263,50,280,46,50960,2025-08-18
INV00786,DLR141,BK007,Motorcycle,Scram 411,31,19,16,34,7,5964756,2026-03-11
INV00787,DLR106,BK011,Spare Part,Engine Oil 15W50 Semi-Synth,99,50,116,33,44,20361,2025-08-07
INV00788,DLR163,BK005,Spare Part,Spark Plug Twin Spark,64,87,58,93,43,16926,2026-04-01
INV00789,DLR040,BK003,Motorcycle,Hunter 350,5,19,10,14,7,1783810,2026-07-02
INV00790,DLR180,BK001,Motorcycle,Bullet 350,8,22,7,23,12,3391925,2026-02-25
INV00791,DLR155,BK003,Accessory,Royal Enfield Urban Riding Jacket,35,53,40,48,20,285600,2025-07-02
INV00792,DLR165,BK010,Spare Part,Engine Oil 15W50 Semi-Synth,89,135,83,141,44,86997,2025-08-22
INV00793,DLR155,BK006,Spare Part,Engine Oil 15W50 Semi-Synth,192,290,273,209,33,128953,2025-09-03
INV00794,DLR151,BK005,Spare Part,Spark Plug Twin Spark,134,238,274,98,45,17836,2025-12-10
INV00795,DLR074,BK001,Spare Part,Battery 12V 14Ah,147,198,210,135,26,245700,2025-12-10
INV00796,DLR018,BK015,Motorcycle,Continental GT 535,22,22,3,41,12,7248800,2025-06-21
INV00797,DLR153,BK001,Accessory,Low Ride Seat,63,27,26,64,25,143360,2025-09-05
INV00798,DLR032,BK012,Spare Part,Chain Sprocket Drive Kit,150,264,395,19,25,39520,2026-01-02
INV00799,DLR018,BK008,Accessory,RE Camo Riding Gloves,40,74,33,81,14,136080,2025-10-28
INV00800,DLR083,BK013,Accessory,Bar End Mirrors Pair,75,110,125,60,24,193200,2025-09-09
INV00801,DLR140,BK012,Accessory,Streetwind V3 Mesh Jacket,53,44,74,23,14,99820,2025-07-03
INV00802,DLR072,BK007,Motorcycle,Scram 411,10,20,8,22,7,3859548,2026-02-27
INV00803,DLR058,BK004,Accessory,Silver Sump Guard,40,84,51,73,15,158410,2026-06-05
INV00804,DLR042,BK004,Accessory,Compact Engine Guard,64,38,72,30,10,58770,2026-06-30
INV00805,DLR149,BK014,Accessory,Trapezium Engine Guard,27,55,48,34,12,80920,2025-08-27
INV00806,DLR080,BK006,Spare Part,Oil Filter Element,181,89,89,181,45,41087,2025-12-07
INV00807,DLR100,BK008,Accessory,USB Charging Port,43,93,100,36,17,28980,2026-05-24
INV00808,DLR165,BK006,Motorcycle,Guerrilla 450,18,20,15,23,8,4672450,2026-04-26
INV00809,DLR118,BK005,Motorcycle,Himalayan 450,34,22,24,32,8,7752000,2025-09-15
INV00810,DLR184,BK009,Accessory,Machined Oil Filler Cap,61,120,169,12,12,7140,2026-06-10
INV00811,DLR157,BK001,Accessory,RE Camo Riding Gloves,19,94,91,22,18,36960,2025-11-22
INV00812,DLR144,BK008,Accessory,Pannier Rails Pair,22,85,99,8,15,21280,2025-11-24
INV00813,DLR123,BK003,Motorcycle,Hunter 350,28,22,3,47,5,5988505,2026-02-02
INV00814,DLR002,BK009,Accessory,Silver Sump Guard,70,97,87,80,19,173600,2025-12-19
INV00815,DLR175,BK008,Motorcycle,Continental GT 650,28,50,47,31,7,8405650,2026-06-16
INV00816,DLR159,BK002,Motorcycle,Classic 350,12,33,27,18,10,2954124,2025-06-22
INV00817,DLR143,BK011,Spare Part,Oil Filter Element,200,264,96,368,34,83536,2026-05-05
INV00818,DLR001,BK012,Motorcycle,Classic 500,31,18,46,3,10,535500,2026-04-22
INV00819,DLR172,BK012,Motorcycle,Classic 500,25,16,10,31,5,5533500,2026-06-20
INV00820,DLR095,BK006,Accessory,Touring Passenger Seat,53,29,28,54,23,111510,2026-05-04
INV00821,DLR105,BK008,Accessory,Machined Oil Filler Cap,79,23,92,10,18,5950,2025-06-26
INV00822,DLR190,BK006,Accessory,Black Commuter Pannier,76,24,41,59,16,185850,2026-01-04
INV00823,DLR069,BK003,Spare Part,Clutch Cable Wire,80,300,104,276,20,57408,2026-01-07
INV00824,DLR082,BK005,Spare Part,Air Filter Element,65,300,233,132,40,38544,2025-07-05
INV00825,DLR076,BK004,Motorcycle,Meteor 350,6,23,18,11,6,1925165,2025-11-24
INV00826,DLR039,BK015,Spare Part,Spark Plug Twin Spark,78,253,86,245,21,44590,2026-04-08
INV00827,DLR017,BK006,Accessory,Waterproof Duffel Bag,46,103,17,132,21,388080,2025-10-02
INV00828,DLR187,BK002,Accessory,Touring Passenger Seat,35,66,30,71,22,146615,2025-10-20
INV00829,DLR151,BK008,Motorcycle,Continental GT 650,22,39,6,55,11,14913250,2026-01-11
INV00830,DLR167,BK011,Accessory,Black Commuter Pannier,51,40,74,17,23,53550,2026-04-18
INV00831,DLR060,BK001,Accessory,Royal Enfield Urban Riding Jacket,18,78,77,19,12,113050,2026-06-12
INV00832,DLR011,BK012,Motorcycle,Classic 500,6,16,7,15,9,2677500,2025-10-27
INV00833,DLR135,BK013,Motorcycle,Bullet 500,17,48,43,22,9,3515600,2025-08-05
INV00834,DLR027,BK002,Accessory,LED Fog Light Kit,54,111,160,5,10,16800,2025-06-14
INV00835,DLR072,BK005,Accessory,Trapezium Engine Guard,22,76,31,67,16,159460,2026-05-19
INV00836,DLR019,BK012,Spare Part,Spark Plug Twin Spark,175,94,32,237,29,43134,2026-03-19
INV00837,DLR154,BK004,Motorcycle,Meteor 350,35,36,40,31,5,5425465,2025-10-14
INV00838,DLR022,BK003,Motorcycle,Hunter 350,19,12,24,7,9,891905,2026-05-17
INV00839,DLR053,BK002,Motorcycle,Classic 350,16,33,3,46,8,7549428,2025-07-16
INV00840,DLR094,BK012,Accessory,Tripper Navigation Module,55,24,59,20,23,72780,2025-06-08
INV00841,DLR198,BK007,Accessory,Pannier Rails Pair,29,54,24,59,18,156940,2026-02-23
INV00842,DLR059,BK006,Spare Part,Clutch Cable Wire,133,55,170,18,31,3744,2025-08-01
INV00843,DLR069,BK012,Motorcycle,Classic 500,19,40,6,53,7,9460500,2025-07-04
INV00844,DLR088,BK013,Motorcycle,Bullet 500,17,17,6,28,10,4474400,2025-08-02
INV00845,DLR031,BK002,Spare Part,Chain Sprocket Drive Kit,74,271,266,79,47,164320,2025-07-20
INV00846,DLR066,BK004,Spare Part,Air Filter Element,97,78,34,141,32,41172,2025-07-24
INV00847,DLR166,BK014,Accessory,Aluminum Top Box 40L,16,100,42,74,25,751100,2025-09-04
INV00848,DLR082,BK006,Motorcycle,Guerrilla 450,32,12,34,10,8,2031500,2026-02-11
INV00849,DLR020,BK003,Motorcycle,Hunter 350,19,19,23,15,5,1911225,2026-03-07
INV00850,DLR166,BK005,Accessory,RE Horizon Full Face Helmet,37,58,12,83,23,244020,2026-06-04
INV00851,DLR009,BK012,Accessory,Royal Enfield Urban Riding Jacket,31,60,39,52,17,309400,2025-12-26
INV00852,DLR010,BK002,Accessory,Touring Screen / Flyscreen,45,120,29,136,13,261664,2026-07-01
INV00853,DLR181,BK014,Motorcycle,Thunderbird 350X,6,11,15,2,6,277100,2025-08-24
INV00854,DLR185,BK014,Accessory,Streetwind V3 Mesh Jacket,29,95,27,97,15,420980,2026-02-20
INV00855,DLR134,BK008,Spare Part,Spark Plug Twin Spark,49,135,90,94,39,17108,2025-08-16
INV00856,DLR092,BK005,Accessory,Black Commuter Pannier,57,25,29,53,22,166950,2026-01-05
INV00857,DLR067,BK011,Motorcycle,Shotgun 650,12,44,48,8,11,2443920,2026-04-17
INV00858,DLR153,BK014,Accessory,Waterproof Duffel Bag,50,90,18,122,12,358680,2025-06-20
INV00859,DLR086,BK002,Spare Part,Oil Filter Element,174,213,94,293,42,66511,2026-01-26
INV00860,DLR038,BK014,Motorcycle,Thunderbird 350X,5,37,34,8,12,1108400,2026-02-10
INV00861,DLR159,BK009,Motorcycle,Interceptor 650,17,39,32,24,6,6181200,2025-06-06
INV00862,DLR127,BK001,Accessory,Master Cylinder Guard,47,26,42,31,17,26040,2026-04-21
INV00863,DLR092,BK002,Accessory,Low Ride Seat,39,115,34,120,21,268800,2026-01-19
INV00864,DLR148,BK003,Motorcycle,Hunter 350,10,25,28,7,11,891905,2025-12-15
INV00865,DLR022,BK014,Accessory,Machined Oil Filler Cap,35,22,15,42,24,24990,2025-08-17
INV00866,DLR151,BK013,Spare Part,Engine Oil 15W50 Semi-Synth,65,147,189,23,46,14191,2025-12-23
INV00867,DLR015,BK015,Accessory,Waterproof Duffel Bag,69,119,38,150,12,441000,2025-06-11
INV00868,DLR142,BK005,Motorcycle,Himalayan 450,12,49,4,57,7,13808250,2026-05-04
INV00869,DLR168,BK011,Spare Part,Battery 12V 14Ah,130,279,272,137,26,249340,2026-06-23
INV00870,DLR106,BK001,Spare Part,Chain Sprocket Drive Kit,88,277,130,235,26,488800,2026-03-26
INV00871,DLR153,BK011,Spare Part,Brake Pads Front/Rear,130,150,204,76,32,59280,2026-04-26
INV00872,DLR127,BK007,Motorcycle,Scram 411,27,31,25,33,5,5789322,2026-02-25
INV00873,DLR166,BK001,Accessory,Aluminum Top Box 40L,21,106,87,40,11,406000,2026-03-08
INV00874,DLR056,BK001,Accessory,Cast Alloy Wheels Set,38,66,16,88,11,1016400,2025-11-27
INV00875,DLR095,BK015,Accessory,Black Commuter Pannier,54,29,46,37,12,116550,2025-08-04
INV00876,DLR067,BK004,Accessory,Tank Bag 15L,21,67,11,77,15,172480,2026-04-02
INV00877,DLR163,BK013,Spare Part,Brake Pads Front/Rear,142,152,72,222,38,173160,2025-07-31
INV00878,DLR196,BK011,Accessory,RE Horizon Full Face Helmet,54,98,147,5,16,14700,2025-12-29
INV00879,DLR127,BK009,Motorcycle,Interceptor 650,5,25,7,23,6,5923650,2026-01-17
INV00880,DLR114,BK005,Accessory,Streetwind V3 Mesh Jacket,26,35,40,21,23,91140,2026-01-11
INV00881,DLR086,BK006,Motorcycle,Guerrilla 450,27,12,20,19,8,3859850,2026-02-08
INV00882,DLR087,BK011,Spare Part,Engine Oil 15W50 Semi-Synth,115,259,253,121,31,74657,2026-04-27
INV00883,DLR171,BK014,Motorcycle,Thunderbird 350X,10,49,23,36,5,4987800,2026-06-02
INV00884,DLR138,BK004,Spare Part,Chain Sprocket Drive Kit,39,282,126,195,50,405600,2026-03-26
INV00885,DLR016,BK004,Accessory,Black Commuter Pannier,69,76,102,43,22,135450,2026-01-28
INV00886,DLR095,BK014,Motorcycle,Thunderbird 350X,30,30,7,53,10,7343150,2025-10-06
INV00887,DLR067,BK011,Accessory,LED Fog Light Kit,51,45,86,10,14,33600,2026-02-10
INV00888,DLR001,BK009,Motorcycle,Interceptor 650,6,39,37,8,5,2060400,2026-06-26
INV00889,DLR184,BK001,Motorcycle,Bullet 350,22,15,3,34,6,5014150,2025-06-02
INV00890,DLR064,BK011,Motorcycle,Shotgun 650,32,10,35,7,7,2138430,2025-10-01
INV00891,DLR066,BK015,Motorcycle,Continental GT 535,29,35,3,61,5,10784800,2026-03-23
INV00892,DLR119,BK006,Accessory,USB Charging Port,60,34,61,33,22,26565,2025-07-14
INV00893,DLR145,BK001,Accessory,Tank Bag 15L,48,59,44,63,11,141120,2025-10-22
INV00894,DLR058,BK013,Accessory,RE Horizon Full Face Helmet,66,111,29,148,23,435120,2026-04-28
INV00895,DLR037,BK003,Accessory,Tripper Navigation Module,71,36,65,42,13,152838,2025-06-10
INV00896,DLR088,BK005,Spare Part,Brake Pads Front/Rear,73,235,220,88,20,68640,2026-06-17
INV00897,DLR047,BK009,Accessory,Waterproof Duffel Bag,60,112,94,78,14,229320,2025-07-17
INV00898,DLR182,BK009,Accessory,Tank Bag 15L,79,71,74,76,16,170240,2025-09-07
INV00899,DLR172,BK010,Accessory,Rear Passenger Backrest,60,44,87,17,12,22015,2026-02-28
INV00900,DLR011,BK003,Motorcycle,Hunter 350,14,45,31,28,11,3567620,2025-07-14
INV00901,DLR164,BK005,Accessory,Low Ride Seat,43,105,122,26,17,58240,2025-12-11
INV00902,DLR198,BK011,Accessory,Cast Alloy Wheels Set,22,85,52,55,24,635250,2025-11-21
INV00903,DLR058,BK013,Accessory,Cast Alloy Wheels Set,54,76,60,70,16,808500,2025-07-24
INV00904,DLR136,BK012,Motorcycle,Classic 500,13,21,25,9,5,1606500,2025-06-07
INV00905,DLR041,BK005,Spare Part,Oil Filter Element,194,174,300,68,49,15436,2025-11-23
INV00906,DLR041,BK014,Motorcycle,Thunderbird 350X,17,15,13,19,6,2632450,2025-08-21
INV00907,DLR029,BK013,Spare Part,Battery 12V 14Ah,133,238,27,344,46,626080,2026-02-23
INV00908,DLR156,BK007,Motorcycle,Scram 411,5,34,30,9,10,1578906,2026-02-14
INV00909,DLR160,BK008,Accessory,Touring Passenger Seat,54,36,57,33,23,68145,2025-12-02
INV00910,DLR142,BK003,Spare Part,Air Filter Element,172,259,193,238,28,69496,2026-05-26
INV00911,DLR164,BK015,Motorcycle,Continental GT 535,26,29,49,6,9,1060800,2026-04-17
INV00912,DLR087,BK001,Accessory,Touring Screen / Flyscreen,66,44,77,33,16,63492,2026-06-18
INV00913,DLR065,BK007,Spare Part,Chain Sprocket Drive Kit,184,243,36,391,36,813280,2025-08-01
INV00914,DLR066,BK005,Accessory,Tank Bag 15L,20,37,48,9,22,20160,2025-11-17
INV00915,DLR058,BK003,Accessory,Streetwind V3 Mesh Jacket,43,29,32,40,16,173600,2025-06-12
INV00916,DLR123,BK001,Accessory,Cast Alloy Wheels Set,28,99,15,112,19,1293600,2026-05-28
INV00917,DLR135,BK012,Accessory,Waterproof Duffel Bag,17,29,32,14,11,41160,2026-02-19
INV00918,DLR182,BK013,Accessory,Low Ride Seat,45,55,50,50,12,112000,2025-08-31
INV00919,DLR156,BK009,Motorcycle,Interceptor 650,25,26,25,26,9,6696300,2026-06-21
INV00920,DLR023,BK009,Motorcycle,Interceptor 650,29,41,16,54,9,13907700,2026-04-30
INV00921,DLR126,BK013,Spare Part,Spark Plug Twin Spark,67,276,204,139,20,25298,2026-01-21
INV00922,DLR079,BK004,Accessory,Master Cylinder Guard,20,45,48,17,21,14280,2026-05-11
INV00923,DLR016,BK011,Accessory,Trapezium Engine Guard,71,85,119,37,24,88060,2026-01-15
INV00924,DLR086,BK006,Motorcycle,Guerrilla 450,29,30,15,44,10,8938600,2026-02-03
INV00925,DLR164,BK011,Spare Part,Chain Sprocket Drive Kit,45,216,81,180,32,374400,2026-01-18
INV00926,DLR054,BK004,Spare Part,Engine Oil 15W50 Semi-Synth,98,96,89,105,35,64785,2025-10-22
INV00927,DLR022,BK006,Spare Part,Engine Oil 15W50 Semi-Synth,141,238,139,240,24,148080,2026-04-12
INV00928,DLR081,BK007,Accessory,Silver Sump Guard,50,85,122,13,15,28210,2026-05-25
INV00929,DLR068,BK011,Motorcycle,Shotgun 650,14,44,24,34,6,10386660,2026-01-14
INV00930,DLR136,BK003,Accessory,Royal Enfield Urban Riding Jacket,61,115,136,40,25,238000,2025-09-12
INV00931,DLR016,BK013,Accessory,Rear Passenger Backrest,65,23,20,68,25,88060,2026-05-09
INV00932,DLR066,BK013,Motorcycle,Bullet 500,17,29,4,42,5,6711600,2025-07-02
INV00933,DLR187,BK010,Motorcycle,Super Meteor 650,18,42,53,7,8,2165205,2026-05-13
INV00934,DLR085,BK015,Accessory,Waterproof Duffel Bag,31,77,76,32,17,94080,2026-04-17
INV00935,DLR143,BK008,Accessory,Tank Bag 15L,57,53,10,100,14,224000,2025-09-23
INV00936,DLR077,BK008,Spare Part,Spark Plug Twin Spark,118,79,74,123,34,22386,2025-10-18
INV00937,DLR169,BK015,Motorcycle,Continental GT 535,9,44,44,9,7,1591200,2026-01-01
INV00938,DLR092,BK013,Spare Part,Chain Sprocket Drive Kit,117,96,170,43,27,89440,2026-05-08
INV00939,DLR097,BK008,Accessory,Touring Passenger Seat,73,67,107,33,18,68145,2025-11-22
INV00940,DLR173,BK014,Motorcycle,Thunderbird 350X,12,29,35,6,8,831300,2026-04-06
INV00941,DLR115,BK006,Accessory,Aluminum Top Box 40L,45,71,94,22,19,223300,2026-04-18
INV00942,DLR044,BK003,Accessory,Touring Screen / Flyscreen,48,76,14,110,20,211640,2025-10-10
INV00943,DLR067,BK008,Spare Part,Clutch Cable Wire,159,274,387,46,42,9568,2025-09-11
INV00944,DLR157,BK011,Spare Part,Brake Pads Front/Rear,47,291,312,26,43,20280,2026-05-02
INV00945,DLR120,BK007,Spare Part,Oil Filter Element,144,65,94,115,47,26105,2025-10-01
INV00946,DLR131,BK009,Accessory,RE Horizon Full Face Helmet,33,86,67,52,12,152880,2025-11-28
INV00947,DLR197,BK012,Accessory,Rear Passenger Backrest,49,48,13,84,14,108780,2026-03-26
INV00948,DLR159,BK012,Accessory,Streetwind V3 Mesh Jacket,45,90,50,85,19,368900,2025-10-17
INV00949,DLR046,BK013,Motorcycle,Bullet 500,9,49,52,6,9,958800,2026-03-02
INV00950,DLR196,BK001,Accessory,Waterproof Duffel Bag,80,87,108,59,11,173460,2026-03-04
INV00951,DLR183,BK008,Accessory,Rear Passenger Backrest,37,82,31,88,19,113960,2026-01-11
INV00952,DLR120,BK002,Motorcycle,Classic 350,19,45,32,32,8,5251776,2026-02-01
INV00953,DLR138,BK002,Accessory,Waterproof Duffel Bag,30,71,30,71,12,208740,2026-06-15
INV00954,DLR126,BK004,Accessory,LED Fog Light Kit,25,50,57,18,25,60480,2025-09-10
INV00955,DLR017,BK005,Motorcycle,Himalayan 450,25,23,7,41,6,9932250,2025-12-21
INV00956,DLR109,BK007,Spare Part,Engine Oil 15W50 Semi-Synth,138,93,104,127,43,78359,2026-05-12
INV00957,DLR170,BK007,Accessory,Bar End Mirrors Pair,70,81,110,41,15,132020,2026-06-13
INV00958,DLR020,BK009,Motorcycle,Interceptor 650,14,39,39,14,7,3605700,2025-08-04
INV00959,DLR066,BK008,Accessory,Bar End Mirrors Pair,69,76,20,125,24,402500,2025-07-23
INV00960,DLR101,BK014,Accessory,Machined Oil Filler Cap,49,86,95,40,21,23800,2026-01-22
INV00961,DLR157,BK003,Accessory,Bar End Mirrors Pair,62,108,54,116,16,373520,2025-11-09
INV00962,DLR039,BK010,Accessory,Compact Engine Guard,39,57,18,78,17,152802,2026-07-03
INV00963,DLR114,BK004,Motorcycle,Meteor 350,13,18,12,19,12,3325285,2026-06-23
INV00964,DLR025,BK002,Accessory,Aluminum Top Box 40L,38,43,18,63,13,639450,2026-03-17
INV00965,DLR086,BK002,Accessory,Cast Alloy Wheels Set,15,77,13,79,23,912450,2026-01-20
INV00966,DLR121,BK011,Accessory,Royal Enfield Urban Riding Jacket,40,34,23,51,13,303450,2025-12-18
INV00967,DLR077,BK006,Motorcycle,Guerrilla 450,11,22,15,18,9,3656700,2025-08-22
INV00968,DLR090,BK006,Spare Part,Air Filter Element,122,112,87,147,42,42924,2026-06-13
INV00969,DLR192,BK012,Spare Part,Engine Oil 15W50 Semi-Synth,38,75,45,68,30,41956,2025-11-01
INV00970,DLR179,BK007,Accessory,RE Camo Riding Gloves,23,57,55,25,24,42000,2026-01-28
INV00971,DLR011,BK004,Motorcycle,Meteor 350,30,40,3,67,10,11726005,2026-01-06
INV00972,DLR137,BK011,Accessory,Pannier Rails Pair,40,43,15,68,12,180880,2025-10-15
INV00973,DLR056,BK006,Accessory,Tank Bag 15L,39,120,111,48,25,107520,2026-04-12
INV00974,DLR131,BK009,Accessory,Low Ride Seat,70,84,120,34,17,76160,2026-01-01
INV00975,DLR162,BK014,Spare Part,Spark Plug Twin Spark,109,279,321,67,36,12194,2025-07-30
INV00976,DLR008,BK011,Accessory,Rider Touring Seat,31,120,115,36,24,94500,2026-06-25
INV00977,DLR050,BK010,Motorcycle,Super Meteor 650,5,34,4,35,9,10826025,2025-08-11
INV00978,DLR149,BK005,Motorcycle,Himalayan 450,24,18,7,35,6,8478750,2026-04-11
INV00979,DLR045,BK005,Accessory,Rider Touring Seat,58,26,65,19,25,49875,2026-03-05
INV00980,DLR044,BK001,Accessory,RE Horizon Full Face Helmet,41,84,71,54,14,158760,2025-07-31
INV00981,DLR025,BK003,Spare Part,Air Filter Element,160,88,210,38,38,11096,2026-04-11
INV00982,DLR130,BK004,Accessory,Cast Alloy Wheels Set,20,33,33,20,10,231000,2026-07-05
INV00983,DLR171,BK013,Accessory,Pannier Rails Pair,59,58,72,45,23,119700,2025-07-11
INV00984,DLR112,BK009,Spare Part,Brake Pads Front/Rear,190,300,223,267,36,208260,2025-06-18
INV00985,DLR061,BK001,Accessory,Compact Engine Guard,15,61,53,23,18,45057,2026-01-02
INV00986,DLR134,BK001,Motorcycle,Bullet 350,27,22,10,39,9,5751525,2025-09-17
INV00987,DLR062,BK007,Motorcycle,Scram 411,16,41,19,38,8,6666492,2025-09-04
INV00988,DLR027,BK012,Spare Part,Engine Oil 15W50 Semi-Synth,118,118,172,64,30,39488,2026-04-14
INV00989,DLR162,BK012,Accessory,Cast Alloy Wheels Set,31,93,20,104,25,1201200,2026-04-01
INV00990,DLR189,BK002,Accessory,Cast Alloy Wheels Set,21,97,18,100,17,1155000,2025-12-12
INV00991,DLR075,BK002,Accessory,Waterproof Duffel Bag,55,109,155,9,14,26460,2025-06-10
INV00992,DLR095,BK010,Accessory,Machined Oil Filler Cap,41,120,111,50,10,29750,2026-03-19
INV00993,DLR007,BK015,Spare Part,Engine Oil 15W50 Semi-Synth,137,261,291,107,20,66019,2025-07-25
INV00994,DLR194,BK002,Accessory,Royal Enfield Urban Riding Jacket,42,114,116,40,10,238000,2026-04-16
INV00995,DLR099,BK005,Motorcycle,Himalayan 450,14,33,43,4,8,969000,2026-05-02
INV00996,DLR069,BK015,Accessory,Rider Touring Seat,31,27,10,48,23,126000,2025-06-18
INV00997,DLR030,BK006,Motorcycle,Guerrilla 450,11,50,53,8,5,1625200,2025-12-01
INV00998,DLR057,BK003,Spare Part,Clutch Cable Wire,140,240,113,267,49,55536,2025-11-05
INV00999,DLR174,BK009,Accessory,Bar End Mirrors Pair,17,58,48,27,25,86940,2025-06-23
INV01000,DLR068,BK007,Motorcycle,Scram 411,33,31,23,41,10,7192794,2025-07-20
INV01001,DLR175,BK007,Accessory,Rider Touring Seat,35,111,82,64,11,168000,2025-11-18
INV01002,DLR196,BK011,Spare Part,Spark Plug Twin Spark,55,70,106,19,38,3458,2025-09-13
INV01003,DLR095,BK004,Accessory,Machined Oil Filler Cap,15,50,42,23,12,13685,2026-05-22
INV01004,DLR102,BK014,Spare Part,Battery 12V 14Ah,142,225,38,329,39,598780,2026-05-14
INV01005,DLR093,BK003,Motorcycle,Hunter 350,21,31,46,6,11,764490,2026-02-27
INV01006,DLR184,BK001,Motorcycle,Bullet 350,11,48,19,40,7,5899000,2026-03-30
INV01007,DLR004,BK001,Spare Part,Oil Filter Element,113,248,301,60,46,13620,2026-04-21
INV01008,DLR084,BK008,Accessory,Rider Touring Seat,20,44,40,24,10,63000,2025-09-18
INV01009,DLR116,BK008,Motorcycle,Continental GT 650,7,19,4,22,10,5965300,2026-03-10
INV01010,DLR143,BK007,Accessory,Streetwind V3 Mesh Jacket,54,86,55,85,16,368900,2026-05-21
INV01011,DLR016,BK008,Motorcycle,Continental GT 650,19,45,7,57,8,15455550,2025-10-10
INV01012,DLR006,BK012,Accessory,Streetwind V3 Mesh Jacket,30,55,11,74,20,321160,2025-06-30
INV01013,DLR191,BK002,Accessory,Low Ride Seat,64,29,73,20,11,44800,2025-06-02
INV01014,DLR010,BK005,Accessory,Pannier Rails Pair,53,113,37,129,14,343140,2026-05-16
INV01015,DLR050,BK011,Motorcycle,Shotgun 650,34,16,3,47,9,14358030,2026-05-14
INV01016,DLR084,BK003,Accessory,Low Ride Seat,64,38,51,51,21,114240,2026-01-07
INV01017,DLR021,BK005,Motorcycle,Himalayan 450,34,19,45,8,12,1938000,2025-07-02
INV01018,DLR017,BK015,Spare Part,Air Filter Element,199,83,56,226,30,65992,2025-08-14
INV01019,DLR151,BK005,Motorcycle,Himalayan 450,30,37,10,57,6,13808250,2025-07-20
INV01020,DLR079,BK009,Spare Part,Oil Filter Element,94,242,44,292,39,66284,2025-12-25
INV01021,DLR192,BK006,Spare Part,Oil Filter Element,135,258,64,329,24,74683,2025-08-03
INV01022,DLR100,BK014,Spare Part,Spark Plug Twin Spark,162,72,204,30,47,5460,2026-04-23
INV01023,DLR016,BK001,Motorcycle,Bullet 350,10,23,10,23,5,3391925,2025-08-02
INV01024,DLR108,BK008,Accessory,Tank Bag 15L,58,67,90,35,22,78400,2026-04-30
INV01025,DLR119,BK015,Motorcycle,Continental GT 535,12,45,49,8,8,1414400,2025-12-16
INV01026,DLR130,BK005,Motorcycle,Himalayan 450,12,29,21,20,11,4845000,2025-08-26
INV01027,DLR045,BK013,Accessory,RE Horizon Full Face Helmet,77,53,94,36,11,105840,2025-11-08
INV01028,DLR052,BK009,Accessory,RE Horizon Full Face Helmet,16,63,57,22,10,64680,2026-04-11
INV01029,DLR196,BK015,Spare Part,Spark Plug Twin Spark,71,184,189,66,22,12012,2026-01-10
INV01030,DLR140,BK004,Accessory,Aluminum Top Box 40L,72,82,55,99,12,1004850,2025-06-14
INV01031,DLR180,BK009,Accessory,Tripper Navigation Module,51,35,16,70,21,254730,2026-03-26
INV01032,DLR021,BK015,Spare Part,Clutch Cable Wire,147,281,318,110,36,22880,2026-06-18
INV01033,DLR192,BK015,Motorcycle,Continental GT 535,15,31,8,38,9,6718400,2026-03-31
INV01034,DLR092,BK012,Spare Part,Clutch Cable Wire,72,209,133,148,28,30784,2025-10-05
INV01035,DLR161,BK006,Motorcycle,Guerrilla 450,8,40,15,33,7,6703950,2026-03-10
INV01036,DLR079,BK003,Motorcycle,Hunter 350,21,40,44,17,7,2166055,2026-03-18
INV01037,DLR137,BK001,Accessory,Compact Engine Guard,34,99,19,114,24,223326,2025-08-28
INV01038,DLR099,BK006,Spare Part,Air Filter Element,97,87,33,151,29,44092,2026-04-17
INV01039,DLR086,BK014,Accessory,RE Camo Riding Gloves,29,51,23,57,19,95760,2025-12-03
INV01040,DLR196,BK014,Accessory,RE Horizon Full Face Helmet,62,49,17,94,16,276360,2025-07-01
INV01041,DLR036,BK005,Spare Part,Air Filter Element,34,53,32,55,23,16060,2025-09-16
INV01042,DLR017,BK005,Accessory,Black Commuter Pannier,38,30,28,40,17,126000,2026-01-25
INV01043,DLR165,BK008,Accessory,Royal Enfield Urban Riding Jacket,18,67,52,33,14,196350,2026-06-14
INV01044,DLR035,BK015,Accessory,LED Fog Light Kit,18,104,26,96,23,322560,2025-06-28
INV01045,DLR190,BK005,Accessory,Tank Bag 15L,75,98,159,14,24,31360,2026-05-23
INV01046,DLR048,BK006,Accessory,Touring Screen / Flyscreen,70,102,88,84,12,161616,2025-07-03
INV01047,DLR055,BK006,Motorcycle,Guerrilla 450,19,37,53,3,9,609450,2026-04-13
INV01048,DLR160,BK007,Accessory,Streetwind V3 Mesh Jacket,72,110,113,69,16,299460,2025-09-20
INV01049,DLR145,BK007,Accessory,Trapezium Engine Guard,71,34,23,82,19,195160,2026-02-11
INV01050,DLR081,BK001,Accessory,RE Camo Riding Gloves,60,101,57,104,14,174720,2025-06-24
INV01051,DLR025,BK002,Motorcycle,Classic 350,31,40,4,67,9,10995906,2025-08-12
INV01052,DLR033,BK012,Accessory,Touring Screen / Flyscreen,43,50,27,66,16,126984,2026-06-27
INV01053,DLR142,BK002,Spare Part,Air Filter Element,84,78,129,33,48,9636,2025-07-09
INV01054,DLR111,BK007,Accessory,Cast Alloy Wheels Set,75,59,96,38,19,438900,2025-12-29
INV01055,DLR150,BK008,Motorcycle,Continental GT 650,8,17,22,3,10,813450,2025-07-05
INV01056,DLR029,BK002,Accessory,Bar End Mirrors Pair,73,36,40,69,11,222180,2025-09-09
INV01057,DLR127,BK002,Accessory,Pannier Rails Pair,66,21,33,54,22,143640,2025-11-02
INV01058,DLR034,BK004,Accessory,Touring Passenger Seat,53,63,75,41,19,84665,2026-05-31
INV01059,DLR097,BK012,Accessory,Rider Touring Seat,72,28,45,55,24,144375,2026-04-28
INV01060,DLR142,BK008,Accessory,Compact Engine Guard,17,65,68,14,12,27426,2025-07-05
INV01061,DLR128,BK009,Motorcycle,Interceptor 650,14,27,6,35,5,9014250,2025-08-19
INV01062,DLR188,BK008,Spare Part,Spark Plug Twin Spark,73,120,103,90,49,16380,2025-09-27
INV01063,DLR114,BK010,Spare Part,Chain Sprocket Drive Kit,129,159,269,19,21,39520,2025-10-25
INV01064,DLR080,BK009,Spare Part,Battery 12V 14Ah,59,80,93,46,36,83720,2025-07-09
INV01065,DLR105,BK002,Accessory,RE Horizon Full Face Helmet,77,111,122,66,17,194040,2025-10-30
INV01066,DLR115,BK008,Motorcycle,Continental GT 650,18,38,36,20,9,5423000,2025-12-09
INV01067,DLR180,BK003,Accessory,Low Ride Seat,46,102,36,112,13,250880,2025-11-10
INV01068,DLR107,BK008,Accessory,Black Commuter Pannier,30,47,60,17,20,53550,2025-10-20
INV01069,DLR161,BK013,Spare Part,Clutch Cable Wire,117,219,249,87,39,18096,2026-01-20
INV01070,DLR164,BK013,Motorcycle,Bullet 500,19,48,53,14,5,2237200,2026-01-30
INV01071,DLR114,BK011,Motorcycle,Shotgun 650,14,50,43,21,10,6415290,2025-11-20
INV01072,DLR054,BK001,Spare Part,Engine Oil 15W50 Semi-Synth,154,100,51,203,44,125251,2025-10-13
INV01073,DLR027,BK003,Accessory,Pannier Rails Pair,37,33,50,20,15,53200,2026-03-22
INV01074,DLR161,BK009,Accessory,Tripper Navigation Module,31,53,16,68,21,247452,2025-12-05
INV01075,DLR088,BK013,Accessory,Machined Oil Filler Cap,35,61,23,73,25,43435,2026-01-27
INV01076,DLR074,BK011,Accessory,Waterproof Duffel Bag,56,39,61,34,19,99960,2025-08-19
INV01077,DLR195,BK015,Accessory,Rider Touring Seat,71,59,29,101,14,265125,2026-07-06
INV01078,DLR040,BK001,Motorcycle,Bullet 350,6,27,5,28,5,4129300,2026-01-01
INV01079,DLR075,BK015,Accessory,Trapezium Engine Guard,73,40,58,55,20,130900,2025-08-20
INV01080,DLR183,BK001,Spare Part,Engine Oil 15W50 Semi-Synth,101,181,143,139,33,85763,2025-06-25
INV01081,DLR160,BK007,Accessory,Low Ride Seat,71,41,57,55,11,123200,2025-06-29
INV01082,DLR147,BK004,Spare Part,Engine Oil 15W50 Semi-Synth,176,137,224,89,43,54913,2026-04-15
INV01083,DLR050,BK013,Motorcycle,Bullet 500,16,10,16,10,10,1598000,2025-06-22
INV01084,DLR102,BK015,Accessory,Machined Oil Filler Cap,29,106,102,33,20,19635,2026-03-04
INV01085,DLR134,BK005,Motorcycle,Himalayan 450,16,18,9,25,11,6056250,2025-10-07
INV01086,DLR149,BK015,Motorcycle,Continental GT 535,8,11,15,4,5,707200,2026-05-13
INV01087,DLR044,BK001,Accessory,Tank Bag 15L,77,71,18,130,19,291200,2025-06-30
INV01088,DLR106,BK003,Motorcycle,Hunter 350,10,16,14,12,6,1528980,2026-05-23
INV01089,DLR120,BK006,Motorcycle,Guerrilla 450,17,40,40,17,7,3453550,2026-03-23
INV01090,DLR105,BK001,Accessory,Waterproof Duffel Bag,60,49,20,89,18,261660,2026-05-14
INV01091,DLR055,BK005,Spare Part,Oil Filter Element,38,176,36,178,48,40406,2025-10-25
INV01092,DLR056,BK002,Spare Part,Brake Pads Front/Rear,146,167,111,202,25,157560,2025-08-13
INV01093,DLR144,BK008,Motorcycle,Continental GT 650,34,48,45,37,8,10032550,2026-06-11
INV01094,DLR103,BK008,Spare Part,Oil Filter Element,168,236,228,176,21,39952,2025-07-13
INV01095,DLR125,BK013,Accessory,Streetwind V3 Mesh Jacket,75,105,145,35,24,151900,2025-09-18
INV01096,DLR129,BK013,Spare Part,Brake Pads Front/Rear,60,76,33,103,45,80340,2025-09-14
INV01097,DLR009,BK011,Accessory,Royal Enfield Urban Riding Jacket,34,46,38,42,21,249900,2025-08-24
INV01098,DLR038,BK004,Accessory,Aluminum Top Box 40L,20,54,28,46,10,466900,2025-12-21
INV01099,DLR168,BK004,Accessory,Rear Passenger Backrest,50,90,97,43,22,55685,2026-03-09
INV01100,DLR065,BK007,Motorcycle,Scram 411,32,17,13,36,11,6315624,2025-07-24
INV01101,DLR102,BK012,Accessory,Aluminum Top Box 40L,54,36,69,21,17,213150,2025-09-09
INV01102,DLR169,BK010,Accessory,Trapezium Engine Guard,31,35,29,37,22,88060,2025-07-10
INV01103,DLR190,BK007,Accessory,RE Horizon Full Face Helmet,19,59,70,8,22,23520,2025-07-08
INV01104,DLR013,BK003,Spare Part,Chain Sprocket Drive Kit,199,244,357,86,40,178880,2025-12-05
INV01105,DLR068,BK005,Motorcycle,Himalayan 450,28,12,19,21,8,5087250,2026-02-06
INV01106,DLR120,BK014,Motorcycle,Thunderbird 350X,24,36,32,28,5,3879400,2025-11-17
INV01107,DLR003,BK004,Accessory,RE Camo Riding Gloves,36,50,67,19,15,31920,2026-06-21
INV01108,DLR071,BK007,Accessory,RE Camo Riding Gloves,56,70,11,115,19,193200,2026-03-03
INV01109,DLR195,BK015,Spare Part,Engine Oil 15W50 Semi-Synth,51,199,176,74,21,45658,2025-12-25
INV01110,DLR082,BK013,Accessory,Low Ride Seat,37,43,61,19,25,42560,2026-04-06
INV01111,DLR019,BK013,Motorcycle,Bullet 500,31,41,68,4,10,639200,2025-07-29
INV01112,DLR047,BK006,Accessory,Touring Passenger Seat,73,42,84,31,12,64015,2025-12-25
INV01113,DLR153,BK005,Spare Part,Oil Filter Element,63,275,97,241,49,54707,2025-11-26
INV01114,DLR064,BK009,Motorcycle,Interceptor 650,22,38,24,36,12,9271800,2025-12-17
INV01115,DLR023,BK008,Accessory,Royal Enfield Urban Riding Jacket,77,40,30,87,18,517650,2025-12-04
INV01116,DLR134,BK015,Spare Part,Air Filter Element,141,160,32,269,35,78548,2026-03-27
INV01117,DLR144,BK004,Motorcycle,Meteor 350,26,28,6,48,8,8400720,2026-06-11
INV01118,DLR050,BK008,Accessory,Tank Bag 15L,29,65,83,11,15,24640,2025-12-17
INV01119,DLR107,BK009,Accessory,Machined Oil Filler Cap,18,89,12,95,25,56525,2026-03-29
INV01120,DLR095,BK007,Accessory,Trapezium Engine Guard,18,26,15,29,14,69020,2026-02-04
INV01121,DLR094,BK001,Accessory,Streetwind V3 Mesh Jacket,67,104,14,157,18,681380,2026-01-27
INV01122,DLR002,BK010,Motorcycle,Super Meteor 650,6,25,10,21,12,6495615,2025-07-15
INV01123,DLR068,BK003,Accessory,Rider Touring Seat,75,56,67,64,15,168000,2026-02-11
INV01124,DLR146,BK004,Accessory,Machined Oil Filler Cap,33,107,62,78,18,46410,2026-03-20
INV01125,DLR084,BK005,Motorcycle,Himalayan 450,31,36,50,17,7,4118250,2026-04-09
INV01126,DLR064,BK012,Accessory,Low Ride Seat,65,113,156,22,16,49280,2025-08-12
INV01127,DLR193,BK005,Motorcycle,Himalayan 450,20,21,35,6,6,1453500,2026-07-06
INV01128,DLR158,BK014,Accessory,USB Charging Port,28,100,95,33,23,26565,2025-07-09
INV01129,DLR171,BK009,Motorcycle,Interceptor 650,30,42,6,66,5,16998300,2025-10-13
INV01130,DLR005,BK010,Motorcycle,Super Meteor 650,17,21,31,7,7,2165205,2025-10-16
INV01131,DLR200,BK005,Accessory,Master Cylinder Guard,38,81,56,63,18,52920,2025-08-09
INV01132,DLR100,BK008,Motorcycle,Continental GT 650,9,40,14,35,7,9490250,2025-08-15
INV01133,DLR027,BK013,Accessory,Pannier Rails Pair,45,38,50,33,11,87780,2026-07-03
INV01134,DLR025,BK007,Accessory,Touring Screen / Flyscreen,39,119,57,101,24,194324,2025-10-08
INV01135,DLR093,BK002,Motorcycle,Classic 350,26,35,24,37,6,6072366,2026-01-03
INV01136,DLR002,BK009,Accessory,RE Camo Riding Gloves,52,95,93,54,13,90720,2025-09-24
INV01137,DLR052,BK010,Accessory,RE Horizon Full Face Helmet,15,114,53,76,24,223440,2025-11-13
INV01138,DLR039,BK011,Accessory,Tank Bag 15L,54,81,18,117,12,262080,2026-02-18
INV01139,DLR022,BK004,Spare Part,Oil Filter Element,198,50,141,107,24,24289,2025-09-07
INV01140,DLR189,BK010,Motorcycle,Super Meteor 650,27,15,37,5,9,1546575,2025-12-22
INV01141,DLR085,BK015,Accessory,Trapezium Engine Guard,67,47,65,49,20,116620,2025-07-03
INV01142,DLR097,BK008,Spare Part,Chain Sprocket Drive Kit,196,273,209,260,31,540800,2026-04-14
INV01143,DLR159,BK013,Accessory,Cast Alloy Wheels Set,63,72,84,51,24,589050,2025-12-25
INV01144,DLR016,BK012,Motorcycle,Classic 500,11,34,20,25,9,4462500,2026-03-20
INV01145,DLR182,BK010,Spare Part,Clutch Cable Wire,56,266,173,149,27,30992,2026-01-17
INV01146,DLR171,BK001,Accessory,Rider Touring Seat,47,39,47,39,13,102375,2026-01-01
INV01147,DLR040,BK007,Motorcycle,Scram 411,20,39,33,26,9,4561284,2026-05-29
INV01148,DLR070,BK003,Motorcycle,Hunter 350,8,21,24,5,9,637075,2025-08-07
INV01149,DLR166,BK002,Spare Part,Battery 12V 14Ah,79,299,287,91,22,165620,2026-05-09
INV01150,DLR188,BK014,Spare Part,Brake Pads Front/Rear,89,115,138,66,26,51480,2025-07-24
INV01151,DLR117,BK006,Motorcycle,Guerrilla 450,26,21,40,7,10,1422050,2026-03-04
INV01152,DLR061,BK012,Accessory,Compact Engine Guard,79,114,62,131,17,256629,2025-08-26
INV01153,DLR122,BK002,Motorcycle,Classic 350,15,23,23,15,6,2461770,2025-09-20
INV01154,DLR082,BK011,Accessory,Rider Touring Seat,52,48,18,82,24,215250,2025-07-10
INV01155,DLR155,BK011,Spare Part,Engine Oil 15W50 Semi-Synth,127,108,75,160,44,98720,2025-11-26
INV01156,DLR067,BK008,Accessory,Streetwind V3 Mesh Jacket,60,53,37,76,17,329840,2026-04-24
INV01157,DLR163,BK009,Spare Part,Oil Filter Element,112,127,52,187,35,42449,2025-12-28
INV01158,DLR140,BK010,Spare Part,Oil Filter Element,38,151,163,26,24,5902,2026-03-19
INV01159,DLR166,BK010,Spare Part,Spark Plug Twin Spark,117,247,307,57,42,10374,2025-06-22
INV01160,DLR045,BK015,Accessory,Black Commuter Pannier,59,78,25,112,23,352800,2026-03-21
INV01161,DLR176,BK002,Spare Part,Engine Oil 15W50 Semi-Synth,139,240,115,264,31,162888,2025-10-29
INV01162,DLR153,BK010,Motorcycle,Super Meteor 650,34,29,23,40,8,12372600,2026-06-09
INV01163,DLR108,BK006,Motorcycle,Guerrilla 450,11,43,30,24,6,4875600,2025-09-23
INV01164,DLR107,BK008,Accessory,Tank Bag 15L,25,75,22,78,23,174720,2025-06-06
INV01165,DLR082,BK005,Motorcycle,Himalayan 450,19,11,18,12,8,2907000,2025-12-13
INV01166,DLR121,BK002,Motorcycle,Classic 350,27,26,33,20,5,3282360,2025-12-31
INV01167,DLR156,BK013,Spare Part,Clutch Cable Wire,91,255,64,282,25,58656,2025-07-26
INV01168,DLR117,BK013,Accessory,RE Camo Riding Gloves,53,20,52,21,22,35280,2026-04-15
INV01169,DLR198,BK008,Motorcycle,Continental GT 650,24,37,31,30,7,8134500,2025-06-27
INV01170,DLR070,BK002,Accessory,Touring Passenger Seat,40,28,49,19,13,39235,2026-04-27
INV01171,DLR097,BK015,Accessory,Machined Oil Filler Cap,72,60,105,27,22,16065,2026-05-20
INV01172,DLR067,BK008,Spare Part,Brake Pads Front/Rear,59,205,235,29,24,22620,2026-04-23
INV01173,DLR094,BK006,Motorcycle,Guerrilla 450,8,38,24,22,10,4469300,2025-06-01
INV01174,DLR067,BK007,Spare Part,Chain Sprocket Drive Kit,58,125,84,99,37,205920,2026-06-11
INV01175,DLR070,BK001,Motorcycle,Bullet 350,32,39,19,52,11,7668700,2026-01-31
INV01176,DLR087,BK005,Accessory,Waterproof Duffel Bag,22,94,47,69,12,202860,2025-10-11
INV01177,DLR034,BK006,Spare Part,Brake Pads Front/Rear,187,140,225,102,26,79560,2025-12-27
INV01178,DLR174,BK012,Motorcycle,Classic 500,21,31,44,8,10,1428000,2025-08-22
INV01179,DLR130,BK013,Accessory,Rider Touring Seat,29,46,19,56,23,147000,2026-02-04
INV01180,DLR132,BK004,Spare Part,Spark Plug Twin Spark,81,288,208,161,37,29302,2026-05-25
INV01181,DLR175,BK011,Accessory,Touring Screen / Flyscreen,28,97,69,56,24,107744,2025-12-27
INV01182,DLR064,BK009,Accessory,Tank Bag 15L,33,38,31,40,18,89600,2025-09-25
INV01183,DLR125,BK012,Accessory,Waterproof Duffel Bag,66,42,74,34,25,99960,2025-07-20
INV01184,DLR020,BK008,Spare Part,Chain Sprocket Drive Kit,124,270,133,261,50,542880,2026-04-23
INV01185,DLR088,BK010,Spare Part,Clutch Cable Wire,79,205,93,191,49,39728,2025-12-07
INV01186,DLR013,BK007,Accessory,USB Charging Port,58,84,42,100,18,80500,2026-03-03
INV01187,DLR106,BK004,Spare Part,Brake Pads Front/Rear,185,196,261,120,42,93600,2025-08-17
INV01188,DLR134,BK006,Accessory,Machined Oil Filler Cap,50,35,67,18,16,10710,2026-05-25
INV01189,DLR197,BK010,Motorcycle,Super Meteor 650,12,15,12,15,6,4639725,2025-10-13
INV01190,DLR041,BK015,Motorcycle,Continental GT 535,13,29,5,37,11,6541600,2026-01-23
INV01191,DLR100,BK003,Accessory,Master Cylinder Guard,61,83,76,68,11,57120,2025-11-06
INV01192,DLR006,BK013,Accessory,RE Horizon Full Face Helmet,77,101,129,49,10,144060,2025-09-11
INV01193,DLR095,BK005,Spare Part,Chain Sprocket Drive Kit,127,289,143,273,21,567840,2026-01-18
INV01194,DLR169,BK015,Accessory,Cast Alloy Wheels Set,77,61,19,119,10,1374450,2026-03-26
INV01195,DLR008,BK007,Accessory,Pannier Rails Pair,27,99,118,8,19,21280,2025-06-12
INV01196,DLR125,BK003,Spare Part,Air Filter Element,101,293,233,161,23,47012,2025-12-03
INV01197,DLR186,BK001,Motorcycle,Bullet 350,27,14,34,7,5,1032325,2026-02-18
INV01198,DLR040,BK010,Motorcycle,Super Meteor 650,6,47,12,41,10,12681915,2025-07-16
INV01199,DLR194,BK012,Motorcycle,Classic 500,5,10,5,10,10,1785000,2025-06-23
INV01200,DLR017,BK013,Accessory,Black Commuter Pannier,71,52,96,27,24,85050,2025-08-30
INV01201,DLR158,BK010,Motorcycle,Super Meteor 650,16,33,23,26,7,8042190,2025-10-02
INV01202,DLR124,BK009,Motorcycle,Interceptor 650,24,11,11,24,12,6181200,2025-11-24
INV01203,DLR123,BK012,Spare Part,Clutch Cable Wire,126,287,303,110,29,22880,2025-10-24
INV01204,DLR035,BK014,Accessory,Rider Touring Seat,41,51,81,11,19,28875,2026-06-09
INV01205,DLR107,BK006,Motorcycle,Guerrilla 450,34,12,16,30,9,6094500,2026-03-15
INV01206,DLR052,BK013,Motorcycle,Bullet 500,9,28,8,29,8,4634200,2025-06-22
INV01207,DLR031,BK007,Spare Part,Chain Sprocket Drive Kit,199,247,429,17,28,35360,2026-05-05
INV01208,DLR190,BK005,Spare Part,Brake Pads Front/Rear,81,143,188,36,43,28080,2026-03-17
INV01209,DLR063,BK014,Spare Part,Engine Oil 15W50 Semi-Synth,154,224,272,106,43,65402,2026-04-17
INV01210,DLR050,BK004,Motorcycle,Meteor 350,26,24,48,2,5,350030,2026-06-24
INV01211,DLR181,BK014,Spare Part,Battery 12V 14Ah,58,190,209,39,46,70980,2025-08-17
INV01212,DLR026,BK011,Spare Part,Oil Filter Element,53,255,221,87,41,19749,2025-06-09
INV01213,DLR112,BK011,Motorcycle,Shotgun 650,10,24,5,29,11,8859210,2026-01-23
INV01214,DLR163,BK011,Accessory,Royal Enfield Urban Riding Jacket,25,104,113,16,10,95200,2026-03-06
INV01215,DLR016,BK003,Spare Part,Air Filter Element,168,192,148,212,48,61904,2025-12-22
INV01216,DLR148,BK011,Accessory,Compact Engine Guard,32,105,111,26,21,50934,2026-01-17
INV01217,DLR156,BK015,Accessory,Pannier Rails Pair,69,59,44,84,12,223440,2025-07-06
INV01218,DLR156,BK011,Accessory,Pannier Rails Pair,52,119,125,46,15,122360,2026-02-23
INV01219,DLR101,BK004,Accessory,Touring Screen / Flyscreen,65,40,49,56,10,107744,2026-05-06
INV01220,DLR041,BK004,Accessory,Rear Passenger Backrest,33,27,24,36,12,46620,2026-01-30
INV01221,DLR163,BK006,Accessory,Rear Passenger Backrest,56,21,48,29,11,37555,2026-04-04
INV01222,DLR165,BK001,Accessory,Cast Alloy Wheels Set,61,118,132,47,14,542850,2026-02-22
INV01223,DLR097,BK010,Motorcycle,Super Meteor 650,15,25,8,32,5,9898080,2025-12-14
INV01224,DLR184,BK008,Motorcycle,Continental GT 650,11,43,14,40,12,10846000,2025-12-14
INV01225,DLR082,BK014,Motorcycle,Thunderbird 350X,29,28,37,20,5,2771000,2025-08-31
INV01226,DLR178,BK005,Accessory,Tank Bag 15L,36,50,81,5,21,11200,2026-03-08
INV01227,DLR089,BK012,Accessory,Touring Passenger Seat,18,29,10,37,13,76405,2026-04-21
INV01228,DLR180,BK015,Accessory,Royal Enfield Urban Riding Jacket,61,106,89,78,19,464100,2026-07-02
INV01229,DLR079,BK009,Spare Part,Battery 12V 14Ah,182,86,26,242,34,440440,2025-10-17
INV01230,DLR015,BK006,Motorcycle,Guerrilla 450,28,45,62,11,5,2234650,2025-09-05
INV01231,DLR174,BK003,Motorcycle,Hunter 350,28,38,32,34,10,4332110,2026-04-12
INV01232,DLR157,BK001,Motorcycle,Bullet 350,29,26,50,5,8,737375,2026-03-21
INV01233,DLR020,BK001,Spare Part,Air Filter Element,75,51,113,13,28,3796,2025-07-25
INV01234,DLR186,BK001,Motorcycle,Bullet 350,20,18,35,3,6,442425,2025-06-29
INV01235,DLR039,BK015,Spare Part,Battery 12V 14Ah,74,202,112,164,46,298480,2026-01-16
INV01236,DLR084,BK006,Spare Part,Engine Oil 15W50 Semi-Synth,69,160,79,150,34,92550,2025-06-29
INV01237,DLR165,BK001,Accessory,Cast Alloy Wheels Set,69,118,177,10,16,115500,2025-09-15
INV01238,DLR180,BK001,Spare Part,Oil Filter Element,119,76,144,51,32,11577,2026-01-06
INV01239,DLR112,BK014,Accessory,Cast Alloy Wheels Set,37,35,67,5,15,57750,2026-02-06
INV01240,DLR074,BK007,Motorcycle,Scram 411,32,23,16,39,9,6841926,2025-12-04
INV01241,DLR148,BK015,Accessory,Bar End Mirrors Pair,37,101,89,49,21,157780,2025-12-21
INV01242,DLR090,BK007,Motorcycle,Scram 411,23,20,41,2,10,350868,2026-04-03
INV01243,DLR009,BK010,Spare Part,Spark Plug Twin Spark,106,69,101,74,35,13468,2025-12-04
INV01244,DLR054,BK013,Accessory,Rider Touring Seat,72,117,152,37,15,97125,2025-11-26
INV01245,DLR107,BK015,Motorcycle,Continental GT 535,21,32,37,16,11,2828800,2025-11-07
INV01246,DLR128,BK007,Accessory,Pannier Rails Pair,56,106,137,25,25,66500,2026-06-06
INV01247,DLR002,BK006,Motorcycle,Guerrilla 450,18,33,6,45,11,9141750,2026-01-24
INV01248,DLR154,BK012,Spare Part,Chain Sprocket Drive Kit,101,271,197,175,22,364000,2025-07-21
INV01249,DLR096,BK010,Accessory,Aluminum Top Box 40L,32,62,62,32,24,324800,2025-06-02
INV01250,DLR080,BK014,Motorcycle,Thunderbird 350X,13,34,42,5,12,692750,2026-04-13
INV01251,DLR092,BK001,Spare Part,Brake Pads Front/Rear,106,226,228,104,33,81120,2025-06-04
INV01252,DLR178,BK011,Accessory,USB Charging Port,38,84,57,65,11,52325,2026-06-02
INV01253,DLR076,BK002,Accessory,RE Camo Riding Gloves,74,62,10,126,15,211680,2025-06-15
INV01254,DLR164,BK010,Motorcycle,Super Meteor 650,15,21,10,26,7,8042190,2026-06-28
INV01255,DLR199,BK014,Motorcycle,Thunderbird 350X,5,21,21,5,9,692750,2025-10-14
INV01256,DLR180,BK014,Accessory,Master Cylinder Guard,78,68,72,74,20,62160,2026-06-04
INV01257,DLR025,BK015,Spare Part,Battery 12V 14Ah,97,201,266,32,40,58240,2025-07-17
INV01258,DLR081,BK011,Motorcycle,Shotgun 650,26,48,45,29,9,8859210,2025-12-07
INV01259,DLR193,BK013,Accessory,Low Ride Seat,55,48,90,13,17,29120,2025-11-17
INV01260,DLR129,BK014,Accessory,Touring Screen / Flyscreen,23,75,85,13,21,25012,2025-09-23
INV01261,DLR090,BK015,Spare Part,Clutch Cable Wire,66,84,95,55,42,11440,2026-01-29
INV01262,DLR167,BK011,Accessory,Master Cylinder Guard,15,93,98,10,11,8400,2025-07-04
INV01263,DLR141,BK002,Accessory,Black Commuter Pannier,73,51,108,16,12,50400,2025-08-02
INV01264,DLR021,BK005,Spare Part,Chain Sprocket Drive Kit,91,103,133,61,47,126880,2025-06-14
INV01265,DLR145,BK009,Accessory,Black Sump Guard,21,60,10,71,19,164010,2026-05-11
INV01266,DLR193,BK006,Accessory,Tank Bag 15L,28,99,93,34,24,76160,2026-04-29
INV01267,DLR069,BK001,Motorcycle,Bullet 350,27,33,42,18,12,2654550,2025-12-05
INV01268,DLR199,BK009,Motorcycle,Interceptor 650,34,28,25,37,9,9529350,2025-08-26
INV01269,DLR023,BK001,Accessory,Touring Passenger Seat,17,106,75,48,19,99120,2025-07-16
INV01270,DLR132,BK003,Accessory,Waterproof Duffel Bag,56,54,82,28,11,82320,2026-01-25
INV01271,DLR141,BK008,Motorcycle,Continental GT 650,15,12,25,2,10,542300,2025-11-07
INV01272,DLR031,BK006,Spare Part,Engine Oil 15W50 Semi-Synth,185,62,171,76,26,46892,2026-01-21
INV01273,DLR095,BK014,Accessory,Tripper Navigation Module,15,76,84,7,22,25473,2026-05-03
INV01274,DLR008,BK014,Accessory,Silver Sump Guard,69,95,80,84,13,182280,2025-09-17
INV01275,DLR195,BK006,Spare Part,Oil Filter Element,168,117,226,59,47,13393,2026-03-12
INV01276,DLR053,BK007,Spare Part,Clutch Cable Wire,122,200,211,111,37,23088,2025-08-21
INV01277,DLR125,BK008,Accessory,Streetwind V3 Mesh Jacket,67,94,43,118,14,512120,2025-12-30
INV01278,DLR154,BK014,Accessory,Pannier Rails Pair,64,92,74,82,10,218120,2026-01-09
INV01279,DLR006,BK014,Accessory,Touring Passenger Seat,78,74,41,111,10,229215,2025-06-06
INV01280,DLR044,BK012,Motorcycle,Classic 500,31,14,11,34,5,6069000,2026-04-16
INV01281,DLR196,BK014,Motorcycle,Thunderbird 350X,23,34,40,17,6,2355350,2025-11-19
INV01282,DLR200,BK008,Motorcycle,Continental GT 650,13,48,19,42,8,11388300,2026-03-15
INV01283,DLR089,BK015,Accessory,Waterproof Duffel Bag,40,46,71,15,21,44100,2026-03-18
INV01284,DLR132,BK012,Accessory,Touring Screen / Flyscreen,25,51,56,20,25,38480,2026-05-28
INV01285,DLR136,BK008,Spare Part,Engine Oil 15W50 Semi-Synth,173,182,70,285,40,175845,2026-05-06
INV01286,DLR177,BK014,Accessory,Silver Sump Guard,30,112,69,73,17,158410,2026-01-29
INV01287,DLR157,BK006,Spare Part,Oil Filter Element,83,101,49,135,28,30645,2025-09-29
INV01288,DLR043,BK005,Motorcycle,Himalayan 450,33,38,4,67,12,16230750,2026-06-24
INV01289,DLR196,BK002,Motorcycle,Classic 350,21,41,52,10,11,1641180,2025-10-01
INV01290,DLR063,BK012,Accessory,RE Camo Riding Gloves,20,85,18,87,16,146160,2026-05-12
INV01291,DLR045,BK003,Accessory,USB Charging Port,33,43,66,10,11,8050,2025-11-04
INV01292,DLR073,BK009,Motorcycle,Interceptor 650,31,25,23,33,6,8499150,2026-04-06
INV01293,DLR126,BK009,Spare Part,Engine Oil 15W50 Semi-Synth,136,275,155,256,38,157952,2025-11-28
INV01294,DLR122,BK002,Spare Part,Brake Pads Front/Rear,104,298,97,305,41,237900,2025-11-22
INV01295,DLR160,BK010,Motorcycle,Super Meteor 650,27,50,26,51,9,15775065,2025-08-24
INV01296,DLR035,BK005,Spare Part,Battery 12V 14Ah,41,230,56,215,37,391300,2026-07-05
INV01297,DLR168,BK014,Spare Part,Air Filter Element,190,251,73,368,27,107456,2026-02-09
INV01298,DLR127,BK011,Motorcycle,Shotgun 650,13,12,10,15,5,4582350,2025-11-22
INV01299,DLR190,BK011,Accessory,Touring Passenger Seat,57,110,33,134,25,276710,2025-09-23
INV01300,DLR058,BK004,Spare Part,Engine Oil 15W50 Semi-Synth,89,154,153,90,25,55530,2026-06-25
INV01301,DLR042,BK001,Motorcycle,Bullet 350,33,31,57,7,7,1032325,2026-04-10
INV01302,DLR177,BK008,Accessory,Bar End Mirrors Pair,62,56,61,57,15,183540,2025-07-12
INV01303,DLR024,BK007,Spare Part,Brake Pads Front/Rear,192,63,131,124,25,96720,2025-06-23
INV01304,DLR132,BK003,Spare Part,Oil Filter Element,98,52,83,67,46,15209,2026-07-02
INV01305,DLR169,BK007,Accessory,RE Horizon Full Face Helmet,58,105,64,99,22,291060,2025-08-18
INV01306,DLR148,BK003,Motorcycle,Hunter 350,27,25,49,3,10,382245,2025-06-23
INV01307,DLR163,BK014,Motorcycle,Thunderbird 350X,12,27,19,20,11,2771000,2026-03-05
INV01308,DLR177,BK015,Spare Part,Clutch Cable Wire,36,201,58,179,46,37232,2026-03-16
INV01309,DLR022,BK014,Spare Part,Spark Plug Twin Spark,160,290,324,126,49,22932,2026-03-31
INV01310,DLR066,BK006,Motorcycle,Guerrilla 450,34,47,38,43,12,8735450,2025-08-12
INV01311,DLR091,BK005,Accessory,Master Cylinder Guard,22,56,72,6,18,5040,2025-11-04
INV01312,DLR033,BK011,Motorcycle,Shotgun 650,31,33,29,35,8,10692150,2026-03-19
INV01313,DLR066,BK010,Motorcycle,Super Meteor 650,13,34,23,24,6,7423560,2025-10-24
INV01314,DLR078,BK005,Accessory,Streetwind V3 Mesh Jacket,61,82,89,54,12,234360,2025-10-28
INV01315,DLR190,BK006,Motorcycle,Guerrilla 450,9,42,35,16,11,3250400,2025-10-31
INV01316,DLR098,BK006,Spare Part,Air Filter Element,36,114,55,95,22,27740,2026-01-30
INV01317,DLR143,BK005,Motorcycle,Himalayan 450,12,48,9,51,8,12354750,2026-07-03
INV01318,DLR112,BK012,Accessory,LED Fog Light Kit,58,53,77,34,17,114240,2026-04-12
INV01319,DLR055,BK008,Accessory,Master Cylinder Guard,71,114,41,144,21,120960,2025-10-07
INV01320,DLR039,BK003,Motorcycle,Hunter 350,10,30,3,37,8,4714355,2026-02-25
INV01321,DLR174,BK004,Motorcycle,Meteor 350,8,21,12,17,12,2975255,2025-08-10
INV01322,DLR047,BK004,Spare Part,Battery 12V 14Ah,67,61,81,47,29,85540,2025-07-06
INV01323,DLR154,BK008,Accessory,LED Fog Light Kit,21,106,16,111,23,372960,2025-09-29
INV01324,DLR042,BK004,Accessory,Cast Alloy Wheels Set,77,78,63,92,17,1062600,2025-12-08
INV01325,DLR041,BK002,Spare Part,Clutch Cable Wire,165,98,188,75,34,15600,2025-12-05
INV01326,DLR092,BK011,Spare Part,Oil Filter Element,136,291,140,287,25,65149,2025-07-15
INV01327,DLR136,BK010,Motorcycle,Super Meteor 650,29,33,59,3,6,927945,2026-06-08
INV01328,DLR016,BK009,Accessory,RE Camo Riding Gloves,79,92,158,13,12,21840,2026-02-26
INV01329,DLR032,BK015,Motorcycle,Continental GT 535,35,48,37,46,7,8132800,2026-03-15
INV01330,DLR031,BK008,Spare Part,Air Filter Element,103,84,25,162,33,47304,2025-10-09
INV01331,DLR049,BK004,Accessory,Touring Screen / Flyscreen,55,63,34,84,19,161616,2025-09-09
INV01332,DLR049,BK005,Accessory,Tripper Navigation Module,27,118,123,22,14,80058,2026-04-17
INV01333,DLR004,BK005,Motorcycle,Himalayan 450,34,46,30,50,7,12112500,2025-10-28
INV01334,DLR038,BK005,Spare Part,Brake Pads Front/Rear,36,206,190,52,22,40560,2026-05-15
INV01335,DLR190,BK013,Accessory,Black Sump Guard,63,44,38,69,14,159390,2025-10-29
INV01336,DLR166,BK004,Motorcycle,Meteor 350,21,41,51,11,7,1925165,2025-11-04
INV01337,DLR066,BK008,Accessory,Touring Screen / Flyscreen,18,82,25,75,14,144300,2025-07-13
INV01338,DLR043,BK006,Accessory,Bar End Mirrors Pair,70,96,29,137,11,441140,2025-08-15
INV01339,DLR078,BK014,Motorcycle,Thunderbird 350X,21,21,33,9,7,1246950,2025-10-22
INV01340,DLR075,BK011,Accessory,Touring Passenger Seat,19,76,59,36,12,74340,2025-11-30
INV01341,DLR037,BK014,Spare Part,Air Filter Element,51,73,97,27,34,7884,2026-02-08
INV01342,DLR130,BK010,Accessory,Waterproof Duffel Bag,66,65,119,12,11,35280,2025-07-25
INV01343,DLR137,BK001,Motorcycle,Bullet 350,13,28,4,37,7,5456575,2026-01-25
INV01344,DLR113,BK007,Motorcycle,Scram 411,26,18,17,27,6,4736718,2025-12-17
INV01345,DLR036,BK006,Spare Part,Clutch Cable Wire,53,56,29,80,20,16640,2025-09-19
INV01346,DLR099,BK014,Accessory,Bar End Mirrors Pair,59,80,120,19,19,61180,2025-10-01
INV01347,DLR150,BK013,Spare Part,Battery 12V 14Ah,194,110,163,141,47,256620,2026-01-17
INV01348,DLR164,BK014,Spare Part,Spark Plug Twin Spark,123,178,63,238,47,43316,2025-12-16
INV01349,DLR059,BK014,Motorcycle,Thunderbird 350X,10,16,8,18,6,2493900,2026-03-02
INV01350,DLR041,BK004,Accessory,LED Fog Light Kit,32,62,24,70,12,235200,2025-08-11
INV01351,DLR153,BK011,Accessory,Trapezium Engine Guard,41,116,32,125,11,297500,2025-08-18
INV01352,DLR098,BK003,Motorcycle,Hunter 350,5,33,5,33,11,4204695,2026-07-06
INV01353,DLR117,BK011,Motorcycle,Shotgun 650,28,21,46,3,10,916470,2025-08-21
INV01354,DLR040,BK010,Motorcycle,Super Meteor 650,14,35,24,25,9,7732875,2026-02-09
INV01355,DLR097,BK004,Spare Part,Chain Sprocket Drive Kit,184,73,101,156,31,324480,2025-11-29
INV01356,DLR153,BK014,Motorcycle,Thunderbird 350X,17,31,17,31,10,4295050,2026-06-18
INV01357,DLR073,BK003,Spare Part,Air Filter Element,142,90,90,142,33,41464,2026-01-04
INV01358,DLR116,BK014,Accessory,Master Cylinder Guard,36,72,99,9,25,7560,2025-12-17
INV01359,DLR019,BK008,Accessory,Tripper Navigation Module,16,55,61,10,21,36390,2026-06-20
INV01360,DLR086,BK003,Spare Part,Spark Plug Twin Spark,73,227,47,253,31,46046,2026-04-02
INV01361,DLR110,BK005,Spare Part,Oil Filter Element,123,123,179,67,34,15209,2026-02-28
INV01362,DLR014,BK007,Motorcycle,Scram 411,20,15,22,13,11,2280642,2025-06-21
INV01363,DLR178,BK011,Motorcycle,Shotgun 650,32,42,65,9,8,2749410,2025-07-06
INV01364,DLR028,BK007,Motorcycle,Scram 411,16,34,24,26,8,4561284,2026-03-17
INV01365,DLR155,BK006,Motorcycle,Guerrilla 450,7,16,13,10,9,2031500,2025-09-02
INV01366,DLR066,BK001,Motorcycle,Bullet 350,5,26,9,22,12,3244450,2026-04-09
INV01367,DLR016,BK012,Accessory,Bar End Mirrors Pair,18,87,75,30,17,96600,2025-11-21
INV01368,DLR135,BK012,Accessory,Pannier Rails Pair,79,102,67,114,23,303240,2025-10-12
INV01369,DLR083,BK005,Accessory,Tripper Navigation Module,62,117,166,13,24,47307,2026-03-22
INV01370,DLR145,BK013,Spare Part,Battery 12V 14Ah,96,84,114,66,43,120120,2025-10-28
INV01371,DLR042,BK011,Accessory,Trapezium Engine Guard,53,47,59,41,15,97580,2026-01-31
INV01372,DLR084,BK007,Accessory,Touring Screen / Flyscreen,78,106,145,39,20,75036,2025-07-02
INV01373,DLR178,BK015,Spare Part,Chain Sprocket Drive Kit,153,287,117,323,44,671840,2025-11-10
INV01374,DLR060,BK001,Spare Part,Engine Oil 15W50 Semi-Synth,115,185,27,273,37,168441,2025-12-24
INV01375,DLR113,BK009,Accessory,Cast Alloy Wheels Set,48,67,23,92,13,1062600,2026-04-05
INV01376,DLR057,BK011,Spare Part,Oil Filter Element,102,155,148,109,22,24743,2026-04-27
INV01377,DLR183,BK011,Accessory,Touring Screen / Flyscreen,34,79,53,60,15,115440,2025-09-19
INV01378,DLR113,BK015,Motorcycle,Continental GT 535,33,10,12,31,10,5480800,2026-04-10
INV01379,DLR165,BK007,Motorcycle,Scram 411,7,45,34,18,10,3157812,2026-01-18
INV01380,DLR015,BK006,Motorcycle,Guerrilla 450,10,12,10,12,11,2437800,2025-07-10
INV01381,DLR057,BK011,Accessory,Silver Sump Guard,51,59,62,48,18,104160,2025-07-26
INV01382,DLR160,BK008,Motorcycle,Continental GT 650,23,28,7,44,5,11930600,2025-09-17
INV01383,DLR110,BK008,Accessory,Compact Engine Guard,64,92,66,90,14,176310,2026-05-30
INV01384,DLR187,BK013,Spare Part,Spark Plug Twin Spark,40,68,36,72,34,13104,2025-07-10
INV01385,DLR049,BK015,Motorcycle,Continental GT 535,12,41,4,49,12,8663200,2025-07-22
INV01386,DLR136,BK005,Accessory,Tripper Navigation Module,22,90,69,43,25,156477,2026-05-24
INV01387,DLR060,BK008,Motorcycle,Continental GT 650,25,16,29,12,7,3253800,2026-01-16
INV01388,DLR089,BK010,Motorcycle,Super Meteor 650,14,36,6,44,6,13609860,2025-06-23
INV01389,DLR005,BK007,Accessory,Machined Oil Filler Cap,71,80,84,67,11,39865,2025-06-01
INV01390,DLR153,BK012,Accessory,Silver Sump Guard,80,47,26,101,21,219170,2026-04-19
INV01391,DLR173,BK012,Spare Part,Chain Sprocket Drive Kit,48,189,27,210,32,436800,2025-07-19
INV01392,DLR001,BK009,Spare Part,Air Filter Element,146,60,26,180,35,52560,2025-07-02
INV01393,DLR006,BK002,Motorcycle,Classic 350,9,18,7,20,6,3282360,2025-08-26
INV01394,DLR180,BK007,Accessory,Rider Touring Seat,20,60,22,58,11,152250,2025-08-02
INV01395,DLR020,BK013,Spare Part,Engine Oil 15W50 Semi-Synth,126,194,125,195,45,120315,2025-10-16
INV01396,DLR186,BK010,Motorcycle,Super Meteor 650,30,34,61,3,12,927945,2026-01-10
INV01397,DLR158,BK009,Spare Part,Engine Oil 15W50 Semi-Synth,40,264,81,223,29,137591,2026-04-11
INV01398,DLR079,BK002,Motorcycle,Classic 350,30,37,17,50,7,8205900,2026-03-14
INV01399,DLR039,BK012,Motorcycle,Classic 500,8,46,27,27,9,4819500,2026-07-01
INV01400,DLR035,BK015,Spare Part,Clutch Cable Wire,159,211,222,148,23,30784,2026-01-08
INV01401,DLR115,BK003,Motorcycle,Hunter 350,33,41,5,69,7,8791635,2025-11-15
INV01402,DLR065,BK014,Accessory,Cast Alloy Wheels Set,64,60,51,73,11,843150,2025-08-20
INV01403,DLR181,BK005,Spare Part,Oil Filter Element,51,266,290,27,41,6129,2025-08-12
INV01404,DLR084,BK014,Spare Part,Brake Pads Front/Rear,114,228,263,79,50,61620,2025-11-24
INV01405,DLR159,BK014,Spare Part,Brake Pads Front/Rear,73,125,61,137,50,106860,2025-10-07
INV01406,DLR167,BK013,Motorcycle,Bullet 500,11,25,26,10,7,1598000,2025-09-25
INV01407,DLR030,BK011,Accessory,Aluminum Top Box 40L,51,84,66,69,25,700350,2025-08-03
INV01408,DLR176,BK004,Motorcycle,Meteor 350,9,11,15,5,6,875075,2026-05-20
INV01409,DLR053,BK010,Spare Part,Oil Filter Element,33,110,38,105,44,23835,2026-02-24
INV01410,DLR107,BK008,Accessory,RE Horizon Full Face Helmet,74,55,49,80,15,235200,2025-08-31
INV01411,DLR131,BK012,Accessory,Compact Engine Guard,78,44,88,34,11,66606,2025-06-23
INV01412,DLR077,BK010,Accessory,Trapezium Engine Guard,64,73,60,77,24,183260,2026-06-23
INV01413,DLR112,BK003,Accessory,Trapezium Engine Guard,35,110,121,24,19,57120,2026-04-09
INV01414,DLR154,BK002,Spare Part,Brake Pads Front/Rear,95,252,277,70,23,54600,2025-12-30
INV01415,DLR077,BK014,Spare Part,Clutch Cable Wire,95,262,189,168,40,34944,2026-02-13
INV01416,DLR068,BK012,Accessory,Waterproof Duffel Bag,59,79,69,69,13,202860,2025-10-04
INV01417,DLR177,BK014,Spare Part,Battery 12V 14Ah,58,138,75,121,28,220220,2025-08-25
INV01418,DLR120,BK009,Accessory,Rider Touring Seat,37,86,118,5,24,13125,2026-06-30
INV01419,DLR056,BK003,Spare Part,Oil Filter Element,149,246,218,177,33,40179,2025-11-12
INV01420,DLR066,BK013,Accessory,Machined Oil Filler Cap,52,36,73,15,19,8925,2026-06-29
INV01421,DLR153,BK013,Spare Part,Chain Sprocket Drive Kit,108,137,185,60,28,124800,2026-04-28
INV01422,DLR016,BK004,Spare Part,Brake Pads Front/Rear,37,89,107,19,23,14820,2025-11-01
INV01423,DLR060,BK007,Accessory,RE Camo Riding Gloves,52,65,35,82,15,137760,2025-09-19
INV01424,DLR035,BK004,Accessory,Aluminum Top Box 40L,46,47,54,39,22,395850,2025-12-31
INV01425,DLR132,BK013,Motorcycle,Bullet 500,9,43,41,11,11,1757800,2025-12-04
INV01426,DLR198,BK008,Accessory,Black Commuter Pannier,34,105,10,129,17,406350,2026-05-25
INV01427,DLR158,BK009,Motorcycle,Interceptor 650,11,24,28,7,12,1802850,2026-04-24
INV01428,DLR102,BK002,Spare Part,Engine Oil 15W50 Semi-Synth,123,222,258,87,35,53679,2025-06-05
INV01429,DLR026,BK015,Accessory,Silver Sump Guard,29,30,32,27,13,58590,2026-04-22
INV01430,DLR098,BK014,Motorcycle,Thunderbird 350X,7,32,18,21,9,2909550,2025-08-22
INV01431,DLR141,BK002,Motorcycle,Classic 350,22,39,59,2,11,328236,2025-11-20
INV01432,DLR010,BK010,Spare Part,Chain Sprocket Drive Kit,81,279,332,28,34,58240,2026-04-23
INV01433,DLR094,BK001,Accessory,Tripper Navigation Module,32,35,61,6,21,21834,2025-07-03
INV01434,DLR010,BK011,Spare Part,Engine Oil 15W50 Semi-Synth,45,57,58,44,29,27148,2025-09-22
INV01435,DLR004,BK001,Motorcycle,Bullet 350,20,24,11,33,5,4866675,2026-05-13
INV01436,DLR097,BK006,Accessory,Black Commuter Pannier,33,77,92,18,23,56700,2026-04-18
INV01437,DLR049,BK009,Motorcycle,Interceptor 650,25,43,25,43,11,11074650,2025-09-10
INV01438,DLR043,BK014,Accessory,Tripper Navigation Module,68,114,67,115,13,418485,2025-07-15
INV01439,DLR080,BK004,Motorcycle,Meteor 350,6,39,24,21,8,3675315,2026-04-02
INV01440,DLR129,BK014,Spare Part,Battery 12V 14Ah,50,120,52,118,28,214760,2025-09-04
INV01441,DLR111,BK012,Spare Part,Oil Filter Element,181,106,32,255,45,57885,2025-12-10
INV01442,DLR172,BK013,Motorcycle,Bullet 500,17,17,12,22,8,3515600,2026-02-15
INV01443,DLR188,BK004,Spare Part,Engine Oil 15W50 Semi-Synth,135,177,178,134,42,82678,2026-06-06
INV01444,DLR035,BK012,Accessory,Cast Alloy Wheels Set,55,59,16,98,21,1131900,2026-02-28
INV01445,DLR073,BK011,Accessory,Low Ride Seat,52,82,122,12,20,26880,2025-08-08
INV01446,DLR131,BK010,Accessory,Touring Passenger Seat,54,62,87,29,24,59885,2026-03-16
INV01447,DLR143,BK010,Accessory,Touring Passenger Seat,51,63,54,60,19,123900,2025-06-14
INV01448,DLR187,BK011,Spare Part,Oil Filter Element,61,55,26,90,23,20430,2025-11-01
INV01449,DLR163,BK010,Accessory,Black Sump Guard,29,117,131,15,24,34650,2026-02-25
INV01450,DLR083,BK013,Motorcycle,Bullet 500,11,46,50,7,5,1118600,2026-06-05
INV01451,DLR089,BK008,Accessory,Bar End Mirrors Pair,63,69,26,106,23,341320,2026-04-01
INV01452,DLR046,BK014,Spare Part,Air Filter Element,175,136,148,163,49,47596,2026-06-10
INV01453,DLR003,BK001,Accessory,Machined Oil Filler Cap,31,103,54,80,21,47600,2025-09-09
INV01454,DLR153,BK006,Spare Part,Oil Filter Element,193,144,229,108,42,24516,2025-09-14
INV01455,DLR117,BK014,Spare Part,Air Filter Element,57,94,129,22,31,6424,2025-08-20
INV01456,DLR080,BK006,Accessory,LED Fog Light Kit,19,35,24,30,13,100800,2026-06-13
INV01457,DLR030,BK002,Accessory,Black Sump Guard,77,50,95,32,16,73920,2025-12-04
INV01458,DLR143,BK004,Accessory,Black Commuter Pannier,37,35,31,41,12,129150,2025-11-21
INV01459,DLR110,BK010,Accessory,Low Ride Seat,78,90,131,37,12,82880,2026-01-21
INV01460,DLR018,BK004,Accessory,Royal Enfield Urban Riding Jacket,42,64,99,7,12,41650,2025-06-29
INV01461,DLR090,BK013,Spare Part,Oil Filter Element,114,160,65,209,43,47443,2026-02-03
INV01462,DLR055,BK010,Accessory,Rear Passenger Backrest,40,106,61,85,13,110075,2026-01-07
INV01463,DLR022,BK013,Motorcycle,Bullet 500,25,48,21,52,11,8309600,2026-05-05
INV01464,DLR137,BK011,Accessory,LED Fog Light Kit,52,39,70,21,25,70560,2025-11-17
INV01465,DLR027,BK006,Motorcycle,Guerrilla 450,26,38,53,11,7,2234650,2025-06-25
INV01466,DLR178,BK010,Accessory,RE Horizon Full Face Helmet,60,24,59,25,22,73500,2026-04-12
INV01467,DLR152,BK002,Accessory,Machined Oil Filler Cap,31,113,90,54,22,32130,2026-02-21
INV01468,DLR085,BK010,Spare Part,Spark Plug Twin Spark,50,157,98,109,46,19838,2026-03-20
INV01469,DLR061,BK004,Motorcycle,Meteor 350,33,15,8,40,10,7000600,2025-12-13
INV01470,DLR194,BK011,Accessory,Aluminum Top Box 40L,54,23,20,57,22,578550,2026-06-19
INV01471,DLR033,BK002,Accessory,Tank Bag 15L,16,111,41,86,23,192640,2025-10-06
INV01472,DLR044,BK004,Accessory,RE Horizon Full Face Helmet,30,90,51,69,15,202860,2025-08-14
INV01473,DLR153,BK011,Motorcycle,Shotgun 650,31,32,28,35,6,10692150,2025-09-11
INV01474,DLR178,BK015,Motorcycle,Continental GT 535,19,25,42,2,12,353600,2025-07-11
INV01475,DLR166,BK011,Motorcycle,Shotgun 650,14,30,20,24,9,7331760,2025-09-10
INV01476,DLR008,BK001,Accessory,Black Commuter Pannier,58,106,125,39,25,122850,2026-01-27
INV01477,DLR075,BK002,Accessory,Black Commuter Pannier,68,115,98,85,13,267750,2026-02-12
INV01478,DLR054,BK002,Accessory,Rider Touring Seat,37,66,38,65,17,170625,2026-05-28
INV01479,DLR111,BK004,Motorcycle,Meteor 350,19,32,32,19,11,3325285,2025-12-24
INV01480,DLR015,BK008,Spare Part,Oil Filter Element,116,55,141,30,43,6810,2025-12-13
INV01481,DLR110,BK007,Motorcycle,Scram 411,17,46,44,19,10,3333246,2025-06-10
INV01482,DLR132,BK015,Accessory,Master Cylinder Guard,69,30,16,83,23,69720,2026-02-18
INV01483,DLR158,BK007,Accessory,RE Horizon Full Face Helmet,41,37,59,19,18,55860,2026-02-10
INV01484,DLR070,BK014,Motorcycle,Thunderbird 350X,27,26,7,46,7,6373300,2026-05-11
INV01485,DLR070,BK001,Accessory,Rear Passenger Backrest,40,92,65,67,19,86765,2026-02-19
INV01486,DLR054,BK006,Accessory,RE Camo Riding Gloves,64,26,10,80,10,134400,2025-07-05
INV01487,DLR142,BK011,Accessory,Compact Engine Guard,80,82,37,125,22,244875,2026-04-20
INV01488,DLR056,BK009,Spare Part,Engine Oil 15W50 Semi-Synth,181,105,206,80,41,49360,2026-03-25
INV01489,DLR162,BK011,Motorcycle,Shotgun 650,7,46,9,44,8,13441560,2026-03-14
INV01490,DLR028,BK010,Accessory,Cast Alloy Wheels Set,31,32,36,27,20,311850,2025-06-02
INV01491,DLR025,BK014,Accessory,Silver Sump Guard,74,114,102,86,24,186620,2026-01-02
INV01492,DLR191,BK001,Motorcycle,Bullet 350,6,43,30,19,12,2802025,2026-05-17
INV01493,DLR082,BK012,Motorcycle,Classic 500,18,18,22,14,6,2499000,2025-11-18
INV01494,DLR033,BK011,Accessory,Low Ride Seat,36,85,23,98,22,219520,2026-01-10
INV01495,DLR087,BK013,Accessory,LED Fog Light Kit,77,45,19,103,16,346080,2025-07-13
INV01496,DLR158,BK013,Spare Part,Spark Plug Twin Spark,175,112,54,233,27,42406,2025-11-14
INV01497,DLR036,BK012,Spare Part,Battery 12V 14Ah,139,254,118,275,45,500500,2025-11-24
INV01498,DLR088,BK010,Motorcycle,Super Meteor 650,20,37,45,12,10,3711780,2025-07-03
INV01499,DLR024,BK014,Accessory,Master Cylinder Guard,56,75,106,25,23,21000,2026-04-17
INV01500,DLR199,BK006,Motorcycle,Guerrilla 450,11,48,10,49,12,9954350,2025-08-26
INV01501,DLR121,BK002,Spare Part,Spark Plug Twin Spark,166,227,124,269,33,48958,2025-08-28
INV01502,DLR137,BK002,Spare Part,Air Filter Element,103,81,84,100,45,29200,2025-11-18
INV01503,DLR007,BK004,Motorcycle,Meteor 350,17,10,25,2,12,350030,2025-11-07
INV01504,DLR152,BK007,Spare Part,Battery 12V 14Ah,113,164,102,175,40,318500,2026-06-17
INV01505,DLR076,BK007,Accessory,Black Commuter Pannier,47,88,28,107,13,337050,2026-02-19
INV01506,DLR126,BK004,Accessory,Bar End Mirrors Pair,37,33,58,12,14,38640,2025-11-16
INV01507,DLR084,BK009,Accessory,LED Fog Light Kit,75,55,115,15,11,50400,2026-07-04
INV01508,DLR090,BK001,Motorcycle,Bullet 350,7,31,7,31,8,4571725,2025-11-06
INV01509,DLR196,BK011,Accessory,Trapezium Engine Guard,68,61,98,31,23,73780,2026-04-14
INV01510,DLR145,BK015,Accessory,RE Horizon Full Face Helmet,43,89,72,60,18,176400,2025-10-29
INV01511,DLR123,BK015,Accessory,Low Ride Seat,54,31,31,54,20,120960,2026-06-17
INV01512,DLR062,BK011,Spare Part,Air Filter Element,97,271,69,299,20,87308,2026-01-04
INV01513,DLR095,BK013,Accessory,Master Cylinder Guard,72,73,107,38,21,31920,2026-01-02
INV01514,DLR196,BK003,Spare Part,Brake Pads Front/Rear,137,259,280,116,40,90480,2025-06-26
INV01515,DLR061,BK015,Accessory,Rider Touring Seat,63,76,119,20,25,52500,2026-01-19
INV01516,DLR066,BK005,Spare Part,Brake Pads Front/Rear,173,114,76,211,38,164580,2026-01-27
INV01517,DLR032,BK012,Spare Part,Engine Oil 15W50 Semi-Synth,163,97,205,55,21,33935,2025-06-07
INV01518,DLR056,BK011,Spare Part,Spark Plug Twin Spark,39,209,213,35,27,6370,2025-11-19
INV01519,DLR189,BK013,Accessory,LED Fog Light Kit,29,82,35,76,14,255360,2025-06-28
INV01520,DLR055,BK002,Accessory,Waterproof Duffel Bag,65,70,46,89,23,261660,2026-05-26
INV01521,DLR093,BK002,Spare Part,Spark Plug Twin Spark,151,180,285,46,35,8372,2026-06-02
INV01522,DLR165,BK010,Accessory,Bar End Mirrors Pair,80,58,54,84,25,270480,2026-04-14
INV01523,DLR188,BK015,Accessory,Streetwind V3 Mesh Jacket,76,30,22,84,19,364560,2026-04-03
INV01524,DLR023,BK008,Spare Part,Spark Plug Twin Spark,136,67,190,13,47,2366,2026-04-10
INV01525,DLR014,BK015,Accessory,Streetwind V3 Mesh Jacket,37,48,55,30,13,130200,2025-06-11
INV01526,DLR138,BK014,Accessory,RE Horizon Full Face Helmet,41,37,73,5,22,14700,2025-12-18
INV01527,DLR134,BK014,Accessory,Royal Enfield Urban Riding Jacket,53,38,12,79,10,470050,2025-09-26
INV01528,DLR048,BK007,Spare Part,Clutch Cable Wire,45,214,83,176,21,36608,2025-11-10
INV01529,DLR036,BK005,Motorcycle,Himalayan 450,13,20,4,29,12,7025250,2025-12-26
INV01530,DLR096,BK014,Motorcycle,Thunderbird 350X,30,24,16,38,10,5264900,2025-08-31
INV01531,DLR145,BK005,Accessory,LED Fog Light Kit,70,26,41,55,23,184800,2026-05-19
INV01532,DLR019,BK001,Accessory,Machined Oil Filler Cap,36,116,132,20,11,11900,2025-11-02
INV01533,DLR198,BK006,Motorcycle,Guerrilla 450,35,37,59,13,11,2640950,2025-07-06
INV01534,DLR037,BK012,Spare Part,Battery 12V 14Ah,135,175,217,93,24,169260,2025-07-29
INV01535,DLR163,BK014,Motorcycle,Thunderbird 350X,14,50,23,41,11,5680550,2026-06-20
INV01536,DLR018,BK005,Accessory,Black Sump Guard,59,114,60,113,16,261030,2026-05-17
INV01537,DLR078,BK009,Spare Part,Clutch Cable Wire,92,300,58,334,25,69472,2025-06-26
INV01538,DLR009,BK009,Spare Part,Brake Pads Front/Rear,109,62,32,139,47,108420,2025-08-29
INV01539,DLR072,BK002,Spare Part,Battery 12V 14Ah,38,105,76,67,42,121940,2025-10-07
INV01540,DLR047,BK015,Motorcycle,Continental GT 535,20,25,16,29,6,5127200,2025-09-13
INV01541,DLR077,BK014,Accessory,Black Commuter Pannier,23,57,66,14,13,44100,2026-02-18
INV01542,DLR147,BK015,Accessory,Tank Bag 15L,35,29,58,6,25,13440,2026-01-27
INV01543,DLR156,BK014,Spare Part,Spark Plug Twin Spark,66,296,337,25,25,4550,2025-07-21
INV01544,DLR009,BK014,Motorcycle,Thunderbird 350X,9,41,20,30,7,4156500,2025-07-12
INV01545,DLR182,BK006,Spare Part,Battery 12V 14Ah,116,55,150,21,41,38220,2026-03-18
INV01546,DLR108,BK004,Motorcycle,Meteor 350,9,27,6,30,9,5250450,2026-03-28
INV01547,DLR100,BK014,Motorcycle,Thunderbird 350X,33,36,43,26,6,3602300,2026-04-09
INV01548,DLR102,BK007,Motorcycle,Scram 411,7,27,14,20,12,3508680,2025-06-27
INV01549,DLR109,BK006,Spare Part,Chain Sprocket Drive Kit,159,161,108,212,46,440960,2026-06-30
INV01550,DLR055,BK008,Accessory,Streetwind V3 Mesh Jacket,72,79,34,117,24,507780,2025-08-02
INV01551,DLR046,BK002,Accessory,Touring Screen / Flyscreen,39,108,32,115,25,221260,2025-12-12
INV01552,DLR185,BK012,Accessory,Royal Enfield Urban Riding Jacket,77,101,12,166,10,987700,2025-08-05
INV01553,DLR044,BK011,Accessory,Waterproof Duffel Bag,35,114,80,69,19,202860,2025-11-20
INV01554,DLR047,BK008,Accessory,Black Commuter Pannier,40,20,54,6,10,18900,2025-09-21
INV01555,DLR156,BK009,Accessory,Machined Oil Filler Cap,20,73,46,47,23,27965,2025-11-22
INV01556,DLR145,BK005,Accessory,Silver Sump Guard,68,89,87,70,25,151900,2026-05-23
INV01557,DLR070,BK010,Accessory,Streetwind V3 Mesh Jacket,37,20,23,34,14,147560,2025-08-25
INV01558,DLR097,BK009,Spare Part,Chain Sprocket Drive Kit,158,170,38,290,40,603200,2026-05-17
INV01559,DLR053,BK008,Accessory,RE Horizon Full Face Helmet,77,88,104,61,19,179340,2025-11-15
INV01560,DLR124,BK012,Accessory,Tank Bag 15L,56,47,10,93,14,208320,2025-10-12
INV01561,DLR192,BK007,Motorcycle,Scram 411,5,42,10,37,8,6491058,2025-08-06
INV01562,DLR039,BK003,Accessory,Tripper Navigation Module,62,22,43,41,12,149199,2025-08-10
INV01563,DLR042,BK007,Accessory,RE Camo Riding Gloves,45,108,105,48,10,80640,2026-03-20
INV01564,DLR072,BK014,Spare Part,Clutch Cable Wire,195,214,252,157,27,32656,2025-07-21
INV01565,DLR074,BK013,Accessory,Royal Enfield Urban Riding Jacket,69,74,55,88,14,523600,2026-05-03
INV01566,DLR065,BK008,Accessory,Compact Engine Guard,40,91,29,102,11,199818,2026-02-02
INV01567,DLR018,BK001,Motorcycle,Bullet 350,13,30,36,7,11,1032325,2025-10-18
INV01568,DLR029,BK011,Accessory,Touring Screen / Flyscreen,45,96,87,54,22,103896,2026-04-10
INV01569,DLR123,BK010,Motorcycle,Super Meteor 650,32,50,31,51,8,15775065,2025-10-04
INV01570,DLR130,BK004,Accessory,USB Charging Port,72,74,141,5,16,4025,2026-03-10
INV01571,DLR185,BK013,Accessory,Touring Screen / Flyscreen,34,64,75,23,13,44252,2026-01-16
INV01572,DLR054,BK009,Spare Part,Chain Sprocket Drive Kit,167,76,121,122,31,253760,2025-09-01
INV01573,DLR191,BK003,Motorcycle,Hunter 350,6,41,43,4,8,509660,2026-02-01
INV01574,DLR140,BK008,Motorcycle,Continental GT 650,25,33,11,47,6,12744050,2026-03-24
INV01575,DLR155,BK009,Motorcycle,Interceptor 650,35,43,35,43,11,11074650,2025-06-16
INV01576,DLR171,BK004,Spare Part,Spark Plug Twin Spark,75,202,257,20,46,3640,2026-07-05
INV01577,DLR158,BK012,Accessory,Bar End Mirrors Pair,65,79,49,95,14,305900,2025-12-27
INV01578,DLR170,BK011,Accessory,Bar End Mirrors Pair,26,27,38,15,22,48300,2026-01-12
INV01579,DLR117,BK012,Spare Part,Chain Sprocket Drive Kit,143,221,142,222,42,461760,2026-04-05
INV01580,DLR124,BK002,Accessory,Silver Sump Guard,20,65,66,19,18,41230,2026-01-07
INV01581,DLR129,BK013,Accessory,Touring Screen / Flyscreen,44,47,14,77,21,148148,2025-09-19
INV01582,DLR178,BK008,Motorcycle,Continental GT 650,26,37,13,50,9,13557500,2025-08-11
INV01583,DLR100,BK002,Motorcycle,Classic 350,12,25,12,25,9,4102950,2026-03-12
INV01584,DLR178,BK008,Accessory,Tank Bag 15L,59,33,77,15,18,33600,2026-07-05
INV01585,DLR156,BK002,Accessory,Waterproof Duffel Bag,65,30,37,58,14,170520,2026-03-25
INV01586,DLR078,BK001,Accessory,Pannier Rails Pair,75,43,43,75,24,199500,2025-12-24
INV01587,DLR053,BK010,Accessory,LED Fog Light Kit,33,70,94,9,20,30240,2025-06-18
INV01588,DLR003,BK008,Motorcycle,Continental GT 650,34,29,56,7,8,1898050,2026-02-16
INV01589,DLR166,BK012,Accessory,USB Charging Port,16,23,28,11,23,8855,2026-01-09
INV01590,DLR176,BK015,Accessory,Touring Passenger Seat,49,102,90,61,10,125965,2025-11-15
INV01591,DLR017,BK014,Motorcycle,Thunderbird 350X,5,29,19,15,12,2078250,2026-06-18
INV01592,DLR058,BK006,Accessory,LED Fog Light Kit,62,54,38,78,19,262080,2025-11-12
INV01593,DLR061,BK007,Spare Part,Chain Sprocket Drive Kit,55,233,40,248,35,515840,2026-02-11
INV01594,DLR185,BK015,Accessory,Machined Oil Filler Cap,71,78,46,103,14,61285,2025-08-22
INV01595,DLR037,BK012,Accessory,Tank Bag 15L,25,116,136,5,20,11200,2025-10-02
INV01596,DLR061,BK001,Motorcycle,Bullet 350,20,10,7,23,12,3391925,2026-07-02
INV01597,DLR094,BK012,Motorcycle,Classic 500,32,40,56,16,12,2856000,2026-06-27
INV01598,DLR178,BK007,Accessory,Low Ride Seat,19,60,23,56,18,125440,2025-12-01
INV01599,DLR062,BK014,Accessory,Machined Oil Filler Cap,16,34,37,13,12,7735,2025-08-19
INV01600,DLR195,BK015,Motorcycle,Continental GT 535,15,10,4,21,5,3712800,2025-12-24
INV01601,DLR157,BK014,Spare Part,Engine Oil 15W50 Semi-Synth,119,143,160,102,48,62934,2025-11-25
INV01602,DLR146,BK004,Spare Part,Oil Filter Element,66,271,157,180,28,40860,2025-11-11
INV01603,DLR092,BK007,Accessory,Rider Touring Seat,38,36,16,58,19,152250,2026-06-16
INV01604,DLR138,BK010,Accessory,RE Camo Riding Gloves,25,44,49,20,21,33600,2026-05-02
INV01605,DLR022,BK015,Accessory,Touring Screen / Flyscreen,40,46,16,70,17,134680,2026-03-10
INV01606,DLR021,BK006,Accessory,Aluminum Top Box 40L,20,81,11,90,21,913500,2026-06-13
INV01607,DLR169,BK011,Spare Part,Clutch Cable Wire,46,53,80,19,46,3952,2025-09-15
INV01608,DLR106,BK015,Motorcycle,Continental GT 535,30,14,11,33,12,5834400,2025-10-28
INV01609,DLR011,BK012,Spare Part,Engine Oil 15W50 Semi-Synth,46,166,73,139,20,85763,2026-05-18
INV01610,DLR097,BK010,Spare Part,Air Filter Element,165,87,42,210,28,61320,2025-11-08
INV01611,DLR034,BK009,Accessory,USB Charging Port,65,37,74,28,17,22540,2025-06-04
INV01612,DLR200,BK011,Motorcycle,Shotgun 650,14,13,14,13,7,3971370,2025-07-09
INV01613,DLR129,BK006,Motorcycle,Guerrilla 450,17,13,20,10,8,2031500,2026-06-16
INV01614,DLR028,BK010,Motorcycle,Super Meteor 650,25,36,6,55,9,17012325,2026-05-26
INV01615,DLR187,BK009,Accessory,USB Charging Port,68,61,43,86,12,69230,2026-03-08
INV01616,DLR070,BK005,Spare Part,Air Filter Element,169,291,449,11,33,3212,2025-11-28
INV01617,DLR079,BK008,Motorcycle,Continental GT 650,29,21,34,16,5,4338400,2026-05-18
INV01618,DLR096,BK005,Accessory,Black Commuter Pannier,75,24,53,46,22,144900,2025-12-12
INV01619,DLR040,BK004,Motorcycle,Meteor 350,30,13,26,17,11,2975255,2025-06-04
INV01620,DLR150,BK011,Spare Part,Spark Plug Twin Spark,190,150,80,260,31,47320,2025-06-06
INV01621,DLR025,BK003,Spare Part,Air Filter Element,115,63,131,47,32,13724,2026-04-18
INV01622,DLR096,BK014,Accessory,Trapezium Engine Guard,61,23,54,30,10,71400,2026-02-17
INV01623,DLR093,BK011,Accessory,Tripper Navigation Module,69,62,72,59,16,214701,2026-01-30
INV01624,DLR147,BK012,Spare Part,Engine Oil 15W50 Semi-Synth,184,128,274,38,28,23446,2025-09-24
INV01625,DLR119,BK003,Spare Part,Brake Pads Front/Rear,78,133,64,147,22,114660,2026-05-22
INV01626,DLR197,BK013,Accessory,Tank Bag 15L,17,95,25,87,10,194880,2025-08-10
INV01627,DLR117,BK007,Spare Part,Spark Plug Twin Spark,157,68,103,122,25,22204,2025-10-07
INV01628,DLR173,BK011,Motorcycle,Shotgun 650,7,16,5,18,5,5498820,2025-08-06
INV01629,DLR112,BK011,Accessory,Royal Enfield Urban Riding Jacket,32,50,72,10,24,59500,2025-09-07
INV01630,DLR162,BK015,Accessory,Low Ride Seat,46,20,49,17,17,38080,2025-07-21
INV01631,DLR068,BK006,Spare Part,Air Filter Element,155,186,31,310,26,90520,2025-11-06
INV01632,DLR099,BK004,Spare Part,Oil Filter Element,161,163,160,164,40,37228,2025-08-18
INV01633,DLR094,BK007,Accessory,Bar End Mirrors Pair,65,72,107,30,11,96600,2026-06-18
INV01634,DLR169,BK006,Spare Part,Brake Pads Front/Rear,38,62,71,29,49,22620,2026-03-12
INV01635,DLR148,BK011,Accessory,Streetwind V3 Mesh Jacket,42,89,24,107,20,464380,2026-01-27
INV01636,DLR096,BK014,Spare Part,Engine Oil 15W50 Semi-Synth,110,119,81,148,41,91316,2026-03-06
INV01637,DLR177,BK012,Spare Part,Clutch Cable Wire,146,188,79,255,37,53040,2026-04-22
INV01638,DLR013,BK008,Accessory,Streetwind V3 Mesh Jacket,50,99,37,112,19,486080,2026-02-27
INV01639,DLR134,BK014,Spare Part,Clutch Cable Wire,192,251,83,360,50,74880,2025-10-30
INV01640,DLR070,BK007,Accessory,Cast Alloy Wheels Set,58,52,24,86,24,993300,2025-07-18
INV01641,DLR010,BK001,Spare Part,Chain Sprocket Drive Kit,123,156,240,39,24,81120,2025-12-20
INV01642,DLR101,BK007,Accessory,Pannier Rails Pair,52,120,90,82,20,218120,2025-09-29
INV01643,DLR199,BK014,Accessory,Tank Bag 15L,43,83,112,14,25,31360,2026-01-04
INV01644,DLR111,BK006,Accessory,Pannier Rails Pair,20,41,52,9,17,23940,2025-10-20
INV01645,DLR073,BK015,Spare Part,Oil Filter Element,89,278,312,55,23,12485,2026-01-06
INV01646,DLR047,BK003,Accessory,Rear Passenger Backrest,80,59,88,51,13,66045,2026-02-25
INV01647,DLR166,BK007,Motorcycle,Scram 411,17,20,17,20,11,3508680,2025-09-20
INV01648,DLR183,BK006,Accessory,Trapezium Engine Guard,62,116,62,116,16,276080,2025-07-15
INV01649,DLR169,BK006,Motorcycle,Guerrilla 450,11,14,9,16,10,3250400,2026-01-07
INV01650,DLR030,BK014,Motorcycle,Thunderbird 350X,19,10,8,21,12,2909550,2026-02-15
INV01651,DLR075,BK008,Motorcycle,Continental GT 650,14,39,39,14,8,3796100,2026-01-15
INV01652,DLR044,BK012,Motorcycle,Classic 500,29,49,17,61,12,10888500,2026-06-26
INV01653,DLR098,BK002,Accessory,Waterproof Duffel Bag,35,41,32,44,20,129360,2026-05-08
INV01654,DLR134,BK015,Spare Part,Air Filter Element,60,105,105,60,42,17520,2026-05-15
INV01655,DLR175,BK008,Accessory,USB Charging Port,72,59,67,64,18,51520,2025-06-15
INV01656,DLR116,BK004,Accessory,Master Cylinder Guard,68,33,72,29,21,24360,2025-12-26
INV01657,DLR088,BK008,Accessory,Touring Screen / Flyscreen,22,69,25,66,17,126984,2026-06-15
INV01658,DLR075,BK005,Motorcycle,Himalayan 450,8,15,19,4,5,969000,2026-04-02
INV01659,DLR081,BK005,Accessory,Silver Sump Guard,31,57,23,65,21,141050,2025-08-06
INV01660,DLR132,BK007,Motorcycle,Scram 411,22,26,3,45,6,7894530,2026-01-05
INV01661,DLR198,BK002,Accessory,Trapezium Engine Guard,63,52,87,28,13,66640,2025-11-03
INV01662,DLR079,BK006,Motorcycle,Guerrilla 450,12,41,47,6,10,1218900,2025-08-31
INV01663,DLR006,BK002,Spare Part,Chain Sprocket Drive Kit,186,74,95,165,33,343200,2026-05-11
INV01664,DLR028,BK007,Accessory,Black Commuter Pannier,24,64,70,18,17,56700,2025-09-05
INV01665,DLR122,BK007,Spare Part,Spark Plug Twin Spark,31,235,183,83,22,15106,2025-09-12
INV01666,DLR069,BK002,Accessory,USB Charging Port,23,21,29,15,10,12075,2026-02-05
INV01667,DLR029,BK010,Accessory,Machined Oil Filler Cap,28,104,48,84,21,49980,2025-07-23
INV01668,DLR080,BK010,Accessory,Rear Passenger Backrest,60,61,78,43,16,55685,2026-03-05
INV01669,DLR125,BK014,Motorcycle,Thunderbird 350X,22,12,30,4,12,554200,2025-08-29
INV01670,DLR153,BK007,Accessory,Silver Sump Guard,21,88,42,67,17,145390,2026-02-22
INV01671,DLR133,BK015,Motorcycle,Continental GT 535,31,44,42,33,7,5834400,2026-01-26
INV01672,DLR183,BK003,Spare Part,Brake Pads Front/Rear,182,204,41,345,34,269100,2025-06-09
INV01673,DLR080,BK012,Spare Part,Spark Plug Twin Spark,94,137,25,206,27,37492,2025-06-12
INV01674,DLR170,BK001,Accessory,Compact Engine Guard,48,65,101,12,13,23508,2026-05-12
INV01675,DLR157,BK010,Motorcycle,Super Meteor 650,7,42,33,16,8,4949040,2025-09-17
INV01676,DLR014,BK001,Motorcycle,Bullet 350,25,34,18,41,7,6046475,2026-01-20
INV01677,DLR047,BK003,Motorcycle,Hunter 350,20,24,30,14,10,1783810,2025-07-01
INV01678,DLR068,BK014,Motorcycle,Thunderbird 350X,34,34,8,60,10,8313000,2026-03-27
INV01679,DLR013,BK005,Accessory,Pannier Rails Pair,41,61,28,74,15,196840,2026-01-01
INV01680,DLR194,BK014,Accessory,Pannier Rails Pair,48,95,62,81,11,215460,2026-06-25
INV01681,DLR089,BK014,Motorcycle,Thunderbird 350X,35,46,62,19,8,2632450,2026-06-29
INV01682,DLR079,BK014,Accessory,Rider Touring Seat,59,98,121,36,19,94500,2025-08-14
INV01683,DLR108,BK001,Accessory,Trapezium Engine Guard,18,98,81,35,24,83300,2025-08-20
INV01684,DLR120,BK005,Spare Part,Clutch Cable Wire,52,116,87,81,23,16848,2025-12-16
INV01685,DLR075,BK002,Spare Part,Engine Oil 15W50 Semi-Synth,81,161,118,124,33,76508,2025-11-06
INV01686,DLR184,BK001,Spare Part,Oil Filter Element,122,286,172,236,48,53572,2025-08-28
INV01687,DLR110,BK001,Motorcycle,Bullet 350,9,44,51,2,7,294950,2025-08-25
INV01688,DLR049,BK009,Motorcycle,Interceptor 650,16,39,41,14,8,3605700,2026-03-03
INV01689,DLR166,BK010,Accessory,Touring Screen / Flyscreen,53,67,81,39,15,75036,2025-08-19
INV01690,DLR084,BK002,Accessory,Rear Passenger Backrest,77,61,32,106,18,137270,2026-04-15
INV01691,DLR114,BK008,Accessory,Pannier Rails Pair,55,33,30,58,20,154280,2026-01-10
INV01692,DLR052,BK009,Motorcycle,Interceptor 650,20,36,30,26,10,6696300,2026-07-01
INV01693,DLR117,BK001,Motorcycle,Bullet 350,28,10,8,30,7,4424250,2025-08-05
INV01694,DLR161,BK002,Motorcycle,Classic 350,25,43,66,2,10,328236,2025-09-16
INV01695,DLR165,BK013,Accessory,Rear Passenger Backrest,37,29,29,37,19,47915,2026-06-13
INV01696,DLR131,BK004,Spare Part,Clutch Cable Wire,103,223,194,132,44,27456,2026-01-19
INV01697,DLR074,BK010,Accessory,Streetwind V3 Mesh Jacket,44,99,118,25,16,108500,2026-03-15
INV01698,DLR178,BK003,Accessory,Pannier Rails Pair,51,47,14,84,16,223440,2025-11-22
INV01699,DLR177,BK004,Spare Part,Clutch Cable Wire,74,296,57,313,31,65104,2025-07-03
INV01700,DLR126,BK004,Accessory,Black Commuter Pannier,63,73,131,5,10,15750,2026-01-08
INV01701,DLR137,BK012,Accessory,Touring Screen / Flyscreen,34,115,75,74,25,142376,2025-07-23
INV01702,DLR092,BK008,Spare Part,Chain Sprocket Drive Kit,56,54,94,16,21,33280,2026-05-07
INV01703,DLR020,BK001,Spare Part,Brake Pads Front/Rear,71,95,51,115,42,89700,2025-08-11
INV01704,DLR054,BK010,Accessory,Pannier Rails Pair,28,42,16,54,23,143640,2026-04-02
INV01705,DLR132,BK004,Motorcycle,Meteor 350,9,45,25,29,9,5075435,2025-07-21
INV01706,DLR068,BK003,Spare Part,Chain Sprocket Drive Kit,89,210,93,206,33,428480,2026-06-16
INV01707,DLR192,BK003,Motorcycle,Hunter 350,13,30,15,28,12,3567620,2025-07-25
INV01708,DLR087,BK011,Motorcycle,Shotgun 650,15,17,29,3,11,916470,2026-02-06
INV01709,DLR140,BK014,Accessory,Bar End Mirrors Pair,79,24,20,83,13,267260,2026-04-24
INV01710,DLR091,BK013,Accessory,Rider Touring Seat,37,74,78,33,19,86625,2025-09-04
INV01711,DLR051,BK015,Motorcycle,Continental GT 535,26,35,15,46,10,8132800,2025-11-29
INV01712,DLR069,BK007,Accessory,Trapezium Engine Guard,41,44,59,26,16,61880,2025-07-15
INV01713,DLR009,BK015,Spare Part,Clutch Cable Wire,143,71,170,44,34,9152,2025-10-05
INV01714,DLR046,BK004,Accessory,Black Sump Guard,60,57,53,64,20,147840,2025-08-10
INV01715,DLR117,BK009,Accessory,Waterproof Duffel Bag,35,100,58,77,10,226380,2025-09-02
INV01716,DLR056,BK006,Accessory,Compact Engine Guard,44,21,49,16,23,31344,2026-02-16
INV01717,DLR156,BK002,Accessory,Pannier Rails Pair,16,81,81,16,23,42560,2026-02-09
INV01718,DLR146,BK007,Accessory,Cast Alloy Wheels Set,42,105,37,110,13,1270500,2026-04-18
INV01719,DLR146,BK005,Accessory,Royal Enfield Urban Riding Jacket,73,54,59,68,13,404600,2025-08-28
INV01720,DLR061,BK011,Motorcycle,Shotgun 650,27,10,5,32,7,9775680,2025-10-27
INV01721,DLR024,BK006,Accessory,LED Fog Light Kit,56,86,111,31,16,104160,2026-01-18
INV01722,DLR054,BK006,Motorcycle,Guerrilla 450,10,40,5,45,7,9141750,2026-02-14
INV01723,DLR199,BK014,Accessory,Tank Bag 15L,67,75,120,22,21,49280,2026-03-04
INV01724,DLR191,BK005,Motorcycle,Himalayan 450,7,34,13,28,6,6783000,2025-07-01
INV01725,DLR183,BK011,Accessory,Pannier Rails Pair,25,59,42,42,24,111720,2025-09-14
INV01726,DLR158,BK015,Accessory,Pannier Rails Pair,52,115,61,106,12,281960,2025-06-10
INV01727,DLR088,BK006,Accessory,Silver Sump Guard,20,46,53,13,11,28210,2026-05-05
INV01728,DLR198,BK003,Accessory,Touring Screen / Flyscreen,68,25,81,12,20,23088,2026-03-08
INV01729,DLR099,BK010,Accessory,Rider Touring Seat,57,86,86,57,16,149625,2025-10-09
INV01730,DLR042,BK004,Motorcycle,Meteor 350,23,27,24,26,7,4550390,2026-06-15
INV01731,DLR026,BK003,Accessory,Bar End Mirrors Pair,70,25,64,31,14,99820,2026-04-26
INV01732,DLR195,BK001,Spare Part,Engine Oil 15W50 Semi-Synth,171,61,199,33,28,20361,2025-06-25
INV01733,DLR168,BK010,Spare Part,Engine Oil 15W50 Semi-Synth,111,81,102,90,43,55530,2025-07-24
INV01734,DLR075,BK001,Accessory,Trapezium Engine Guard,59,21,20,60,17,142800,2026-05-12
INV01735,DLR069,BK008,Accessory,Streetwind V3 Mesh Jacket,35,96,98,33,22,143220,2025-09-21
INV01736,DLR107,BK005,Motorcycle,Himalayan 450,10,20,28,2,11,484500,2025-11-03
INV01737,DLR116,BK003,Accessory,Rear Passenger Backrest,43,109,55,97,19,125615,2025-11-22
INV01738,DLR055,BK010,Spare Part,Chain Sprocket Drive Kit,33,266,173,126,24,262080,2025-10-08
INV01739,DLR007,BK009,Spare Part,Battery 12V 14Ah,102,231,166,167,24,303940,2025-12-06
INV01740,DLR173,BK004,Spare Part,Chain Sprocket Drive Kit,165,216,197,184,44,382720,2026-04-17
INV01741,DLR048,BK008,Spare Part,Chain Sprocket Drive Kit,158,269,115,312,20,648960,2026-03-19
INV01742,DLR026,BK009,Accessory,Black Sump Guard,36,39,29,46,22,106260,2025-12-17
INV01743,DLR032,BK015,Motorcycle,Continental GT 535,10,44,5,49,12,8663200,2025-06-01
INV01744,DLR042,BK001,Accessory,Tripper Navigation Module,16,97,65,48,17,174672,2025-12-01
INV01745,DLR026,BK014,Spare Part,Clutch Cable Wire,189,69,44,214,35,44512,2025-11-22
INV01746,DLR167,BK004,Motorcycle,Meteor 350,19,13,7,25,10,4375375,2025-09-13
INV01747,DLR062,BK008,Accessory,Compact Engine Guard,64,26,49,41,17,80319,2026-01-26
INV01748,DLR196,BK008,Spare Part,Battery 12V 14Ah,76,246,213,109,26,198380,2026-01-26
INV01749,DLR023,BK008,Motorcycle,Continental GT 650,26,17,23,20,8,5423000,2025-10-01
INV01750,DLR059,BK001,Motorcycle,Bullet 350,34,21,24,31,11,4571725,2026-03-22
INV01751,DLR107,BK005,Accessory,Rear Passenger Backrest,23,44,25,42,12,54390,2025-07-22
INV01752,DLR092,BK002,Accessory,USB Charging Port,44,98,84,58,19,46690,2025-08-20
INV01753,DLR037,BK007,Accessory,Rider Touring Seat,26,67,48,45,16,118125,2025-06-10
INV01754,DLR152,BK015,Spare Part,Brake Pads Front/Rear,82,214,184,112,42,87360,2026-03-19
INV01755,DLR031,BK004,Motorcycle,Meteor 350,31,34,43,22,10,3850330,2025-09-09
INV01756,DLR182,BK007,Accessory,Silver Sump Guard,41,71,49,63,23,136710,2026-05-28
INV01757,DLR051,BK006,Motorcycle,Guerrilla 450,34,29,23,40,7,8126000,2025-09-03
INV01758,DLR132,BK013,Accessory,Rider Touring Seat,32,61,37,56,19,147000,2026-02-17
INV01759,DLR169,BK006,Accessory,Streetwind V3 Mesh Jacket,72,117,166,23,16,99820,2026-05-31
INV01760,DLR066,BK010,Spare Part,Clutch Cable Wire,142,166,186,122,37,25376,2025-10-01
INV01761,DLR165,BK004,Accessory,Black Sump Guard,78,20,59,39,19,90090,2025-06-04
INV01762,DLR111,BK005,Motorcycle,Himalayan 450,11,14,13,12,9,2907000,2025-06-21
INV01763,DLR040,BK005,Motorcycle,Himalayan 450,19,42,16,45,5,10901250,2026-01-18
INV01764,DLR086,BK001,Motorcycle,Bullet 350,11,19,18,12,5,1769700,2025-09-06
INV01765,DLR167,BK005,Accessory,Rear Passenger Backrest,28,22,32,18,14,23310,2025-12-12
INV01766,DLR155,BK011,Accessory,Waterproof Duffel Bag,53,41,69,25,14,73500,2026-06-09
INV01767,DLR019,BK003,Spare Part,Chain Sprocket Drive Kit,96,225,185,136,50,282880,2025-10-24
INV01768,DLR052,BK007,Accessory,USB Charging Port,76,98,120,54,25,43470,2026-05-04
INV01769,DLR079,BK007,Accessory,Touring Passenger Seat,64,96,141,19,23,39235,2026-05-30
INV01770,DLR050,BK001,Spare Part,Engine Oil 15W50 Semi-Synth,89,102,81,110,24,67870,2026-02-05
INV01771,DLR158,BK013,Accessory,RE Horizon Full Face Helmet,32,32,38,26,10,76440,2025-08-27
INV01772,DLR165,BK007,Accessory,LED Fog Light Kit,30,97,82,45,22,151200,2025-07-07
INV01773,DLR076,BK014,Accessory,Cast Alloy Wheels Set,27,89,55,61,13,704550,2025-11-05
INV01774,DLR189,BK008,Accessory,Black Sump Guard,68,114,20,162,16,374220,2026-03-06
INV01775,DLR073,BK010,Spare Part,Oil Filter Element,131,57,132,56,36,12712,2025-09-03
INV01776,DLR041,BK009,Accessory,Aluminum Top Box 40L,66,29,49,46,12,466900,2026-06-21
INV01777,DLR003,BK010,Spare Part,Chain Sprocket Drive Kit,47,222,119,150,39,312000,2025-08-26
INV01778,DLR159,BK015,Motorcycle,Continental GT 535,28,31,31,28,5,4950400,2026-03-08
INV01779,DLR130,BK006,Spare Part,Brake Pads Front/Rear,138,195,32,301,26,234780,2025-06-29
INV01780,DLR181,BK015,Spare Part,Spark Plug Twin Spark,153,238,61,330,22,60060,2025-09-03
INV01781,DLR013,BK003,Accessory,Compact Engine Guard,32,49,56,25,20,48975,2026-05-26
INV01782,DLR025,BK012,Accessory,Touring Screen / Flyscreen,34,24,39,19,14,36556,2025-08-15
INV01783,DLR051,BK001,Spare Part,Air Filter Element,125,238,308,55,24,16060,2025-09-22
INV01784,DLR058,BK010,Accessory,Royal Enfield Urban Riding Jacket,60,28,23,65,13,386750,2025-10-02
INV01785,DLR161,BK013,Spare Part,Battery 12V 14Ah,150,285,149,286,37,520520,2026-05-05
INV01786,DLR118,BK010,Motorcycle,Super Meteor 650,22,39,27,34,12,10516710,2026-03-01
INV01787,DLR041,BK004,Accessory,Machined Oil Filler Cap,52,43,26,69,22,41055,2026-06-24
INV01788,DLR105,BK006,Motorcycle,Guerrilla 450,13,26,35,4,11,812600,2025-11-21
INV01789,DLR118,BK005,Motorcycle,Himalayan 450,33,35,22,46,5,11143500,2025-12-13
INV01790,DLR136,BK002,Accessory,Royal Enfield Urban Riding Jacket,53,92,41,104,24,618800,2025-08-12
INV01791,DLR013,BK003,Spare Part,Engine Oil 15W50 Semi-Synth,46,103,26,123,44,75891,2025-06-03
INV01792,DLR133,BK005,Motorcycle,Himalayan 450,25,23,40,8,6,1938000,2025-10-27
INV01793,DLR022,BK010,Accessory,Black Sump Guard,24,109,91,42,24,97020,2026-03-30
INV01794,DLR106,BK004,Spare Part,Brake Pads Front/Rear,190,136,25,301,34,234780,2026-06-21
INV01795,DLR072,BK010,Spare Part,Brake Pads Front/Rear,102,122,86,138,47,107640,2025-08-27
INV01796,DLR113,BK002,Spare Part,Oil Filter Element,176,192,357,11,50,2497,2025-06-04
INV01797,DLR037,BK012,Accessory,Machined Oil Filler Cap,48,117,38,127,23,75565,2025-07-15
INV01798,DLR173,BK007,Accessory,Royal Enfield Urban Riding Jacket,67,42,44,65,11,386750,2026-02-22
INV01799,DLR190,BK009,Spare Part,Engine Oil 15W50 Semi-Synth,197,216,244,169,27,104273,2025-08-07
INV01800,DLR062,BK009,Motorcycle,Interceptor 650,20,10,26,4,10,1030200,2026-02-03
INV01801,DLR183,BK011,Motorcycle,Shotgun 650,6,25,18,13,11,3971370,2025-08-21
INV01802,DLR045,BK007,Spare Part,Clutch Cable Wire,183,118,87,214,42,44512,2025-11-15
INV01803,DLR033,BK006,Spare Part,Air Filter Element,164,139,67,236,45,68912,2026-01-07
INV01804,DLR060,BK006,Accessory,Silver Sump Guard,30,72,46,56,18,121520,2026-06-01
INV01805,DLR112,BK007,Spare Part,Spark Plug Twin Spark,152,77,73,156,25,28392,2026-05-17
INV01806,DLR159,BK001,Spare Part,Engine Oil 15W50 Semi-Synth,45,277,116,206,46,127102,2026-04-06
INV01807,DLR167,BK002,Spare Part,Clutch Cable Wire,60,264,75,249,37,51792,2025-12-06
INV01808,DLR135,BK002,Spare Part,Brake Pads Front/Rear,54,123,123,54,21,42120,2025-08-07
INV01809,DLR049,BK013,Accessory,Low Ride Seat,58,101,111,48,15,107520,2026-02-17
INV01810,DLR152,BK001,Motorcycle,Bullet 350,13,13,20,6,6,884850,2025-08-11
INV01811,DLR178,BK004,Accessory,Low Ride Seat,25,71,73,23,22,51520,2025-12-20
INV01812,DLR013,BK003,Accessory,Tank Bag 15L,38,79,77,40,18,89600,2026-01-26
INV01813,DLR132,BK013,Accessory,Tripper Navigation Module,26,89,19,96,16,349344,2026-02-28
INV01814,DLR059,BK005,Accessory,Tripper Navigation Module,20,64,21,63,10,229257,2026-04-28
INV01815,DLR196,BK012,Accessory,LED Fog Light Kit,44,20,50,14,10,47040,2025-09-03
INV01816,DLR133,BK003,Spare Part,Air Filter Element,59,230,45,244,42,71248,2025-10-31
INV01817,DLR131,BK003,Accessory,Silver Sump Guard,53,114,69,98,10,212660,2025-10-19
INV01818,DLR195,BK005,Accessory,Touring Screen / Flyscreen,74,88,85,77,14,148148,2025-11-15
INV01819,DLR145,BK007,Motorcycle,Scram 411,23,11,27,7,5,1228038,2025-07-17
INV01820,DLR152,BK008,Accessory,RE Horizon Full Face Helmet,43,51,45,49,21,144060,2025-06-04
INV01821,DLR016,BK005,Motorcycle,Himalayan 450,16,15,24,7,6,1695750,2025-09-10
INV01822,DLR162,BK001,Motorcycle,Bullet 350,19,34,27,26,6,3834350,2026-01-31
INV01823,DLR002,BK007,Accessory,Black Sump Guard,64,107,112,59,18,136290,2025-12-29
INV01824,DLR080,BK013,Accessory,Royal Enfield Urban Riding Jacket,32,102,13,121,25,719950,2025-08-04
INV01825,DLR136,BK005,Spare Part,Engine Oil 15W50 Semi-Synth,161,77,161,77,32,47509,2026-03-21
INV01826,DLR101,BK010,Motorcycle,Super Meteor 650,29,27,19,37,9,11444655,2025-06-29
INV01827,DLR084,BK006,Accessory,Black Commuter Pannier,78,116,128,66,15,207900,2025-07-13
INV01828,DLR057,BK013,Accessory,Rider Touring Seat,66,39,13,92,12,241500,2025-12-26
INV01829,DLR002,BK011,Spare Part,Spark Plug Twin Spark,58,172,213,17,42,3094,2025-08-20
INV01830,DLR050,BK002,Spare Part,Brake Pads Front/Rear,46,162,39,169,42,131820,2025-12-17
INV01831,DLR109,BK014,Accessory,Tank Bag 15L,46,76,27,95,13,212800,2026-05-24
INV01832,DLR140,BK013,Accessory,Bar End Mirrors Pair,42,64,75,31,18,99820,2026-06-08
INV01833,DLR185,BK015,Spare Part,Brake Pads Front/Rear,108,173,35,246,44,191880,2025-12-05
INV01834,DLR178,BK008,Motorcycle,Continental GT 650,33,20,29,24,10,6507600,2025-12-16
INV01835,DLR089,BK007,Spare Part,Spark Plug Twin Spark,55,224,134,145,30,26390,2025-12-20
INV01836,DLR100,BK007,Accessory,Aluminum Top Box 40L,73,118,38,153,12,1552950,2025-07-31
INV01837,DLR036,BK001,Spare Part,Brake Pads Front/Rear,56,183,201,38,41,29640,2025-06-10
INV01838,DLR178,BK006,Accessory,RE Camo Riding Gloves,39,117,104,52,23,87360,2026-02-07
INV01839,DLR162,BK010,Spare Part,Chain Sprocket Drive Kit,76,142,111,107,24,222560,2025-11-24
INV01840,DLR118,BK007,Motorcycle,Scram 411,5,25,9,21,10,3684114,2026-04-07
INV01841,DLR161,BK009,Accessory,Bar End Mirrors Pair,21,86,63,44,12,141680,2026-02-14
INV01842,DLR111,BK011,Spare Part,Air Filter Element,32,259,154,137,26,40004,2025-10-22
INV01843,DLR038,BK003,Accessory,Royal Enfield Urban Riding Jacket,78,89,105,62,16,368900,2025-08-06
INV01844,DLR032,BK012,Accessory,Silver Sump Guard,45,48,84,9,16,19530,2025-06-05
INV01845,DLR145,BK001,Motorcycle,Bullet 350,6,25,18,13,11,1917175,2025-11-24
INV01846,DLR142,BK005,Spare Part,Brake Pads Front/Rear,57,278,180,155,21,120900,2025-11-21
INV01847,DLR111,BK006,Accessory,Master Cylinder Guard,60,77,80,57,25,47880,2025-06-20
INV01848,DLR173,BK012,Spare Part,Brake Pads Front/Rear,186,133,53,266,24,207480,2026-05-16
INV01849,DLR119,BK012,Accessory,Compact Engine Guard,49,70,34,85,22,166515,2026-04-06
INV01850,DLR018,BK013,Accessory,Touring Screen / Flyscreen,29,86,107,8,16,15392,2026-06-29
INV01851,DLR134,BK007,Spare Part,Air Filter Element,127,84,129,82,38,23944,2025-12-30
INV01852,DLR021,BK007,Accessory,Tank Bag 15L,71,105,131,45,12,100800,2026-01-20
INV01853,DLR182,BK008,Accessory,Cast Alloy Wheels Set,67,111,156,22,19,254100,2026-05-11
INV01854,DLR047,BK012,Accessory,Black Sump Guard,60,54,100,14,24,32340,2026-03-04
INV01855,DLR140,BK012,Motorcycle,Classic 500,25,26,9,42,7,7497000,2025-10-11
INV01856,DLR084,BK014,Motorcycle,Thunderbird 350X,19,40,5,54,10,7481700,2025-06-20
INV01857,DLR137,BK013,Spare Part,Clutch Cable Wire,116,60,107,69,33,14352,2025-08-23
INV01858,DLR068,BK005,Spare Part,Engine Oil 15W50 Semi-Synth,169,240,394,15,37,9255,2026-02-28
INV01859,DLR169,BK014,Spare Part,Battery 12V 14Ah,162,295,327,130,42,236600,2025-12-06
INV01860,DLR007,BK002,Motorcycle,Classic 350,23,17,15,25,12,4102950,2025-07-02
INV01861,DLR113,BK015,Motorcycle,Continental GT 535,27,15,22,20,7,3536000,2025-06-12
INV01862,DLR026,BK004,Motorcycle,Meteor 350,24,44,42,26,8,4550390,2026-03-10
INV01863,DLR192,BK003,Accessory,RE Camo Riding Gloves,24,59,12,71,19,119280,2025-12-17
INV01864,DLR046,BK005,Accessory,Waterproof Duffel Bag,40,65,66,39,15,114660,2025-09-19
INV01865,DLR106,BK011,Motorcycle,Shotgun 650,34,24,17,41,5,12525090,2026-02-12
INV01866,DLR170,BK010,Motorcycle,Super Meteor 650,14,30,21,23,9,7114245,2025-12-21
INV01867,DLR168,BK009,Motorcycle,Interceptor 650,33,25,51,7,7,1802850,2025-07-03
INV01868,DLR192,BK001,Spare Part,Clutch Cable Wire,105,295,332,68,32,14144,2026-03-15
INV01869,DLR108,BK002,Accessory,Streetwind V3 Mesh Jacket,39,27,60,6,25,26040,2026-03-17
INV01870,DLR001,BK010,Accessory,Streetwind V3 Mesh Jacket,79,55,60,74,24,321160,2026-01-01
INV01871,DLR018,BK008,Motorcycle,Continental GT 650,23,33,10,46,6,12472900,2026-06-21
INV01872,DLR011,BK004,Accessory,Pannier Rails Pair,66,113,51,128,20,340480,2026-02-03
INV01873,DLR178,BK007,Motorcycle,Scram 411,6,50,41,15,5,2631510,2025-08-12
INV01874,DLR135,BK001,Accessory,RE Camo Riding Gloves,58,67,12,113,10,189840,2025-06-29
INV01875,DLR196,BK005,Motorcycle,Himalayan 450,7,32,30,9,11,2180250,2026-05-15
INV01876,DLR061,BK001,Spare Part,Clutch Cable Wire,144,279,105,318,35,66144,2025-12-08
INV01877,DLR112,BK003,Spare Part,Oil Filter Element,35,91,39,87,34,19749,2025-11-11
INV01878,DLR139,BK010,Motorcycle,Super Meteor 650,34,45,30,49,5,15156435,2025-11-12
INV01879,DLR050,BK008,Motorcycle,Continental GT 650,28,24,44,8,12,2169200,2026-05-29
INV01880,DLR101,BK012,Accessory,Royal Enfield Urban Riding Jacket,73,43,10,106,16,630700,2025-08-18
INV01881,DLR188,BK005,Accessory,Cast Alloy Wheels Set,39,119,46,112,17,1293600,2026-04-28
INV01882,DLR120,BK015,Spare Part,Clutch Cable Wire,137,175,268,44,39,9152,2025-10-17
INV01883,DLR097,BK007,Spare Part,Clutch Cable Wire,82,262,120,224,28,46592,2025-07-30
INV01884,DLR196,BK005,Accessory,Master Cylinder Guard,68,103,153,18,11,15120,2026-02-05
INV01885,DLR113,BK006,Accessory,Machined Oil Filler Cap,51,75,111,15,21,8925,2026-02-27
INV01886,DLR087,BK011,Accessory,Bar End Mirrors Pair,62,70,115,17,19,54740,2025-12-05
INV01887,DLR023,BK013,Accessory,Touring Passenger Seat,50,37,67,20,17,41300,2025-10-14
INV01888,DLR099,BK009,Accessory,Machined Oil Filler Cap,61,31,61,31,21,18445,2025-08-13
INV01889,DLR047,BK011,Accessory,Rider Touring Seat,56,33,21,68,24,178500,2026-02-02
INV01890,DLR136,BK007,Motorcycle,Scram 411,25,14,20,19,9,3333246,2026-03-14
INV01891,DLR123,BK011,Accessory,Black Commuter Pannier,71,72,60,83,24,261450,2026-05-04
INV01892,DLR185,BK002,Spare Part,Brake Pads Front/Rear,79,67,92,54,37,42120,2026-01-11
INV01893,DLR199,BK014,Motorcycle,Thunderbird 350X,20,46,63,3,11,415650,2025-06-29
INV01894,DLR105,BK011,Accessory,USB Charging Port,63,76,95,44,19,35420,2026-06-09
INV01895,DLR045,BK001,Accessory,Streetwind V3 Mesh Jacket,18,105,115,8,20,34720,2026-01-27
INV01896,DLR137,BK005,Accessory,Master Cylinder Guard,23,71,36,58,18,48720,2026-07-01
INV01897,DLR105,BK006,Motorcycle,Guerrilla 450,28,35,57,6,10,1218900,2026-07-01
INV01898,DLR030,BK006,Motorcycle,Guerrilla 450,9,14,12,11,6,2234650,2026-05-13
INV01899,DLR060,BK012,Accessory,Machined Oil Filler Cap,79,102,133,48,11,28560,2026-02-28
INV01900,DLR192,BK014,Accessory,Royal Enfield Urban Riding Jacket,80,74,90,64,13,380800,2026-04-24
INV01901,DLR065,BK007,Spare Part,Brake Pads Front/Rear,56,176,28,204,45,159120,2026-06-28
INV01902,DLR189,BK006,Accessory,Cast Alloy Wheels Set,68,79,19,128,13,1478400,2026-05-19
INV01903,DLR086,BK006,Accessory,Touring Passenger Seat,38,69,49,58,12,119770,2026-06-13
INV01904,DLR035,BK005,Spare Part,Clutch Cable Wire,115,89,193,11,49,2288,2026-06-12
INV01905,DLR154,BK006,Accessory,Bar End Mirrors Pair,72,45,50,67,13,215740,2025-12-12
INV01906,DLR140,BK004,Motorcycle,Meteor 350,35,21,13,43,12,7525645,2026-06-02
INV01907,DLR032,BK002,Motorcycle,Classic 350,7,42,6,43,5,7057074,2025-08-13
INV01908,DLR022,BK012,Motorcycle,Classic 500,21,13,4,30,9,5355000,2026-01-13
INV01909,DLR176,BK006,Spare Part,Clutch Cable Wire,122,164,200,86,35,17888,2025-10-05
INV01910,DLR075,BK011,Accessory,Master Cylinder Guard,38,49,18,69,16,57960,2025-08-05
INV01911,DLR170,BK012,Spare Part,Air Filter Element,136,149,173,112,45,32704,2026-06-07
INV01912,DLR068,BK010,Accessory,Pannier Rails Pair,80,102,12,170,18,452200,2025-12-17
INV01913,DLR154,BK009,Spare Part,Battery 12V 14Ah,82,85,141,26,48,47320,2025-11-09
INV01914,DLR131,BK005,Spare Part,Chain Sprocket Drive Kit,66,171,52,185,48,384800,2026-04-28
INV01915,DLR049,BK008,Motorcycle,Continental GT 650,9,26,32,3,9,813450,2025-12-18
INV01916,DLR157,BK009,Motorcycle,Interceptor 650,23,44,65,2,5,515100,2026-04-05
INV01917,DLR016,BK007,Accessory,Compact Engine Guard,53,79,77,55,16,107745,2025-06-28
INV01918,DLR107,BK003,Spare Part,Chain Sprocket Drive Kit,104,153,209,48,30,99840,2026-02-13
INV01919,DLR137,BK015,Accessory,Bar End Mirrors Pair,78,42,44,76,18,244720,2026-06-24
INV01920,DLR077,BK007,Spare Part,Air Filter Element,51,86,118,19,36,5548,2026-05-17
INV01921,DLR072,BK013,Motorcycle,Bullet 500,34,12,40,6,7,958800,2026-01-21
INV01922,DLR079,BK010,Motorcycle,Super Meteor 650,23,12,21,14,6,4330410,2026-05-17
INV01923,DLR021,BK003,Motorcycle,Hunter 350,10,14,13,11,6,1401565,2025-08-10
INV01924,DLR166,BK011,Accessory,Silver Sump Guard,41,69,75,35,18,75950,2025-06-17
INV01925,DLR084,BK005,Spare Part,Chain Sprocket Drive Kit,114,92,83,123,35,255840,2025-06-05
INV01926,DLR001,BK013,Accessory,Tripper Navigation Module,78,80,105,53,12,192867,2026-04-11
INV01927,DLR014,BK013,Motorcycle,Bullet 500,10,20,26,4,11,639200,2025-06-14
INV01928,DLR122,BK004,Motorcycle,Meteor 350,32,39,68,3,9,525045,2025-10-01
INV01929,DLR042,BK007,Accessory,Rear Passenger Backrest,54,74,44,84,17,108780,2025-07-10
INV01930,DLR199,BK001,Spare Part,Air Filter Element,65,105,84,86,37,25112,2026-05-06
INV01931,DLR091,BK013,Motorcycle,Bullet 500,19,37,33,23,8,3675400,2025-06-29
INV01932,DLR192,BK006,Accessory,Bar End Mirrors Pair,37,29,49,17,23,54740,2026-06-16
INV01933,DLR072,BK013,Accessory,Cast Alloy Wheels Set,68,89,48,109,14,1258950,2025-10-17
INV01934,DLR053,BK002,Spare Part,Engine Oil 15W50 Semi-Synth,68,141,118,91,50,56147,2026-02-12
INV01935,DLR129,BK010,Accessory,RE Horizon Full Face Helmet,36,108,62,82,10,241080,2026-01-31
INV01936,DLR140,BK002,Motorcycle,Classic 350,9,31,32,8,5,1312944,2026-05-06
INV01937,DLR106,BK008,Spare Part,Battery 12V 14Ah,157,262,342,77,42,140140,2026-05-12
INV01938,DLR188,BK012,Accessory,Machined Oil Filler Cap,38,58,42,54,20,32130,2025-11-01
INV01939,DLR189,BK014,Spare Part,Clutch Cable Wire,197,204,249,152,22,31616,2025-07-23
INV01940,DLR060,BK014,Motorcycle,Thunderbird 350X,30,36,54,12,12,1662600,2025-09-16
INV01941,DLR030,BK011,Motorcycle,Shotgun 650,14,20,15,19,9,5804310,2025-11-10
INV01942,DLR154,BK012,Spare Part,Air Filter Element,176,292,168,300,50,87600,2026-01-05
INV01943,DLR136,BK005,Accessory,Rider Touring Seat,27,21,10,38,16,99750,2025-11-25
INV01944,DLR143,BK011,Accessory,Streetwind V3 Mesh Jacket,75,37,58,54,16,234360,2026-05-15
INV01945,DLR048,BK012,Spare Part,Clutch Cable Wire,38,264,120,182,35,37856,2026-04-21
INV01946,DLR019,BK010,Motorcycle,Super Meteor 650,14,21,6,29,5,8970135,2025-08-28
INV01947,DLR061,BK009,Spare Part,Oil Filter Element,162,294,305,151,20,34277,2026-02-06
INV01948,DLR064,BK007,Spare Part,Spark Plug Twin Spark,175,296,277,194,21,35308,2025-12-11
INV01949,DLR167,BK010,Spare Part,Brake Pads Front/Rear,191,79,169,101,46,78780,2025-12-25
INV01950,DLR170,BK011,Spare Part,Air Filter Element,199,232,147,284,31,82928,2025-12-29
INV01951,DLR037,BK004,Accessory,Compact Engine Guard,37,29,14,52,13,101868,2026-02-16
INV01952,DLR121,BK001,Accessory,Compact Engine Guard,20,88,27,81,15,158679,2025-08-05
INV01953,DLR015,BK006,Motorcycle,Guerrilla 450,28,20,5,43,8,8735450,2026-03-22
INV01954,DLR184,BK006,Accessory,RE Camo Riding Gloves,21,87,83,25,10,42000,2025-10-28
INV01955,DLR109,BK007,Motorcycle,Scram 411,19,17,3,33,6,5789322,2025-10-25
INV01956,DLR121,BK014,Accessory,Rear Passenger Backrest,74,65,124,15,13,19425,2026-06-29
INV01957,DLR032,BK015,Accessory,Touring Screen / Flyscreen,20,70,63,27,20,51948,2025-06-30
INV01958,DLR189,BK007,Accessory,Machined Oil Filler Cap,79,66,128,17,23,10115,2026-07-04
INV01959,DLR010,BK003,Accessory,Rider Touring Seat,30,74,12,92,17,241500,2025-11-26
INV01960,DLR014,BK003,Accessory,Aluminum Top Box 40L,16,70,35,51,14,517650,2026-06-15
INV01961,DLR119,BK013,Spare Part,Brake Pads Front/Rear,119,89,95,113,49,88140,2025-07-16
INV01962,DLR170,BK007,Accessory,Rear Passenger Backrest,55,75,124,6,19,7770,2025-12-13
INV01963,DLR138,BK007,Accessory,Tank Bag 15L,47,72,88,31,13,69440,2025-10-21
INV01964,DLR043,BK012,Accessory,Compact Engine Guard,17,20,10,27,13,52893,2025-09-17
INV01965,DLR195,BK008,Motorcycle,Continental GT 650,19,42,20,41,12,11117150,2026-06-10
INV01966,DLR025,BK001,Spare Part,Air Filter Element,159,257,116,300,26,87600,2025-09-01
INV01967,DLR038,BK006,Spare Part,Air Filter Element,87,173,134,126,44,36792,2026-06-30
INV01968,DLR043,BK011,Accessory,Rider Touring Seat,45,54,52,47,11,123375,2025-07-30
INV01969,DLR088,BK005,Motorcycle,Himalayan 450,20,35,26,29,12,7025250,2026-03-03
INV01970,DLR108,BK014,Accessory,Trapezium Engine Guard,21,24,10,35,21,83300,2026-04-03
INV01971,DLR023,BK014,Spare Part,Chain Sprocket Drive Kit,71,214,212,73,28,151840,2026-02-11
INV01972,DLR156,BK013,Motorcycle,Bullet 500,11,50,16,45,9,7191000,2026-02-16
INV01973,DLR171,BK010,Motorcycle,Super Meteor 650,6,18,15,9,11,2783835,2025-09-24
INV01974,DLR023,BK006,Spare Part,Clutch Cable Wire,192,139,294,37,21,7696,2026-04-29
INV01975,DLR005,BK009,Accessory,LED Fog Light Kit,58,78,52,84,13,282240,2026-05-20
INV01976,DLR055,BK002,Accessory,RE Camo Riding Gloves,43,114,151,6,14,10080,2025-09-07
INV01977,DLR126,BK001,Accessory,Bar End Mirrors Pair,50,55,42,63,22,202860,2026-03-02
INV01978,DLR164,BK006,Motorcycle,Guerrilla 450,26,22,43,5,6,1015750,2025-10-04
INV01979,DLR130,BK006,Accessory,Royal Enfield Urban Riding Jacket,53,33,80,6,19,35700,2025-08-30
INV01980,DLR158,BK004,Motorcycle,Meteor 350,17,27,23,21,12,3675315,2025-06-24
INV01981,DLR017,BK008,Spare Part,Battery 12V 14Ah,93,108,149,52,41,94640,2025-06-20
INV01982,DLR018,BK001,Accessory,Rider Touring Seat,66,25,54,37,19,97125,2026-06-06
INV01983,DLR145,BK008,Motorcycle,Continental GT 650,20,46,17,49,6,13286350,2026-04-18
INV01984,DLR010,BK009,Motorcycle,Interceptor 650,17,20,33,4,12,1030200,2025-11-08
INV01985,DLR108,BK014,Spare Part,Brake Pads Front/Rear,141,227,36,332,29,258960,2025-07-30
INV01986,DLR130,BK007,Accessory,Tank Bag 15L,16,98,56,58,22,129920,2025-12-24
INV01987,DLR026,BK002,Spare Part,Oil Filter Element,170,197,91,276,47,62652,2025-07-15
INV01988,DLR181,BK001,Spare Part,Clutch Cable Wire,158,160,180,138,27,28704,2025-12-02
INV01989,DLR144,BK013,Motorcycle,Bullet 500,23,41,23,41,8,6551800,2025-09-10
INV01990,DLR177,BK007,Motorcycle,Scram 411,35,26,40,21,7,3684114,2026-02-12
INV01991,DLR162,BK010,Accessory,Touring Screen / Flyscreen,27,86,97,16,22,30784,2025-08-01
INV01992,DLR169,BK008,Accessory,Tank Bag 15L,70,47,42,75,20,168000,2026-05-04
INV01993,DLR071,BK013,Accessory,Tank Bag 15L,50,105,53,102,15,228480,2025-06-15
INV01994,DLR107,BK013,Spare Part,Oil Filter Element,116,248,200,164,36,37228,2026-07-02
INV01995,DLR062,BK001,Motorcycle,Bullet 350,30,32,37,25,5,3686875,2026-05-06
INV01996,DLR180,BK012,Accessory,Tripper Navigation Module,62,71,90,43,17,156477,2025-10-09
INV01997,DLR191,BK005,Accessory,RE Horizon Full Face Helmet,20,84,76,28,21,82320,2025-09-28
INV01998,DLR075,BK009,Spare Part,Air Filter Element,51,278,120,209,34,61028,2026-06-07
INV01999,DLR042,BK015,Accessory,Tripper Navigation Module,79,120,63,136,19,494904,2025-06-25
INV02000,DLR128,BK010,Spare Part,Air Filter Element,65,290,281,74,22,21608,2026-03-13
INV02001,DLR023,BK007,Accessory,Silver Sump Guard,77,77,34,120,13,260400,2025-06-04
INV02002,DLR058,BK005,Motorcycle,Himalayan 450,6,41,17,30,11,7267500,2025-07-04
INV02003,DLR128,BK005,Accessory,RE Camo Riding Gloves,48,33,70,11,12,18480,2026-02-13
INV02004,DLR070,BK011,Accessory,Compact Engine Guard,22,23,34,11,10,21549,2025-07-17
INV02005,DLR059,BK004,Motorcycle,Meteor 350,31,50,24,57,6,9975855,2025-10-20
INV02006,DLR141,BK010,Motorcycle,Super Meteor 650,34,10,8,36,6,11135340,2026-06-08
INV02007,DLR064,BK014,Spare Part,Oil Filter Element,57,140,187,10,37,2270,2026-06-07
INV02008,DLR020,BK010,Motorcycle,Super Meteor 650,29,41,21,49,9,15156435,2025-10-26
INV02009,DLR064,BK011,Accessory,Waterproof Duffel Bag,51,61,58,54,12,158760,2026-02-21
INV02010,DLR188,BK015,Accessory,Black Commuter Pannier,69,91,35,125,21,393750,2026-05-19
INV02011,DLR163,BK009,Accessory,Rider Touring Seat,41,70,52,59,24,154875,2025-11-06
INV02012,DLR125,BK015,Motorcycle,Continental GT 535,25,47,16,56,9,9900800,2026-02-19
INV02013,DLR119,BK012,Spare Part,Engine Oil 15W50 Semi-Synth,184,97,203,78,41,48126,2026-04-08
INV02014,DLR193,BK001,Spare Part,Air Filter Element,87,291,292,86,48,25112,2025-08-07
INV02015,DLR191,BK007,Accessory,Black Sump Guard,75,88,158,5,22,11550,2026-03-06
INV02016,DLR019,BK003,Accessory,Waterproof Duffel Bag,30,69,83,16,15,47040,2026-06-09
INV02017,DLR184,BK008,Spare Part,Brake Pads Front/Rear,158,257,349,66,33,51480,2026-05-23
INV02018,DLR097,BK006,Accessory,Black Commuter Pannier,69,67,117,19,24,59850,2026-01-13
INV02019,DLR170,BK006,Accessory,Tripper Navigation Module,77,75,133,19,16,69141,2026-05-21
INV02020,DLR171,BK013,Spare Part,Brake Pads Front/Rear,40,281,261,60,30,46800,2025-06-18
INV02021,DLR188,BK014,Accessory,Master Cylinder Guard,39,103,73,69,25,57960,2025-09-29
INV02022,DLR058,BK010,Motorcycle,Super Meteor 650,19,28,8,39,7,12063285,2026-01-09
INV02023,DLR128,BK009,Accessory,Aluminum Top Box 40L,72,26,67,31,17,314650,2026-04-27
INV02024,DLR140,BK015,Spare Part,Spark Plug Twin Spark,133,50,117,66,24,12012,2025-07-12
INV02025,DLR118,BK015,Spare Part,Oil Filter Element,47,113,52,108,20,24516,2026-04-23
INV02026,DLR086,BK009,Spare Part,Oil Filter Element,190,180,293,77,48,17479,2025-06-08
INV02027,DLR043,BK012,Spare Part,Oil Filter Element,180,218,202,196,30,44492,2026-07-03
INV02028,DLR193,BK014,Spare Part,Chain Sprocket Drive Kit,188,243,136,295,21,613600,2026-02-18
INV02029,DLR134,BK009,Motorcycle,Interceptor 650,31,12,31,12,6,3090600,2026-05-22
INV02030,DLR173,BK010,Spare Part,Brake Pads Front/Rear,136,82,73,145,41,113100,2026-05-06
INV02031,DLR167,BK002,Accessory,Black Commuter Pannier,43,118,88,73,19,229950,2026-04-16
INV02032,DLR021,BK010,Spare Part,Spark Plug Twin Spark,146,50,164,32,48,5824,2025-10-25
INV02033,DLR139,BK012,Accessory,Black Sump Guard,29,110,66,73,15,168630,2025-10-29
INV02034,DLR157,BK009,Accessory,Touring Screen / Flyscreen,63,50,42,71,16,136604,2026-01-03
INV02035,DLR096,BK014,Spare Part,Brake Pads Front/Rear,187,114,78,223,33,173940,2025-08-12
INV02036,DLR162,BK012,Spare Part,Chain Sprocket Drive Kit,146,95,93,148,20,307840,2026-02-14
INV02037,DLR156,BK007,Motorcycle,Scram 411,26,41,6,61,6,10701474,2026-06-01
INV02038,DLR064,BK003,Spare Part,Clutch Cable Wire,131,158,139,150,21,31200,2025-07-03
INV02039,DLR174,BK014,Accessory,USB Charging Port,74,35,69,40,13,32200,2025-06-04
INV02040,DLR069,BK013,Accessory,Cast Alloy Wheels Set,35,111,21,125,25,1443750,2025-07-11
INV02041,DLR133,BK014,Accessory,Royal Enfield Urban Riding Jacket,17,39,21,35,12,208250,2025-10-03
INV02042,DLR027,BK009,Accessory,Tank Bag 15L,19,60,14,65,16,145600,2025-11-07
INV02043,DLR099,BK002,Spare Part,Engine Oil 15W50 Semi-Synth,151,110,100,161,22,99337,2026-02-03
INV02044,DLR181,BK005,Spare Part,Spark Plug Twin Spark,134,263,201,196,31,35672,2025-11-01
INV02045,DLR084,BK002,Spare Part,Oil Filter Element,93,270,130,233,49,52891,2025-11-22
INV02046,DLR094,BK010,Motorcycle,Super Meteor 650,30,29,50,9,6,2783835,2025-11-26
INV02047,DLR168,BK007,Accessory,Compact Engine Guard,40,68,35,73,17,143007,2026-02-18
INV02048,DLR106,BK012,Accessory,Tank Bag 15L,57,22,16,63,24,141120,2025-10-29
INV02049,DLR068,BK004,Accessory,Aluminum Top Box 40L,15,28,28,15,12,152250,2025-12-29
INV02050,DLR094,BK004,Accessory,Tripper Navigation Module,17,70,65,22,23,80058,2026-04-17
INV02051,DLR200,BK011,Accessory,USB Charging Port,27,46,26,47,12,37835,2025-11-06
INV02052,DLR088,BK003,Motorcycle,Hunter 350,32,27,38,21,11,2675715,2025-10-19
INV02053,DLR198,BK010,Motorcycle,Super Meteor 650,31,30,16,45,10,13919175,2025-06-13
INV02054,DLR147,BK001,Accessory,Rider Touring Seat,59,114,29,144,18,378000,2025-06-21
INV02055,DLR097,BK004,Accessory,Cast Alloy Wheels Set,47,101,113,35,21,404250,2025-07-21
INV02056,DLR200,BK015,Motorcycle,Continental GT 535,34,39,13,60,5,10608000,2025-06-18
INV02057,DLR077,BK010,Accessory,Black Sump Guard,37,74,45,66,17,152460,2026-02-20
INV02058,DLR068,BK013,Accessory,Compact Engine Guard,27,93,112,8,15,15672,2026-04-28
INV02059,DLR005,BK006,Motorcycle,Guerrilla 450,24,16,27,13,8,2640950,2025-10-01
INV02060,DLR146,BK011,Accessory,Master Cylinder Guard,46,70,26,90,20,75600,2026-03-26
INV02061,DLR057,BK003,Spare Part,Chain Sprocket Drive Kit,122,175,86,211,23,438880,2026-05-22
INV02062,DLR156,BK003,Accessory,Touring Screen / Flyscreen,28,37,42,23,16,44252,2025-06-02
INV02063,DLR007,BK007,Motorcycle,Scram 411,12,44,10,46,8,8069964,2026-05-02
INV02064,DLR160,BK003,Motorcycle,Hunter 350,8,36,34,10,6,1274150,2026-02-08
INV02065,DLR116,BK007,Motorcycle,Scram 411,27,46,58,15,5,2631510,2026-02-07
INV02066,DLR159,BK013,Motorcycle,Bullet 500,20,19,12,27,8,4314600,2025-09-25
INV02067,DLR181,BK006,Accessory,Low Ride Seat,41,66,36,71,12,159040,2025-12-09
INV02068,DLR064,BK006,Accessory,Streetwind V3 Mesh Jacket,73,112,45,140,19,607600,2025-11-29
INV02069,DLR179,BK014,Accessory,RE Camo Riding Gloves,49,111,17,143,18,240240,2025-07-24
INV02070,DLR069,BK013,Accessory,LED Fog Light Kit,26,116,119,23,15,77280,2026-02-28
INV02071,DLR171,BK010,Accessory,Silver Sump Guard,31,57,46,42,22,91140,2026-03-08
INV02072,DLR042,BK014,Spare Part,Chain Sprocket Drive Kit,79,146,58,167,39,347360,2026-02-05
INV02073,DLR002,BK004,Accessory,Machined Oil Filler Cap,51,102,122,31,17,18445,2025-08-12
INV02074,DLR184,BK003,Motorcycle,Hunter 350,9,18,11,16,7,2038640,2026-01-08
INV02075,DLR052,BK008,Spare Part,Air Filter Element,130,181,65,246,25,71832,2025-11-22
INV02076,DLR065,BK002,Motorcycle,Classic 350,9,43,34,18,9,2954124,2026-01-31
INV02077,DLR089,BK010,Motorcycle,Super Meteor 650,13,39,21,31,6,9588765,2026-01-13
INV02078,DLR109,BK005,Motorcycle,Himalayan 450,13,14,3,24,10,5814000,2026-01-21
INV02079,DLR151,BK005,Accessory,Trapezium Engine Guard,64,108,92,80,15,190400,2026-06-22
INV02080,DLR090,BK004,Motorcycle,Meteor 350,12,50,11,51,9,8925765,2025-11-01
INV02081,DLR069,BK011,Accessory,Low Ride Seat,50,113,105,58,13,129920,2026-03-23
INV02082,DLR151,BK006,Accessory,Compact Engine Guard,72,81,91,62,18,121458,2026-02-08
INV02083,DLR035,BK012,Accessory,Black Sump Guard,56,105,125,36,10,83160,2026-01-06
INV02084,DLR109,BK003,Accessory,Streetwind V3 Mesh Jacket,15,33,37,11,15,47740,2025-09-04
INV02085,DLR007,BK005,Motorcycle,Himalayan 450,31,38,59,10,6,2422500,2025-10-11
INV02086,DLR157,BK014,Motorcycle,Thunderbird 350X,34,40,24,50,9,6927500,2026-02-21
INV02087,DLR065,BK010,Spare Part,Chain Sprocket Drive Kit,59,139,69,129,49,268320,2026-02-21
INV02088,DLR194,BK011,Spare Part,Air Filter Element,31,132,133,30,37,8760,2025-08-08
INV02089,DLR187,BK001,Spare Part,Brake Pads Front/Rear,160,94,30,224,43,174720,2026-01-29
INV02090,DLR165,BK009,Spare Part,Oil Filter Element,73,59,99,33,46,7491,2025-08-06
INV02091,DLR092,BK003,Accessory,Compact Engine Guard,50,118,46,122,16,238998,2026-04-22
INV02092,DLR089,BK011,Motorcycle,Shotgun 650,23,15,16,22,5,6720780,2026-06-09
INV02093,DLR041,BK008,Spare Part,Oil Filter Element,180,266,322,124,20,28148,2025-08-25
INV02094,DLR081,BK002,Motorcycle,Classic 350,30,20,13,37,12,6072366,2026-04-03
INV02095,DLR144,BK015,Spare Part,Clutch Cable Wire,148,196,317,27,46,5616,2026-02-18
INV02096,DLR135,BK004,Accessory,Cast Alloy Wheels Set,47,47,31,63,23,727650,2025-06-18
INV02097,DLR060,BK003,Spare Part,Spark Plug Twin Spark,42,191,26,207,47,37674,2026-04-29
INV02098,DLR120,BK008,Accessory,Compact Engine Guard,44,81,108,17,13,33303,2026-02-07
INV02099,DLR028,BK013,Accessory,Tank Bag 15L,56,38,47,47,22,105280,2025-06-07
INV02100,DLR130,BK009,Spare Part,Clutch Cable Wire,177,91,197,71,21,14768,2026-03-05
INV02101,DLR084,BK002,Spare Part,Engine Oil 15W50 Semi-Synth,77,85,131,31,49,19127,2025-12-14
INV02102,DLR012,BK001,Spare Part,Battery 12V 14Ah,104,197,168,133,49,242060,2025-07-27
INV02103,DLR027,BK013,Accessory,Pannier Rails Pair,22,50,35,37,19,98420,2026-02-12
INV02104,DLR185,BK008,Motorcycle,Continental GT 650,9,32,4,37,6,10032550,2025-08-14
INV02105,DLR081,BK010,Accessory,USB Charging Port,50,86,98,38,16,30590,2025-10-16
INV02106,DLR195,BK004,Accessory,Touring Screen / Flyscreen,71,89,119,41,25,78884,2025-07-09
INV02107,DLR086,BK005,Spare Part,Oil Filter Element,175,226,198,203,41,46081,2026-04-14
INV02108,DLR153,BK013,Spare Part,Battery 12V 14Ah,50,251,179,122,34,222040,2026-05-10
INV02109,DLR168,BK008,Motorcycle,Continental GT 650,19,15,22,12,6,3253800,2026-06-15
INV02110,DLR165,BK012,Accessory,Trapezium Engine Guard,44,66,34,76,17,180880,2025-12-23
INV02111,DLR058,BK015,Accessory,Master Cylinder Guard,29,100,70,59,15,49560,2025-09-12
INV02112,DLR069,BK001,Spare Part,Engine Oil 15W50 Semi-Synth,125,132,161,96,50,59232,2026-06-05
INV02113,DLR140,BK011,Spare Part,Chain Sprocket Drive Kit,93,259,81,271,41,563680,2026-04-29
INV02114,DLR070,BK011,Motorcycle,Shotgun 650,19,13,15,17,6,5193330,2025-07-03
INV02115,DLR088,BK005,Motorcycle,Himalayan 450,33,17,10,40,10,9690000,2026-04-10
INV02116,DLR066,BK010,Accessory,Black Sump Guard,33,112,108,37,20,85470,2026-05-10
INV02117,DLR149,BK006,Motorcycle,Guerrilla 450,11,24,15,20,11,4063000,2026-01-03
INV02118,DLR079,BK009,Motorcycle,Interceptor 650,12,15,9,18,12,4635900,2025-10-14
INV02119,DLR006,BK013,Accessory,Streetwind V3 Mesh Jacket,26,92,79,39,11,169260,2025-07-30
INV02120,DLR028,BK001,Spare Part,Air Filter Element,172,92,71,193,28,56356,2025-10-17
INV02121,DLR061,BK003,Accessory,RE Camo Riding Gloves,48,92,115,25,20,42000,2025-07-12
INV02122,DLR171,BK009,Accessory,Royal Enfield Urban Riding Jacket,79,35,92,22,25,130900,2026-02-12
INV02123,DLR168,BK011,Accessory,Aluminum Top Box 40L,23,77,86,14,13,142100,2025-11-25
INV02124,DLR073,BK014,Motorcycle,Thunderbird 350X,23,45,8,60,8,8313000,2025-10-17
INV02125,DLR094,BK010,Accessory,Bar End Mirrors Pair,41,23,28,36,18,115920,2025-06-26
INV02126,DLR135,BK001,Accessory,Silver Sump Guard,19,20,23,16,20,34720,2025-12-23
INV02127,DLR157,BK009,Motorcycle,Interceptor 650,22,23,15,30,8,7726500,2025-07-14
INV02128,DLR102,BK008,Accessory,RE Camo Riding Gloves,36,69,59,46,19,77280,2025-06-09
INV02129,DLR196,BK015,Spare Part,Air Filter Element,42,164,113,93,20,27156,2025-11-20
INV02130,DLR145,BK014,Accessory,Compact Engine Guard,70,55,12,113,13,221367,2025-07-01
INV02131,DLR097,BK008,Motorcycle,Continental GT 650,23,16,31,8,11,2169200,2025-12-07
INV02132,DLR026,BK001,Spare Part,Clutch Cable Wire,184,91,237,38,46,7904,2025-06-14
INV02133,DLR139,BK007,Accessory,RE Horizon Full Face Helmet,78,57,84,51,18,149940,2025-11-29
INV02134,DLR177,BK006,Accessory,Rider Touring Seat,39,30,43,26,21,68250,2026-06-10
INV02135,DLR112,BK007,Accessory,Aluminum Top Box 40L,47,92,133,6,17,60900,2025-10-09
INV02136,DLR119,BK009,Motorcycle,Interceptor 650,9,36,36,9,6,2317950,2025-06-04
INV02137,DLR121,BK011,Spare Part,Chain Sprocket Drive Kit,190,221,147,264,25,549120,2025-07-01
INV02138,DLR021,BK010,Accessory,Machined Oil Filler Cap,42,22,41,23,13,13685,2026-01-24
INV02139,DLR190,BK007,Motorcycle,Scram 411,35,21,23,33,10,5789322,2026-02-27
INV02140,DLR140,BK002,Motorcycle,Classic 350,28,49,17,60,7,9847080,2026-06-13
INV02141,DLR113,BK008,Accessory,Pannier Rails Pair,27,89,13,103,24,273980,2026-02-13
INV02142,DLR069,BK005,Motorcycle,Himalayan 450,17,39,30,26,5,6298500,2025-07-02
INV02143,DLR066,BK014,Accessory,Master Cylinder Guard,59,97,123,33,23,27720,2025-11-09
INV02144,DLR128,BK002,Motorcycle,Classic 350,13,29,25,17,9,2790006,2026-01-12
INV02145,DLR146,BK011,Spare Part,Clutch Cable Wire,52,202,125,129,22,26832,2025-10-09
INV02146,DLR147,BK014,Spare Part,Brake Pads Front/Rear,47,262,160,149,20,116220,2026-05-21
INV02147,DLR151,BK001,Accessory,Machined Oil Filler Cap,53,59,83,29,23,17255,2025-08-27
INV02148,DLR167,BK012,Spare Part,Oil Filter Element,58,157,114,101,27,22927,2026-03-10
INV02149,DLR158,BK008,Spare Part,Air Filter Element,179,299,431,47,49,13724,2026-05-11
INV02150,DLR013,BK008,Spare Part,Chain Sprocket Drive Kit,132,174,207,99,42,205920,2025-08-17
INV02151,DLR066,BK011,Motorcycle,Shotgun 650,5,25,6,24,10,7331760,2026-02-02
INV02152,DLR151,BK010,Accessory,Tank Bag 15L,59,120,152,27,12,60480,2025-07-23
INV02153,DLR034,BK005,Accessory,Trapezium Engine Guard,75,76,69,82,23,195160,2025-09-23
INV02154,DLR084,BK001,Accessory,Cast Alloy Wheels Set,68,114,140,42,11,485100,2025-07-23
INV02155,DLR146,BK003,Spare Part,Battery 12V 14Ah,60,245,239,66,33,120120,2025-08-27
INV02156,DLR053,BK014,Spare Part,Air Filter Element,121,96,132,85,20,24820,2025-07-14
INV02157,DLR119,BK011,Spare Part,Oil Filter Element,136,137,110,163,36,37001,2025-07-05
INV02158,DLR053,BK003,Spare Part,Chain Sprocket Drive Kit,55,98,67,86,40,178880,2025-10-12
INV02159,DLR035,BK014,Accessory,Compact Engine Guard,25,105,117,13,14,25467,2025-09-18
INV02160,DLR052,BK011,Spare Part,Oil Filter Element,194,210,54,350,21,79450,2025-08-25
INV02161,DLR084,BK014,Spare Part,Air Filter Element,41,120,131,30,47,8760,2026-06-06
INV02162,DLR103,BK008,Accessory,Compact Engine Guard,73,32,79,26,21,50934,2025-09-21
INV02163,DLR060,BK002,Spare Part,Clutch Cable Wire,133,125,203,55,36,11440,2025-09-21
INV02164,DLR083,BK014,Accessory,RE Horizon Full Face Helmet,73,63,34,102,13,299880,2026-07-03
INV02165,DLR131,BK005,Accessory,Low Ride Seat,45,68,46,67,14,150080,2025-07-27
INV02166,DLR089,BK003,Spare Part,Chain Sprocket Drive Kit,94,143,158,79,34,164320,2026-06-20
INV02167,DLR017,BK007,Accessory,Machined Oil Filler Cap,41,111,22,130,16,77350,2025-08-07
INV02168,DLR042,BK002,Accessory,Bar End Mirrors Pair,80,25,69,36,10,115920,2025-07-19
INV02169,DLR132,BK003,Spare Part,Engine Oil 15W50 Semi-Synth,115,136,150,101,28,62317,2026-05-11
INV02170,DLR023,BK015,Motorcycle,Continental GT 535,30,33,9,54,7,9547200,2025-07-24
INV02171,DLR140,BK009,Motorcycle,Interceptor 650,33,22,21,34,5,8756700,2026-04-30
INV02172,DLR020,BK008,Accessory,Silver Sump Guard,53,54,99,8,20,17360,2026-04-19
INV02173,DLR094,BK015,Accessory,Waterproof Duffel Bag,64,94,106,52,14,152880,2025-11-24
INV02174,DLR052,BK007,Accessory,Black Sump Guard,28,82,25,85,14,196350,2025-06-23
INV02175,DLR059,BK005,Spare Part,Battery 12V 14Ah,98,81,138,41,30,74620,2025-12-12
INV02176,DLR089,BK014,Spare Part,Oil Filter Element,83,51,31,103,49,23381,2025-08-06
INV02177,DLR048,BK005,Spare Part,Oil Filter Element,89,297,255,131,22,29737,2025-12-24
INV02178,DLR099,BK005,Motorcycle,Himalayan 450,11,22,26,7,10,1695750,2025-07-14
INV02179,DLR154,BK010,Accessory,Machined Oil Filler Cap,35,28,14,49,12,29155,2025-11-10
INV02180,DLR035,BK010,Motorcycle,Super Meteor 650,29,10,16,23,5,7114245,2026-01-02
INV02181,DLR121,BK007,Accessory,Master Cylinder Guard,21,101,101,21,13,17640,2026-06-08
INV02182,DLR198,BK002,Accessory,RE Camo Riding Gloves,46,29,12,63,12,105840,2025-06-21
INV02183,DLR157,BK014,Motorcycle,Thunderbird 350X,35,26,28,33,5,4572150,2025-06-25
INV02184,DLR085,BK003,Accessory,Trapezium Engine Guard,54,94,97,51,22,121380,2025-12-31
INV02185,DLR137,BK013,Accessory,Pannier Rails Pair,26,22,22,26,21,69160,2025-09-16
INV02186,DLR121,BK011,Accessory,Master Cylinder Guard,73,118,145,46,17,38640,2026-03-21
INV02187,DLR047,BK012,Accessory,Touring Passenger Seat,58,47,33,72,19,148680,2025-10-16
INV02188,DLR136,BK009,Accessory,Compact Engine Guard,77,118,114,81,23,158679,2025-11-30
INV02189,DLR119,BK008,Spare Part,Clutch Cable Wire,109,104,171,42,31,8736,2026-04-02
INV02190,DLR043,BK009,Accessory,Rear Passenger Backrest,69,50,107,12,12,15540,2025-08-25
INV02191,DLR168,BK013,Motorcycle,Bullet 500,26,25,19,32,12,5113600,2025-10-12
INV02192,DLR149,BK012,Accessory,Silver Sump Guard,24,71,14,81,18,175770,2026-05-14
INV02193,DLR120,BK009,Accessory,Black Sump Guard,35,38,20,53,16,122430,2026-04-26
INV02194,DLR183,BK005,Accessory,Machined Oil Filler Cap,52,55,68,39,19,23205,2026-03-02
INV02195,DLR078,BK009,Accessory,Royal Enfield Urban Riding Jacket,65,119,168,16,19,95200,2025-11-02
INV02196,DLR085,BK002,Accessory,Touring Passenger Seat,30,100,57,73,24,150745,2025-08-11
INV02197,DLR159,BK012,Accessory,Rear Passenger Backrest,31,68,17,82,25,106190,2025-07-03
INV02198,DLR057,BK004,Spare Part,Engine Oil 15W50 Semi-Synth,99,109,161,47,24,28999,2026-01-12
INV02199,DLR104,BK013,Motorcycle,Bullet 500,17,17,27,7,7,1118600,2025-09-17
INV02200,DLR188,BK010,Accessory,Rear Passenger Backrest,61,114,47,128,20,165760,2026-06-06
INV02201,DLR147,BK013,Motorcycle,Bullet 500,11,38,14,35,5,5593000,2025-12-29
INV02202,DLR120,BK008,Accessory,Royal Enfield Urban Riding Jacket,42,27,49,20,24,119000,2026-03-15
INV02203,DLR007,BK004,Spare Part,Air Filter Element,95,152,168,79,32,23068,2025-08-22
INV02204,DLR014,BK012,Accessory,Rider Touring Seat,29,96,21,104,16,273000,2026-03-09
INV02205,DLR041,BK009,Spare Part,Engine Oil 15W50 Semi-Synth,160,265,394,31,26,19127,2026-06-06
INV02206,DLR083,BK001,Accessory,Cast Alloy Wheels Set,79,58,78,59,20,681450,2025-11-21
INV02207,DLR003,BK006,Motorcycle,Guerrilla 450,21,17,25,13,6,2640950,2026-05-17
INV02208,DLR023,BK005,Accessory,Tripper Navigation Module,79,62,60,81,23,294759,2025-08-22
INV02209,DLR019,BK008,Spare Part,Chain Sprocket Drive Kit,71,222,261,32,48,66560,2026-06-02
INV02210,DLR046,BK005,Motorcycle,Himalayan 450,21,17,22,16,9,3876000,2025-12-03
INV02211,DLR105,BK014,Spare Part,Clutch Cable Wire,51,231,241,41,47,8528,2025-10-16
INV02212,DLR152,BK010,Accessory,Rider Touring Seat,19,28,28,19,18,49875,2025-12-15
INV02213,DLR192,BK004,Motorcycle,Meteor 350,13,30,23,20,9,3500300,2025-11-18
INV02214,DLR001,BK002,Motorcycle,Classic 350,9,18,5,22,9,3610596,2026-03-14
INV02215,DLR026,BK004,Motorcycle,Meteor 350,6,32,18,20,5,3500300,2026-03-11
INV02216,DLR147,BK009,Accessory,Low Ride Seat,18,92,99,11,14,24640,2026-05-01
INV02217,DLR048,BK003,Accessory,Touring Passenger Seat,54,28,73,9,23,18585,2025-12-26
INV02218,DLR152,BK008,Motorcycle,Continental GT 650,30,35,58,7,8,1898050,2026-05-23
INV02219,DLR141,BK003,Accessory,Tank Bag 15L,67,77,84,60,11,134400,2026-05-17
INV02220,DLR005,BK011,Motorcycle,Shotgun 650,35,40,65,10,8,3054900,2025-11-15
INV02221,DLR177,BK014,Motorcycle,Thunderbird 350X,26,36,14,48,10,6650400,2026-05-07
INV02222,DLR154,BK006,Accessory,RE Horizon Full Face Helmet,29,38,15,52,16,152880,2025-12-04
INV02223,DLR086,BK015,Motorcycle,Continental GT 535,8,20,13,15,8,2652000,2025-10-08
INV02224,DLR176,BK004,Accessory,Rear Passenger Backrest,64,74,84,54,17,69930,2026-01-25
INV02225,DLR016,BK007,Accessory,Aluminum Top Box 40L,70,58,47,81,10,822150,2025-09-16
INV02226,DLR162,BK002,Motorcycle,Classic 350,10,21,6,25,6,4102950,2026-04-14
INV02227,DLR187,BK005,Spare Part,Clutch Cable Wire,156,96,29,223,48,46384,2025-11-25
INV02228,DLR096,BK006,Spare Part,Oil Filter Element,55,151,191,15,49,3405,2026-07-04
INV02229,DLR200,BK015,Accessory,Aluminum Top Box 40L,60,60,10,110,14,1116500,2025-12-16
INV02230,DLR153,BK005,Spare Part,Brake Pads Front/Rear,120,297,292,125,46,97500,2025-09-15
INV02231,DLR187,BK007,Motorcycle,Scram 411,10,19,20,9,9,1578906,2026-07-06
INV02232,DLR149,BK010,Motorcycle,Super Meteor 650,35,47,22,60,11,18558900,2025-12-16
INV02233,DLR130,BK010,Accessory,Black Sump Guard,18,71,53,36,15,83160,2026-02-27
INV02234,DLR089,BK005,Spare Part,Air Filter Element,38,130,69,99,41,28908,2025-09-17
INV02235,DLR192,BK007,Motorcycle,Scram 411,13,16,16,13,8,2280642,2026-05-01
INV02236,DLR114,BK001,Accessory,Touring Passenger Seat,78,53,100,31,14,64015,2025-06-15
INV02237,DLR012,BK014,Spare Part,Clutch Cable Wire,43,96,108,31,39,6448,2025-10-29
INV02238,DLR002,BK015,Spare Part,Air Filter Element,184,282,251,215,35,62780,2026-06-11
INV02239,DLR144,BK009,Spare Part,Brake Pads Front/Rear,97,180,119,158,38,123240,2025-07-22
INV02240,DLR090,BK013,Accessory,RE Horizon Full Face Helmet,60,53,31,82,19,241080,2026-03-12
INV02241,DLR194,BK008,Accessory,Machined Oil Filler Cap,20,59,23,56,19,33320,2026-02-11
INV02242,DLR027,BK005,Motorcycle,Himalayan 450,21,43,32,32,12,7752000,2026-03-23
INV02243,DLR195,BK006,Spare Part,Engine Oil 15W50 Semi-Synth,112,228,230,110,39,67870,2026-03-29
INV02244,DLR042,BK003,Accessory,Machined Oil Filler Cap,40,78,90,28,11,16660,2026-04-18
INV02245,DLR017,BK007,Accessory,Black Commuter Pannier,16,59,54,21,25,66150,2025-12-24
INV02246,DLR177,BK004,Motorcycle,Meteor 350,29,49,42,36,12,6300540,2026-07-02
INV02247,DLR165,BK010,Motorcycle,Super Meteor 650,8,30,14,24,9,7423560,2025-08-10
INV02248,DLR120,BK015,Spare Part,Chain Sprocket Drive Kit,155,260,258,157,28,326560,2025-07-23
INV02249,DLR111,BK006,Motorcycle,Guerrilla 450,19,27,29,17,11,3453550,2026-06-26
INV02250,DLR113,BK009,Accessory,Waterproof Duffel Bag,41,107,123,25,13,73500,2025-12-11
INV02251,DLR076,BK004,Accessory,Machined Oil Filler Cap,29,32,35,26,21,15470,2026-03-28
INV02252,DLR096,BK015,Motorcycle,Continental GT 535,7,41,10,38,11,6718400,2026-02-23
INV02253,DLR127,BK005,Accessory,Touring Passenger Seat,55,72,91,36,17,74340,2025-10-18
INV02254,DLR188,BK012,Motorcycle,Classic 500,15,15,3,27,6,4819500,2025-07-12
INV02255,DLR007,BK003,Accessory,Bar End Mirrors Pair,40,108,40,108,18,347760,2026-03-20
INV02256,DLR171,BK013,Motorcycle,Bullet 500,7,13,5,15,6,2397000,2026-06-15
INV02257,DLR034,BK001,Spare Part,Battery 12V 14Ah,108,169,91,186,42,338520,2026-03-14
INV02258,DLR024,BK006,Accessory,Touring Screen / Flyscreen,70,32,85,17,18,32708,2025-08-06
INV02259,DLR049,BK013,Accessory,Touring Passenger Seat,23,42,26,39,20,80535,2026-05-22
INV02260,DLR138,BK003,Motorcycle,Hunter 350,29,40,4,65,5,8281975,2026-06-19
INV02261,DLR128,BK001,Accessory,Tripper Navigation Module,61,77,44,94,16,342066,2025-12-27
INV02262,DLR178,BK005,Motorcycle,Himalayan 450,13,21,24,10,9,2422500,2026-05-14
INV02263,DLR119,BK001,Spare Part,Chain Sprocket Drive Kit,189,274,80,383,40,796640,2025-11-11
INV02264,DLR170,BK005,Accessory,Waterproof Duffel Bag,31,20,40,11,15,32340,2026-03-20
INV02265,DLR118,BK003,Motorcycle,Hunter 350,29,25,47,7,6,891905,2026-06-04
INV02266,DLR134,BK011,Accessory,Compact Engine Guard,80,72,71,81,16,158679,2025-11-02
INV02267,DLR194,BK012,Motorcycle,Classic 500,12,47,31,28,10,4998000,2025-06-24
INV02268,DLR141,BK003,Accessory,Machined Oil Filler Cap,17,108,35,90,20,53550,2025-12-17
INV02269,DLR180,BK014,Accessory,Trapezium Engine Guard,32,91,48,75,18,178500,2025-06-01
INV02270,DLR040,BK008,Accessory,Waterproof Duffel Bag,31,104,58,77,18,226380,2026-04-13
INV02271,DLR076,BK002,Accessory,Royal Enfield Urban Riding Jacket,52,78,86,44,11,261800,2025-10-14
INV02272,DLR074,BK008,Accessory,Pannier Rails Pair,45,82,91,36,15,95760,2025-12-23
INV02273,DLR164,BK001,Spare Part,Chain Sprocket Drive Kit,35,279,301,13,44,27040,2025-08-06
INV02274,DLR064,BK011,Accessory,Compact Engine Guard,17,21,31,7,15,13713,2026-04-01
INV02275,DLR121,BK009,Motorcycle,Interceptor 650,25,40,49,16,7,4120800,2026-04-17
INV02276,DLR069,BK007,Accessory,Aluminum Top Box 40L,40,20,49,11,14,111650,2025-08-16
INV02277,DLR047,BK003,Motorcycle,Hunter 350,21,45,9,57,11,7262655,2026-04-16
INV02278,DLR006,BK004,Spare Part,Clutch Cable Wire,167,259,136,290,44,60320,2025-08-29
INV02279,DLR184,BK015,Motorcycle,Continental GT 535,10,41,12,39,8,6895200,2025-11-04
INV02280,DLR067,BK003,Motorcycle,Hunter 350,33,35,10,58,8,7390070,2026-03-12
INV02281,DLR135,BK015,Accessory,Silver Sump Guard,47,116,149,14,18,30380,2026-03-05
INV02282,DLR172,BK003,Spare Part,Oil Filter Element,84,225,123,186,24,42222,2025-08-30
INV02283,DLR129,BK012,Accessory,RE Camo Riding Gloves,65,35,87,13,24,21840,2025-07-12
INV02284,DLR012,BK009,Accessory,RE Camo Riding Gloves,80,71,60,91,14,152880,2025-07-27
INV02285,DLR062,BK011,Motorcycle,Shotgun 650,34,30,48,16,7,4887840,2025-07-12
INV02286,DLR200,BK005,Accessory,Pannier Rails Pair,53,52,67,38,14,101080,2025-08-19
INV02287,DLR123,BK001,Accessory,Rear Passenger Backrest,78,53,108,23,18,29785,2025-08-24
INV02288,DLR045,BK011,Accessory,Royal Enfield Urban Riding Jacket,72,45,14,103,16,612850,2026-02-07
INV02289,DLR065,BK009,Spare Part,Clutch Cable Wire,195,63,159,99,26,20592,2026-01-11
INV02290,DLR069,BK014,Motorcycle,Thunderbird 350X,28,13,6,35,11,4849250,2026-05-04
INV02291,DLR002,BK014,Accessory,Bar End Mirrors Pair,46,20,50,16,24,51520,2026-02-05
INV02292,DLR063,BK007,Accessory,Tank Bag 15L,76,117,103,90,21,201600,2026-03-25
INV02293,DLR133,BK008,Spare Part,Engine Oil 15W50 Semi-Synth,111,169,240,40,27,24680,2025-09-24
INV02294,DLR060,BK006,Spare Part,Air Filter Element,157,246,326,77,50,22484,2025-06-20
INV02295,DLR048,BK004,Accessory,RE Horizon Full Face Helmet,52,120,24,148,20,435120,2026-01-10
INV02296,DLR153,BK012,Motorcycle,Classic 500,31,39,51,19,6,3391500,2026-04-10
INV02297,DLR044,BK008,Spare Part,Engine Oil 15W50 Semi-Synth,69,240,47,262,34,161654,2026-04-07
INV02298,DLR162,BK007,Motorcycle,Scram 411,22,12,31,3,10,526302,2025-08-21
INV02299,DLR041,BK005,Accessory,RE Camo Riding Gloves,73,61,64,70,13,117600,2026-01-17
INV02300,DLR184,BK004,Spare Part,Battery 12V 14Ah,68,63,35,96,35,174720,2026-06-08
INV02301,DLR178,BK014,Spare Part,Engine Oil 15W50 Semi-Synth,58,164,107,115,40,70955,2025-11-17
INV02302,DLR086,BK012,Accessory,Tripper Navigation Module,52,81,41,92,21,334788,2025-07-28
INV02303,DLR012,BK015,Accessory,Streetwind V3 Mesh Jacket,53,58,43,68,11,295120,2026-05-30
INV02304,DLR126,BK002,Accessory,LED Fog Light Kit,77,86,141,22,11,73920,2025-09-29
INV02305,DLR005,BK013,Motorcycle,Bullet 500,14,46,57,3,7,479400,2025-09-21
INV02306,DLR173,BK011,Accessory,Compact Engine Guard,42,48,48,42,13,82278,2026-03-01
INV02307,DLR123,BK013,Spare Part,Clutch Cable Wire,110,252,34,328,45,68224,2025-09-09
INV02308,DLR158,BK011,Motorcycle,Shotgun 650,29,24,35,18,5,5498820,2025-09-06
INV02309,DLR193,BK006,Motorcycle,Guerrilla 450,8,25,17,16,8,3250400,2025-07-26
INV02310,DLR039,BK015,Accessory,Pannier Rails Pair,18,119,44,93,13,247380,2026-06-30
INV02311,DLR158,BK009,Accessory,Pannier Rails Pair,74,49,27,96,15,255360,2026-04-25
INV02312,DLR150,BK003,Spare Part,Battery 12V 14Ah,164,59,184,39,38,70980,2025-08-13
INV02313,DLR134,BK004,Spare Part,Chain Sprocket Drive Kit,83,273,320,36,23,74880,2026-04-19
INV02314,DLR010,BK007,Motorcycle,Scram 411,13,37,32,18,11,3157812,2025-09-09
INV02315,DLR011,BK013,Motorcycle,Bullet 500,7,34,7,34,9,5433200,2026-03-07
INV02316,DLR101,BK008,Motorcycle,Continental GT 650,25,34,47,12,11,3253800,2025-10-10
INV02317,DLR070,BK014,Motorcycle,Thunderbird 350X,7,17,20,4,10,554200,2025-07-12
INV02318,DLR011,BK002,Accessory,Royal Enfield Urban Riding Jacket,36,76,32,80,20,476000,2025-11-19
INV02319,DLR118,BK004,Motorcycle,Meteor 350,8,42,5,45,12,7875675,2025-08-09
INV02320,DLR087,BK009,Accessory,Low Ride Seat,17,36,20,33,25,73920,2025-09-01
INV02321,DLR125,BK012,Spare Part,Clutch Cable Wire,70,79,112,37,31,7696,2025-08-26
INV02322,DLR125,BK013,Spare Part,Oil Filter Element,91,67,135,23,23,5221,2026-05-25
INV02323,DLR069,BK004,Motorcycle,Meteor 350,28,34,27,35,8,6125525,2026-03-05
INV02324,DLR041,BK007,Accessory,RE Camo Riding Gloves,61,94,122,33,14,55440,2026-01-25
INV02325,DLR113,BK008,Motorcycle,Continental GT 650,23,42,47,18,9,4880700,2025-12-26
INV02326,DLR007,BK006,Motorcycle,Guerrilla 450,34,29,28,35,10,7110250,2026-04-23
INV02327,DLR113,BK005,Spare Part,Brake Pads Front/Rear,187,147,300,34,27,26520,2025-10-11
INV02328,DLR177,BK011,Accessory,Waterproof Duffel Bag,79,82,34,127,23,373380,2026-05-22
INV02329,DLR075,BK013,Spare Part,Oil Filter Element,187,82,169,100,22,22700,2026-06-26
INV02330,DLR128,BK008,Spare Part,Chain Sprocket Drive Kit,34,133,86,81,44,168480,2026-04-02
INV02331,DLR001,BK015,Spare Part,Engine Oil 15W50 Semi-Synth,51,250,31,270,20,166590,2025-06-17
INV02332,DLR124,BK014,Accessory,Bar End Mirrors Pair,45,34,30,49,23,157780,2025-09-13
INV02333,DLR123,BK011,Motorcycle,Shotgun 650,23,44,34,33,5,10081170,2025-09-15
INV02334,DLR047,BK003,Accessory,RE Horizon Full Face Helmet,80,31,89,22,16,64680,2025-09-27
INV02335,DLR160,BK011,Motorcycle,Shotgun 650,20,26,44,2,9,610980,2025-12-07
INV02336,DLR068,BK011,Accessory,RE Horizon Full Face Helmet,51,118,82,87,25,255780,2025-08-22
INV02337,DLR114,BK009,Spare Part,Oil Filter Element,104,122,137,89,46,20203,2026-05-13
INV02338,DLR187,BK011,Accessory,Silver Sump Guard,73,59,13,119,23,258230,2025-12-18
INV02339,DLR143,BK007,Accessory,RE Camo Riding Gloves,48,36,10,74,22,124320,2025-08-01
INV02340,DLR056,BK008,Accessory,Bar End Mirrors Pair,36,44,67,13,22,41860,2025-07-14
INV02341,DLR144,BK003,Accessory,RE Horizon Full Face Helmet,41,23,44,20,25,58800,2026-02-21
INV02342,DLR198,BK008,Accessory,Cast Alloy Wheels Set,23,42,42,23,12,265650,2025-08-30
INV02343,DLR022,BK003,Spare Part,Air Filter Element,110,254,309,55,23,16060,2025-12-05
INV02344,DLR112,BK008,Motorcycle,Continental GT 650,10,34,13,31,7,8405650,2026-05-30
INV02345,DLR084,BK013,Spare Part,Engine Oil 15W50 Semi-Synth,185,101,74,212,30,130804,2026-01-01
INV02346,DLR034,BK013,Spare Part,Spark Plug Twin Spark,104,108,149,63,41,11466,2025-09-02
INV02347,DLR139,BK003,Spare Part,Spark Plug Twin Spark,37,235,254,18,23,3276,2025-08-25
INV02348,DLR091,BK015,Accessory,Trapezium Engine Guard,20,53,25,48,15,114240,2025-06-24
INV02349,DLR145,BK002,Accessory,USB Charging Port,30,39,28,41,25,33005,2026-04-13
INV02350,DLR102,BK011,Accessory,Royal Enfield Urban Riding Jacket,74,85,62,97,10,577150,2025-09-07
INV02351,DLR025,BK008,Motorcycle,Continental GT 650,28,27,6,49,8,13286350,2026-01-30
INV02352,DLR090,BK002,Motorcycle,Classic 350,18,44,54,8,9,1312944,2026-02-27
INV02353,DLR029,BK005,Accessory,Black Sump Guard,63,83,35,111,19,256410,2025-11-15
INV02354,DLR018,BK010,Motorcycle,Super Meteor 650,21,27,42,6,11,1855890,2025-11-27
INV02355,DLR064,BK013,Accessory,Silver Sump Guard,48,25,33,40,22,86800,2026-03-04
INV02356,DLR075,BK013,Accessory,Machined Oil Filler Cap,42,108,74,76,11,45220,2025-07-21
INV02357,DLR013,BK014,Accessory,Touring Passenger Seat,72,110,165,17,25,35105,2025-08-24
INV02358,DLR036,BK014,Spare Part,Clutch Cable Wire,150,251,362,39,42,8112,2025-11-12
INV02359,DLR013,BK003,Spare Part,Clutch Cable Wire,187,113,85,215,41,44720,2025-08-20
INV02360,DLR196,BK003,Spare Part,Oil Filter Element,125,118,98,145,41,32915,2026-07-04
INV02361,DLR146,BK013,Accessory,Aluminum Top Box 40L,16,51,53,14,10,142100,2026-01-18
INV02362,DLR148,BK006,Accessory,Aluminum Top Box 40L,47,120,119,48,25,487200,2026-01-12
INV02363,DLR039,BK004,Accessory,Tripper Navigation Module,77,86,58,105,10,382095,2026-01-14
INV02364,DLR082,BK015,Motorcycle,Continental GT 535,11,44,3,52,11,9193600,2026-01-05
INV02365,DLR047,BK007,Spare Part,Spark Plug Twin Spark,33,205,202,36,38,6552,2025-06-20
INV02366,DLR118,BK004,Accessory,Master Cylinder Guard,36,99,102,33,13,27720,2026-02-11
INV02367,DLR100,BK005,Accessory,Rider Touring Seat,66,28,46,48,21,126000,2025-11-03
INV02368,DLR065,BK001,Accessory,Touring Passenger Seat,25,98,56,67,22,138355,2025-11-18
INV02369,DLR005,BK011,Spare Part,Spark Plug Twin Spark,173,126,61,238,40,43316,2025-10-17
INV02370,DLR147,BK003,Spare Part,Air Filter Element,113,232,230,115,21,33580,2026-05-30
INV02371,DLR035,BK003,Spare Part,Air Filter Element,121,281,57,345,22,100740,2026-05-06
INV02372,DLR125,BK013,Accessory,USB Charging Port,66,44,63,47,17,37835,2026-03-04
INV02373,DLR189,BK001,Accessory,Rear Passenger Backrest,65,24,70,19,10,24605,2026-05-05
INV02374,DLR068,BK004,Accessory,Streetwind V3 Mesh Jacket,28,82,57,53,16,230020,2025-07-12
INV02375,DLR113,BK003,Accessory,Silver Sump Guard,19,89,96,12,18,26040,2025-11-15
INV02376,DLR102,BK004,Spare Part,Engine Oil 15W50 Semi-Synth,94,164,199,59,38,36403,2025-12-21
INV02377,DLR027,BK013,Motorcycle,Bullet 500,15,13,19,9,12,1438200,2025-12-02
INV02378,DLR086,BK009,Spare Part,Air Filter Element,151,201,332,20,41,5840,2026-01-31
INV02379,DLR138,BK015,Accessory,Silver Sump Guard,69,111,117,63,11,136710,2026-04-16
INV02380,DLR104,BK006,Motorcycle,Guerrilla 450,23,45,60,8,9,1625200,2026-04-26
INV02381,DLR078,BK012,Accessory,Touring Passenger Seat,25,80,91,14,24,28910,2026-02-16
INV02382,DLR196,BK006,Motorcycle,Guerrilla 450,19,28,33,14,12,2844100,2025-06-12
INV02383,DLR102,BK001,Accessory,Machined Oil Filler Cap,58,114,96,76,16,45220,2025-11-07
INV02384,DLR139,BK013,Accessory,Waterproof Duffel Bag,51,116,69,98,15,288120,2026-01-25
INV02385,DLR181,BK006,Accessory,Silver Sump Guard,56,74,56,74,14,160580,2026-01-29
INV02386,DLR117,BK001,Spare Part,Clutch Cable Wire,128,91,124,95,32,19760,2026-06-23
INV02387,DLR160,BK010,Accessory,Bar End Mirrors Pair,22,67,26,63,24,202860,2026-03-28
INV02388,DLR039,BK001,Motorcycle,Bullet 350,15,26,28,13,8,1917175,2025-07-23
INV02389,DLR109,BK012,Spare Part,Spark Plug Twin Spark,134,60,127,67,41,12194,2025-12-23
INV02390,DLR163,BK005,Accessory,Rider Touring Seat,35,50,72,13,20,34125,2025-11-16
INV02391,DLR178,BK014,Accessory,USB Charging Port,40,112,67,85,17,68425,2026-05-01
INV02392,DLR023,BK005,Accessory,Machined Oil Filler Cap,34,65,46,53,20,31535,2026-03-23
INV02393,DLR176,BK003,Accessory,Machined Oil Filler Cap,37,115,12,140,22,83300,2026-01-06
INV02394,DLR112,BK006,Motorcycle,Guerrilla 450,20,49,60,9,6,1828350,2025-06-18
INV02395,DLR146,BK001,Motorcycle,Bullet 350,32,44,13,63,5,9290925,2025-06-21
INV02396,DLR006,BK004,Spare Part,Chain Sprocket Drive Kit,132,154,242,44,22,91520,2026-01-25
INV02397,DLR144,BK001,Accessory,USB Charging Port,66,52,49,69,12,55545,2025-12-18
INV02398,DLR037,BK008,Accessory,RE Camo Riding Gloves,67,64,10,121,14,203280,2026-06-10
INV02399,DLR156,BK013,Motorcycle,Bullet 500,29,20,25,24,5,3835200,2026-06-24
INV02400,DLR022,BK003,Motorcycle,Hunter 350,33,46,17,62,10,7899730,2025-09-12
INV02401,DLR095,BK004,Accessory,Touring Screen / Flyscreen,35,81,19,97,24,186628,2025-12-20
INV02402,DLR191,BK007,Spare Part,Chain Sprocket Drive Kit,72,123,59,136,39,282880,2026-06-21
INV02403,DLR049,BK004,Accessory,Black Sump Guard,21,117,106,32,25,73920,2026-05-16
INV02404,DLR012,BK002,Accessory,RE Camo Riding Gloves,52,59,60,51,10,85680,2026-03-04
INV02405,DLR057,BK005,Spare Part,Chain Sprocket Drive Kit,97,197,84,210,35,436800,2026-06-16
INV02406,DLR083,BK001,Accessory,RE Camo Riding Gloves,40,32,18,54,16,90720,2025-09-22
INV02407,DLR030,BK014,Accessory,Royal Enfield Urban Riding Jacket,43,54,86,11,25,65450,2025-12-11
INV02408,DLR045,BK002,Spare Part,Spark Plug Twin Spark,48,213,32,229,46,41678,2026-06-21
INV02409,DLR164,BK004,Accessory,Black Sump Guard,53,33,58,28,18,64680,2026-03-15
INV02410,DLR188,BK012,Accessory,Tank Bag 15L,38,44,68,14,16,31360,2026-04-28
INV02411,DLR034,BK008,Accessory,Trapezium Engine Guard,35,87,47,75,23,178500,2025-09-19
INV02412,DLR093,BK006,Spare Part,Brake Pads Front/Rear,47,86,33,100,41,78000,2026-04-04
INV02413,DLR172,BK013,Accessory,Silver Sump Guard,48,106,99,55,14,119350,2025-11-12
INV02414,DLR049,BK015,Spare Part,Clutch Cable Wire,90,291,28,353,22,73424,2026-07-02
INV02415,DLR147,BK007,Accessory,Touring Screen / Flyscreen,77,27,53,51,19,98124,2025-10-10
INV02416,DLR093,BK011,Accessory,Touring Screen / Flyscreen,27,53,50,30,14,57720,2026-06-30
INV02417,DLR019,BK001,Motorcycle,Bullet 350,25,23,35,13,12,1917175,2025-06-01
INV02418,DLR162,BK008,Motorcycle,Continental GT 650,31,50,57,24,5,6507600,2025-10-26
INV02419,DLR034,BK002,Motorcycle,Classic 350,34,16,3,47,5,7713546,2025-10-25
INV02420,DLR105,BK009,Accessory,LED Fog Light Kit,60,38,20,78,11,262080,2025-07-01
INV02421,DLR135,BK005,Accessory,Aluminum Top Box 40L,53,42,54,41,20,416150,2026-05-29
INV02422,DLR111,BK012,Accessory,Master Cylinder Guard,38,41,17,62,20,52080,2025-10-15
INV02423,DLR073,BK013,Motorcycle,Bullet 500,7,11,8,10,11,1598000,2026-02-10
INV02424,DLR055,BK010,Accessory,Cast Alloy Wheels Set,42,109,115,36,11,415800,2026-01-25
INV02425,DLR003,BK014,Accessory,Royal Enfield Urban Riding Jacket,78,38,101,15,17,89250,2025-11-19
INV02426,DLR195,BK009,Spare Part,Air Filter Element,173,211,319,65,41,18980,2026-05-04
INV02427,DLR086,BK002,Accessory,Pannier Rails Pair,32,26,29,29,24,77140,2026-02-03
INV02428,DLR006,BK001,Accessory,Rider Touring Seat,15,107,67,55,22,144375,2025-08-06
INV02429,DLR119,BK015,Motorcycle,Continental GT 535,10,33,24,19,8,3359200,2026-03-07
INV02430,DLR041,BK008,Spare Part,Spark Plug Twin Spark,85,192,84,193,24,35126,2026-05-23
INV02431,DLR102,BK013,Spare Part,Oil Filter Element,116,64,133,47,47,10669,2025-09-15
INV02432,DLR078,BK009,Motorcycle,Interceptor 650,12,18,10,20,5,5151000,2025-07-07
INV02433,DLR067,BK015,Spare Part,Spark Plug Twin Spark,138,173,211,100,49,18200,2026-07-04
INV02434,DLR008,BK004,Accessory,Cast Alloy Wheels Set,56,114,85,85,12,981750,2026-03-05
INV02435,DLR081,BK012,Motorcycle,Classic 500,11,47,34,24,6,4284000,2025-06-23
INV02436,DLR031,BK012,Spare Part,Spark Plug Twin Spark,99,105,80,124,21,22568,2025-12-04
INV02437,DLR196,BK001,Accessory,Trapezium Engine Guard,45,52,15,82,23,195160,2026-05-23
INV02438,DLR006,BK001,Accessory,LED Fog Light Kit,66,84,84,66,22,221760,2025-12-09
INV02439,DLR084,BK009,Accessory,Master Cylinder Guard,35,64,33,66,24,55440,2026-01-12
INV02440,DLR100,BK009,Accessory,Aluminum Top Box 40L,61,108,121,48,19,487200,2025-11-07
INV02441,DLR037,BK010,Motorcycle,Super Meteor 650,20,31,4,47,6,14537805,2026-04-05
INV02442,DLR054,BK003,Spare Part,Oil Filter Element,134,261,250,145,29,32915,2026-04-09
INV02443,DLR072,BK003,Spare Part,Oil Filter Element,53,158,123,88,21,19976,2026-04-10
INV02444,DLR091,BK003,Motorcycle,Hunter 350,30,16,20,26,12,3312790,2025-07-09
INV02445,DLR177,BK005,Motorcycle,Himalayan 450,5,24,24,5,10,1211250,2026-01-20
INV02446,DLR128,BK008,Accessory,Black Sump Guard,37,52,16,73,19,168630,2026-03-29
INV02447,DLR063,BK009,Accessory,Rider Touring Seat,63,38,39,62,12,162750,2026-02-07
INV02448,DLR087,BK011,Accessory,Rider Touring Seat,74,45,90,29,19,76125,2026-02-03
INV02449,DLR120,BK011,Accessory,Trapezium Engine Guard,70,60,78,52,21,123760,2026-02-16
INV02450,DLR037,BK008,Spare Part,Chain Sprocket Drive Kit,121,126,232,15,40,31200,2025-12-16
INV02451,DLR160,BK010,Spare Part,Clutch Cable Wire,193,275,308,160,38,33280,2026-02-06
INV02452,DLR057,BK011,Motorcycle,Shotgun 650,12,41,51,2,10,610980,2026-02-26
INV02453,DLR027,BK015,Motorcycle,Continental GT 535,29,29,43,15,7,2652000,2026-03-18
INV02454,DLR135,BK014,Accessory,Waterproof Duffel Bag,74,72,39,107,10,314580,2026-01-22
INV02455,DLR081,BK001,Accessory,Silver Sump Guard,27,111,54,84,21,182280,2025-12-04
INV02456,DLR025,BK001,Accessory,Black Commuter Pannier,30,91,76,45,22,141750,2026-06-22
INV02457,DLR156,BK014,Accessory,Black Sump Guard,26,67,81,12,10,27720,2025-07-03
INV02458,DLR125,BK002,Accessory,Tripper Navigation Module,31,95,68,58,10,211062,2025-07-11
INV02459,DLR187,BK003,Spare Part,Air Filter Element,194,79,116,157,44,45844,2025-12-25
INV02460,DLR044,BK011,Spare Part,Oil Filter Element,45,149,37,157,31,35639,2026-04-24
INV02461,DLR018,BK013,Motorcycle,Bullet 500,24,40,29,35,5,5593000,2025-11-23
INV02462,DLR069,BK004,Accessory,Master Cylinder Guard,66,90,42,114,12,95760,2026-04-06
INV02463,DLR077,BK012,Accessory,Touring Screen / Flyscreen,15,108,26,97,17,186628,2025-08-28
INV02464,DLR128,BK012,Motorcycle,Classic 500,35,40,34,41,7,7318500,2025-11-22
INV02465,DLR116,BK006,Accessory,Master Cylinder Guard,30,43,25,48,11,40320,2025-09-12
INV02466,DLR077,BK009,Accessory,RE Camo Riding Gloves,22,61,62,21,18,35280,2025-09-13
INV02467,DLR021,BK008,Motorcycle,Continental GT 650,35,15,6,44,9,11930600,2025-12-20
INV02468,DLR054,BK013,Spare Part,Engine Oil 15W50 Semi-Synth,164,227,222,169,44,104273,2026-06-09
INV02469,DLR117,BK014,Motorcycle,Thunderbird 350X,7,46,37,16,12,2216800,2026-03-01
INV02470,DLR054,BK006,Motorcycle,Guerrilla 450,15,29,21,23,10,4672450,2026-04-14
INV02471,DLR049,BK002,Accessory,Low Ride Seat,27,39,32,34,19,76160,2026-01-13
INV02472,DLR001,BK015,Accessory,LED Fog Light Kit,39,52,23,68,17,228480,2025-12-01
INV02473,DLR167,BK014,Spare Part,Clutch Cable Wire,101,227,28,300,34,62400,2025-12-28
INV02474,DLR066,BK013,Spare Part,Engine Oil 15W50 Semi-Synth,196,192,374,14,32,8638,2026-05-21
INV02475,DLR034,BK011,Accessory,Rider Touring Seat,67,90,38,119,16,312375,2025-07-16
INV02476,DLR076,BK015,Accessory,Low Ride Seat,51,90,93,48,10,107520,2026-07-04
INV02477,DLR120,BK014,Motorcycle,Thunderbird 350X,5,38,37,6,9,831300,2026-06-09
INV02478,DLR089,BK011,Spare Part,Spark Plug Twin Spark,114,187,179,122,21,22204,2025-08-30
INV02479,DLR034,BK003,Accessory,LED Fog Light Kit,63,107,11,159,14,534240,2025-07-20
INV02480,DLR142,BK001,Accessory,Waterproof Duffel Bag,77,36,52,61,15,179340,2026-01-16
INV02481,DLR152,BK004,Spare Part,Spark Plug Twin Spark,95,280,163,212,31,38584,2025-08-02
INV02482,DLR183,BK013,Accessory,Tank Bag 15L,71,82,86,67,14,150080,2025-07-04
INV02483,DLR188,BK014,Motorcycle,Thunderbird 350X,29,45,27,47,5,6511850,2025-12-30
INV02484,DLR054,BK012,Motorcycle,Classic 500,11,41,9,43,5,7675500,2026-05-16
INV02485,DLR172,BK009,Motorcycle,Interceptor 650,15,38,49,4,10,1030200,2025-10-17
INV02486,DLR048,BK013,Motorcycle,Bullet 500,12,31,16,27,9,4314600,2026-03-17
INV02487,DLR117,BK003,Spare Part,Chain Sprocket Drive Kit,163,208,285,86,46,178880,2026-04-30
INV02488,DLR167,BK012,Spare Part,Air Filter Element,72,91,110,53,47,15476,2026-07-05
INV02489,DLR057,BK006,Motorcycle,Guerrilla 450,35,21,31,25,12,5078750,2025-10-12
INV02490,DLR167,BK007,Accessory,Compact Engine Guard,39,49,76,12,18,23508,2026-02-07
INV02491,DLR029,BK004,Spare Part,Brake Pads Front/Rear,116,185,277,24,48,18720,2026-05-18
INV02492,DLR183,BK008,Accessory,Master Cylinder Guard,35,43,20,58,15,48720,2026-06-06
INV02493,DLR012,BK001,Accessory,Compact Engine Guard,34,47,45,36,14,70524,2025-06-25
INV02494,DLR049,BK004,Accessory,Bar End Mirrors Pair,76,101,63,114,19,367080,2025-12-08
INV02495,DLR197,BK014,Motorcycle,Thunderbird 350X,31,12,6,37,7,5126350,2025-07-20
INV02496,DLR081,BK011,Accessory,Low Ride Seat,40,71,58,53,23,118720,2026-03-17
INV02497,DLR072,BK011,Spare Part,Chain Sprocket Drive Kit,116,179,217,78,43,162240,2026-04-15
INV02498,DLR078,BK010,Motorcycle,Super Meteor 650,23,40,37,26,10,8042190,2026-05-22
INV02499,DLR030,BK014,Motorcycle,Thunderbird 350X,25,29,21,33,10,4572150,2026-06-07
INV02500,DLR083,BK004,Accessory,Cast Alloy Wheels Set,64,83,137,10,16,115500,2026-02-07
INV02501,DLR081,BK010,Accessory,Master Cylinder Guard,41,31,42,30,22,25200,2025-07-26
INV02502,DLR102,BK007,Accessory,Low Ride Seat,53,43,75,21,11,47040,2026-04-05
INV02503,DLR021,BK002,Accessory,RE Horizon Full Face Helmet,29,68,75,22,15,64680,2025-10-30
INV02504,DLR156,BK013,Accessory,Compact Engine Guard,60,106,76,90,13,176310,2025-07-07
INV02505,DLR173,BK015,Accessory,Trapezium Engine Guard,69,67,92,44,18,104720,2026-02-08
INV02506,DLR102,BK006,Motorcycle,Guerrilla 450,10,37,33,14,9,2844100,2026-04-02
INV02507,DLR005,BK008,Accessory,Low Ride Seat,59,32,35,56,17,125440,2025-10-12
INV02508,DLR094,BK007,Motorcycle,Scram 411,23,23,17,29,9,5087586,2026-05-08
INV02509,DLR154,BK006,Accessory,Aluminum Top Box 40L,28,62,78,12,14,121800,2025-08-19
INV02510,DLR181,BK015,Motorcycle,Continental GT 535,6,48,22,32,12,5657600,2025-12-23
INV02511,DLR010,BK006,Accessory,Tripper Navigation Module,67,114,103,78,23,283842,2025-07-13
INV02512,DLR043,BK005,Accessory,Bar End Mirrors Pair,42,49,48,43,18,138460,2025-07-20
INV02513,DLR080,BK007,Accessory,Touring Screen / Flyscreen,64,94,62,96,14,184704,2025-12-08
INV02514,DLR173,BK003,Spare Part,Engine Oil 15W50 Semi-Synth,103,214,139,178,49,109826,2026-01-29
INV02515,DLR055,BK013,Accessory,Machined Oil Filler Cap,35,98,16,117,17,69615,2025-07-14
INV02516,DLR195,BK012,Motorcycle,Classic 500,17,42,29,30,12,5355000,2026-05-20
INV02517,DLR068,BK015,Spare Part,Battery 12V 14Ah,164,161,294,31,49,56420,2026-01-17
INV02518,DLR052,BK003,Motorcycle,Hunter 350,7,44,8,43,6,5478845,2025-12-24
INV02519,DLR158,BK005,Motorcycle,Himalayan 450,8,45,12,41,11,9932250,2026-06-21
INV02520,DLR155,BK008,Spare Part,Engine Oil 15W50 Semi-Synth,159,233,264,128,41,78976,2025-06-30
INV02521,DLR183,BK002,Accessory,RE Horizon Full Face Helmet,74,54,114,14,10,41160,2025-11-27
INV02522,DLR193,BK005,Motorcycle,Himalayan 450,7,47,51,3,9,726750,2026-06-03
INV02523,DLR179,BK010,Accessory,Aluminum Top Box 40L,30,35,40,25,19,253750,2025-08-26
INV02524,DLR100,BK002,Accessory,Master Cylinder Guard,71,59,13,117,19,98280,2025-12-01
INV02525,DLR021,BK003,Spare Part,Clutch Cable Wire,158,194,136,216,40,44928,2026-01-22
INV02526,DLR008,BK009,Motorcycle,Interceptor 650,28,25,25,28,12,7211400,2026-05-16
INV02527,DLR071,BK004,Spare Part,Engine Oil 15W50 Semi-Synth,39,57,44,52,40,32084,2026-03-26
INV02528,DLR046,BK005,Accessory,RE Camo Riding Gloves,30,39,44,25,21,42000,2025-10-11
INV02529,DLR171,BK011,Accessory,RE Horizon Full Face Helmet,73,42,61,54,17,158760,2025-07-22
INV02530,DLR167,BK006,Motorcycle,Guerrilla 450,7,10,11,6,11,1218900,2026-01-10
INV02531,DLR114,BK014,Motorcycle,Thunderbird 350X,34,18,50,2,10,277100,2026-05-18
INV02532,DLR115,BK010,Motorcycle,Super Meteor 650,11,30,20,21,5,6495615,2025-12-16
INV02533,DLR070,BK003,Accessory,USB Charging Port,35,48,56,27,18,21735,2026-02-28
INV02534,DLR129,BK015,Accessory,Cast Alloy Wheels Set,25,88,101,12,23,138600,2025-10-23
INV02535,DLR196,BK009,Accessory,Black Commuter Pannier,24,42,15,51,14,160650,2025-09-30
INV02536,DLR073,BK010,Accessory,Pannier Rails Pair,41,116,137,20,11,53200,2026-05-28
INV02537,DLR101,BK003,Accessory,Low Ride Seat,57,37,60,34,18,76160,2026-05-31
INV02538,DLR054,BK007,Motorcycle,Scram 411,12,43,53,2,12,350868,2025-06-30
INV02539,DLR182,BK006,Accessory,Waterproof Duffel Bag,35,99,74,60,18,176400,2026-02-10
INV02540,DLR188,BK006,Spare Part,Battery 12V 14Ah,41,239,230,50,21,91000,2026-03-19
INV02541,DLR111,BK005,Accessory,Rear Passenger Backrest,63,93,81,75,17,97125,2026-02-18
INV02542,DLR162,BK006,Accessory,Trapezium Engine Guard,30,75,64,41,20,97580,2026-03-11
INV02543,DLR195,BK007,Accessory,Tripper Navigation Module,57,49,27,79,19,287481,2026-04-13
INV02544,DLR116,BK013,Accessory,Rider Touring Seat,41,25,24,42,22,110250,2025-07-09
INV02545,DLR157,BK010,Accessory,Master Cylinder Guard,63,113,15,161,17,135240,2026-03-05
INV02546,DLR177,BK012,Accessory,Black Sump Guard,62,112,122,52,19,120120,2025-08-07
INV02547,DLR190,BK004,Spare Part,Air Filter Element,145,238,293,90,20,26280,2026-05-12
INV02548,DLR056,BK008,Motorcycle,Continental GT 650,7,45,30,22,10,5965300,2026-03-03
INV02549,DLR140,BK001,Accessory,Tank Bag 15L,29,108,28,109,11,244160,2025-10-07
INV02550,DLR106,BK006,Accessory,Tank Bag 15L,55,75,59,71,17,159040,2026-05-20
INV02551,DLR099,BK012,Spare Part,Chain Sprocket Drive Kit,79,299,307,71,41,147680,2026-06-22
INV02552,DLR030,BK004,Spare Part,Oil Filter Element,198,257,96,359,48,81493,2025-08-30
INV02553,DLR054,BK014,Motorcycle,Thunderbird 350X,14,21,6,29,5,4017950,2025-09-27
INV02554,DLR126,BK010,Accessory,Touring Screen / Flyscreen,38,23,29,32,24,61568,2026-03-16
INV02555,DLR184,BK012,Motorcycle,Classic 500,28,12,8,32,7,5712000,2025-09-27
INV02556,DLR052,BK006,Spare Part,Air Filter Element,156,211,266,101,42,29492,2026-06-13
INV02557,DLR089,BK010,Motorcycle,Super Meteor 650,10,48,11,47,7,14537805,2026-04-13
INV02558,DLR040,BK015,Motorcycle,Continental GT 535,12,23,17,18,5,3182400,2026-06-17
INV02559,DLR074,BK006,Spare Part,Spark Plug Twin Spark,31,219,166,84,48,15288,2025-11-12
INV02560,DLR013,BK015,Accessory,LED Fog Light Kit,52,97,30,119,12,399840,2025-09-24
INV02561,DLR155,BK003,Accessory,Rider Touring Seat,67,94,118,43,19,112875,2026-04-16
INV02562,DLR062,BK009,Spare Part,Chain Sprocket Drive Kit,173,107,47,233,27,484640,2026-03-08
INV02563,DLR004,BK012,Motorcycle,Classic 500,26,23,18,31,8,5533500,2025-09-29
INV02564,DLR112,BK012,Accessory,RE Camo Riding Gloves,40,109,113,36,12,60480,2025-11-01
INV02565,DLR185,BK001,Motorcycle,Bullet 350,26,36,7,55,9,8111125,2025-12-04
INV02566,DLR108,BK002,Spare Part,Clutch Cable Wire,167,77,154,90,23,18720,2026-04-27
INV02567,DLR020,BK001,Accessory,Cast Alloy Wheels Set,51,104,48,107,15,1235850,2025-08-24
INV02568,DLR061,BK002,Accessory,LED Fog Light Kit,79,94,97,76,16,255360,2026-04-26
INV02569,DLR167,BK003,Motorcycle,Hunter 350,34,12,38,8,6,1019320,2025-06-04
INV02570,DLR124,BK003,Motorcycle,Hunter 350,28,19,44,3,12,382245,2025-11-01
INV02571,DLR190,BK008,Accessory,Trapezium Engine Guard,26,99,107,18,19,42840,2025-10-15
INV02572,DLR032,BK001,Accessory,Bar End Mirrors Pair,41,59,44,56,18,180320,2025-08-17
INV02573,DLR087,BK004,Accessory,Master Cylinder Guard,49,96,86,59,12,49560,2026-02-09
INV02574,DLR129,BK006,Accessory,LED Fog Light Kit,78,25,29,74,16,248640,2026-03-26
INV02575,DLR034,BK009,Accessory,Rider Touring Seat,25,27,14,38,21,99750,2026-01-11
INV02576,DLR018,BK010,Spare Part,Brake Pads Front/Rear,104,214,147,171,43,133380,2026-03-31
INV02577,DLR114,BK013,Accessory,Touring Passenger Seat,45,59,21,83,10,171395,2026-05-09
INV02578,DLR192,BK014,Motorcycle,Thunderbird 350X,32,29,12,49,10,6788950,2025-06-24
INV02579,DLR083,BK010,Accessory,Rider Touring Seat,28,27,34,21,15,55125,2026-01-03
INV02580,DLR144,BK005,Motorcycle,Himalayan 450,7,45,32,20,12,4845000,2026-01-08
INV02581,DLR173,BK015,Accessory,Waterproof Duffel Bag,26,108,70,64,23,188160,2026-04-21
INV02582,DLR137,BK008,Accessory,Touring Screen / Flyscreen,68,36,12,92,19,177008,2025-08-27
INV02583,DLR197,BK010,Accessory,Streetwind V3 Mesh Jacket,26,27,15,38,19,164920,2025-07-03
INV02584,DLR013,BK012,Motorcycle,Classic 500,28,19,25,22,7,3927000,2025-09-17
INV02585,DLR013,BK007,Accessory,Black Sump Guard,76,72,51,97,20,224070,2025-07-31
INV02586,DLR082,BK015,Motorcycle,Continental GT 535,30,42,68,4,5,707200,2025-06-22
INV02587,DLR080,BK010,Spare Part,Brake Pads Front/Rear,123,120,132,111,38,86580,2025-06-13
INV02588,DLR096,BK014,Motorcycle,Thunderbird 350X,14,47,50,11,10,1524050,2026-05-03
INV02589,DLR023,BK008,Accessory,Compact Engine Guard,48,36,16,68,19,133212,2026-02-01
INV02590,DLR054,BK014,Motorcycle,Thunderbird 350X,21,38,38,21,12,2909550,2025-11-17
INV02591,DLR033,BK007,Motorcycle,Scram 411,10,43,19,34,9,5964756,2025-07-30
INV02592,DLR060,BK004,Accessory,Aluminum Top Box 40L,21,42,53,10,12,101500,2025-07-01
INV02593,DLR056,BK008,Accessory,Compact Engine Guard,18,38,25,31,16,60729,2025-11-10
INV02594,DLR139,BK003,Motorcycle,Hunter 350,30,11,30,11,7,1401565,2026-01-26
INV02595,DLR080,BK011,Motorcycle,Shotgun 650,30,33,33,30,5,9164700,2026-02-16
INV02596,DLR136,BK004,Motorcycle,Meteor 350,17,12,11,18,6,3150270,2025-12-12
INV02597,DLR026,BK005,Motorcycle,Himalayan 450,31,27,17,41,9,9932250,2026-03-27
INV02598,DLR029,BK012,Spare Part,Oil Filter Element,108,261,202,167,41,37909,2025-11-09
INV02599,DLR116,BK012,Motorcycle,Classic 500,18,50,40,28,8,4998000,2025-09-09
INV02600,DLR060,BK001,Motorcycle,Bullet 350,5,23,4,24,10,3539400,2026-03-08
INV02601,DLR200,BK002,Accessory,Pannier Rails Pair,80,64,70,74,20,196840,2025-06-02
INV02602,DLR111,BK003,Accessory,Pannier Rails Pair,19,113,105,27,18,71820,2026-04-10
INV02603,DLR017,BK010,Accessory,RE Camo Riding Gloves,47,119,71,95,24,159600,2025-09-09
INV02604,DLR061,BK004,Motorcycle,Meteor 350,31,49,29,51,11,8925765,2026-06-15
INV02605,DLR091,BK006,Accessory,Bar End Mirrors Pair,58,104,25,137,15,441140,2025-08-10
INV02606,DLR003,BK011,Accessory,Pannier Rails Pair,39,89,100,28,19,74480,2026-06-22
INV02607,DLR127,BK014,Accessory,Touring Screen / Flyscreen,34,77,86,25,21,48100,2025-07-04
INV02608,DLR055,BK014,Motorcycle,Thunderbird 350X,29,27,28,28,10,3879400,2025-07-09
INV02609,DLR140,BK004,Accessory,Cast Alloy Wheels Set,27,52,65,14,13,161700,2026-04-19
INV02610,DLR043,BK001,Motorcycle,Bullet 350,13,12,17,8,8,1179800,2025-10-19
INV02611,DLR005,BK001,Accessory,Tripper Navigation Module,24,107,93,38,23,138282,2026-04-20
INV02612,DLR016,BK002,Accessory,Bar End Mirrors Pair,43,119,38,124,24,399280,2025-10-02
INV02613,DLR080,BK014,Accessory,Touring Screen / Flyscreen,70,45,32,83,13,159692,2025-12-06
INV02614,DLR093,BK004,Accessory,Low Ride Seat,74,61,35,100,13,224000,2026-02-09
INV02615,DLR084,BK003,Spare Part,Chain Sprocket Drive Kit,55,253,119,189,49,393120,2026-05-05
INV02616,DLR041,BK005,Spare Part,Brake Pads Front/Rear,38,84,65,57,38,44460,2025-09-10
INV02617,DLR127,BK014,Accessory,Bar End Mirrors Pair,25,88,39,74,20,238280,2025-06-20
INV02618,DLR164,BK001,Motorcycle,Bullet 350,22,40,50,12,9,1769700,2025-06-07
INV02619,DLR172,BK009,Accessory,Pannier Rails Pair,77,110,142,45,18,119700,2025-08-09
INV02620,DLR059,BK006,Motorcycle,Guerrilla 450,22,12,25,9,7,1828350,2026-01-09
INV02621,DLR080,BK003,Motorcycle,Hunter 350,14,47,11,50,9,6370750,2025-07-08
INV02622,DLR100,BK012,Motorcycle,Classic 500,33,27,21,39,12,6961500,2026-01-26
INV02623,DLR167,BK010,Spare Part,Battery 12V 14Ah,194,209,238,165,39,300300,2026-06-16
INV02624,DLR051,BK010,Accessory,Master Cylinder Guard,15,64,57,22,12,18480,2025-12-05
INV02625,DLR190,BK011,Accessory,Rear Passenger Backrest,60,111,58,113,17,146335,2025-06-06
INV02626,DLR075,BK004,Motorcycle,Meteor 350,13,45,10,48,10,8400720,2026-03-18
INV02627,DLR144,BK015,Accessory,Master Cylinder Guard,64,86,130,20,19,16800,2025-10-28
INV02628,DLR057,BK004,Accessory,Rider Touring Seat,29,53,11,71,14,186375,2026-04-08
INV02629,DLR006,BK004,Spare Part,Brake Pads Front/Rear,169,77,227,19,41,14820,2025-06-04
INV02630,DLR057,BK010,Motorcycle,Super Meteor 650,8,29,3,34,12,10516710,2025-11-24
INV02631,DLR096,BK010,Accessory,Waterproof Duffel Bag,36,29,36,29,16,85260,2025-10-08
INV02632,DLR130,BK005,Accessory,Black Commuter Pannier,44,27,31,40,16,126000,2025-11-02
INV02633,DLR067,BK015,Spare Part,Battery 12V 14Ah,116,278,206,188,20,342160,2026-02-19
INV02634,DLR038,BK015,Motorcycle,Continental GT 535,9,43,43,9,6,1591200,2025-12-19
INV02635,DLR021,BK004,Spare Part,Engine Oil 15W50 Semi-Synth,178,276,192,262,41,161654,2026-02-19
INV02636,DLR138,BK014,Spare Part,Battery 12V 14Ah,87,252,98,241,49,438620,2026-02-04
INV02637,DLR032,BK005,Accessory,Pannier Rails Pair,58,57,28,87,19,231420,2026-01-09
INV02638,DLR134,BK014,Accessory,RE Camo Riding Gloves,71,42,16,97,16,162960,2025-08-25
INV02639,DLR052,BK009,Motorcycle,Interceptor 650,9,18,18,9,5,2317950,2025-11-07
INV02640,DLR157,BK005,Motorcycle,Himalayan 450,33,18,33,18,9,4360500,2025-06-15
INV02641,DLR041,BK007,Accessory,Bar End Mirrors Pair,56,98,56,98,18,315560,2025-12-05
INV02642,DLR144,BK015,Motorcycle,Continental GT 535,12,25,10,27,5,4773600,2026-02-15
INV02643,DLR026,BK009,Accessory,Rear Passenger Backrest,18,61,21,58,18,75110,2025-09-29
INV02644,DLR169,BK009,Accessory,Touring Passenger Seat,75,48,72,51,18,105315,2026-03-24
INV02645,DLR012,BK010,Accessory,Royal Enfield Urban Riding Jacket,50,83,21,112,12,666400,2026-06-05
INV02646,DLR052,BK014,Spare Part,Spark Plug Twin Spark,39,154,63,130,48,23660,2025-07-07
INV02647,DLR185,BK005,Spare Part,Engine Oil 15W50 Semi-Synth,89,105,114,80,28,49360,2026-01-11
INV02648,DLR049,BK013,Accessory,LED Fog Light Kit,22,41,30,33,20,110880,2025-11-25
INV02649,DLR194,BK014,Spare Part,Chain Sprocket Drive Kit,78,124,186,16,37,33280,2025-08-01
INV02650,DLR068,BK002,Spare Part,Clutch Cable Wire,148,300,257,191,41,39728,2025-07-27
INV02651,DLR143,BK001,Accessory,Rear Passenger Backrest,32,38,58,12,16,15540,2026-04-13
INV02652,DLR110,BK007,Accessory,Bar End Mirrors Pair,61,109,36,134,18,431480,2025-07-25
INV02653,DLR152,BK001,Accessory,Touring Passenger Seat,72,55,50,77,24,159005,2025-10-19
INV02654,DLR096,BK007,Accessory,Touring Screen / Flyscreen,34,67,12,89,25,171236,2026-01-06
INV02655,DLR049,BK004,Accessory,Streetwind V3 Mesh Jacket,44,73,46,71,16,308140,2025-12-09
INV02656,DLR194,BK004,Accessory,Touring Passenger Seat,27,57,60,24,17,49560,2025-06-28
INV02657,DLR128,BK001,Accessory,Trapezium Engine Guard,57,87,62,82,10,195160,2025-10-10
INV02658,DLR044,BK013,Spare Part,Chain Sprocket Drive Kit,85,88,86,87,22,180960,2025-06-26
INV02659,DLR046,BK007,Accessory,Aluminum Top Box 40L,78,56,71,63,18,639450,2026-05-16
INV02660,DLR075,BK010,Motorcycle,Super Meteor 650,17,41,17,41,10,12681915,2025-08-13
INV02661,DLR026,BK007,Motorcycle,Scram 411,12,29,5,36,7,6315624,2026-02-15
INV02662,DLR152,BK008,Spare Part,Brake Pads Front/Rear,188,104,129,163,28,127140,2026-04-10
INV02663,DLR177,BK015,Accessory,Rear Passenger Backrest,75,96,60,111,21,143745,2025-09-21
INV02664,DLR159,BK012,Spare Part,Clutch Cable Wire,129,91,51,169,43,35152,2025-11-14
INV02665,DLR075,BK003,Accessory,Waterproof Duffel Bag,32,72,68,36,12,105840,2026-02-25
INV02666,DLR138,BK010,Spare Part,Oil Filter Element,134,238,269,103,21,23381,2025-07-16
INV02667,DLR054,BK007,Motorcycle,Scram 411,7,36,27,16,12,2806944,2025-09-21
INV02668,DLR048,BK013,Motorcycle,Bullet 500,27,39,44,22,12,3515600,2025-11-26
INV02669,DLR151,BK005,Spare Part,Spark Plug Twin Spark,97,174,147,124,43,22568,2025-08-31
INV02670,DLR007,BK013,Motorcycle,Bullet 500,12,24,31,5,11,799000,2026-03-29
INV02671,DLR117,BK010,Motorcycle,Super Meteor 650,18,18,32,4,11,1237260,2025-08-16
INV02672,DLR070,BK004,Accessory,Royal Enfield Urban Riding Jacket,21,116,61,76,17,452200,2025-06-20
INV02673,DLR010,BK008,Accessory,Touring Passenger Seat,41,110,65,86,12,177590,2026-01-29
INV02674,DLR129,BK008,Spare Part,Clutch Cable Wire,137,106,184,59,25,12272,2025-07-09
INV02675,DLR028,BK009,Spare Part,Engine Oil 15W50 Semi-Synth,128,86,123,91,40,56147,2026-03-21
INV02676,DLR135,BK008,Accessory,Aluminum Top Box 40L,29,26,32,23,24,233450,2025-09-17
INV02677,DLR077,BK005,Spare Part,Chain Sprocket Drive Kit,163,137,26,274,21,569920,2026-04-14
INV02678,DLR076,BK008,Accessory,Rear Passenger Backrest,73,116,180,9,15,11655,2026-03-27
INV02679,DLR060,BK014,Accessory,RE Camo Riding Gloves,27,69,62,34,14,57120,2026-06-10
INV02680,DLR180,BK010,Spare Part,Battery 12V 14Ah,176,277,92,361,38,657020,2025-12-19
INV02681,DLR139,BK015,Accessory,Machined Oil Filler Cap,69,113,135,47,24,27965,2026-01-05
INV02682,DLR060,BK010,Accessory,Low Ride Seat,62,36,70,28,17,62720,2025-12-24
INV02683,DLR003,BK001,Spare Part,Battery 12V 14Ah,122,144,27,239,28,434980,2025-06-05
INV02684,DLR167,BK009,Motorcycle,Interceptor 650,27,22,35,14,8,3605700,2026-07-05
INV02685,DLR129,BK010,Motorcycle,Super Meteor 650,7,39,23,23,7,7114245,2026-03-06
INV02686,DLR166,BK003,Motorcycle,Hunter 350,33,40,4,69,12,8791635,2026-02-03
INV02687,DLR165,BK015,Accessory,USB Charging Port,66,35,76,25,15,20125,2025-12-09
INV02688,DLR107,BK012,Motorcycle,Classic 500,18,26,5,39,7,6961500,2026-03-10
INV02689,DLR165,BK001,Motorcycle,Bullet 350,34,45,6,73,7,10765675,2025-08-27
INV02690,DLR046,BK011,Accessory,Tank Bag 15L,70,30,62,38,20,85120,2025-07-18
INV02691,DLR122,BK012,Spare Part,Chain Sprocket Drive Kit,131,154,71,214,47,445120,2025-12-24
INV02692,DLR091,BK008,Spare Part,Spark Plug Twin Spark,85,189,232,42,36,7644,2025-09-11
INV02693,DLR051,BK013,Accessory,Rider Touring Seat,48,23,49,22,13,57750,2025-09-04
INV02694,DLR199,BK007,Spare Part,Engine Oil 15W50 Semi-Synth,146,153,155,144,38,88848,2026-03-13
INV02695,DLR094,BK008,Accessory,Black Commuter Pannier,36,76,36,76,20,239400,2026-03-18
INV02696,DLR142,BK005,Spare Part,Battery 12V 14Ah,36,234,233,37,49,67340,2025-11-12
INV02697,DLR077,BK008,Motorcycle,Continental GT 650,29,49,20,58,11,15726700,2025-10-16
INV02698,DLR100,BK012,Accessory,Master Cylinder Guard,67,78,74,71,25,59640,2025-07-27
INV02699,DLR129,BK010,Spare Part,Engine Oil 15W50 Semi-Synth,139,154,47,246,35,151782,2025-09-27
INV02700,DLR183,BK002,Accessory,Trapezium Engine Guard,18,30,38,10,25,23800,2026-01-27
INV02701,DLR103,BK007,Spare Part,Brake Pads Front/Rear,43,95,45,93,20,72540,2025-06-13
INV02702,DLR166,BK015,Motorcycle,Continental GT 535,27,37,22,42,7,7425600,2025-09-20
INV02703,DLR131,BK003,Motorcycle,Hunter 350,15,30,14,31,7,3949865,2025-06-16
INV02704,DLR155,BK005,Motorcycle,Himalayan 450,13,31,28,16,7,3876000,2026-04-21
INV02705,DLR161,BK002,Motorcycle,Classic 350,33,11,13,31,10,5087658,2025-10-11
INV02706,DLR166,BK014,Motorcycle,Thunderbird 350X,13,16,5,24,8,3325200,2026-03-19
INV02707,DLR104,BK006,Motorcycle,Guerrilla 450,10,31,23,18,6,3656700,2026-01-14
INV02708,DLR199,BK007,Accessory,Streetwind V3 Mesh Jacket,43,73,48,68,20,295120,2025-06-14
INV02709,DLR154,BK011,Spare Part,Chain Sprocket Drive Kit,67,180,182,65,45,135200,2026-02-02
INV02710,DLR095,BK011,Spare Part,Oil Filter Element,45,297,123,219,42,49713,2025-07-21
INV02711,DLR074,BK012,Motorcycle,Classic 500,5,35,9,31,9,5533500,2025-09-30
INV02712,DLR046,BK009,Accessory,Pannier Rails Pair,52,77,15,114,10,303240,2025-12-30
INV02713,DLR154,BK010,Accessory,Bar End Mirrors Pair,29,90,82,37,14,119140,2025-09-23
INV02714,DLR121,BK002,Motorcycle,Classic 350,14,47,6,55,12,9026490,2025-07-20
INV02715,DLR169,BK002,Motorcycle,Classic 350,18,26,30,14,5,2297652,2025-12-15
INV02716,DLR182,BK009,Spare Part,Battery 12V 14Ah,161,130,38,253,26,460460,2026-04-03
INV02717,DLR026,BK003,Accessory,Tripper Navigation Module,76,99,19,156,20,567684,2025-09-06
INV02718,DLR172,BK009,Accessory,Aluminum Top Box 40L,24,112,98,38,20,385700,2025-09-17
INV02719,DLR187,BK013,Motorcycle,Bullet 500,10,46,31,25,5,3995000,2025-09-26
INV02720,DLR146,BK012,Spare Part,Battery 12V 14Ah,81,109,156,34,20,61880,2025-06-16
INV02721,DLR065,BK015,Motorcycle,Continental GT 535,26,22,13,35,11,6188000,2026-06-09
INV02722,DLR176,BK011,Spare Part,Spark Plug Twin Spark,192,127,88,231,45,42042,2025-06-05
INV02723,DLR068,BK013,Motorcycle,Bullet 500,11,19,3,27,5,4314600,2026-05-23
INV02724,DLR175,BK009,Spare Part,Clutch Cable Wire,169,146,114,201,42,41808,2026-05-22
INV02725,DLR049,BK004,Motorcycle,Meteor 350,20,43,7,56,8,9800840,2025-10-31
INV02726,DLR043,BK015,Motorcycle,Continental GT 535,33,28,31,30,9,5304000,2025-12-21
INV02727,DLR120,BK006,Spare Part,Battery 12V 14Ah,86,93,106,73,22,132860,2026-05-29
INV02728,DLR161,BK005,Motorcycle,Himalayan 450,33,36,11,58,12,14050500,2025-09-06
INV02729,DLR023,BK003,Motorcycle,Hunter 350,9,17,21,5,12,637075,2026-03-21
INV02730,DLR040,BK005,Spare Part,Chain Sprocket Drive Kit,59,168,95,132,21,274560,2025-09-25
INV02731,DLR084,BK011,Accessory,Streetwind V3 Mesh Jacket,19,25,34,10,20,43400,2025-12-14
INV02732,DLR134,BK005,Motorcycle,Himalayan 450,19,19,34,4,8,969000,2025-10-17
INV02733,DLR015,BK007,Accessory,LED Fog Light Kit,57,53,24,86,17,288960,2026-07-02
INV02734,DLR047,BK007,Motorcycle,Scram 411,27,10,9,28,10,4912152,2025-06-29
INV02735,DLR142,BK011,Spare Part,Oil Filter Element,63,207,154,116,26,26332,2025-06-23
INV02736,DLR152,BK003,Motorcycle,Hunter 350,29,24,16,37,12,4714355,2025-06-16
INV02737,DLR065,BK011,Accessory,Streetwind V3 Mesh Jacket,20,47,51,16,23,69440,2025-06-09
INV02738,DLR128,BK003,Accessory,Rider Touring Seat,19,72,27,64,24,168000,2025-09-05
INV02739,DLR198,BK005,Accessory,Master Cylinder Guard,62,34,88,8,24,6720,2026-05-12
INV02740,DLR176,BK003,Accessory,Aluminum Top Box 40L,57,89,108,38,25,385700,2026-04-16
INV02741,DLR185,BK004,Motorcycle,Meteor 350,33,12,12,33,12,5775495,2026-02-18
INV02742,DLR109,BK004,Spare Part,Spark Plug Twin Spark,166,287,250,203,46,36946,2026-01-01
INV02743,DLR200,BK015,Accessory,Tank Bag 15L,27,37,43,21,11,47040,2025-12-27
INV02744,DLR156,BK014,Spare Part,Clutch Cable Wire,70,276,88,258,23,53664,2025-06-19
INV02745,DLR179,BK014,Accessory,Aluminum Top Box 40L,42,30,35,37,13,375550,2025-11-19
INV02746,DLR098,BK013,Accessory,Streetwind V3 Mesh Jacket,58,98,123,33,13,143220,2025-09-17
INV02747,DLR069,BK002,Motorcycle,Classic 350,35,18,41,12,7,1969416,2026-04-20
INV02748,DLR138,BK011,Spare Part,Engine Oil 15W50 Semi-Synth,32,119,46,105,47,64785,2025-09-17
INV02749,DLR142,BK011,Accessory,Machined Oil Filler Cap,38,52,67,23,22,13685,2025-11-11
INV02750,DLR177,BK014,Accessory,Pannier Rails Pair,20,84,51,53,20,140980,2025-10-12
INV02751,DLR139,BK009,Spare Part,Brake Pads Front/Rear,129,196,50,275,29,214500,2025-10-02
INV02752,DLR149,BK013,Accessory,USB Charging Port,51,99,87,63,18,50715,2025-06-01
INV02753,DLR102,BK001,Motorcycle,Bullet 350,17,47,51,13,5,1917175,2026-03-20
INV02754,DLR163,BK006,Accessory,Trapezium Engine Guard,59,106,43,122,13,290360,2026-03-17
INV02755,DLR135,BK010,Accessory,Touring Passenger Seat,15,118,73,60,24,123900,2026-02-11
INV02756,DLR050,BK001,Accessory,USB Charging Port,26,62,39,49,10,39445,2025-08-23
INV02757,DLR149,BK004,Motorcycle,Meteor 350,35,34,62,7,12,1225105,2025-07-02
INV02758,DLR089,BK003,Accessory,Touring Screen / Flyscreen,32,65,39,58,19,111592,2025-07-22
INV02759,DLR181,BK013,Motorcycle,Bullet 500,31,38,16,53,8,8469400,2025-08-13
INV02760,DLR096,BK004,Spare Part,Oil Filter Element,121,183,285,19,45,4313,2025-10-12
INV02761,DLR198,BK011,Spare Part,Brake Pads Front/Rear,107,244,65,286,33,223080,2025-08-28
INV02762,DLR125,BK005,Motorcycle,Himalayan 450,8,18,24,2,6,484500,2025-07-16
INV02763,DLR191,BK014,Spare Part,Clutch Cable Wire,107,216,164,159,29,33072,2026-04-28
INV02764,DLR132,BK013,Accessory,Master Cylinder Guard,53,116,114,55,12,46200,2025-06-10
INV02765,DLR174,BK012,Motorcycle,Classic 500,31,44,14,61,5,10888500,2026-02-09
INV02766,DLR027,BK004,Spare Part,Battery 12V 14Ah,178,266,405,39,35,70980,2025-09-27
INV02767,DLR004,BK010,Accessory,Aluminum Top Box 40L,27,110,48,89,22,903350,2025-06-06
INV02768,DLR115,BK004,Spare Part,Oil Filter Element,44,128,35,137,27,31099,2026-04-22
INV02769,DLR046,BK011,Spare Part,Brake Pads Front/Rear,102,127,30,199,23,155220,2025-08-21
INV02770,DLR020,BK008,Accessory,Waterproof Duffel Bag,41,103,89,55,16,161700,2025-12-22
INV02771,DLR018,BK005,Accessory,Trapezium Engine Guard,25,40,48,17,10,40460,2025-10-07
INV02772,DLR062,BK002,Spare Part,Chain Sprocket Drive Kit,167,273,242,198,33,411840,2026-01-21
INV02773,DLR113,BK006,Accessory,Tank Bag 15L,79,118,181,16,16,35840,2025-12-13
INV02774,DLR062,BK004,Spare Part,Oil Filter Element,38,195,97,136,36,30872,2026-06-16
INV02775,DLR025,BK007,Accessory,Pannier Rails Pair,39,30,47,22,10,58520,2026-05-19
INV02776,DLR135,BK008,Spare Part,Brake Pads Front/Rear,47,243,180,110,32,85800,2025-07-28
INV02777,DLR132,BK008,Spare Part,Brake Pads Front/Rear,190,230,108,312,35,243360,2026-05-24
INV02778,DLR059,BK015,Accessory,Rear Passenger Backrest,64,79,69,74,12,95830,2025-11-04
INV02779,DLR177,BK013,Accessory,Touring Passenger Seat,57,118,17,158,15,326270,2025-09-30
INV02780,DLR037,BK013,Motorcycle,Bullet 500,11,49,29,31,11,4953800,2026-04-17
INV02781,DLR185,BK005,Spare Part,Battery 12V 14Ah,155,104,63,196,27,356720,2026-02-07
INV02782,DLR041,BK005,Spare Part,Oil Filter Element,184,92,191,85,22,19295,2025-10-05
INV02783,DLR060,BK003,Accessory,Compact Engine Guard,65,29,76,18,22,35262,2026-05-17
INV02784,DLR158,BK011,Motorcycle,Shotgun 650,5,32,28,9,7,2749410,2026-01-16
INV02785,DLR065,BK015,Accessory,Pannier Rails Pair,67,99,101,65,15,172900,2025-12-13
INV02786,DLR022,BK015,Spare Part,Chain Sprocket Drive Kit,179,74,76,177,28,368160,2025-09-22
INV02787,DLR161,BK013,Accessory,RE Camo Riding Gloves,24,39,58,5,20,8400,2026-03-14
INV02788,DLR013,BK003,Accessory,Tank Bag 15L,36,30,48,18,24,40320,2025-10-17
INV02789,DLR122,BK007,Motorcycle,Scram 411,28,29,6,51,9,8947134,2025-08-15
INV02790,DLR069,BK002,Motorcycle,Classic 350,27,36,23,40,11,6564720,2025-08-19
INV02791,DLR109,BK002,Spare Part,Brake Pads Front/Rear,95,153,101,147,27,114660,2025-06-14
INV02792,DLR185,BK001,Accessory,Black Commuter Pannier,74,70,109,35,10,110250,2025-11-30
INV02793,DLR199,BK012,Motorcycle,Classic 500,31,23,42,12,12,2142000,2026-06-23
INV02794,DLR136,BK004,Accessory,LED Fog Light Kit,63,68,111,20,17,67200,2026-02-08
INV02795,DLR121,BK012,Accessory,Touring Passenger Seat,54,118,55,117,18,241605,2025-08-26
INV02796,DLR124,BK009,Accessory,Streetwind V3 Mesh Jacket,24,42,44,22,25,95480,2026-04-24
INV02797,DLR106,BK013,Spare Part,Engine Oil 15W50 Semi-Synth,64,243,283,24,24,14808,2026-01-05
INV02798,DLR028,BK003,Motorcycle,Hunter 350,27,47,62,12,12,1528980,2026-04-08
INV02799,DLR146,BK010,Spare Part,Engine Oil 15W50 Semi-Synth,179,129,44,264,33,162888,2026-05-28
INV02800,DLR142,BK002,Motorcycle,Classic 350,19,32,28,23,6,3774714,2026-06-06
INV02801,DLR003,BK005,Spare Part,Chain Sprocket Drive Kit,150,263,121,292,24,607360,2025-11-13
INV02802,DLR134,BK015,Accessory,Rear Passenger Backrest,24,23,34,13,15,16835,2025-10-20
INV02803,DLR118,BK002,Spare Part,Chain Sprocket Drive Kit,118,284,225,177,39,368160,2025-09-08
INV02804,DLR162,BK014,Spare Part,Chain Sprocket Drive Kit,111,67,71,107,20,222560,2025-11-20
INV02805,DLR068,BK002,Accessory,Master Cylinder Guard,79,23,71,31,23,26040,2026-06-20
INV02806,DLR077,BK008,Spare Part,Brake Pads Front/Rear,59,157,173,43,32,33540,2025-08-10
INV02807,DLR005,BK015,Accessory,Royal Enfield Urban Riding Jacket,45,44,58,31,14,184450,2026-02-07
INV02808,DLR008,BK007,Accessory,Low Ride Seat,24,46,61,9,25,20160,2026-03-04
INV02809,DLR152,BK006,Spare Part,Oil Filter Element,81,133,100,114,47,25878,2025-09-24
INV02810,DLR094,BK011,Spare Part,Oil Filter Element,180,54,104,130,31,29510,2026-03-07
INV02811,DLR145,BK013,Accessory,Streetwind V3 Mesh Jacket,60,97,103,54,14,234360,2025-10-27
INV02812,DLR013,BK006,Spare Part,Brake Pads Front/Rear,101,261,186,176,45,137280,2025-07-15
INV02813,DLR192,BK013,Spare Part,Chain Sprocket Drive Kit,194,147,233,108,20,224640,2025-12-09
INV02814,DLR143,BK009,Motorcycle,Interceptor 650,15,46,13,48,9,12362400,2025-09-17
INV02815,DLR149,BK011,Spare Part,Engine Oil 15W50 Semi-Synth,116,184,286,14,27,8638,2025-08-23
INV02816,DLR040,BK006,Spare Part,Brake Pads Front/Rear,73,78,38,113,33,88140,2026-03-05
INV02817,DLR192,BK007,Accessory,Royal Enfield Urban Riding Jacket,20,40,44,16,15,95200,2026-02-24
INV02818,DLR024,BK005,Accessory,Cast Alloy Wheels Set,65,64,123,6,23,69300,2026-05-03
INV02819,DLR151,BK011,Spare Part,Battery 12V 14Ah,171,78,220,29,49,52780,2025-12-05
INV02820,DLR067,BK011,Spare Part,Air Filter Element,128,255,69,314,43,91688,2026-07-05
INV02821,DLR018,BK006,Motorcycle,Guerrilla 450,12,24,27,9,11,1828350,2026-06-26
INV02822,DLR164,BK014,Spare Part,Spark Plug Twin Spark,181,100,97,184,34,33488,2026-05-25
INV02823,DLR073,BK004,Motorcycle,Meteor 350,14,19,16,17,12,2975255,2026-03-08
INV02824,DLR192,BK013,Motorcycle,Bullet 500,15,35,30,20,6,3196000,2025-07-26
INV02825,DLR197,BK006,Spare Part,Chain Sprocket Drive Kit,173,215,64,324,48,673920,2025-12-27
INV02826,DLR001,BK010,Spare Part,Spark Plug Twin Spark,44,144,137,51,36,9282,2026-02-08
INV02827,DLR110,BK007,Motorcycle,Scram 411,29,14,33,10,7,1754340,2026-05-13
INV02828,DLR160,BK007,Spare Part,Spark Plug Twin Spark,190,170,141,219,20,39858,2026-01-18
INV02829,DLR075,BK015,Accessory,Compact Engine Guard,34,78,86,26,25,50934,2026-06-10
INV02830,DLR183,BK012,Motorcycle,Classic 500,35,41,28,48,5,8568000,2025-07-28
INV02831,DLR151,BK015,Accessory,Cast Alloy Wheels Set,54,70,117,7,21,80850,2026-07-06
INV02832,DLR040,BK002,Accessory,Pannier Rails Pair,65,60,81,44,18,117040,2025-09-09
INV02833,DLR142,BK007,Accessory,Black Commuter Pannier,43,108,15,136,22,428400,2026-02-23
INV02834,DLR071,BK002,Spare Part,Clutch Cable Wire,149,278,319,108,31,22464,2025-11-25
INV02835,DLR189,BK013,Spare Part,Battery 12V 14Ah,80,191,246,25,22,45500,2025-11-23
INV02836,DLR163,BK007,Accessory,Touring Screen / Flyscreen,75,102,43,134,12,257816,2025-11-24
INV02837,DLR109,BK002,Motorcycle,Classic 350,5,18,10,13,7,2133534,2026-07-06
INV02838,DLR124,BK014,Spare Part,Air Filter Element,182,279,71,390,32,113880,2026-05-31
INV02839,DLR162,BK013,Accessory,RE Camo Riding Gloves,78,46,108,16,24,26880,2025-12-19
INV02840,DLR134,BK008,Accessory,Tank Bag 15L,61,94,114,41,19,91840,2026-02-11
INV02841,DLR028,BK009,Spare Part,Engine Oil 15W50 Semi-Synth,153,141,141,153,28,94401,2025-06-20
INV02842,DLR149,BK007,Motorcycle,Scram 411,25,46,59,12,10,2105208,2025-07-29
INV02843,DLR023,BK013,Accessory,Waterproof Duffel Bag,42,56,45,53,11,155820,2025-12-29
INV02844,DLR013,BK003,Motorcycle,Hunter 350,23,16,27,12,7,1528980,2026-01-08
INV02845,DLR158,BK007,Accessory,Waterproof Duffel Bag,76,40,108,8,24,23520,2026-02-14
INV02846,DLR179,BK014,Spare Part,Air Filter Element,84,94,70,108,32,31536,2025-09-15
INV02847,DLR126,BK004,Motorcycle,Meteor 350,18,43,14,47,9,8225705,2025-09-08
INV02848,DLR108,BK010,Accessory,Silver Sump Guard,31,25,12,44,23,95480,2026-01-29
INV02849,DLR143,BK012,Accessory,Touring Passenger Seat,69,78,40,107,21,220955,2026-01-03
INV02850,DLR150,BK002,Accessory,RE Horizon Full Face Helmet,74,21,19,76,15,223440,2026-04-13
INV02851,DLR140,BK004,Spare Part,Spark Plug Twin Spark,121,124,45,200,48,36400,2026-07-06
INV02852,DLR098,BK005,Accessory,LED Fog Light Kit,28,64,15,77,10,258720,2026-01-07
INV02853,DLR164,BK012,Accessory,Pannier Rails Pair,36,90,52,74,16,196840,2025-06-26
INV02854,DLR009,BK005,Accessory,LED Fog Light Kit,80,71,146,5,20,16800,2026-04-13
INV02855,DLR047,BK003,Motorcycle,Hunter 350,9,13,3,19,11,2420885,2025-11-25
INV02856,DLR185,BK011,Accessory,LED Fog Light Kit,72,59,92,39,13,131040,2025-10-31
INV02857,DLR070,BK003,Accessory,Silver Sump Guard,79,104,10,173,16,375410,2025-10-25
INV02858,DLR037,BK001,Accessory,RE Horizon Full Face Helmet,74,42,18,98,25,288120,2025-06-15
INV02859,DLR072,BK014,Accessory,Waterproof Duffel Bag,75,102,17,160,13,470400,2026-02-06
INV02860,DLR157,BK007,Motorcycle,Scram 411,7,37,33,11,6,1929774,2025-08-15
INV02861,DLR061,BK001,Motorcycle,Bullet 350,27,31,35,23,8,3391925,2025-12-21
INV02862,DLR094,BK010,Accessory,Compact Engine Guard,27,72,63,36,21,70524,2026-03-07
INV02863,DLR176,BK002,Spare Part,Chain Sprocket Drive Kit,134,229,108,255,25,530400,2026-06-25
INV02864,DLR040,BK014,Spare Part,Chain Sprocket Drive Kit,46,225,32,239,24,497120,2025-07-22
INV02865,DLR061,BK014,Motorcycle,Thunderbird 350X,27,33,4,56,11,7758800,2025-09-29
INV02866,DLR155,BK010,Motorcycle,Super Meteor 650,22,22,21,23,6,7114245,2026-05-22
INV02867,DLR069,BK007,Motorcycle,Scram 411,26,45,21,50,9,8771700,2026-05-23
INV02868,DLR114,BK005,Motorcycle,Himalayan 450,28,39,39,28,9,6783000,2025-09-15
INV02869,DLR080,BK005,Motorcycle,Himalayan 450,8,39,26,21,11,5087250,2026-01-06
INV02870,DLR099,BK002,Spare Part,Chain Sprocket Drive Kit,77,72,53,96,25,199680,2025-09-29
INV02871,DLR150,BK015,Motorcycle,Continental GT 535,16,10,6,20,12,3536000,2025-12-14
INV02872,DLR022,BK001,Spare Part,Oil Filter Element,56,150,111,95,47,21565,2026-02-13
INV02873,DLR181,BK001,Spare Part,Battery 12V 14Ah,68,146,196,18,35,32760,2026-05-14
INV02874,DLR009,BK014,Accessory,Royal Enfield Urban Riding Jacket,24,113,24,113,17,672350,2026-02-24
INV02875,DLR138,BK004,Spare Part,Brake Pads Front/Rear,184,54,94,144,30,112320,2026-04-17
INV02876,DLR131,BK002,Accessory,LED Fog Light Kit,38,96,120,14,12,47040,2026-04-04
INV02877,DLR063,BK001,Motorcycle,Bullet 350,29,12,8,33,10,4866675,2026-03-27
INV02878,DLR016,BK013,Accessory,LED Fog Light Kit,44,34,20,58,24,194880,2025-12-19
INV02879,DLR090,BK014,Accessory,Touring Passenger Seat,38,55,23,70,15,144550,2026-02-17
INV02880,DLR100,BK015,Accessory,Compact Engine Guard,46,86,49,83,13,162597,2025-06-28
INV02881,DLR025,BK011,Accessory,Touring Screen / Flyscreen,38,40,33,45,18,86580,2026-03-27
INV02882,DLR046,BK012,Spare Part,Spark Plug Twin Spark,97,57,116,38,43,6916,2025-12-22
INV02883,DLR111,BK015,Spare Part,Engine Oil 15W50 Semi-Synth,118,196,115,199,42,122783,2025-08-05
INV02884,DLR035,BK001,Spare Part,Battery 12V 14Ah,128,229,167,190,46,345800,2026-03-04
INV02885,DLR099,BK002,Accessory,RE Horizon Full Face Helmet,36,64,53,47,13,138180,2025-10-29
INV02886,DLR057,BK003,Spare Part,Engine Oil 15W50 Semi-Synth,153,93,96,150,31,92550,2025-12-11
INV02887,DLR189,BK001,Spare Part,Engine Oil 15W50 Semi-Synth,161,94,39,216,36,133272,2026-04-23
INV02888,DLR010,BK009,Accessory,Tripper Navigation Module,80,20,77,23,25,83697,2025-07-27
INV02889,DLR052,BK006,Motorcycle,Guerrilla 450,21,29,31,19,8,3859850,2025-08-16
INV02890,DLR068,BK003,Spare Part,Clutch Cable Wire,148,65,82,131,33,27248,2025-12-04
INV02891,DLR146,BK013,Accessory,Touring Passenger Seat,55,81,13,123,25,253995,2026-06-08
INV02892,DLR048,BK013,Spare Part,Oil Filter Element,183,50,204,29,28,6583,2026-05-29
INV02893,DLR111,BK012,Accessory,RE Horizon Full Face Helmet,24,28,38,14,14,41160,2025-07-14
INV02894,DLR167,BK004,Accessory,Touring Passenger Seat,70,112,28,154,22,318010,2026-02-06
INV02895,DLR024,BK007,Spare Part,Battery 12V 14Ah,76,259,279,56,21,101920,2025-08-17
INV02896,DLR038,BK012,Motorcycle,Classic 500,6,20,16,10,7,1785000,2025-07-20
INV02897,DLR005,BK009,Motorcycle,Interceptor 650,22,23,14,31,5,7984050,2026-06-27
INV02898,DLR149,BK002,Accessory,Low Ride Seat,30,93,40,83,18,185920,2025-07-05
INV02899,DLR085,BK013,Spare Part,Engine Oil 15W50 Semi-Synth,47,230,250,27,36,16659,2026-04-01
INV02900,DLR043,BK004,Motorcycle,Meteor 350,31,24,8,47,8,8225705,2026-03-29
INV02901,DLR119,BK003,Accessory,USB Charging Port,75,42,77,40,24,32200,2026-01-23
INV02902,DLR019,BK004,Spare Part,Brake Pads Front/Rear,107,86,84,109,36,85020,2026-01-27
INV02903,DLR172,BK007,Accessory,Compact Engine Guard,15,21,25,11,24,21549,2026-04-12
INV02904,DLR110,BK005,Motorcycle,Himalayan 450,19,39,50,8,5,1938000,2026-04-07
INV02905,DLR119,BK009,Spare Part,Oil Filter Element,125,112,221,16,38,3632,2026-04-13
INV02906,DLR017,BK004,Spare Part,Clutch Cable Wire,108,292,59,341,27,70928,2025-08-02
INV02907,DLR184,BK008,Accessory,Rear Passenger Backrest,47,88,96,39,20,50505,2026-05-24
INV02908,DLR032,BK013,Accessory,Rear Passenger Backrest,50,41,38,53,16,68635,2025-10-12
INV02909,DLR066,BK001,Motorcycle,Bullet 350,27,45,67,5,10,737375,2025-11-17
INV02910,DLR017,BK001,Accessory,Cast Alloy Wheels Set,34,101,114,21,13,242550,2026-01-14
INV02911,DLR025,BK001,Spare Part,Battery 12V 14Ah,100,187,108,179,27,325780,2025-07-12
INV02912,DLR087,BK010,Spare Part,Chain Sprocket Drive Kit,103,222,228,97,42,201760,2025-06-06
INV02913,DLR144,BK012,Accessory,Master Cylinder Guard,58,52,73,37,25,31080,2026-02-11
INV02914,DLR085,BK004,Spare Part,Engine Oil 15W50 Semi-Synth,145,253,247,151,37,93167,2025-09-24
INV02915,DLR095,BK004,Motorcycle,Meteor 350,20,43,8,55,6,9625825,2025-06-06
INV02916,DLR170,BK015,Motorcycle,Continental GT 535,18,19,10,27,12,4773600,2025-10-09
INV02917,DLR200,BK005,Accessory,RE Camo Riding Gloves,40,31,36,35,12,58800,2026-05-23
INV02918,DLR089,BK011,Accessory,Tank Bag 15L,51,98,39,110,10,246400,2026-02-08
INV02919,DLR013,BK011,Motorcycle,Shotgun 650,13,31,10,34,11,10386660,2025-10-26
INV02920,DLR148,BK014,Motorcycle,Thunderbird 350X,28,11,27,12,11,1662600,2025-07-04
INV02921,DLR158,BK001,Motorcycle,Bullet 350,25,27,36,16,9,2359600,2025-08-23
INV02922,DLR082,BK003,Motorcycle,Hunter 350,18,39,10,47,8,5988505,2025-07-02
INV02923,DLR098,BK012,Spare Part,Spark Plug Twin Spark,154,283,126,311,42,56602,2026-03-24
INV02924,DLR007,BK013,Accessory,Pannier Rails Pair,39,63,78,24,16,63840,2025-08-22
INV02925,DLR186,BK005,Spare Part,Clutch Cable Wire,200,204,209,195,49,40560,2025-07-29
INV02926,DLR061,BK004,Motorcycle,Meteor 350,33,36,50,19,9,3325285,2025-09-09
INV02927,DLR035,BK004,Motorcycle,Meteor 350,18,46,17,47,10,8225705,2025-11-30
INV02928,DLR032,BK007,Accessory,Bar End Mirrors Pair,39,104,137,6,25,19320,2026-02-02
INV02929,DLR041,BK013,Motorcycle,Bullet 500,12,46,34,24,6,3835200,2026-02-13
INV02930,DLR132,BK009,Accessory,Master Cylinder Guard,74,34,58,50,23,42000,2025-11-09
INV02931,DLR107,BK005,Spare Part,Clutch Cable Wire,85,252,108,229,36,47632,2025-10-12
INV02932,DLR005,BK014,Motorcycle,Thunderbird 350X,13,41,30,24,11,3325200,2025-11-01
INV02933,DLR190,BK006,Accessory,Black Commuter Pannier,15,73,60,28,19,88200,2025-08-16
INV02934,DLR088,BK004,Motorcycle,Meteor 350,11,35,40,6,8,1050090,2025-06-03
INV02935,DLR161,BK009,Motorcycle,Interceptor 650,8,44,34,18,7,4635900,2025-07-29
INV02936,DLR167,BK004,Accessory,RE Horizon Full Face Helmet,39,113,14,138,15,405720,2025-06-19
INV02937,DLR178,BK001,Spare Part,Chain Sprocket Drive Kit,190,215,199,206,34,428480,2025-08-24
INV02938,DLR171,BK004,Accessory,Royal Enfield Urban Riding Jacket,30,72,16,86,12,511700,2026-03-07
INV02939,DLR110,BK002,Accessory,Low Ride Seat,70,106,79,97,11,217280,2026-05-20
INV02940,DLR106,BK010,Accessory,Bar End Mirrors Pair,19,120,133,6,21,19320,2026-06-17
INV02941,DLR020,BK009,Spare Part,Brake Pads Front/Rear,105,214,277,42,49,32760,2026-02-05
INV02942,DLR062,BK006,Motorcycle,Guerrilla 450,30,17,35,12,9,2437800,2026-03-28
INV02943,DLR118,BK014,Motorcycle,Thunderbird 350X,17,24,14,27,7,3740850,2026-02-25
INV02944,DLR081,BK006,Accessory,Low Ride Seat,44,74,62,56,10,125440,2025-09-03
INV02945,DLR058,BK006,Motorcycle,Guerrilla 450,33,15,34,14,7,2844100,2025-07-25
INV02946,DLR031,BK014,Accessory,Bar End Mirrors Pair,23,51,11,63,20,202860,2025-07-08
INV02947,DLR006,BK003,Accessory,Cast Alloy Wheels Set,17,65,76,6,12,69300,2025-10-14
INV02948,DLR118,BK014,Accessory,Waterproof Duffel Bag,21,110,52,79,22,232260,2025-08-11
INV02949,DLR063,BK015,Motorcycle,Continental GT 535,23,26,32,17,12,3005600,2025-12-24
INV02950,DLR132,BK009,Accessory,Rear Passenger Backrest,40,53,59,34,18,44030,2025-11-14
INV02951,DLR130,BK003,Accessory,Rear Passenger Backrest,66,46,71,41,16,53095,2025-10-06
INV02952,DLR057,BK015,Motorcycle,Continental GT 535,12,10,11,11,12,1944800,2025-07-21
INV02953,DLR098,BK011,Accessory,Master Cylinder Guard,45,56,93,8,15,6720,2025-12-05
INV02954,DLR064,BK012,Accessory,Trapezium Engine Guard,30,36,50,16,12,38080,2026-03-31
INV02955,DLR074,BK001,Spare Part,Engine Oil 15W50 Semi-Synth,52,84,100,36,31,22212,2025-08-08
INV02956,DLR014,BK008,Accessory,USB Charging Port,28,88,73,43,19,34615,2025-07-21
INV02957,DLR078,BK007,Accessory,Waterproof Duffel Bag,45,77,15,107,25,314580,2025-06-20
INV02958,DLR162,BK005,Spare Part,Air Filter Element,193,218,268,143,26,41756,2026-06-27
INV02959,DLR117,BK012,Accessory,Rear Passenger Backrest,45,67,40,72,20,93240,2025-11-27
INV02960,DLR190,BK005,Accessory,Touring Passenger Seat,31,39,53,17,19,35105,2026-01-21
INV02961,DLR196,BK015,Accessory,Trapezium Engine Guard,22,98,72,48,19,114240,2026-07-06
INV02962,DLR199,BK010,Motorcycle,Super Meteor 650,35,15,44,6,7,1855890,2025-12-12
INV02963,DLR028,BK010,Motorcycle,Super Meteor 650,22,16,26,12,6,3711780,2025-10-31
INV02964,DLR025,BK009,Spare Part,Clutch Cable Wire,189,261,177,273,21,56784,2025-06-30
INV02965,DLR080,BK009,Spare Part,Chain Sprocket Drive Kit,115,161,26,250,37,520000,2025-10-07
INV02966,DLR099,BK010,Accessory,Royal Enfield Urban Riding Jacket,49,96,90,55,22,327250,2026-06-17
INV02967,DLR180,BK015,Accessory,Tripper Navigation Module,74,66,57,83,23,302037,2026-06-26
INV02968,DLR018,BK003,Motorcycle,Hunter 350,5,12,4,13,10,1656395,2025-08-08
INV02969,DLR046,BK010,Motorcycle,Super Meteor 650,14,11,23,2,6,618630,2025-11-30
INV02970,DLR007,BK008,Accessory,Touring Screen / Flyscreen,49,41,12,78,13,150072,2025-08-15
INV02971,DLR191,BK002,Accessory,RE Camo Riding Gloves,38,25,47,16,19,26880,2025-09-22
INV02972,DLR066,BK003,Motorcycle,Hunter 350,21,18,22,17,6,2166055,2026-05-11
INV02973,DLR154,BK009,Accessory,Tripper Navigation Module,73,113,141,45,25,163755,2025-09-17
INV02974,DLR074,BK002,Accessory,Low Ride Seat,72,39,36,75,11,168000,2026-06-03
INV02975,DLR180,BK008,Motorcycle,Continental GT 650,20,16,16,20,11,5423000,2026-06-12
INV02976,DLR018,BK009,Accessory,Rear Passenger Backrest,78,85,102,61,16,78995,2026-06-16
INV02977,DLR175,BK006,Spare Part,Oil Filter Element,112,186,188,110,47,24970,2025-10-05
INV02978,DLR082,BK006,Accessory,Cast Alloy Wheels Set,58,35,50,43,18,496650,2025-07-24
INV02979,DLR075,BK004,Accessory,Trapezium Engine Guard,51,50,80,21,25,49980,2025-08-05
INV02980,DLR074,BK004,Motorcycle,Meteor 350,22,42,21,43,11,7525645,2026-06-10
INV02981,DLR009,BK007,Spare Part,Engine Oil 15W50 Semi-Synth,106,126,213,19,24,11723,2025-12-03
INV02982,DLR192,BK013,Spare Part,Brake Pads Front/Rear,175,271,371,75,32,58500,2026-03-24
INV02983,DLR050,BK004,Spare Part,Clutch Cable Wire,154,196,49,301,23,62608,2025-11-15
INV02984,DLR092,BK001,Accessory,Compact Engine Guard,69,45,83,31,20,60729,2026-02-22
INV02985,DLR074,BK006,Motorcycle,Guerrilla 450,5,50,23,32,7,6500800,2026-04-05
INV02986,DLR100,BK006,Motorcycle,Guerrilla 450,6,26,18,14,11,2844100,2026-06-07
INV02987,DLR129,BK015,Motorcycle,Continental GT 535,22,32,28,26,8,4596800,2025-11-08
INV02988,DLR014,BK006,Motorcycle,Guerrilla 450,21,25,20,26,9,5281900,2025-06-16
INV02989,DLR047,BK008,Accessory,Rear Passenger Backrest,77,106,23,160,13,207200,2025-10-20
INV02990,DLR046,BK015,Spare Part,Clutch Cable Wire,35,111,105,41,26,8528,2026-01-06
INV02991,DLR148,BK004,Accessory,Low Ride Seat,53,24,19,58,13,129920,2025-08-03
INV02992,DLR008,BK005,Accessory,RE Camo Riding Gloves,20,100,90,30,19,50400,2025-12-17
INV02993,DLR007,BK007,Accessory,Black Commuter Pannier,42,22,49,15,23,47250,2025-12-28
INV02994,DLR112,BK015,Spare Part,Spark Plug Twin Spark,184,81,131,134,32,24388,2025-06-28
INV02995,DLR096,BK012,Accessory,Tripper Navigation Module,39,112,20,131,18,476709,2025-12-01
INV02996,DLR087,BK011,Motorcycle,Shotgun 650,18,21,17,22,8,6720780,2025-07-12
INV02997,DLR154,BK011,Spare Part,Air Filter Element,48,228,64,212,41,61904,2025-07-09
INV02998,DLR184,BK001,Accessory,Black Sump Guard,20,47,44,23,25,53130,2026-01-28
INV02999,DLR049,BK015,Accessory,Bar End Mirrors Pair,18,24,24,18,25,57960,2026-07-06
INV03000,DLR144,BK010,Spare Part,Engine Oil 15W50 Semi-Synth,176,226,231,171,37,105507,2026-07-02
