Claim_ID,Claim_Date,Service_ID,Sale_ID,Customer_ID,Dealer_ID,Bike_ID,Component_Category,Claim_Amount,Claim_Status,Approved_Amount
CLM00001,2026-01-08,SERV01112,SALE03476,CUST01921,DLR108,BK008,Fuel System & EFI,11915,Rejected,0
CLM00002,2023-03-13,SERV06371,SALE19887,CUST00017,DLR120,BK004,Frame & Chassis,5716,Pending Verification,0
CLM00003,2026-03-06,SERV05203,SALE14666,CUST00911,DLR041,BK001,Suspension & Brakes,7480,Pending Verification,0
CLM00004,2022-11-09,SERV08622,SALE02894,CUST00808,DLR166,BK007,Suspension & Brakes,8633,Approved,8178
CLM00005,2023-05-28,SERV11714,SALE03381,CUST03890,DLR102,BK013,Fuel System & EFI,9922,Approved,9166
CLM00006,2021-08-28,SERV07604,SALE16785,CUST03047,DLR130,BK002,Suspension & Brakes,8531,Approved,8058
CLM00007,2025-06-29,SERV12819,SALE18729,CUST04513,DLR026,BK002,Fuel System & EFI,6296,Approved,5710
CLM00008,2023-05-26,SERV01946,SALE11837,CUST03355,DLR156,BK001,Exhaust System,6963,Approved,6715
CLM00009,2024-07-23,SERV02480,SALE04004,CUST03222,DLR151,BK004,Frame & Chassis,7934,Approved,7397
CLM00010,2020-08-29,SERV00765,SALE13995,CUST03589,DLR174,BK005,Frame & Chassis,8285,Approved,7491
CLM00011,2026-04-30,SERV05797,SALE11471,CUST00075,DLR086,BK002,Exhaust System,3877,Approved,3826
CLM00012,2020-08-18,SERV00879,SALE01741,CUST00791,DLR088,BK002,Suspension & Brakes,9430,Pending Verification,0
CLM00013,2026-07-29,SERV01798,SALE06530,CUST04621,DLR115,BK001,Fuel System & EFI,4443,Approved,4095
CLM00014,2024-01-21,SERV02135,SALE03468,CUST00748,DLR099,BK012,Exhaust System,1758,Approved,1650
CLM00015,2025-11-21,SERV02407,SALE17003,CUST01712,DLR089,BK003,Exhaust System,5662,Approved,5565
CLM00016,2023-03-16,SERV10865,SALE19741,CUST04434,DLR015,BK003,Electrical System,15524,Rejected,0
CLM00017,2021-09-20,SERV03346,SALE09839,CUST02899,DLR116,BK010,Suspension & Brakes,4824,Approved,4438
CLM00018,2023-10-10,SERV14412,SALE19114,CUST02158,DLR057,BK001,Suspension & Brakes,8951,Approved,8614
CLM00019,2025-11-30,SERV02224,SALE09838,CUST00923,DLR061,BK004,Electrical System,13291,Approved,12037
CLM00020,2022-12-16,SERV07913,SALE11510,CUST04616,DLR154,BK007,Electrical System,14549,Approved,13908
CLM00021,2023-07-01,SERV01319,SALE06745,CUST03193,DLR130,BK005,Electrical System,12009,Approved,11520
CLM00022,2022-08-20,SERV11930,SALE03077,CUST03821,DLR038,BK005,Electrical System,13102,Approved,12928
CLM00023,2026-07-08,SERV03720,SALE07910,CUST04023,DLR036,BK002,Frame & Chassis,5667,Pending Verification,0
CLM00024,2022-03-20,SERV02484,SALE02749,CUST00689,DLR018,BK002,Engine & Transmission,18432,Approved,17322
CLM00025,2022-01-13,SERV00372,SALE18122,CUST00759,DLR015,BK002,Suspension & Brakes,6520,Pending Verification,0
CLM00026,2023-10-06,SERV09819,SALE07181,CUST03552,DLR156,BK003,Frame & Chassis,8189,Approved,7688
CLM00027,2025-07-06,SERV01002,SALE09084,CUST01777,DLR035,BK004,Fuel System & EFI,5683,Approved,5636
CLM00028,2024-12-21,SERV12515,SALE12935,CUST01864,DLR066,BK004,Electrical System,8815,Approved,8216
CLM00029,2026-07-18,SERV05073,SALE12988,CUST04463,DLR142,BK002,Exhaust System,8300,Pending Verification,0
CLM00030,2026-02-14,SERV13401,SALE11983,CUST04344,DLR013,BK011,Exhaust System,3441,Approved,3329
CLM00031,2026-01-13,SERV06287,SALE00329,CUST03390,DLR200,BK005,Suspension & Brakes,7785,Approved,7379
CLM00032,2021-02-01,SERV06311,SALE14450,CUST03103,DLR142,BK004,Fuel System & EFI,3965,Approved,3673
CLM00033,2026-01-20,SERV11267,SALE09742,CUST01772,DLR138,BK002,Frame & Chassis,7174,Approved,6607
CLM00034,2024-06-29,SERV14540,SALE04210,CUST04087,DLR195,BK001,Suspension & Brakes,9081,Approved,9035
CLM00035,2024-05-14,SERV01947,SALE11869,CUST03196,DLR054,BK002,Suspension & Brakes,10887,Approved,10679
CLM00036,2025-11-21,SERV02275,SALE18144,CUST04240,DLR045,BK004,Fuel System & EFI,12835,Approved,12652
CLM00037,2022-10-02,SERV10132,SALE13468,CUST04680,DLR099,BK003,Suspension & Brakes,4554,Approved,4453
CLM00038,2026-03-30,SERV06568,SALE01367,CUST04882,DLR028,BK002,Fuel System & EFI,11476,Approved,10984
CLM00039,2026-07-22,SERV13569,SALE05906,CUST04830,DLR156,BK001,Suspension & Brakes,11095,Approved,10706
CLM00040,2026-03-22,SERV03978,SALE06579,CUST03742,DLR008,BK003,Electrical System,15922,Approved,14854
CLM00041,2022-11-21,SERV01223,SALE16950,CUST00100,DLR176,BK007,Fuel System & EFI,13567,Approved,12831
CLM00042,2026-08-02,SERV13927,SALE03538,CUST04188,DLR114,BK001,Frame & Chassis,4639,Approved,4467
CLM00043,2023-06-06,SERV01173,SALE08115,CUST00654,DLR146,BK002,Electrical System,12428,Approved,11242
CLM00044,2024-04-13,SERV05989,SALE14722,CUST01059,DLR154,BK004,Electrical System,8650,Approved,7928
CLM00045,2023-10-12,SERV06456,SALE00106,CUST01221,DLR037,BK001,Exhaust System,7676,Approved,7645
CLM00046,2023-01-10,SERV09428,SALE12708,CUST00291,DLR155,BK004,Frame & Chassis,3074,Partially Approved,1360
CLM00047,2024-04-04,SERV07780,SALE16627,CUST01015,DLR196,BK001,Exhaust System,3164,Rejected,0
CLM00048,2023-06-05,SERV01655,SALE04856,CUST01890,DLR022,BK003,Frame & Chassis,3102,Approved,3048
CLM00049,2021-02-20,SERV11749,SALE14369,CUST03972,DLR167,BK002,Suspension & Brakes,6383,Approved,5966
CLM00050,2025-09-21,SERV07720,SALE18687,CUST03953,DLR167,BK002,Frame & Chassis,4370,Approved,3971
CLM00051,2023-03-18,SERV11418,SALE07990,CUST00562,DLR024,BK002,Fuel System & EFI,9311,Approved,8989
CLM00052,2026-07-01,SERV01160,SALE00326,CUST03192,DLR093,BK001,Frame & Chassis,2603,Approved,2546
CLM00053,2022-03-08,SERV06807,SALE06708,CUST01915,DLR162,BK010,Frame & Chassis,2965,Approved,2940
CLM00054,2026-07-19,SERV02127,SALE00630,CUST03645,DLR192,BK003,Electrical System,4792,Approved,4462
CLM00055,2026-07-30,SERV06844,SALE14718,CUST02995,DLR196,BK004,Fuel System & EFI,6285,Rejected,0
CLM00056,2025-07-21,SERV08177,SALE09413,CUST00995,DLR138,BK002,Exhaust System,6481,Approved,6344
CLM00057,2023-07-16,SERV14707,SALE17568,CUST03866,DLR174,BK003,Frame & Chassis,3634,Pending Verification,0
CLM00058,2023-05-23,SERV09137,SALE05420,CUST02665,DLR121,BK004,Frame & Chassis,1716,Approved,1709
CLM00059,2025-05-17,SERV02134,SALE02307,CUST04125,DLR146,BK002,Suspension & Brakes,3189,Approved,2932
CLM00060,2020-09-16,SERV14852,SALE19630,CUST02174,DLR178,BK003,Frame & Chassis,4597,Approved,4419
CLM00061,2021-11-12,SERV14656,SALE15167,CUST04626,DLR170,BK004,Exhaust System,8286,Partially Approved,5779
CLM00062,2021-04-13,SERV13421,SALE09924,CUST02011,DLR090,BK001,Fuel System & EFI,9736,Approved,8914
CLM00063,2023-01-11,SERV01286,SALE13083,CUST03415,DLR105,BK005,Frame & Chassis,2919,Approved,2902
CLM00064,2024-02-25,SERV04441,SALE19712,CUST02119,DLR143,BK002,Exhaust System,4624,Approved,4338
CLM00065,2026-07-20,SERV05809,SALE02795,CUST01754,DLR068,BK003,Electrical System,14119,Approved,13574
CLM00066,2026-07-16,SERV10649,SALE09511,CUST03629,DLR055,BK004,Frame & Chassis,3942,Approved,3558
CLM00067,2026-04-07,SERV06309,SALE08194,CUST01786,DLR056,BK004,Suspension & Brakes,9901,Rejected,0
CLM00068,2026-07-10,SERV07644,SALE19253,CUST02886,DLR021,BK010,Engine & Transmission,19803,Approved,18441
CLM00069,2021-08-11,SERV12046,SALE19168,CUST00497,DLR062,BK002,Suspension & Brakes,5459,Approved,5085
CLM00070,2026-07-08,SERV04609,SALE19315,CUST03413,DLR192,BK001,Fuel System & EFI,7097,Rejected,0
CLM00071,2022-07-12,SERV11744,SALE13414,CUST04474,DLR114,BK005,Engine & Transmission,21361,Approved,21341
CLM00072,2025-08-25,SERV07396,SALE10920,CUST02292,DLR021,BK005,Fuel System & EFI,10864,Approved,10691
CLM00073,2024-04-12,SERV14261,SALE17317,CUST03981,DLR159,BK005,Frame & Chassis,6818,Approved,6173
CLM00074,2023-03-30,SERV05376,SALE11649,CUST00993,DLR048,BK002,Exhaust System,8001,Approved,7796
CLM00075,2023-05-15,SERV00582,SALE08573,CUST02899,DLR123,BK002,Electrical System,14802,Rejected,0
CLM00076,2024-03-13,SERV02766,SALE02385,CUST03514,DLR167,BK007,Engine & Transmission,9666,Approved,8986
CLM00077,2026-07-18,SERV06647,SALE14961,CUST03361,DLR114,BK009,Electrical System,6440,Rejected,0
CLM00078,2022-08-26,SERV02008,SALE19990,CUST04503,DLR092,BK002,Fuel System & EFI,13312,Approved,12521
CLM00079,2024-06-27,SERV10806,SALE18211,CUST02972,DLR180,BK002,Electrical System,5564,Approved,5359
CLM00080,2023-01-19,SERV05870,SALE17746,CUST02755,DLR116,BK001,Exhaust System,1897,Approved,1785
CLM00081,2021-11-08,SERV08539,SALE09348,CUST01661,DLR052,BK005,Electrical System,11847,Approved,11777
CLM00082,2024-06-28,SERV06835,SALE13918,CUST01981,DLR057,BK003,Suspension & Brakes,3837,Approved,3766
CLM00083,2026-01-18,SERV01771,SALE07515,CUST03598,DLR037,BK001,Engine & Transmission,28545,Rejected,0
CLM00084,2022-02-07,SERV09056,SALE14315,CUST03034,DLR065,BK002,Exhaust System,4015,Approved,3904
CLM00085,2023-09-13,SERV10264,SALE18044,CUST03825,DLR010,BK002,Frame & Chassis,7603,Pending Verification,0
CLM00086,2026-06-01,SERV06185,SALE18089,CUST03184,DLR009,BK003,Electrical System,8900,Approved,8415
CLM00087,2026-07-08,SERV01172,SALE09324,CUST04392,DLR105,BK005,Fuel System & EFI,8536,Approved,8039
CLM00088,2022-12-12,SERV12078,SALE05225,CUST02060,DLR003,BK002,Fuel System & EFI,12269,Approved,11349
CLM00089,2026-07-19,SERV13766,SALE03780,CUST00964,DLR106,BK002,Exhaust System,3119,Approved,2943
CLM00090,2025-12-27,SERV03907,SALE06097,CUST00437,DLR036,BK002,Frame & Chassis,4966,Pending Verification,0
CLM00091,2026-07-01,SERV05004,SALE13089,CUST03326,DLR081,BK006,Engine & Transmission,12080,Approved,10990
CLM00092,2026-07-09,SERV14363,SALE11680,CUST03685,DLR005,BK008,Fuel System & EFI,8407,Approved,8302
CLM00093,2023-05-03,SERV07355,SALE07208,CUST04000,DLR042,BK004,Frame & Chassis,7581,Approved,7292
CLM00094,2024-12-05,SERV01121,SALE11199,CUST04276,DLR094,BK003,Suspension & Brakes,6136,Approved,5765
CLM00095,2021-08-06,SERV08152,SALE17724,CUST04754,DLR111,BK006,Exhaust System,3669,Approved,3637
CLM00096,2023-01-09,SERV06582,SALE18678,CUST01524,DLR127,BK003,Suspension & Brakes,7679,Approved,7259
CLM00097,2026-05-04,SERV10288,SALE16566,CUST04125,DLR033,BK001,Engine & Transmission,10069,Approved,9971
CLM00098,2025-06-05,SERV01529,SALE15605,CUST00277,DLR093,BK006,Engine & Transmission,18939,Rejected,0
CLM00099,2026-07-20,SERV10812,SALE17755,CUST04756,DLR039,BK001,Engine & Transmission,22117,Rejected,0
CLM00100,2026-05-03,SERV03193,SALE09818,CUST01917,DLR136,BK005,Electrical System,12744,Pending Verification,0
CLM00101,2026-01-15,SERV14053,SALE10417,CUST03510,DLR140,BK011,Suspension & Brakes,11690,Approved,11073
CLM00102,2024-11-16,SERV07417,SALE16059,CUST03059,DLR051,BK003,Suspension & Brakes,7926,Approved,7712
CLM00103,2025-05-02,SERV14783,SALE19527,CUST03530,DLR069,BK001,Frame & Chassis,5525,Approved,5351
CLM00104,2020-09-01,SERV14955,SALE07296,CUST00682,DLR036,BK009,Exhaust System,5021,Rejected,0
CLM00105,2026-07-05,SERV08971,SALE01798,CUST04082,DLR138,BK012,Engine & Transmission,31279,Approved,28633
CLM00106,2025-06-02,SERV13561,SALE12172,CUST04240,DLR175,BK004,Frame & Chassis,4330,Approved,4111
CLM00107,2024-05-19,SERV08881,SALE03266,CUST04486,DLR001,BK005,Electrical System,3719,Approved,3688
CLM00108,2026-04-20,SERV12794,SALE02269,CUST01422,DLR159,BK006,Suspension & Brakes,4283,Rejected,0
CLM00109,2026-07-02,SERV11778,SALE00427,CUST04854,DLR189,BK002,Engine & Transmission,20006,Approved,18253
CLM00110,2025-04-26,SERV06786,SALE09379,CUST00281,DLR129,BK008,Electrical System,8300,Pending Verification,0
CLM00111,2025-05-23,SERV14247,SALE11956,CUST02946,DLR144,BK010,Electrical System,6726,Partially Approved,4325
CLM00112,2026-07-23,SERV13011,SALE19100,CUST02845,DLR169,BK002,Engine & Transmission,30165,Rejected,0
CLM00113,2026-03-29,SERV07614,SALE01725,CUST04885,DLR190,BK002,Suspension & Brakes,10450,Approved,10120
CLM00114,2023-12-22,SERV13656,SALE02536,CUST00471,DLR184,BK002,Exhaust System,8003,Approved,7887
CLM00115,2022-10-08,SERV04831,SALE10647,CUST00623,DLR069,BK005,Suspension & Brakes,6385,Rejected,0
CLM00116,2026-05-24,SERV14524,SALE19731,CUST03823,DLR132,BK005,Exhaust System,1668,Approved,1533
CLM00117,2024-01-13,SERV04120,SALE19729,CUST03650,DLR147,BK005,Engine & Transmission,20303,Approved,18739
CLM00118,2024-01-09,SERV13031,SALE12208,CUST02282,DLR139,BK003,Exhaust System,5322,Pending Verification,0
CLM00119,2021-03-26,SERV09586,SALE00581,CUST04618,DLR005,BK005,Electrical System,12552,Approved,12188
CLM00120,2023-01-11,SERV12667,SALE04933,CUST01481,DLR163,BK001,Fuel System & EFI,5437,Approved,5356
CLM00121,2025-05-24,SERV05852,SALE12977,CUST00368,DLR097,BK001,Suspension & Brakes,5307,Approved,5157
CLM00122,2026-07-16,SERV09820,SALE13435,CUST02322,DLR079,BK002,Fuel System & EFI,6654,Rejected,0
CLM00123,2024-05-14,SERV07843,SALE03460,CUST01134,DLR098,BK004,Suspension & Brakes,8189,Approved,8045
CLM00124,2021-08-22,SERV03566,SALE18882,CUST03044,DLR170,BK001,Fuel System & EFI,12145,Approved,11103
CLM00125,2022-05-18,SERV07237,SALE06262,CUST01534,DLR123,BK002,Frame & Chassis,6405,Approved,6328
CLM00126,2024-01-24,SERV09106,SALE18419,CUST04914,DLR075,BK005,Exhaust System,3373,Approved,3108
CLM00127,2025-05-19,SERV06978,SALE10250,CUST02760,DLR086,BK004,Electrical System,7880,Pending Verification,0
CLM00128,2026-07-20,SERV10802,SALE09770,CUST03708,DLR063,BK004,Engine & Transmission,8653,Rejected,0
CLM00129,2022-03-07,SERV02753,SALE16205,CUST03908,DLR183,BK002,Frame & Chassis,3183,Approved,3122
CLM00130,2022-06-03,SERV06643,SALE05363,CUST03017,DLR109,BK004,Exhaust System,6907,Approved,6650
CLM00131,2024-12-23,SERV05768,SALE13616,CUST00054,DLR087,BK005,Suspension & Brakes,5631,Pending Verification,0
CLM00132,2026-07-08,SERV11313,SALE08232,CUST03210,DLR071,BK006,Exhaust System,2528,Approved,2376
CLM00133,2023-11-19,SERV09701,SALE09529,CUST01322,DLR106,BK008,Exhaust System,3336,Pending Verification,0
CLM00134,2025-12-20,SERV01978,SALE00490,CUST02557,DLR027,BK003,Exhaust System,3353,Approved,3020
CLM00135,2025-10-31,SERV14049,SALE07306,CUST00131,DLR078,BK007,Exhaust System,4417,Partially Approved,3243
CLM00136,2022-11-13,SERV02010,SALE05520,CUST00638,DLR197,BK014,Engine & Transmission,11504,Approved,10741
CLM00137,2021-06-08,SERV07842,SALE19368,CUST01813,DLR158,BK015,Exhaust System,8034,Approved,7833
CLM00138,2021-09-10,SERV09903,SALE14011,CUST02199,DLR047,BK011,Engine & Transmission,8975,Approved,8829
CLM00139,2022-04-11,SERV10175,SALE05024,CUST04913,DLR117,BK004,Engine & Transmission,30006,Approved,27732
CLM00140,2026-07-16,SERV06394,SALE13965,CUST03700,DLR137,BK012,Fuel System & EFI,9615,Approved,9383
CLM00141,2022-07-08,SERV03196,SALE08628,CUST02045,DLR096,BK003,Exhaust System,8494,Rejected,0
CLM00142,2022-07-16,SERV09309,SALE01649,CUST04388,DLR101,BK007,Electrical System,6331,Pending Verification,0
CLM00143,2023-05-24,SERV01348,SALE03304,CUST04476,DLR020,BK001,Exhaust System,3082,Approved,2959
CLM00144,2026-05-05,SERV01132,SALE12944,CUST01859,DLR038,BK004,Suspension & Brakes,8180,Approved,7784
CLM00145,2023-02-27,SERV07964,SALE15362,CUST03711,DLR062,BK011,Frame & Chassis,6287,Pending Verification,0
CLM00146,2026-07-22,SERV09783,SALE19179,CUST04292,DLR085,BK004,Exhaust System,7955,Pending Verification,0
CLM00147,2021-04-10,SERV02825,SALE15199,CUST04737,DLR062,BK003,Exhaust System,1676,Approved,1652
CLM00148,2024-08-03,SERV10519,SALE11476,CUST04905,DLR185,BK003,Engine & Transmission,15514,Approved,14589
CLM00149,2025-11-23,SERV03572,SALE07090,CUST00798,DLR200,BK005,Engine & Transmission,31774,Approved,31559
CLM00150,2022-02-28,SERV11596,SALE01213,CUST04857,DLR099,BK015,Frame & Chassis,6562,Rejected,0
CLM00151,2025-02-05,SERV08861,SALE06517,CUST02952,DLR019,BK009,Frame & Chassis,6796,Approved,6598
CLM00152,2022-12-30,SERV08208,SALE08801,CUST03305,DLR074,BK002,Exhaust System,4428,Pending Verification,0
CLM00153,2025-07-31,SERV08330,SALE09986,CUST04567,DLR019,BK001,Engine & Transmission,23347,Approved,22812
CLM00154,2024-04-14,SERV03829,SALE13496,CUST02340,DLR027,BK004,Exhaust System,3536,Approved,3369
CLM00155,2023-07-05,SERV04490,SALE02535,CUST01071,DLR024,BK002,Engine & Transmission,30018,Approved,29075
CLM00156,2022-07-12,SERV00292,SALE03592,CUST01105,DLR126,BK001,Suspension & Brakes,11927,Approved,10773
CLM00157,2023-08-14,SERV10985,SALE07440,CUST00235,DLR197,BK008,Suspension & Brakes,5085,Pending Verification,0
CLM00158,2025-09-19,SERV02991,SALE12653,CUST03662,DLR062,BK001,Frame & Chassis,1515,Pending Verification,0
CLM00159,2025-09-05,SERV10814,SALE08282,CUST03954,DLR072,BK002,Exhaust System,5660,Rejected,0
CLM00160,2023-08-04,SERV10263,SALE06322,CUST01946,DLR015,BK003,Fuel System & EFI,12752,Approved,11728
CLM00161,2024-05-28,SERV06098,SALE18816,CUST00517,DLR092,BK002,Fuel System & EFI,10642,Approved,9773
CLM00162,2026-07-08,SERV08269,SALE16538,CUST01932,DLR198,BK004,Electrical System,8040,Approved,7448
CLM00163,2021-10-19,SERV06326,SALE17785,CUST02527,DLR158,BK002,Fuel System & EFI,9356,Approved,8752
CLM00164,2025-03-07,SERV02685,SALE18446,CUST02810,DLR152,BK015,Electrical System,12707,Rejected,0
CLM00165,2024-05-10,SERV06700,SALE12938,CUST00428,DLR125,BK007,Engine & Transmission,22082,Rejected,0
CLM00166,2025-01-14,SERV03462,SALE00530,CUST04445,DLR164,BK004,Electrical System,15017,Rejected,0
CLM00167,2024-02-21,SERV08706,SALE00729,CUST02713,DLR013,BK003,Engine & Transmission,13834,Rejected,0
CLM00168,2021-07-30,SERV00475,SALE05698,CUST03301,DLR044,BK002,Frame & Chassis,6894,Partially Approved,3863
CLM00169,2026-03-29,SERV08457,SALE12566,CUST00106,DLR162,BK001,Electrical System,13976,Rejected,0
CLM00170,2025-01-12,SERV13238,SALE07464,CUST03801,DLR112,BK002,Frame & Chassis,6171,Approved,5636
CLM00171,2026-03-29,SERV06232,SALE14675,CUST00187,DLR009,BK003,Suspension & Brakes,11536,Approved,10846
CLM00172,2023-09-03,SERV09976,SALE18212,CUST00605,DLR119,BK006,Exhaust System,7723,Approved,7117
CLM00173,2025-07-09,SERV02691,SALE18712,CUST02708,DLR182,BK005,Suspension & Brakes,6212,Approved,6101
CLM00174,2020-10-29,SERV07480,SALE04526,CUST03977,DLR115,BK003,Fuel System & EFI,7676,Approved,7636
CLM00175,2020-11-10,SERV03885,SALE08058,CUST03352,DLR060,BK002,Suspension & Brakes,10918,Approved,10152
CLM00176,2024-09-25,SERV14664,SALE04239,CUST03968,DLR003,BK002,Frame & Chassis,2134,Approved,2073
CLM00177,2025-06-14,SERV02094,SALE00113,CUST04507,DLR117,BK002,Engine & Transmission,17555,Approved,15942
CLM00178,2023-03-10,SERV01868,SALE02581,CUST01048,DLR158,BK006,Engine & Transmission,11028,Partially Approved,7390
CLM00179,2022-06-15,SERV00236,SALE15482,CUST01237,DLR013,BK003,Fuel System & EFI,4220,Approved,3997
CLM00180,2025-07-26,SERV11097,SALE04456,CUST03882,DLR005,BK003,Electrical System,8829,Rejected,0
CLM00181,2023-11-08,SERV12332,SALE03576,CUST03610,DLR057,BK002,Suspension & Brakes,6942,Approved,6579
CLM00182,2022-08-25,SERV08614,SALE18761,CUST03555,DLR180,BK002,Electrical System,13386,Approved,13131
CLM00183,2026-02-23,SERV07472,SALE05623,CUST00307,DLR075,BK003,Suspension & Brakes,7098,Approved,6926
CLM00184,2025-11-08,SERV03903,SALE10939,CUST04882,DLR121,BK004,Suspension & Brakes,11007,Rejected,0
CLM00185,2024-11-18,SERV07774,SALE02256,CUST01376,DLR139,BK005,Exhaust System,6666,Partially Approved,4577
CLM00186,2025-07-16,SERV07387,SALE12888,CUST00108,DLR085,BK002,Electrical System,8411,Approved,8301
CLM00187,2026-07-10,SERV12899,SALE14337,CUST04298,DLR187,BK002,Frame & Chassis,8500,Approved,7951
CLM00188,2022-02-24,SERV04884,SALE03720,CUST04526,DLR045,BK002,Exhaust System,8378,Approved,8230
CLM00189,2021-12-22,SERV02836,SALE07929,CUST01886,DLR067,BK002,Engine & Transmission,11033,Pending Verification,0
CLM00190,2025-01-11,SERV14853,SALE10435,CUST03931,DLR021,BK004,Electrical System,13837,Rejected,0
CLM00191,2022-07-11,SERV04814,SALE15162,CUST04904,DLR143,BK009,Suspension & Brakes,4866,Rejected,0
CLM00192,2022-01-04,SERV05071,SALE10535,CUST01762,DLR162,BK001,Frame & Chassis,7019,Approved,6771
CLM00193,2025-10-22,SERV12812,SALE09605,CUST00089,DLR069,BK003,Frame & Chassis,8034,Approved,8015
CLM00194,2021-02-26,SERV04008,SALE00591,CUST00966,DLR002,BK004,Frame & Chassis,2143,Approved,2021
CLM00195,2022-01-14,SERV13295,SALE06238,CUST02207,DLR083,BK004,Engine & Transmission,13811,Approved,12574
CLM00196,2026-07-10,SERV05221,SALE10668,CUST00540,DLR199,BK001,Fuel System & EFI,5503,Approved,5431
CLM00197,2021-03-28,SERV14403,SALE04902,CUST03785,DLR023,BK006,Frame & Chassis,7206,Approved,6771
CLM00198,2023-11-18,SERV14660,SALE17448,CUST01522,DLR032,BK001,Frame & Chassis,8195,Approved,7749
CLM00199,2025-04-21,SERV06980,SALE01586,CUST00852,DLR095,BK004,Engine & Transmission,12673,Approved,12184
CLM00200,2025-05-08,SERV04900,SALE18802,CUST03957,DLR150,BK002,Engine & Transmission,15672,Rejected,0
CLM00201,2023-11-15,SERV08448,SALE19856,CUST04764,DLR012,BK004,Fuel System & EFI,14035,Approved,13105
CLM00202,2025-06-28,SERV00037,SALE18212,CUST00605,DLR119,BK006,Fuel System & EFI,15346,Pending Verification,0
CLM00203,2024-02-15,SERV07891,SALE19666,CUST03109,DLR119,BK005,Engine & Transmission,28052,Approved,27733
CLM00204,2023-02-07,SERV08239,SALE13585,CUST02976,DLR015,BK008,Fuel System & EFI,6714,Rejected,0
CLM00205,2026-07-24,SERV09364,SALE06149,CUST04159,DLR092,BK003,Engine & Transmission,28118,Approved,27540
CLM00206,2022-01-14,SERV04173,SALE09118,CUST04919,DLR026,BK004,Frame & Chassis,5244,Pending Verification,0
CLM00207,2025-09-09,SERV00931,SALE03189,CUST02426,DLR037,BK002,Frame & Chassis,2584,Pending Verification,0
CLM00208,2026-02-15,SERV06455,SALE13435,CUST02322,DLR079,BK002,Electrical System,8982,Approved,8244
CLM00209,2024-04-25,SERV02167,SALE00101,CUST04281,DLR116,BK002,Suspension & Brakes,4332,Approved,3977
CLM00210,2022-12-25,SERV07174,SALE14478,CUST02464,DLR163,BK001,Electrical System,5489,Approved,5107
CLM00211,2026-07-15,SERV09411,SALE13753,CUST04338,DLR195,BK002,Exhaust System,2791,Approved,2709
CLM00212,2026-07-13,SERV03593,SALE17194,CUST01236,DLR006,BK002,Exhaust System,2396,Approved,2177
CLM00213,2025-09-23,SERV00736,SALE00726,CUST01949,DLR151,BK003,Engine & Transmission,19953,Approved,19761
CLM00214,2023-02-06,SERV13591,SALE12176,CUST00407,DLR079,BK002,Exhaust System,7625,Approved,7371
CLM00215,2025-07-05,SERV05507,SALE04792,CUST04953,DLR192,BK004,Suspension & Brakes,4602,Rejected,0
CLM00216,2021-01-06,SERV07624,SALE17133,CUST02435,DLR015,BK004,Frame & Chassis,5724,Approved,5226
CLM00217,2022-11-29,SERV09780,SALE16595,CUST03169,DLR084,BK003,Suspension & Brakes,7345,Approved,6736
CLM00218,2020-09-08,SERV13244,SALE00250,CUST01182,DLR155,BK003,Suspension & Brakes,3375,Approved,3062
CLM00219,2022-06-25,SERV12381,SALE10377,CUST04572,DLR007,BK008,Engine & Transmission,23666,Approved,22402
CLM00220,2023-01-15,SERV14552,SALE12457,CUST03374,DLR155,BK009,Frame & Chassis,3267,Approved,3223
CLM00221,2026-07-06,SERV06388,SALE14406,CUST04192,DLR105,BK002,Fuel System & EFI,9747,Approved,9455
CLM00222,2026-07-18,SERV05069,SALE14324,CUST04769,DLR197,BK009,Electrical System,15535,Pending Verification,0
CLM00223,2025-09-15,SERV03809,SALE10140,CUST03260,DLR143,BK006,Electrical System,6691,Pending Verification,0
CLM00224,2026-06-06,SERV08999,SALE00041,CUST02335,DLR113,BK004,Fuel System & EFI,11117,Approved,10823
CLM00225,2023-09-24,SERV09037,SALE16319,CUST04829,DLR138,BK004,Engine & Transmission,25244,Approved,23630
CLM00226,2021-07-05,SERV07350,SALE16104,CUST03855,DLR158,BK003,Engine & Transmission,26253,Approved,24719
CLM00227,2023-10-31,SERV12547,SALE04841,CUST01657,DLR019,BK006,Engine & Transmission,18802,Rejected,0
CLM00228,2022-05-27,SERV03143,SALE17332,CUST04327,DLR192,BK003,Fuel System & EFI,6666,Approved,6049
CLM00229,2025-08-16,SERV03404,SALE04574,CUST01670,DLR106,BK009,Fuel System & EFI,14577,Rejected,0
CLM00230,2023-07-19,SERV04667,SALE01417,CUST04020,DLR140,BK004,Engine & Transmission,23077,Approved,21893
CLM00231,2026-07-24,SERV11631,SALE10257,CUST02927,DLR107,BK006,Frame & Chassis,3600,Approved,3557
CLM00232,2024-01-26,SERV06151,SALE05134,CUST00622,DLR065,BK003,Exhaust System,6072,Rejected,0
CLM00233,2026-07-09,SERV02635,SALE16022,CUST02742,DLR129,BK002,Suspension & Brakes,4589,Approved,4252
CLM00234,2023-04-10,SERV02683,SALE03817,CUST00895,DLR157,BK003,Electrical System,5684,Approved,5383
CLM00235,2020-07-29,SERV14771,SALE16168,CUST04315,DLR077,BK002,Frame & Chassis,7221,Approved,6752
CLM00236,2022-01-29,SERV11610,SALE12510,CUST04626,DLR170,BK005,Frame & Chassis,2483,Approved,2253
CLM00237,2021-02-26,SERV06590,SALE12982,CUST00337,DLR012,BK004,Electrical System,8470,Approved,7977
CLM00238,2025-10-19,SERV04577,SALE12157,CUST02623,DLR043,BK003,Electrical System,5043,Approved,4792
CLM00239,2023-11-02,SERV04444,SALE16946,CUST02425,DLR178,BK002,Engine & Transmission,25276,Approved,24621
CLM00240,2021-06-25,SERV02057,SALE10711,CUST00723,DLR194,BK003,Fuel System & EFI,5907,Approved,5322
CLM00241,2026-07-03,SERV08797,SALE15486,CUST02828,DLR097,BK001,Frame & Chassis,5914,Approved,5721
CLM00242,2026-02-03,SERV07454,SALE08381,CUST04830,DLR006,BK004,Frame & Chassis,5113,Approved,5010
CLM00243,2026-07-15,SERV12593,SALE13763,CUST03217,DLR033,BK002,Suspension & Brakes,11152,Approved,10903
CLM00244,2024-10-09,SERV12708,SALE03961,CUST00569,DLR104,BK001,Engine & Transmission,8048,Approved,7540
CLM00245,2025-08-23,SERV14828,SALE18562,CUST03444,DLR024,BK004,Fuel System & EFI,12125,Approved,11409
CLM00246,2022-02-07,SERV02797,SALE12778,CUST00806,DLR115,BK002,Exhaust System,3055,Approved,2787
CLM00247,2022-05-05,SERV13564,SALE02772,CUST02152,DLR026,BK005,Fuel System & EFI,11448,Approved,11129
CLM00248,2023-12-01,SERV03640,SALE01945,CUST01708,DLR110,BK003,Frame & Chassis,5536,Approved,5371
CLM00249,2023-06-18,SERV01636,SALE10568,CUST00865,DLR018,BK002,Electrical System,9417,Approved,9011
CLM00250,2023-09-27,SERV11966,SALE00068,CUST04136,DLR141,BK008,Exhaust System,6613,Approved,6403
CLM00251,2021-07-28,SERV13374,SALE14612,CUST02701,DLR064,BK006,Electrical System,12980,Approved,12738
CLM00252,2020-07-29,SERV10290,SALE08790,CUST04937,DLR047,BK002,Fuel System & EFI,12802,Approved,11822
CLM00253,2022-03-13,SERV03083,SALE01521,CUST04303,DLR131,BK002,Engine & Transmission,9357,Approved,8433
CLM00254,2025-06-20,SERV14658,SALE17913,CUST02787,DLR139,BK006,Electrical System,4955,Approved,4951
CLM00255,2026-02-13,SERV00128,SALE10808,CUST02260,DLR032,BK004,Frame & Chassis,1775,Approved,1674
CLM00256,2024-02-03,SERV13947,SALE15109,CUST02935,DLR090,BK002,Exhaust System,6547,Approved,6049
CLM00257,2025-12-17,SERV04517,SALE07031,CUST04024,DLR095,BK002,Exhaust System,8224,Approved,7739
CLM00258,2026-07-04,SERV00031,SALE13471,CUST04097,DLR124,BK008,Suspension & Brakes,3068,Approved,3022
CLM00259,2022-06-08,SERV00098,SALE15065,CUST00130,DLR108,BK003,Frame & Chassis,7680,Approved,7382
CLM00260,2021-03-19,SERV10460,SALE10461,CUST04471,DLR008,BK001,Fuel System & EFI,14948,Approved,14262
CLM00261,2024-12-23,SERV05481,SALE07077,CUST00534,DLR111,BK003,Engine & Transmission,15269,Approved,14693
CLM00262,2024-10-26,SERV01063,SALE09406,CUST03312,DLR117,BK004,Engine & Transmission,14350,Approved,14019
CLM00263,2026-05-28,SERV02669,SALE03623,CUST00067,DLR148,BK001,Engine & Transmission,18580,Rejected,0
CLM00264,2024-12-25,SERV14932,SALE00301,CUST01712,DLR078,BK002,Exhaust System,5992,Approved,5861
CLM00265,2026-07-09,SERV10070,SALE03606,CUST03588,DLR018,BK004,Frame & Chassis,5787,Approved,5526
CLM00266,2021-02-11,SERV04226,SALE05827,CUST03871,DLR034,BK004,Engine & Transmission,11448,Approved,10974
CLM00267,2024-09-04,SERV08662,SALE09854,CUST04316,DLR073,BK002,Electrical System,14115,Approved,13157
CLM00268,2026-04-27,SERV06810,SALE03917,CUST01082,DLR025,BK003,Suspension & Brakes,5458,Approved,5143
CLM00269,2022-07-05,SERV10082,SALE03202,CUST03605,DLR118,BK002,Engine & Transmission,21499,Approved,21153
CLM00270,2026-05-31,SERV03103,SALE08941,CUST01651,DLR159,BK006,Electrical System,9691,Pending Verification,0
CLM00271,2021-09-24,SERV05393,SALE00353,CUST03751,DLR045,BK004,Suspension & Brakes,11256,Pending Verification,0
CLM00272,2026-07-27,SERV12998,SALE08465,CUST03439,DLR039,BK002,Fuel System & EFI,11042,Rejected,0
CLM00273,2023-03-13,SERV00331,SALE17672,CUST03835,DLR126,BK004,Frame & Chassis,1679,Approved,1618
CLM00274,2026-04-16,SERV04878,SALE00940,CUST01188,DLR122,BK002,Engine & Transmission,31913,Rejected,0
CLM00275,2024-03-01,SERV09956,SALE15102,CUST03537,DLR040,BK002,Exhaust System,7499,Approved,6810
CLM00276,2021-12-10,SERV05879,SALE13352,CUST03738,DLR090,BK003,Electrical System,15381,Approved,14074
CLM00277,2021-09-07,SERV03213,SALE10144,CUST04985,DLR029,BK001,Suspension & Brakes,11877,Approved,11719
CLM00278,2023-01-21,SERV07136,SALE00678,CUST01279,DLR068,BK008,Fuel System & EFI,11475,Approved,10717
CLM00279,2024-06-29,SERV10632,SALE12756,CUST00504,DLR072,BK003,Exhaust System,3198,Approved,3096
CLM00280,2025-10-16,SERV04681,SALE10847,CUST00671,DLR051,BK002,Exhaust System,3658,Approved,3654
CLM00281,2024-07-13,SERV00816,SALE01616,CUST01817,DLR046,BK002,Electrical System,8948,Approved,8630
CLM00282,2026-07-14,SERV03850,SALE05021,CUST00506,DLR018,BK001,Exhaust System,1663,Partially Approved,899
CLM00283,2023-09-30,SERV12388,SALE07286,CUST02301,DLR066,BK002,Exhaust System,5915,Approved,5522
CLM00284,2021-09-25,SERV05767,SALE15442,CUST02038,DLR167,BK003,Electrical System,9095,Approved,8778
CLM00285,2026-05-07,SERV02611,SALE09435,CUST02931,DLR051,BK003,Fuel System & EFI,13634,Rejected,0
CLM00286,2025-01-26,SERV07194,SALE05411,CUST00667,DLR194,BK006,Fuel System & EFI,6867,Pending Verification,0
CLM00287,2021-08-21,SERV00614,SALE02441,CUST03165,DLR003,BK001,Fuel System & EFI,14809,Pending Verification,0
CLM00288,2022-10-25,SERV03502,SALE08913,CUST01241,DLR104,BK002,Engine & Transmission,20757,Approved,19026
CLM00289,2023-02-05,SERV11029,SALE12623,CUST02366,DLR145,BK003,Engine & Transmission,30610,Approved,27581
CLM00290,2025-08-15,SERV10365,SALE08274,CUST04505,DLR101,BK007,Exhaust System,5504,Approved,5341
CLM00291,2023-06-29,SERV02762,SALE04773,CUST01264,DLR136,BK004,Engine & Transmission,19201,Approved,18634
CLM00292,2026-07-17,SERV00099,SALE17635,CUST01240,DLR197,BK003,Suspension & Brakes,4217,Approved,3907
CLM00293,2021-08-17,SERV03275,SALE05760,CUST00570,DLR057,BK002,Fuel System & EFI,5437,Approved,4990
CLM00294,2026-07-16,SERV06879,SALE12991,CUST03349,DLR155,BK008,Engine & Transmission,22680,Approved,22521
CLM00295,2024-06-26,SERV10331,SALE08128,CUST04044,DLR060,BK001,Engine & Transmission,29144,Approved,26316
CLM00296,2021-12-22,SERV12134,SALE00121,CUST02446,DLR149,BK003,Electrical System,11409,Partially Approved,5457
CLM00297,2025-09-15,SERV01255,SALE10738,CUST02005,DLR126,BK003,Engine & Transmission,20746,Approved,18975
CLM00298,2025-05-25,SERV03684,SALE00749,CUST01088,DLR186,BK003,Exhaust System,7298,Approved,7086
CLM00299,2024-08-23,SERV06244,SALE08561,CUST01344,DLR117,BK004,Exhaust System,2895,Approved,2621
CLM00300,2026-07-20,SERV13683,SALE19309,CUST03964,DLR167,BK003,Electrical System,8032,Approved,7251
CLM00301,2023-09-17,SERV02297,SALE10666,CUST04197,DLR141,BK005,Exhaust System,7718,Approved,7048
CLM00302,2024-01-22,SERV06547,SALE05826,CUST04087,DLR165,BK002,Frame & Chassis,7633,Partially Approved,5663
CLM00303,2026-08-02,SERV03637,SALE08881,CUST03276,DLR187,BK006,Fuel System & EFI,14076,Approved,12669
CLM00304,2022-07-12,SERV09425,SALE00083,CUST00623,DLR177,BK002,Frame & Chassis,8291,Approved,7745
CLM00305,2024-12-03,SERV08871,SALE15672,CUST02668,DLR087,BK006,Exhaust System,4979,Approved,4788
CLM00306,2022-07-05,SERV03852,SALE01417,CUST04020,DLR140,BK004,Fuel System & EFI,15997,Approved,14759
CLM00307,2021-02-24,SERV12578,SALE13216,CUST04093,DLR162,BK003,Frame & Chassis,2689,Approved,2538
CLM00308,2025-10-16,SERV08235,SALE12052,CUST02683,DLR087,BK003,Electrical System,10880,Approved,9937
CLM00309,2026-06-12,SERV04505,SALE02241,CUST04665,DLR188,BK003,Suspension & Brakes,4127,Rejected,0
CLM00310,2026-08-02,SERV11339,SALE05031,CUST00124,DLR108,BK002,Engine & Transmission,27854,Approved,26343
CLM00311,2024-09-07,SERV03049,SALE04904,CUST00376,DLR184,BK006,Electrical System,12778,Approved,11831
CLM00312,2024-03-25,SERV04826,SALE05665,CUST01423,DLR156,BK002,Engine & Transmission,13325,Approved,12378
CLM00313,2026-07-16,SERV08922,SALE17654,CUST00594,DLR124,BK002,Engine & Transmission,10961,Approved,10384
CLM00314,2026-07-28,SERV01357,SALE09630,CUST02681,DLR033,BK002,Frame & Chassis,6728,Approved,6518
CLM00315,2022-05-05,SERV02454,SALE19821,CUST03881,DLR175,BK003,Fuel System & EFI,6761,Approved,6229
CLM00316,2023-09-17,SERV00986,SALE18800,CUST03374,DLR034,BK005,Engine & Transmission,17427,Approved,15781
CLM00317,2023-01-06,SERV14743,SALE13773,CUST00074,DLR127,BK001,Fuel System & EFI,8030,Pending Verification,0
CLM00318,2026-07-25,SERV09216,SALE00124,CUST03163,DLR167,BK003,Frame & Chassis,3396,Approved,3174
CLM00319,2026-07-09,SERV09917,SALE17356,CUST01204,DLR143,BK003,Frame & Chassis,2273,Approved,2269
CLM00320,2022-03-16,SERV05741,SALE13735,CUST02191,DLR077,BK003,Engine & Transmission,27880,Approved,26293
CLM00321,2023-03-18,SERV04425,SALE02190,CUST00892,DLR161,BK003,Exhaust System,3008,Approved,2760
CLM00322,2026-07-25,SERV01443,SALE08823,CUST04769,DLR066,BK005,Frame & Chassis,4080,Approved,3841
CLM00323,2026-07-12,SERV03677,SALE07472,CUST01786,DLR132,BK003,Engine & Transmission,13096,Partially Approved,7883
CLM00324,2022-03-04,SERV06096,SALE09497,CUST04278,DLR063,BK002,Exhaust System,6951,Rejected,0
CLM00325,2026-07-10,SERV14297,SALE00111,CUST04796,DLR163,BK011,Suspension & Brakes,2532,Approved,2503
CLM00326,2025-02-07,SERV02306,SALE15966,CUST01093,DLR170,BK002,Fuel System & EFI,10914,Approved,10179
CLM00327,2024-06-30,SERV06772,SALE05539,CUST03412,DLR056,BK009,Frame & Chassis,4765,Approved,4614
CLM00328,2026-07-04,SERV02063,SALE11056,CUST03389,DLR036,BK002,Electrical System,6094,Partially Approved,3458
CLM00329,2021-09-11,SERV13380,SALE19416,CUST02356,DLR016,BK003,Engine & Transmission,10207,Approved,9455
CLM00330,2026-02-22,SERV02650,SALE06307,CUST02648,DLR153,BK004,Electrical System,9595,Approved,9138
CLM00331,2026-07-10,SERV08340,SALE16926,CUST03414,DLR135,BK007,Exhaust System,6873,Approved,6648
CLM00332,2024-09-22,SERV09448,SALE06088,CUST02960,DLR169,BK004,Frame & Chassis,6982,Rejected,0
CLM00333,2024-02-03,SERV11621,SALE08744,CUST00261,DLR104,BK005,Suspension & Brakes,7025,Approved,6754
CLM00334,2026-07-13,SERV08370,SALE18715,CUST00932,DLR037,BK002,Fuel System & EFI,6092,Approved,5952
CLM00335,2026-07-17,SERV01513,SALE04966,CUST01387,DLR114,BK005,Suspension & Brakes,3999,Approved,3972
CLM00336,2026-07-23,SERV00287,SALE03169,CUST02569,DLR073,BK004,Exhaust System,4467,Approved,4049
CLM00337,2025-05-15,SERV08984,SALE11667,CUST00857,DLR009,BK001,Frame & Chassis,2440,Approved,2387
CLM00338,2025-12-11,SERV05789,SALE17641,CUST00236,DLR007,BK001,Exhaust System,8460,Approved,8124
CLM00339,2023-12-28,SERV00698,SALE06645,CUST04167,DLR017,BK003,Fuel System & EFI,15469,Approved,14425
CLM00340,2021-07-30,SERV13984,SALE04292,CUST03397,DLR097,BK004,Frame & Chassis,2660,Approved,2476
CLM00341,2023-12-11,SERV00572,SALE18814,CUST04648,DLR072,BK003,Frame & Chassis,4127,Approved,4108
CLM00342,2026-07-15,SERV00523,SALE00406,CUST01952,DLR126,BK012,Engine & Transmission,26865,Rejected,0
CLM00343,2026-07-04,SERV12004,SALE19141,CUST03960,DLR116,BK007,Suspension & Brakes,7013,Approved,6909
CLM00344,2021-12-16,SERV13988,SALE04659,CUST03406,DLR160,BK001,Electrical System,15234,Approved,14923
CLM00345,2026-07-13,SERV09825,SALE00163,CUST00492,DLR144,BK002,Fuel System & EFI,15924,Approved,14431
CLM00346,2023-03-01,SERV01602,SALE06159,CUST01580,DLR167,BK001,Engine & Transmission,12717,Rejected,0
CLM00347,2024-06-11,SERV11927,SALE03207,CUST02294,DLR118,BK006,Fuel System & EFI,3960,Approved,3804
CLM00348,2022-02-21,SERV09836,SALE14210,CUST04122,DLR199,BK004,Fuel System & EFI,12793,Approved,12331
CLM00349,2026-07-31,SERV07999,SALE19353,CUST02072,DLR163,BK003,Fuel System & EFI,6662,Approved,6109
CLM00350,2023-12-24,SERV06406,SALE07172,CUST02417,DLR082,BK008,Engine & Transmission,19491,Approved,19310
CLM00351,2025-10-03,SERV05498,SALE01858,CUST00658,DLR142,BK001,Frame & Chassis,4888,Rejected,0
CLM00352,2024-11-16,SERV07674,SALE00053,CUST00569,DLR090,BK003,Engine & Transmission,9568,Pending Verification,0
CLM00353,2024-10-01,SERV09751,SALE05282,CUST04571,DLR144,BK002,Suspension & Brakes,6804,Approved,6242
CLM00354,2026-07-04,SERV04862,SALE03747,CUST01947,DLR013,BK010,Engine & Transmission,16213,Pending Verification,0
CLM00355,2020-12-11,SERV01925,SALE17439,CUST02505,DLR140,BK006,Suspension & Brakes,11513,Approved,10812
CLM00356,2024-07-23,SERV00845,SALE17596,CUST01816,DLR076,BK002,Exhaust System,7831,Approved,7326
CLM00357,2025-05-28,SERV12879,SALE15870,CUST01888,DLR065,BK009,Electrical System,13848,Approved,13115
CLM00358,2025-12-09,SERV05965,SALE12903,CUST04065,DLR032,BK002,Suspension & Brakes,11962,Rejected,0
CLM00359,2026-07-24,SERV00615,SALE09146,CUST00329,DLR141,BK003,Electrical System,3844,Approved,3786
CLM00360,2023-08-28,SERV03082,SALE17670,CUST02736,DLR152,BK002,Electrical System,10492,Approved,10254
CLM00361,2021-10-17,SERV01657,SALE11624,CUST04631,DLR043,BK006,Suspension & Brakes,6519,Pending Verification,0
CLM00362,2023-02-10,SERV09622,SALE15759,CUST02004,DLR146,BK001,Engine & Transmission,24905,Approved,23501
CLM00363,2024-10-25,SERV08087,SALE18884,CUST02997,DLR137,BK003,Suspension & Brakes,6421,Approved,6222
CLM00364,2026-07-06,SERV12201,SALE19597,CUST03236,DLR013,BK003,Engine & Transmission,25938,Approved,24167
CLM00365,2024-11-03,SERV14687,SALE00225,CUST00930,DLR189,BK003,Frame & Chassis,3783,Approved,3570
CLM00366,2023-03-20,SERV12637,SALE12940,CUST04684,DLR106,BK002,Engine & Transmission,21576,Rejected,0
CLM00367,2024-08-30,SERV01341,SALE18764,CUST01335,DLR095,BK004,Fuel System & EFI,5544,Approved,4993
CLM00368,2023-12-29,SERV01911,SALE17211,CUST03574,DLR043,BK003,Frame & Chassis,7042,Rejected,0
CLM00369,2026-07-20,SERV12189,SALE00110,CUST04721,DLR196,BK003,Suspension & Brakes,10373,Approved,9510
CLM00370,2022-01-01,SERV07476,SALE12219,CUST01241,DLR015,BK005,Engine & Transmission,28716,Approved,28069
CLM00371,2020-11-11,SERV10734,SALE18452,CUST02356,DLR171,BK001,Engine & Transmission,29643,Partially Approved,15392
CLM00372,2025-04-26,SERV00108,SALE17560,CUST03196,DLR099,BK004,Frame & Chassis,6476,Rejected,0
CLM00373,2025-12-31,SERV08777,SALE02941,CUST04534,DLR009,BK001,Suspension & Brakes,5177,Approved,5048
CLM00374,2022-05-03,SERV14652,SALE08955,CUST03969,DLR073,BK002,Frame & Chassis,1788,Pending Verification,0
CLM00375,2025-03-08,SERV09186,SALE02794,CUST02176,DLR096,BK001,Frame & Chassis,4432,Approved,4225
CLM00376,2025-05-13,SERV12240,SALE09099,CUST00141,DLR053,BK005,Electrical System,10620,Approved,10402
CLM00377,2026-07-21,SERV02317,SALE05025,CUST04013,DLR196,BK003,Suspension & Brakes,8883,Approved,8728
CLM00378,2026-07-15,SERV02510,SALE19591,CUST03217,DLR176,BK005,Electrical System,11975,Approved,10990
CLM00379,2024-07-13,SERV13911,SALE13170,CUST03802,DLR124,BK007,Fuel System & EFI,13921,Approved,13900
CLM00380,2021-05-16,SERV03836,SALE03336,CUST03183,DLR105,BK002,Exhaust System,8269,Approved,8097
CLM00381,2022-04-22,SERV08419,SALE12439,CUST01698,DLR188,BK004,Frame & Chassis,5930,Approved,5903
CLM00382,2025-06-11,SERV05447,SALE12084,CUST00869,DLR076,BK001,Exhaust System,7142,Approved,6503
CLM00383,2024-09-21,SERV05467,SALE16364,CUST00495,DLR161,BK002,Suspension & Brakes,6772,Approved,6542
CLM00384,2025-09-28,SERV04861,SALE11065,CUST02575,DLR137,BK003,Engine & Transmission,29974,Approved,28555
CLM00385,2026-07-25,SERV13695,SALE07203,CUST01037,DLR007,BK010,Suspension & Brakes,3144,Approved,2887
CLM00386,2025-04-30,SERV13971,SALE13245,CUST03695,DLR147,BK003,Fuel System & EFI,7620,Approved,7414
CLM00387,2024-11-18,SERV08120,SALE13600,CUST00373,DLR110,BK001,Suspension & Brakes,10142,Pending Verification,0
CLM00388,2022-01-29,SERV06739,SALE00222,CUST00256,DLR156,BK005,Engine & Transmission,25860,Approved,24907
CLM00389,2020-12-25,SERV10749,SALE17766,CUST04417,DLR132,BK002,Frame & Chassis,5070,Approved,4627
CLM00390,2023-05-27,SERV08291,SALE03653,CUST03652,DLR077,BK007,Electrical System,11711,Approved,10918
CLM00391,2025-08-05,SERV04269,SALE06081,CUST04619,DLR116,BK001,Frame & Chassis,4295,Rejected,0
CLM00392,2021-09-04,SERV14995,SALE09191,CUST01003,DLR109,BK001,Exhaust System,2961,Approved,2831
CLM00393,2022-09-09,SERV06223,SALE11413,CUST02045,DLR092,BK002,Engine & Transmission,11420,Approved,10282
CLM00394,2024-07-27,SERV07879,SALE00986,CUST00134,DLR190,BK003,Suspension & Brakes,11187,Approved,10717
CLM00395,2026-07-07,SERV05131,SALE18861,CUST00943,DLR075,BK004,Exhaust System,7038,Approved,6978
CLM00396,2026-05-02,SERV14189,SALE09782,CUST01736,DLR021,BK007,Suspension & Brakes,7715,Approved,7602
CLM00397,2024-07-29,SERV00539,SALE08271,CUST00507,DLR005,BK002,Frame & Chassis,2842,Approved,2596
CLM00398,2022-03-20,SERV11314,SALE17807,CUST01481,DLR054,BK011,Fuel System & EFI,4267,Rejected,0
CLM00399,2022-01-18,SERV10434,SALE04959,CUST01679,DLR029,BK004,Exhaust System,5620,Rejected,0
CLM00400,2023-04-19,SERV14357,SALE16761,CUST04031,DLR058,BK011,Engine & Transmission,21409,Approved,19430
CLM00401,2025-05-03,SERV06361,SALE18167,CUST04584,DLR068,BK003,Fuel System & EFI,4094,Pending Verification,0
CLM00402,2026-07-10,SERV03255,SALE18913,CUST00361,DLR139,BK005,Frame & Chassis,2764,Rejected,0
CLM00403,2026-07-15,SERV04588,SALE08029,CUST00386,DLR035,BK003,Suspension & Brakes,6564,Rejected,0
CLM00404,2021-08-18,SERV04142,SALE11503,CUST01062,DLR129,BK005,Suspension & Brakes,4588,Approved,4443
CLM00405,2024-02-11,SERV07655,SALE03892,CUST03327,DLR079,BK008,Frame & Chassis,3563,Approved,3504
CLM00406,2026-01-08,SERV00133,SALE10183,CUST02233,DLR054,BK003,Electrical System,13859,Approved,13304
CLM00407,2022-08-02,SERV09572,SALE06232,CUST03475,DLR189,BK009,Exhaust System,6723,Approved,6555
CLM00408,2026-08-02,SERV04454,SALE19648,CUST04568,DLR163,BK005,Exhaust System,7226,Approved,7139
CLM00409,2024-07-02,SERV04716,SALE16842,CUST04336,DLR136,BK002,Exhaust System,5354,Approved,5083
CLM00410,2022-11-08,SERV04890,SALE11591,CUST04089,DLR021,BK015,Exhaust System,2997,Approved,2818
CLM00411,2026-07-09,SERV02924,SALE00726,CUST01949,DLR151,BK003,Engine & Transmission,14716,Rejected,0
CLM00412,2020-10-02,SERV08104,SALE12702,CUST04939,DLR172,BK004,Exhaust System,5370,Approved,5160
CLM00413,2023-03-12,SERV04300,SALE00083,CUST00623,DLR177,BK002,Fuel System & EFI,11050,Approved,10019
CLM00414,2022-11-23,SERV00854,SALE17117,CUST02302,DLR143,BK003,Exhaust System,4079,Approved,3683
CLM00415,2020-06-08,SERV07841,SALE15878,CUST03803,DLR043,BK006,Engine & Transmission,31312,Approved,30747
CLM00416,2026-04-11,SERV06655,SALE02341,CUST02721,DLR013,BK002,Electrical System,12512,Rejected,0
CLM00417,2021-10-03,SERV06909,SALE10805,CUST00087,DLR060,BK009,Exhaust System,7414,Approved,6839
CLM00418,2026-03-03,SERV04596,SALE04585,CUST04610,DLR122,BK003,Engine & Transmission,30806,Approved,30415
CLM00419,2022-09-15,SERV14727,SALE17704,CUST04134,DLR130,BK001,Exhaust System,2524,Rejected,0
CLM00420,2023-08-15,SERV04713,SALE15108,CUST00914,DLR118,BK001,Fuel System & EFI,10678,Approved,9663
CLM00421,2023-06-09,SERV01920,SALE01674,CUST00980,DLR051,BK003,Exhaust System,2611,Approved,2363
CLM00422,2022-07-27,SERV00802,SALE06776,CUST00926,DLR133,BK004,Electrical System,11990,Partially Approved,8280
CLM00423,2026-05-04,SERV06184,SALE17215,CUST04505,DLR040,BK004,Exhaust System,3274,Approved,3181
CLM00424,2022-02-27,SERV01996,SALE11598,CUST04754,DLR161,BK011,Electrical System,12754,Partially Approved,7531
CLM00425,2024-06-13,SERV09395,SALE12222,CUST01828,DLR082,BK004,Suspension & Brakes,6588,Approved,6027
CLM00426,2026-07-05,SERV02721,SALE19651,CUST00724,DLR038,BK001,Engine & Transmission,25192,Pending Verification,0
CLM00427,2020-04-06,SERV00759,SALE02323,CUST01056,DLR152,BK004,Exhaust System,3782,Pending Verification,0
CLM00428,2022-09-03,SERV08404,SALE13592,CUST01268,DLR133,BK008,Frame & Chassis,8241,Approved,7435
CLM00429,2026-07-09,SERV12807,SALE02130,CUST02455,DLR111,BK004,Frame & Chassis,2920,Rejected,0
CLM00430,2023-11-25,SERV10400,SALE06605,CUST04295,DLR102,BK002,Exhaust System,2168,Approved,2061
CLM00431,2026-07-19,SERV05113,SALE06579,CUST03742,DLR008,BK003,Electrical System,8288,Approved,7833
CLM00432,2021-07-18,SERV12310,SALE12683,CUST04396,DLR030,BK001,Engine & Transmission,16348,Rejected,0
CLM00433,2026-07-30,SERV01124,SALE01564,CUST03992,DLR192,BK003,Fuel System & EFI,8448,Pending Verification,0
CLM00434,2021-12-29,SERV11545,SALE00886,CUST04307,DLR183,BK004,Exhaust System,8435,Rejected,0
CLM00435,2022-05-02,SERV02269,SALE01671,CUST01396,DLR165,BK003,Electrical System,4339,Approved,4109
CLM00436,2026-07-11,SERV02324,SALE10834,CUST03970,DLR113,BK004,Engine & Transmission,12404,Rejected,0
CLM00437,2022-01-16,SERV02424,SALE18430,CUST04998,DLR121,BK001,Suspension & Brakes,11817,Pending Verification,0
CLM00438,2022-09-06,SERV00597,SALE01524,CUST02126,DLR193,BK009,Suspension & Brakes,4058,Rejected,0
CLM00439,2025-12-02,SERV14521,SALE01786,CUST01212,DLR175,BK001,Frame & Chassis,4416,Approved,4088
CLM00440,2024-10-04,SERV11653,SALE07308,CUST02662,DLR015,BK004,Exhaust System,4715,Rejected,0
CLM00441,2023-07-15,SERV03887,SALE15935,CUST04624,DLR055,BK004,Fuel System & EFI,7258,Approved,6944
CLM00442,2021-07-22,SERV12010,SALE16965,CUST01744,DLR097,BK001,Electrical System,7111,Rejected,0
CLM00443,2023-11-16,SERV08858,SALE15431,CUST00416,DLR046,BK007,Engine & Transmission,27608,Approved,26488
CLM00444,2026-07-19,SERV08091,SALE17312,CUST02142,DLR139,BK001,Frame & Chassis,4814,Rejected,0
CLM00445,2021-12-14,SERV11217,SALE00975,CUST04663,DLR055,BK006,Suspension & Brakes,7589,Approved,7392
CLM00446,2026-07-07,SERV07090,SALE13144,CUST03698,DLR010,BK009,Frame & Chassis,5827,Approved,5749
CLM00447,2025-05-11,SERV07398,SALE03833,CUST00040,DLR024,BK002,Frame & Chassis,4026,Pending Verification,0
CLM00448,2024-10-23,SERV03401,SALE05189,CUST02394,DLR054,BK003,Frame & Chassis,5633,Rejected,0
CLM00449,2026-07-09,SERV11154,SALE03677,CUST02012,DLR150,BK002,Engine & Transmission,11647,Approved,11053
CLM00450,2022-01-09,SERV08759,SALE16641,CUST00115,DLR016,BK004,Exhaust System,5892,Approved,5744
CLM00451,2026-03-22,SERV11950,SALE19085,CUST01736,DLR166,BK001,Suspension & Brakes,7186,Partially Approved,4171
CLM00452,2025-04-10,SERV04956,SALE06069,CUST04549,DLR003,BK008,Frame & Chassis,7064,Approved,6948
CLM00453,2022-12-29,SERV02249,SALE02229,CUST00775,DLR071,BK014,Exhaust System,5490,Approved,5462
CLM00454,2021-09-23,SERV09577,SALE13204,CUST00443,DLR176,BK007,Electrical System,9370,Approved,8743
CLM00455,2025-05-06,SERV11958,SALE08042,CUST00952,DLR077,BK003,Fuel System & EFI,15790,Approved,14655
CLM00456,2022-01-10,SERV01080,SALE08980,CUST01463,DLR186,BK004,Exhaust System,5326,Pending Verification,0
CLM00457,2023-12-25,SERV08338,SALE07788,CUST03608,DLR061,BK002,Fuel System & EFI,14657,Partially Approved,7998
CLM00458,2023-12-27,SERV05036,SALE03539,CUST01918,DLR155,BK002,Fuel System & EFI,4711,Approved,4650
CLM00459,2025-09-18,SERV14210,SALE09962,CUST04867,DLR156,BK002,Exhaust System,2122,Approved,1970
CLM00460,2026-07-04,SERV06233,SALE13042,CUST03548,DLR163,BK004,Frame & Chassis,5742,Approved,5524
CLM00461,2023-07-21,SERV12503,SALE01695,CUST01709,DLR184,BK002,Fuel System & EFI,6715,Approved,6197
CLM00462,2021-07-01,SERV01561,SALE07267,CUST00824,DLR046,BK004,Exhaust System,8096,Approved,7563
CLM00463,2025-10-04,SERV02334,SALE10720,CUST02533,DLR028,BK005,Exhaust System,1606,Rejected,0
CLM00464,2026-06-13,SERV02267,SALE12340,CUST00383,DLR183,BK004,Suspension & Brakes,3780,Pending Verification,0
CLM00465,2026-07-31,SERV03976,SALE03754,CUST03982,DLR089,BK002,Exhaust System,2111,Approved,2031
CLM00466,2020-10-31,SERV09480,SALE08373,CUST02445,DLR189,BK002,Fuel System & EFI,13229,Approved,12889
CLM00467,2023-07-12,SERV01779,SALE18881,CUST00634,DLR152,BK002,Engine & Transmission,15650,Rejected,0
CLM00468,2026-07-04,SERV08250,SALE04708,CUST02108,DLR072,BK002,Electrical System,12753,Approved,12321
CLM00469,2023-03-22,SERV02218,SALE12943,CUST00656,DLR106,BK003,Exhaust System,8338,Approved,7798
CLM00470,2026-05-11,SERV04903,SALE17097,CUST01628,DLR006,BK002,Frame & Chassis,3645,Pending Verification,0
CLM00471,2023-05-06,SERV12162,SALE13722,CUST00751,DLR186,BK001,Fuel System & EFI,11332,Approved,10996
CLM00472,2022-03-11,SERV05978,SALE06610,CUST03114,DLR013,BK011,Engine & Transmission,28936,Approved,28694
CLM00473,2021-06-27,SERV10987,SALE12042,CUST02169,DLR156,BK001,Frame & Chassis,4809,Approved,4333
CLM00474,2021-12-22,SERV11911,SALE13749,CUST02821,DLR029,BK005,Fuel System & EFI,9005,Approved,8328
CLM00475,2020-03-07,SERV01586,SALE18867,CUST01351,DLR022,BK006,Engine & Transmission,29967,Approved,27259
CLM00476,2024-12-29,SERV12158,SALE04977,CUST00340,DLR081,BK001,Fuel System & EFI,15808,Approved,14424
CLM00477,2021-12-24,SERV04677,SALE05136,CUST02899,DLR129,BK003,Exhaust System,2726,Approved,2631
CLM00478,2024-09-23,SERV12070,SALE15853,CUST02729,DLR042,BK002,Exhaust System,2161,Partially Approved,1398
CLM00479,2022-10-04,SERV00555,SALE05795,CUST02411,DLR099,BK001,Exhaust System,4737,Rejected,0
CLM00480,2021-11-11,SERV12144,SALE05040,CUST01392,DLR123,BK005,Frame & Chassis,4074,Partially Approved,1829
CLM00481,2025-12-07,SERV13419,SALE14230,CUST02346,DLR092,BK006,Exhaust System,6817,Approved,6539
CLM00482,2024-11-22,SERV06740,SALE17037,CUST03408,DLR123,BK008,Frame & Chassis,6458,Pending Verification,0
CLM00483,2020-11-23,SERV13482,SALE18482,CUST00766,DLR133,BK006,Engine & Transmission,29842,Approved,27057
CLM00484,2023-05-23,SERV12587,SALE05876,CUST03074,DLR057,BK002,Fuel System & EFI,6630,Approved,6035
CLM00485,2022-06-11,SERV06038,SALE00652,CUST03943,DLR077,BK002,Exhaust System,3595,Approved,3483
CLM00486,2021-04-06,SERV03843,SALE14882,CUST03001,DLR043,BK005,Exhaust System,1605,Approved,1555
CLM00487,2026-07-20,SERV04847,SALE15557,CUST03349,DLR115,BK004,Frame & Chassis,4429,Approved,4367
CLM00488,2023-03-20,SERV00685,SALE16730,CUST04656,DLR177,BK005,Exhaust System,1713,Rejected,0
CLM00489,2026-07-03,SERV02712,SALE01481,CUST04436,DLR027,BK002,Engine & Transmission,15215,Approved,14205
CLM00490,2022-11-15,SERV10148,SALE02174,CUST00630,DLR193,BK005,Fuel System & EFI,9435,Rejected,0
CLM00491,2023-05-02,SERV13941,SALE15863,CUST02150,DLR086,BK007,Fuel System & EFI,7319,Rejected,0
CLM00492,2021-11-18,SERV02965,SALE16115,CUST01698,DLR079,BK012,Fuel System & EFI,5174,Approved,4673
CLM00493,2021-07-27,SERV06435,SALE09144,CUST04028,DLR097,BK013,Exhaust System,3568,Approved,3363
CLM00494,2026-03-07,SERV06324,SALE15400,CUST01074,DLR070,BK002,Engine & Transmission,17693,Approved,16500
CLM00495,2021-05-01,SERV08130,SALE05758,CUST03382,DLR106,BK003,Suspension & Brakes,9418,Approved,9403
CLM00496,2024-04-28,SERV13923,SALE05890,CUST04276,DLR071,BK003,Fuel System & EFI,14585,Partially Approved,8297
CLM00497,2026-07-13,SERV11107,SALE15021,CUST04528,DLR178,BK005,Engine & Transmission,9154,Approved,8374
CLM00498,2023-12-03,SERV03567,SALE02415,CUST04212,DLR080,BK001,Fuel System & EFI,9600,Approved,9415
CLM00499,2025-10-26,SERV01730,SALE11193,CUST00338,DLR199,BK002,Fuel System & EFI,12063,Approved,11654
CLM00500,2022-08-23,SERV06930,SALE05952,CUST00061,DLR015,BK004,Fuel System & EFI,5038,Approved,4900
CLM00501,2024-01-20,SERV07415,SALE19401,CUST02680,DLR159,BK001,Frame & Chassis,2645,Approved,2426
CLM00502,2026-07-31,SERV08727,SALE13336,CUST00856,DLR167,BK004,Suspension & Brakes,4301,Approved,4082
CLM00503,2026-07-16,SERV13423,SALE07356,CUST03500,DLR028,BK002,Engine & Transmission,9329,Approved,8919
CLM00504,2024-12-15,SERV10442,SALE12046,CUST01879,DLR093,BK003,Frame & Chassis,2959,Rejected,0
CLM00505,2026-04-25,SERV05679,SALE19548,CUST02633,DLR044,BK003,Frame & Chassis,1980,Approved,1829
CLM00506,2023-09-01,SERV00459,SALE02553,CUST02308,DLR048,BK004,Frame & Chassis,2787,Approved,2734
CLM00507,2021-05-12,SERV05029,SALE17700,CUST04999,DLR078,BK002,Suspension & Brakes,11979,Approved,11041
CLM00508,2020-07-29,SERV03090,SALE06222,CUST04929,DLR152,BK004,Fuel System & EFI,5834,Approved,5269
CLM00509,2023-11-27,SERV08108,SALE18095,CUST01964,DLR010,BK001,Exhaust System,2757,Partially Approved,1774
CLM00510,2023-07-29,SERV14341,SALE12761,CUST00025,DLR047,BK006,Fuel System & EFI,11751,Approved,11024
CLM00511,2026-07-27,SERV12470,SALE09446,CUST02102,DLR170,BK005,Exhaust System,4341,Pending Verification,0
CLM00512,2024-03-04,SERV04329,SALE03207,CUST02294,DLR118,BK006,Fuel System & EFI,15506,Approved,14317
CLM00513,2026-07-01,SERV04675,SALE15269,CUST02482,DLR146,BK004,Suspension & Brakes,11157,Pending Verification,0
CLM00514,2026-07-26,SERV03914,SALE17047,CUST02494,DLR180,BK001,Fuel System & EFI,5100,Approved,4757
CLM00515,2026-07-09,SERV01125,SALE15226,CUST00101,DLR175,BK007,Electrical System,12642,Rejected,0
CLM00516,2026-07-21,SERV12212,SALE04410,CUST01083,DLR023,BK009,Engine & Transmission,27187,Pending Verification,0
CLM00517,2026-07-25,SERV09800,SALE18539,CUST01532,DLR135,BK002,Electrical System,7487,Approved,6760
CLM00518,2021-12-26,SERV07302,SALE18806,CUST03241,DLR118,BK002,Electrical System,10415,Approved,10266
CLM00519,2026-03-27,SERV11343,SALE11515,CUST01238,DLR031,BK004,Engine & Transmission,25713,Pending Verification,0
CLM00520,2022-04-01,SERV05964,SALE09114,CUST03870,DLR039,BK003,Suspension & Brakes,5021,Approved,4983
CLM00521,2026-07-07,SERV04242,SALE02744,CUST02041,DLR033,BK002,Suspension & Brakes,3169,Approved,3136
CLM00522,2025-12-10,SERV02225,SALE19443,CUST01643,DLR157,BK008,Frame & Chassis,6385,Approved,6242
CLM00523,2022-05-18,SERV03675,SALE05006,CUST04328,DLR096,BK003,Frame & Chassis,7957,Approved,7641
CLM00524,2026-07-09,SERV09513,SALE04034,CUST03731,DLR051,BK006,Fuel System & EFI,5686,Approved,5448
CLM00525,2023-08-05,SERV07434,SALE10829,CUST03840,DLR151,BK003,Suspension & Brakes,5794,Rejected,0
CLM00526,2022-11-12,SERV02553,SALE17674,CUST02111,DLR136,BK003,Suspension & Brakes,9913,Approved,9776
CLM00527,2022-08-22,SERV08409,SALE07023,CUST04957,DLR127,BK005,Exhaust System,8251,Partially Approved,5149
CLM00528,2023-06-02,SERV00143,SALE14428,CUST00303,DLR195,BK004,Engine & Transmission,13488,Approved,12819
CLM00529,2026-07-25,SERV01726,SALE03782,CUST03643,DLR184,BK002,Electrical System,5016,Pending Verification,0
CLM00530,2025-05-16,SERV11721,SALE10092,CUST03875,DLR172,BK002,Electrical System,4221,Approved,3829
CLM00531,2021-12-21,SERV12147,SALE08338,CUST01832,DLR109,BK006,Engine & Transmission,21338,Approved,20786
CLM00532,2025-01-08,SERV12338,SALE02865,CUST00193,DLR022,BK003,Exhaust System,8353,Approved,8216
CLM00533,2024-08-06,SERV09168,SALE12189,CUST03109,DLR016,BK002,Frame & Chassis,7917,Approved,7362
CLM00534,2025-07-02,SERV08096,SALE12862,CUST00503,DLR079,BK002,Suspension & Brakes,7145,Rejected,0
CLM00535,2026-07-22,SERV00374,SALE05056,CUST01968,DLR088,BK002,Suspension & Brakes,6216,Approved,6176
CLM00536,2023-04-27,SERV13428,SALE12364,CUST01849,DLR148,BK002,Engine & Transmission,28098,Approved,25642
CLM00537,2026-07-25,SERV05566,SALE13913,CUST02210,DLR167,BK001,Engine & Transmission,28741,Approved,27456
CLM00538,2026-01-14,SERV12058,SALE02037,CUST03276,DLR146,BK002,Frame & Chassis,6304,Approved,5966
CLM00539,2024-05-06,SERV02819,SALE04457,CUST04334,DLR022,BK003,Frame & Chassis,6526,Pending Verification,0
CLM00540,2022-07-17,SERV08381,SALE07096,CUST00150,DLR032,BK001,Exhaust System,2113,Approved,2020
CLM00541,2026-08-01,SERV04175,SALE18383,CUST02958,DLR159,BK001,Electrical System,13458,Approved,12651
CLM00542,2024-02-13,SERV05796,SALE00413,CUST04943,DLR056,BK001,Electrical System,15890,Rejected,0
CLM00543,2024-04-12,SERV14621,SALE19495,CUST00057,DLR016,BK002,Electrical System,11190,Rejected,0
CLM00544,2026-07-08,SERV10801,SALE14453,CUST01551,DLR101,BK007,Frame & Chassis,3676,Partially Approved,1535
CLM00545,2021-03-18,SERV01519,SALE10280,CUST02328,DLR094,BK003,Exhaust System,6083,Pending Verification,0
CLM00546,2026-03-18,SERV01912,SALE02122,CUST00096,DLR105,BK014,Electrical System,14740,Rejected,0
CLM00547,2022-01-22,SERV05840,SALE10742,CUST04929,DLR043,BK002,Frame & Chassis,4417,Approved,4072
CLM00548,2025-12-24,SERV12567,SALE11089,CUST00192,DLR180,BK010,Electrical System,10245,Approved,9673
CLM00549,2026-06-13,SERV08669,SALE13813,CUST01346,DLR118,BK002,Fuel System & EFI,12332,Approved,12065
CLM00550,2025-10-30,SERV07443,SALE07024,CUST04010,DLR003,BK001,Frame & Chassis,7040,Approved,6880
CLM00551,2023-08-22,SERV00700,SALE10336,CUST02680,DLR027,BK001,Exhaust System,2732,Approved,2688
CLM00552,2024-05-09,SERV07461,SALE03259,CUST02934,DLR190,BK001,Frame & Chassis,7366,Approved,7145
CLM00553,2026-06-02,SERV09827,SALE15542,CUST04196,DLR107,BK001,Suspension & Brakes,2679,Approved,2469
CLM00554,2025-04-20,SERV01293,SALE10683,CUST02382,DLR029,BK015,Frame & Chassis,3870,Approved,3709
CLM00555,2022-02-25,SERV10853,SALE07640,CUST02976,DLR101,BK001,Fuel System & EFI,11663,Pending Verification,0
CLM00556,2026-07-10,SERV11016,SALE00532,CUST00208,DLR038,BK004,Exhaust System,4755,Pending Verification,0
CLM00557,2021-11-06,SERV04299,SALE19902,CUST04493,DLR014,BK010,Suspension & Brakes,7034,Rejected,0
CLM00558,2023-06-22,SERV09047,SALE10837,CUST01138,DLR155,BK003,Electrical System,14544,Approved,13635
CLM00559,2025-03-05,SERV11488,SALE11540,CUST01853,DLR137,BK002,Fuel System & EFI,11562,Approved,10877
CLM00560,2025-03-30,SERV01729,SALE08027,CUST02626,DLR027,BK013,Exhaust System,8350,Approved,7649
CLM00561,2024-07-24,SERV11376,SALE16678,CUST02355,DLR019,BK001,Engine & Transmission,10434,Approved,10193
CLM00562,2025-04-20,SERV11032,SALE15017,CUST03247,DLR134,BK003,Frame & Chassis,4962,Approved,4783
CLM00563,2024-09-06,SERV12844,SALE02748,CUST01147,DLR081,BK003,Frame & Chassis,4028,Pending Verification,0
CLM00564,2026-07-26,SERV03089,SALE14906,CUST02686,DLR170,BK007,Exhaust System,2125,Approved,2068
CLM00565,2024-01-29,SERV09874,SALE04686,CUST01126,DLR027,BK003,Engine & Transmission,19271,Approved,18701
CLM00566,2026-07-14,SERV08489,SALE06025,CUST04282,DLR069,BK003,Exhaust System,2810,Partially Approved,2065
CLM00567,2026-07-13,SERV13663,SALE03486,CUST03545,DLR052,BK003,Frame & Chassis,4708,Partially Approved,2294
CLM00568,2023-12-07,SERV02675,SALE09429,CUST00811,DLR116,BK007,Fuel System & EFI,13970,Approved,12616
CLM00569,2026-02-24,SERV09515,SALE01941,CUST00005,DLR028,BK001,Suspension & Brakes,3249,Approved,2964
CLM00570,2026-07-18,SERV14620,SALE07136,CUST01552,DLR125,BK002,Exhaust System,2371,Approved,2305
CLM00571,2026-07-26,SERV13978,SALE10655,CUST02616,DLR138,BK011,Fuel System & EFI,6696,Approved,6581
CLM00572,2020-11-02,SERV14960,SALE10279,CUST00975,DLR087,BK004,Electrical System,8429,Approved,8210
CLM00573,2026-05-14,SERV10302,SALE03408,CUST03365,DLR136,BK003,Exhaust System,4066,Approved,3755
CLM00574,2023-08-07,SERV00106,SALE17398,CUST01774,DLR085,BK001,Suspension & Brakes,3633,Approved,3388
CLM00575,2023-08-08,SERV11977,SALE17829,CUST03335,DLR113,BK008,Engine & Transmission,8358,Rejected,0
CLM00576,2024-11-07,SERV08435,SALE05703,CUST04051,DLR156,BK003,Exhaust System,3872,Rejected,0
CLM00577,2026-03-29,SERV06463,SALE19765,CUST04435,DLR196,BK002,Electrical System,5244,Approved,4786
CLM00578,2026-07-10,SERV00672,SALE08341,CUST02643,DLR006,BK003,Exhaust System,8273,Approved,7529
CLM00579,2026-07-11,SERV04968,SALE18273,CUST04833,DLR131,BK007,Electrical System,9356,Approved,8623
CLM00580,2026-07-19,SERV04401,SALE13313,CUST01083,DLR173,BK002,Frame & Chassis,8476,Rejected,0
CLM00581,2022-10-25,SERV10322,SALE07269,CUST00436,DLR074,BK001,Suspension & Brakes,7262,Approved,6567
CLM00582,2023-05-19,SERV01630,SALE19434,CUST01250,DLR119,BK003,Frame & Chassis,4190,Approved,4131
CLM00583,2026-07-19,SERV05672,SALE08209,CUST02712,DLR177,BK009,Exhaust System,6703,Approved,6413
CLM00584,2021-10-08,SERV09658,SALE04451,CUST02951,DLR151,BK003,Exhaust System,2967,Approved,2737
CLM00585,2025-05-03,SERV03665,SALE14313,CUST00985,DLR134,BK001,Frame & Chassis,3267,Approved,2987
CLM00586,2026-07-27,SERV08646,SALE10684,CUST02093,DLR082,BK004,Suspension & Brakes,9189,Approved,8870
CLM00587,2022-08-13,SERV05384,SALE08001,CUST00353,DLR077,BK004,Fuel System & EFI,7686,Approved,7321
CLM00588,2023-10-20,SERV00871,SALE14266,CUST03889,DLR065,BK001,Frame & Chassis,2316,Approved,2113
CLM00589,2024-05-05,SERV14001,SALE16239,CUST01114,DLR095,BK002,Suspension & Brakes,9446,Approved,8662
CLM00590,2023-03-15,SERV09690,SALE18784,CUST00892,DLR022,BK010,Exhaust System,4265,Pending Verification,0
CLM00591,2022-11-03,SERV08810,SALE15666,CUST03492,DLR185,BK002,Electrical System,6572,Approved,6300
CLM00592,2021-09-26,SERV01159,SALE15033,CUST02682,DLR124,BK002,Exhaust System,5016,Approved,4921
CLM00593,2022-07-03,SERV08572,SALE00872,CUST04811,DLR023,BK002,Exhaust System,4842,Approved,4555
CLM00594,2021-01-24,SERV01108,SALE06676,CUST02228,DLR059,BK007,Fuel System & EFI,3521,Approved,3192
CLM00595,2026-07-12,SERV14583,SALE14613,CUST00890,DLR045,BK003,Exhaust System,2268,Approved,2107
CLM00596,2025-12-31,SERV09582,SALE19528,CUST03746,DLR123,BK004,Suspension & Brakes,6585,Approved,6045
CLM00597,2023-02-28,SERV06180,SALE15380,CUST02325,DLR181,BK001,Suspension & Brakes,8832,Approved,8076
CLM00598,2021-04-24,SERV11400,SALE13643,CUST03925,DLR143,BK002,Engine & Transmission,14837,Pending Verification,0
CLM00599,2024-11-14,SERV09290,SALE16070,CUST04834,DLR120,BK005,Frame & Chassis,1506,Approved,1476
CLM00600,2026-07-21,SERV06801,SALE02112,CUST02088,DLR026,BK007,Engine & Transmission,10760,Partially Approved,5095
CLM00601,2022-07-22,SERV04437,SALE11562,CUST02060,DLR107,BK002,Suspension & Brakes,6855,Approved,6491
CLM00602,2025-03-19,SERV10560,SALE18628,CUST04140,DLR200,BK004,Engine & Transmission,11918,Pending Verification,0
CLM00603,2023-08-20,SERV05953,SALE09690,CUST04233,DLR008,BK001,Engine & Transmission,24403,Approved,23661
CLM00604,2022-04-13,SERV03470,SALE19013,CUST03961,DLR081,BK002,Frame & Chassis,1786,Partially Approved,756
CLM00605,2026-07-14,SERV03944,SALE12592,CUST03693,DLR067,BK005,Suspension & Brakes,6566,Partially Approved,4398
CLM00606,2023-03-21,SERV11983,SALE01232,CUST04520,DLR104,BK003,Fuel System & EFI,3711,Approved,3575
CLM00607,2023-01-12,SERV07464,SALE12033,CUST03610,DLR026,BK003,Electrical System,10524,Approved,9716
CLM00608,2022-10-21,SERV01566,SALE02501,CUST00528,DLR139,BK004,Engine & Transmission,10509,Approved,10433
CLM00609,2026-03-11,SERV11957,SALE02781,CUST02519,DLR166,BK002,Frame & Chassis,7565,Pending Verification,0
CLM00610,2023-08-10,SERV05204,SALE06923,CUST04784,DLR126,BK001,Frame & Chassis,2670,Approved,2587
CLM00611,2026-07-08,SERV09634,SALE19838,CUST02525,DLR198,BK005,Engine & Transmission,9288,Pending Verification,0
CLM00612,2024-07-17,SERV07697,SALE00092,CUST03313,DLR063,BK004,Engine & Transmission,25806,Approved,24244
CLM00613,2020-11-26,SERV11973,SALE11568,CUST03225,DLR175,BK014,Frame & Chassis,5088,Rejected,0
CLM00614,2026-07-31,SERV04298,SALE17991,CUST03667,DLR028,BK007,Frame & Chassis,6708,Rejected,0
CLM00615,2022-01-07,SERV13034,SALE19425,CUST02240,DLR181,BK002,Electrical System,10320,Approved,9459
CLM00616,2020-12-18,SERV03765,SALE08770,CUST03103,DLR106,BK005,Suspension & Brakes,11140,Approved,10041
CLM00617,2022-07-15,SERV03759,SALE00903,CUST01383,DLR094,BK002,Suspension & Brakes,5412,Approved,5000
CLM00618,2025-01-06,SERV03119,SALE01549,CUST02026,DLR070,BK001,Engine & Transmission,13230,Approved,12986
CLM00619,2026-05-29,SERV04885,SALE00632,CUST00844,DLR017,BK003,Suspension & Brakes,4601,Rejected,0
CLM00620,2026-03-19,SERV03407,SALE16441,CUST00366,DLR091,BK002,Frame & Chassis,3761,Approved,3547
CLM00621,2020-10-25,SERV13038,SALE01050,CUST01915,DLR069,BK011,Electrical System,15763,Approved,14353
CLM00622,2026-07-17,SERV04465,SALE14799,CUST04989,DLR012,BK005,Suspension & Brakes,10996,Approved,10169
CLM00623,2022-10-25,SERV01162,SALE01895,CUST01542,DLR155,BK002,Exhaust System,5235,Rejected,0
CLM00624,2022-06-16,SERV02035,SALE15836,CUST02786,DLR171,BK005,Engine & Transmission,8581,Pending Verification,0
CLM00625,2024-10-31,SERV12634,SALE00134,CUST03476,DLR065,BK007,Electrical System,15239,Approved,15105
CLM00626,2026-07-31,SERV14841,SALE15100,CUST04152,DLR087,BK004,Engine & Transmission,23574,Approved,22744
CLM00627,2022-10-24,SERV08277,SALE15388,CUST04784,DLR042,BK007,Exhaust System,2030,Approved,1999
CLM00628,2026-01-02,SERV02915,SALE10196,CUST00091,DLR193,BK002,Electrical System,14773,Approved,14508
CLM00629,2021-03-14,SERV10436,SALE18447,CUST04138,DLR200,BK002,Frame & Chassis,6039,Approved,5674
CLM00630,2024-10-12,SERV12135,SALE10953,CUST00697,DLR036,BK005,Exhaust System,2533,Approved,2317
CLM00631,2020-08-01,SERV05947,SALE05931,CUST02705,DLR177,BK002,Fuel System & EFI,8033,Approved,7652
CLM00632,2023-11-15,SERV13598,SALE10941,CUST02298,DLR065,BK005,Frame & Chassis,6677,Pending Verification,0
CLM00633,2024-05-03,SERV10553,SALE13667,CUST01253,DLR057,BK001,Suspension & Brakes,4089,Approved,3814
CLM00634,2026-07-09,SERV01681,SALE18477,CUST04330,DLR066,BK005,Engine & Transmission,11888,Approved,11612
CLM00635,2023-10-21,SERV12907,SALE05283,CUST02583,DLR008,BK001,Fuel System & EFI,10539,Approved,10247
CLM00636,2026-08-01,SERV04584,SALE02875,CUST03621,DLR140,BK003,Engine & Transmission,18852,Approved,17009
CLM00637,2025-11-07,SERV08746,SALE10830,CUST01007,DLR122,BK003,Exhaust System,5882,Approved,5503
CLM00638,2022-11-12,SERV06545,SALE12995,CUST03085,DLR015,BK001,Fuel System & EFI,10130,Partially Approved,5651
CLM00639,2026-02-06,SERV12100,SALE08188,CUST03519,DLR025,BK002,Frame & Chassis,8314,Approved,8313
CLM00640,2022-12-08,SERV11293,SALE01938,CUST01858,DLR182,BK003,Suspension & Brakes,4657,Rejected,0
CLM00641,2021-05-26,SERV04103,SALE01432,CUST01635,DLR079,BK002,Engine & Transmission,16793,Approved,15421
CLM00642,2022-01-17,SERV00450,SALE14238,CUST01306,DLR182,BK001,Suspension & Brakes,5043,Rejected,0
CLM00643,2022-06-05,SERV12986,SALE16093,CUST03392,DLR120,BK001,Frame & Chassis,2080,Pending Verification,0
CLM00644,2026-07-31,SERV02338,SALE19100,CUST02845,DLR169,BK002,Fuel System & EFI,11275,Pending Verification,0
CLM00645,2025-09-17,SERV02738,SALE19645,CUST03402,DLR009,BK008,Suspension & Brakes,6485,Approved,5842
CLM00646,2024-06-23,SERV09602,SALE10180,CUST02956,DLR059,BK001,Fuel System & EFI,5436,Pending Verification,0
CLM00647,2020-06-29,SERV04296,SALE11942,CUST01489,DLR124,BK005,Frame & Chassis,8009,Approved,8008
CLM00648,2025-03-12,SERV10544,SALE11275,CUST03882,DLR108,BK001,Electrical System,10473,Rejected,0
CLM00649,2021-12-19,SERV08222,SALE05985,CUST00152,DLR185,BK002,Suspension & Brakes,8253,Rejected,0
CLM00650,2026-07-24,SERV03921,SALE12140,CUST03591,DLR054,BK002,Exhaust System,5763,Rejected,0
CLM00651,2026-07-08,SERV00970,SALE16432,CUST02427,DLR139,BK003,Suspension & Brakes,9808,Approved,9469
CLM00652,2025-12-11,SERV11336,SALE05270,CUST00193,DLR076,BK003,Electrical System,8144,Approved,7614
CLM00653,2022-06-06,SERV12329,SALE12273,CUST02893,DLR165,BK002,Frame & Chassis,6388,Approved,6221
CLM00654,2024-04-23,SERV02457,SALE09470,CUST04198,DLR065,BK001,Fuel System & EFI,10862,Rejected,0
CLM00655,2023-08-13,SERV10542,SALE12811,CUST00377,DLR177,BK004,Electrical System,9170,Approved,9021
CLM00656,2026-06-13,SERV02336,SALE00069,CUST02026,DLR071,BK003,Electrical System,12611,Approved,11375
CLM00657,2020-07-11,SERV14473,SALE09354,CUST00523,DLR036,BK003,Frame & Chassis,7210,Approved,6760
CLM00658,2026-07-05,SERV12069,SALE15530,CUST02857,DLR017,BK001,Frame & Chassis,6391,Pending Verification,0
CLM00659,2024-12-20,SERV04958,SALE13587,CUST00655,DLR007,BK005,Exhaust System,4173,Approved,3905
CLM00660,2022-07-11,SERV08496,SALE08581,CUST03062,DLR143,BK006,Exhaust System,1836,Approved,1821
CLM00661,2025-03-10,SERV07175,SALE02965,CUST04411,DLR060,BK001,Suspension & Brakes,3484,Approved,3460
CLM00662,2023-12-08,SERV02783,SALE04947,CUST01256,DLR149,BK002,Frame & Chassis,8226,Approved,7629
CLM00663,2024-05-20,SERV14997,SALE00933,CUST00346,DLR006,BK007,Fuel System & EFI,11467,Approved,10956
CLM00664,2024-08-06,SERV07338,SALE11814,CUST01815,DLR159,BK001,Exhaust System,2725,Rejected,0
CLM00665,2025-08-21,SERV05050,SALE04886,CUST00749,DLR004,BK001,Electrical System,12708,Approved,11474
CLM00666,2025-10-18,SERV10911,SALE10065,CUST03379,DLR095,BK007,Exhaust System,3389,Approved,3259
CLM00667,2026-03-10,SERV03682,SALE01904,CUST00753,DLR092,BK001,Engine & Transmission,16645,Rejected,0
CLM00668,2024-06-05,SERV10689,SALE15844,CUST04932,DLR075,BK004,Engine & Transmission,28119,Approved,27370
CLM00669,2022-04-24,SERV10087,SALE17645,CUST01255,DLR037,BK003,Fuel System & EFI,9837,Approved,8910
CLM00670,2025-02-26,SERV04623,SALE05145,CUST04437,DLR065,BK005,Frame & Chassis,6383,Approved,5902
CLM00671,2025-09-24,SERV03112,SALE10705,CUST00202,DLR002,BK002,Frame & Chassis,3696,Rejected,0
CLM00672,2021-01-03,SERV11303,SALE13662,CUST02527,DLR098,BK003,Fuel System & EFI,10821,Rejected,0
CLM00673,2023-06-30,SERV05738,SALE17547,CUST00788,DLR185,BK002,Suspension & Brakes,4344,Approved,4240
CLM00674,2024-09-13,SERV09140,SALE04568,CUST02744,DLR024,BK002,Fuel System & EFI,13458,Approved,12985
CLM00675,2022-11-10,SERV06393,SALE11162,CUST03904,DLR145,BK013,Engine & Transmission,15206,Approved,14032
CLM00676,2024-06-05,SERV13891,SALE06362,CUST04208,DLR141,BK001,Exhaust System,4427,Approved,4090
CLM00677,2023-04-25,SERV02211,SALE14147,CUST02964,DLR094,BK004,Suspension & Brakes,9390,Rejected,0
CLM00678,2021-08-01,SERV01932,SALE13662,CUST02527,DLR098,BK003,Electrical System,10477,Rejected,0
CLM00679,2021-02-15,SERV03910,SALE06672,CUST00867,DLR097,BK003,Fuel System & EFI,15982,Approved,15018
CLM00680,2025-11-08,SERV10324,SALE03481,CUST00405,DLR181,BK004,Frame & Chassis,4225,Approved,3966
CLM00681,2022-08-04,SERV01989,SALE07040,CUST04940,DLR157,BK004,Exhaust System,8152,Approved,7874
CLM00682,2025-08-26,SERV08737,SALE19403,CUST04991,DLR174,BK001,Engine & Transmission,26422,Approved,25940
CLM00683,2025-12-15,SERV10487,SALE19947,CUST02314,DLR175,BK002,Engine & Transmission,18005,Approved,17263
CLM00684,2024-04-21,SERV04430,SALE06182,CUST03316,DLR028,BK003,Fuel System & EFI,4813,Approved,4521
CLM00685,2023-09-29,SERV01308,SALE12091,CUST04375,DLR159,BK003,Suspension & Brakes,9232,Approved,8555
CLM00686,2024-10-09,SERV11769,SALE06546,CUST01625,DLR142,BK001,Frame & Chassis,1546,Approved,1441
CLM00687,2024-05-30,SERV09182,SALE08270,CUST02720,DLR020,BK001,Fuel System & EFI,15146,Approved,14437
CLM00688,2024-08-30,SERV14011,SALE07085,CUST04489,DLR070,BK003,Suspension & Brakes,6908,Approved,6605
CLM00689,2022-08-29,SERV00653,SALE12106,CUST01067,DLR008,BK010,Fuel System & EFI,15761,Approved,14275
CLM00690,2023-01-13,SERV11878,SALE17433,CUST04271,DLR137,BK006,Exhaust System,5705,Rejected,0
CLM00691,2023-12-20,SERV07830,SALE00187,CUST03691,DLR088,BK001,Fuel System & EFI,10625,Rejected,0
CLM00692,2020-10-10,SERV01918,SALE02994,CUST00692,DLR057,BK002,Exhaust System,6283,Pending Verification,0
CLM00693,2022-02-02,SERV10411,SALE16124,CUST01168,DLR046,BK002,Exhaust System,4382,Rejected,0
CLM00694,2021-04-19,SERV07293,SALE18424,CUST04162,DLR012,BK003,Fuel System & EFI,12469,Approved,11964
CLM00695,2026-05-31,SERV09206,SALE14832,CUST00038,DLR001,BK005,Engine & Transmission,22259,Approved,20798
CLM00696,2026-01-04,SERV00828,SALE19665,CUST02088,DLR009,BK001,Fuel System & EFI,7113,Approved,6688
CLM00697,2024-06-02,SERV09241,SALE17827,CUST01329,DLR153,BK003,Engine & Transmission,29982,Approved,29182
CLM00698,2022-07-28,SERV09099,SALE11372,CUST00862,DLR077,BK002,Engine & Transmission,30459,Partially Approved,21344
CLM00699,2021-08-07,SERV08765,SALE17155,CUST04039,DLR055,BK003,Engine & Transmission,25119,Partially Approved,17271
CLM00700,2023-12-02,SERV06440,SALE15617,CUST01853,DLR121,BK005,Fuel System & EFI,5264,Approved,4886
CLM00701,2023-08-04,SERV13675,SALE14775,CUST03735,DLR115,BK012,Electrical System,6463,Approved,6073
CLM00702,2022-08-15,SERV06136,SALE08073,CUST01668,DLR157,BK007,Electrical System,14578,Approved,13124
CLM00703,2026-07-13,SERV09450,SALE19038,CUST04759,DLR194,BK004,Electrical System,3611,Approved,3595
CLM00704,2024-10-20,SERV08509,SALE08576,CUST00134,DLR106,BK002,Electrical System,11599,Approved,11007
CLM00705,2025-07-24,SERV05771,SALE16524,CUST00202,DLR170,BK006,Fuel System & EFI,14589,Approved,14497
CLM00706,2026-07-13,SERV04936,SALE07180,CUST03519,DLR006,BK003,Electrical System,6206,Approved,5921
CLM00707,2025-02-18,SERV01153,SALE05474,CUST01107,DLR155,BK006,Engine & Transmission,18973,Approved,18841
CLM00708,2023-04-25,SERV08077,SALE05138,CUST04058,DLR013,BK001,Fuel System & EFI,4270,Approved,3923
CLM00709,2022-12-22,SERV12718,SALE07455,CUST02542,DLR144,BK008,Frame & Chassis,7656,Rejected,0
CLM00710,2025-07-30,SERV03383,SALE05681,CUST03817,DLR102,BK004,Fuel System & EFI,5598,Pending Verification,0
CLM00711,2021-12-16,SERV02913,SALE16818,CUST00279,DLR172,BK003,Suspension & Brakes,11996,Approved,11493
CLM00712,2025-09-28,SERV03176,SALE10434,CUST04619,DLR079,BK004,Fuel System & EFI,13368,Approved,13334
CLM00713,2026-04-05,SERV04834,SALE15129,CUST03324,DLR154,BK004,Suspension & Brakes,10271,Approved,9724
CLM00714,2026-07-08,SERV10598,SALE16144,CUST01031,DLR044,BK002,Engine & Transmission,28250,Approved,27912
CLM00715,2026-01-08,SERV02589,SALE05401,CUST01349,DLR154,BK001,Electrical System,8478,Approved,7693
CLM00716,2023-01-02,SERV05464,SALE07574,CUST01953,DLR016,BK003,Exhaust System,1757,Approved,1751
CLM00717,2025-11-17,SERV02042,SALE16291,CUST03346,DLR012,BK003,Electrical System,7062,Approved,6387
CLM00718,2024-06-05,SERV03238,SALE17598,CUST02835,DLR147,BK007,Frame & Chassis,4868,Pending Verification,0
CLM00719,2025-07-04,SERV08268,SALE06226,CUST02008,DLR108,BK002,Engine & Transmission,20216,Approved,19152
CLM00720,2026-04-04,SERV13065,SALE05749,CUST04393,DLR019,BK007,Suspension & Brakes,9269,Partially Approved,3869
CLM00721,2023-10-15,SERV07154,SALE07346,CUST00709,DLR120,BK003,Engine & Transmission,9425,Rejected,0
CLM00722,2022-07-31,SERV01924,SALE05785,CUST00243,DLR181,BK005,Engine & Transmission,10750,Pending Verification,0
CLM00723,2021-05-29,SERV14715,SALE16687,CUST04637,DLR158,BK004,Suspension & Brakes,9979,Approved,9087
CLM00724,2026-07-27,SERV05230,SALE03319,CUST04615,DLR177,BK001,Suspension & Brakes,4848,Approved,4471
CLM00725,2022-03-16,SERV10532,SALE02268,CUST00723,DLR076,BK001,Exhaust System,6961,Approved,6888
CLM00726,2024-08-09,SERV05194,SALE09881,CUST00558,DLR071,BK001,Fuel System & EFI,12320,Rejected,0
CLM00727,2025-06-17,SERV06851,SALE18796,CUST02361,DLR177,BK003,Frame & Chassis,3676,Approved,3555
CLM00728,2025-03-05,SERV05352,SALE04412,CUST04281,DLR080,BK002,Engine & Transmission,18681,Approved,17509
CLM00729,2026-07-27,SERV01061,SALE17114,CUST03336,DLR062,BK001,Engine & Transmission,30550,Approved,29092
CLM00730,2026-01-08,SERV07544,SALE12454,CUST01734,DLR108,BK014,Frame & Chassis,3909,Approved,3527
CLM00731,2023-08-06,SERV14984,SALE11492,CUST02049,DLR191,BK003,Electrical System,14349,Approved,13764
CLM00732,2022-07-08,SERV10586,SALE18953,CUST03983,DLR159,BK002,Fuel System & EFI,15814,Approved,14379
CLM00733,2024-03-28,SERV11125,SALE17003,CUST01712,DLR089,BK003,Engine & Transmission,15552,Approved,14843
CLM00734,2020-10-07,SERV10209,SALE00338,CUST03352,DLR128,BK004,Engine & Transmission,24489,Partially Approved,12893
CLM00735,2024-01-24,SERV04230,SALE07936,CUST04132,DLR196,BK004,Exhaust System,8036,Approved,7347
CLM00736,2026-06-10,SERV02765,SALE01007,CUST04223,DLR172,BK004,Frame & Chassis,2463,Approved,2344
CLM00737,2025-08-07,SERV06572,SALE05839,CUST00826,DLR047,BK002,Exhaust System,2454,Approved,2249
CLM00738,2022-12-26,SERV02485,SALE16407,CUST03479,DLR177,BK003,Electrical System,6203,Approved,5990
CLM00739,2023-11-27,SERV12096,SALE17444,CUST00409,DLR078,BK001,Suspension & Brakes,2533,Rejected,0
CLM00740,2026-07-22,SERV14659,SALE16954,CUST04531,DLR105,BK004,Frame & Chassis,6842,Approved,6515
CLM00741,2024-09-19,SERV10566,SALE12756,CUST00504,DLR072,BK003,Fuel System & EFI,15266,Approved,14480
CLM00742,2024-08-19,SERV10327,SALE18982,CUST04549,DLR001,BK001,Fuel System & EFI,4913,Approved,4428
CLM00743,2026-05-12,SERV10339,SALE15586,CUST01713,DLR014,BK010,Suspension & Brakes,11024,Approved,10110
CLM00744,2024-01-13,SERV06929,SALE09962,CUST04867,DLR156,BK002,Electrical System,15341,Approved,15204
CLM00745,2021-06-30,SERV13269,SALE18522,CUST03451,DLR051,BK001,Frame & Chassis,5444,Approved,5216
CLM00746,2022-09-14,SERV01670,SALE06302,CUST00519,DLR198,BK003,Electrical System,15844,Approved,15650
CLM00747,2021-10-11,SERV09351,SALE09822,CUST00834,DLR051,BK003,Frame & Chassis,5082,Pending Verification,0
CLM00748,2023-12-14,SERV04808,SALE03845,CUST01722,DLR130,BK002,Frame & Chassis,6878,Approved,6672
CLM00749,2026-07-05,SERV13256,SALE06847,CUST01820,DLR028,BK001,Exhaust System,3244,Rejected,0
CLM00750,2025-12-22,SERV12121,SALE12053,CUST00297,DLR040,BK012,Exhaust System,1898,Pending Verification,0
CLM00751,2022-11-23,SERV03603,SALE05225,CUST02060,DLR003,BK002,Electrical System,7348,Approved,6730
CLM00752,2025-02-18,SERV04316,SALE10292,CUST02891,DLR089,BK005,Engine & Transmission,13263,Approved,13008
CLM00753,2021-07-10,SERV08495,SALE07781,CUST04670,DLR011,BK009,Electrical System,11032,Approved,10958
CLM00754,2024-04-30,SERV06138,SALE02006,CUST00428,DLR168,BK001,Suspension & Brakes,9353,Approved,8698
CLM00755,2024-11-08,SERV02693,SALE03734,CUST03227,DLR003,BK002,Exhaust System,6746,Approved,6542
CLM00756,2024-04-03,SERV00445,SALE05662,CUST00841,DLR091,BK003,Exhaust System,3089,Approved,2809
CLM00757,2023-09-04,SERV12630,SALE12509,CUST04275,DLR036,BK002,Suspension & Brakes,6695,Approved,6269
CLM00758,2022-07-14,SERV05844,SALE14318,CUST04089,DLR177,BK004,Suspension & Brakes,2585,Rejected,0
CLM00759,2024-04-15,SERV08582,SALE04266,CUST02784,DLR162,BK002,Frame & Chassis,1567,Pending Verification,0
CLM00760,2025-05-13,SERV12445,SALE17159,CUST01266,DLR072,BK007,Electrical System,8136,Approved,8086
CLM00761,2025-03-05,SERV04327,SALE14364,CUST02492,DLR192,BK012,Engine & Transmission,21728,Approved,20075
CLM00762,2023-09-01,SERV07463,SALE06545,CUST03016,DLR160,BK002,Fuel System & EFI,8603,Approved,7747
CLM00763,2022-07-06,SERV11952,SALE12291,CUST03213,DLR142,BK003,Frame & Chassis,2255,Approved,2126
CLM00764,2024-08-02,SERV11345,SALE09255,CUST03224,DLR046,BK003,Electrical System,10185,Partially Approved,5996
CLM00765,2024-12-30,SERV10465,SALE09736,CUST00751,DLR119,BK002,Engine & Transmission,10530,Rejected,0
CLM00766,2026-07-05,SERV13629,SALE12375,CUST04669,DLR093,BK005,Suspension & Brakes,4689,Approved,4460
CLM00767,2025-10-21,SERV00003,SALE19727,CUST01809,DLR086,BK006,Engine & Transmission,25853,Pending Verification,0
CLM00768,2026-07-25,SERV08843,SALE03467,CUST01696,DLR126,BK004,Electrical System,15373,Rejected,0
CLM00769,2025-06-29,SERV05622,SALE19388,CUST01842,DLR122,BK001,Exhaust System,2444,Pending Verification,0
CLM00770,2025-04-26,SERV04706,SALE04127,CUST03413,DLR123,BK003,Frame & Chassis,1914,Pending Verification,0
CLM00771,2021-12-01,SERV13553,SALE16804,CUST01491,DLR077,BK003,Engine & Transmission,31693,Partially Approved,18775
CLM00772,2021-07-06,SERV12218,SALE04753,CUST02240,DLR111,BK005,Engine & Transmission,27799,Approved,26778
CLM00773,2025-07-24,SERV01193,SALE01475,CUST03013,DLR050,BK003,Suspension & Brakes,3693,Pending Verification,0
CLM00774,2025-01-24,SERV11242,SALE03692,CUST03003,DLR130,BK002,Frame & Chassis,2855,Approved,2766
CLM00775,2026-05-22,SERV02116,SALE04806,CUST04664,DLR098,BK002,Engine & Transmission,30771,Approved,29457
CLM00776,2021-12-09,SERV04698,SALE06022,CUST01876,DLR080,BK002,Engine & Transmission,30408,Partially Approved,15575
CLM00777,2024-02-17,SERV11699,SALE13861,CUST01966,DLR018,BK001,Fuel System & EFI,5382,Approved,4877
CLM00778,2026-07-29,SERV04466,SALE01721,CUST00918,DLR005,BK002,Suspension & Brakes,2515,Approved,2322
CLM00779,2023-12-12,SERV07995,SALE05519,CUST03808,DLR158,BK001,Engine & Transmission,28749,Approved,27460
CLM00780,2024-01-03,SERV08554,SALE00771,CUST02410,DLR095,BK011,Exhaust System,6765,Approved,6136
CLM00781,2026-01-18,SERV14303,SALE17446,CUST03595,DLR131,BK002,Exhaust System,1831,Approved,1664
CLM00782,2025-04-25,SERV04735,SALE19761,CUST02872,DLR014,BK002,Engine & Transmission,28716,Approved,26658
CLM00783,2024-11-04,SERV03459,SALE13921,CUST00398,DLR163,BK001,Frame & Chassis,4964,Approved,4832
CLM00784,2024-04-23,SERV00886,SALE07398,CUST02520,DLR127,BK002,Suspension & Brakes,7121,Approved,6809
CLM00785,2025-05-06,SERV00297,SALE02041,CUST01305,DLR084,BK002,Suspension & Brakes,5680,Approved,5576
CLM00786,2026-07-10,SERV11263,SALE16062,CUST02218,DLR082,BK007,Frame & Chassis,5908,Approved,5564
CLM00787,2026-07-05,SERV13007,SALE06234,CUST04739,DLR016,BK001,Exhaust System,7309,Approved,6760
CLM00788,2026-07-17,SERV12324,SALE07747,CUST02153,DLR043,BK005,Frame & Chassis,2775,Approved,2519
CLM00789,2026-07-06,SERV10899,SALE18026,CUST03210,DLR128,BK003,Suspension & Brakes,5953,Approved,5559
CLM00790,2022-03-23,SERV13901,SALE12931,CUST01474,DLR008,BK001,Exhaust System,1543,Pending Verification,0
CLM00791,2026-07-15,SERV05523,SALE09993,CUST00195,DLR035,BK003,Electrical System,7242,Approved,7103
CLM00792,2025-04-02,SERV11381,SALE01407,CUST01552,DLR046,BK002,Engine & Transmission,14713,Approved,14660
CLM00793,2026-08-01,SERV00267,SALE13417,CUST03142,DLR117,BK001,Exhaust System,6237,Partially Approved,2525
CLM00794,2024-08-14,SERV07610,SALE15863,CUST02150,DLR086,BK007,Exhaust System,5821,Approved,5292
CLM00795,2023-12-20,SERV10484,SALE17784,CUST02730,DLR064,BK002,Suspension & Brakes,7940,Approved,7226
CLM00796,2026-07-02,SERV13115,SALE14196,CUST03094,DLR060,BK009,Fuel System & EFI,4754,Approved,4505
CLM00797,2026-03-28,SERV03146,SALE07283,CUST00871,DLR176,BK003,Exhaust System,1554,Rejected,0
CLM00798,2022-02-20,SERV05340,SALE16584,CUST01579,DLR083,BK003,Exhaust System,8474,Approved,8170
CLM00799,2026-02-05,SERV03148,SALE05971,CUST03999,DLR012,BK004,Engine & Transmission,21480,Approved,20820
CLM00800,2026-03-11,SERV05374,SALE11613,CUST04356,DLR179,BK001,Engine & Transmission,22741,Rejected,0
CLM00801,2021-08-22,SERV03132,SALE10672,CUST04153,DLR199,BK004,Electrical System,6752,Approved,6189
CLM00802,2022-07-18,SERV02934,SALE06853,CUST04706,DLR198,BK003,Exhaust System,8294,Approved,7940
CLM00803,2026-07-06,SERV04192,SALE19840,CUST01554,DLR025,BK001,Fuel System & EFI,8305,Approved,8007
CLM00804,2024-07-19,SERV05060,SALE09377,CUST00739,DLR042,BK001,Suspension & Brakes,5530,Partially Approved,3098
CLM00805,2025-08-26,SERV04127,SALE03982,CUST01837,DLR110,BK002,Exhaust System,2252,Pending Verification,0
CLM00806,2024-11-29,SERV10023,SALE15108,CUST00914,DLR118,BK001,Fuel System & EFI,13623,Approved,12333
CLM00807,2026-01-27,SERV02465,SALE01990,CUST04528,DLR061,BK001,Electrical System,15947,Approved,15385
CLM00808,2023-10-28,SERV09562,SALE05928,CUST01937,DLR152,BK003,Engine & Transmission,30894,Approved,30451
CLM00809,2025-06-01,SERV11145,SALE06956,CUST00191,DLR185,BK003,Suspension & Brakes,4591,Partially Approved,2960
CLM00810,2023-06-04,SERV12028,SALE17480,CUST01216,DLR029,BK005,Exhaust System,5622,Approved,5277
CLM00811,2025-02-10,SERV05571,SALE14884,CUST02883,DLR123,BK001,Exhaust System,5448,Pending Verification,0
CLM00812,2026-01-29,SERV10827,SALE11132,CUST02382,DLR182,BK003,Suspension & Brakes,5019,Rejected,0
CLM00813,2026-07-24,SERV07693,SALE11735,CUST01086,DLR144,BK002,Frame & Chassis,2483,Approved,2330
CLM00814,2025-01-10,SERV13137,SALE00172,CUST02828,DLR029,BK004,Exhaust System,3213,Approved,2978
CLM00815,2023-05-17,SERV09730,SALE15671,CUST00340,DLR136,BK003,Electrical System,3586,Partially Approved,2027
CLM00816,2026-07-30,SERV07529,SALE15279,CUST01186,DLR013,BK002,Suspension & Brakes,9921,Approved,8992
CLM00817,2026-03-27,SERV08973,SALE15218,CUST01827,DLR032,BK003,Engine & Transmission,28923,Approved,28730
CLM00818,2022-05-18,SERV06320,SALE18149,CUST00696,DLR074,BK004,Suspension & Brakes,9337,Approved,9242
CLM00819,2021-06-28,SERV10439,SALE03367,CUST02240,DLR114,BK001,Exhaust System,6207,Approved,5845
CLM00820,2026-05-07,SERV01864,SALE19523,CUST04853,DLR130,BK005,Exhaust System,7047,Approved,6859
CLM00821,2022-08-30,SERV02188,SALE12266,CUST00353,DLR041,BK006,Electrical System,9726,Approved,8883
CLM00822,2021-12-24,SERV09154,SALE17826,CUST00990,DLR179,BK010,Exhaust System,3564,Approved,3272
CLM00823,2022-02-19,SERV12454,SALE04518,CUST01303,DLR167,BK008,Electrical System,7663,Approved,6955
CLM00824,2022-09-19,SERV06644,SALE03244,CUST02459,DLR097,BK002,Electrical System,11726,Approved,11473
CLM00825,2021-12-22,SERV14746,SALE07829,CUST02650,DLR117,BK005,Engine & Transmission,23852,Approved,22226
CLM00826,2025-03-20,SERV00911,SALE18549,CUST03556,DLR159,BK005,Frame & Chassis,3677,Approved,3337
CLM00827,2026-07-11,SERV03517,SALE09993,CUST00195,DLR035,BK003,Exhaust System,7017,Partially Approved,3944
CLM00828,2023-10-18,SERV04176,SALE14605,CUST02396,DLR059,BK003,Electrical System,7611,Approved,6944
CLM00829,2023-02-04,SERV02260,SALE10623,CUST02699,DLR066,BK003,Suspension & Brakes,11657,Rejected,0
CLM00830,2026-02-25,SERV14530,SALE04201,CUST03754,DLR010,BK001,Suspension & Brakes,8418,Approved,8083
CLM00831,2023-07-13,SERV02743,SALE00957,CUST02319,DLR049,BK002,Suspension & Brakes,10454,Approved,10075
CLM00832,2023-07-21,SERV14094,SALE03181,CUST04437,DLR001,BK007,Electrical System,3996,Approved,3990
CLM00833,2023-04-04,SERV10713,SALE15773,CUST03930,DLR118,BK002,Electrical System,5329,Approved,4908
CLM00834,2023-06-05,SERV02734,SALE15656,CUST02354,DLR030,BK008,Exhaust System,7573,Approved,7107
CLM00835,2024-12-25,SERV06044,SALE18205,CUST03852,DLR143,BK002,Electrical System,8564,Approved,7808
CLM00836,2021-09-06,SERV14507,SALE16929,CUST01460,DLR009,BK005,Exhaust System,5429,Rejected,0
CLM00837,2024-10-05,SERV02131,SALE10441,CUST01722,DLR087,BK003,Frame & Chassis,5883,Approved,5392
CLM00838,2025-12-06,SERV13507,SALE11362,CUST04666,DLR108,BK003,Engine & Transmission,11296,Approved,11048
CLM00839,2024-09-17,SERV04507,SALE06791,CUST03701,DLR163,BK003,Electrical System,12429,Approved,11792
CLM00840,2026-07-20,SERV06588,SALE01415,CUST02028,DLR029,BK006,Exhaust System,3427,Approved,3197
CLM00841,2023-11-06,SERV11696,SALE17393,CUST01665,DLR075,BK005,Suspension & Brakes,10146,Approved,9880
CLM00842,2021-12-03,SERV11886,SALE13389,CUST03594,DLR169,BK004,Engine & Transmission,15475,Approved,14570
CLM00843,2026-05-22,SERV08111,SALE05921,CUST01305,DLR098,BK002,Electrical System,5243,Approved,5046
CLM00844,2025-09-29,SERV07767,SALE00563,CUST04644,DLR081,BK001,Suspension & Brakes,3208,Approved,3036
CLM00845,2026-04-04,SERV05281,SALE16088,CUST02491,DLR108,BK012,Electrical System,6691,Approved,6035
CLM00846,2023-05-31,SERV01280,SALE19772,CUST03434,DLR054,BK008,Suspension & Brakes,4273,Partially Approved,2743
CLM00847,2025-08-23,SERV06484,SALE05176,CUST04304,DLR100,BK004,Engine & Transmission,29072,Pending Verification,0
CLM00848,2021-12-08,SERV14301,SALE17256,CUST03630,DLR069,BK002,Engine & Transmission,31841,Pending Verification,0
CLM00849,2025-10-20,SERV11759,SALE05703,CUST04051,DLR156,BK003,Frame & Chassis,2007,Pending Verification,0
CLM00850,2025-09-30,SERV14745,SALE07762,CUST01230,DLR122,BK004,Frame & Chassis,2889,Approved,2795
CLM00851,2025-11-04,SERV06680,SALE00669,CUST04256,DLR026,BK002,Suspension & Brakes,11824,Rejected,0
CLM00852,2024-03-17,SERV03726,SALE13874,CUST02282,DLR118,BK001,Engine & Transmission,18952,Approved,18803
CLM00853,2023-05-15,SERV00029,SALE07799,CUST02764,DLR179,BK003,Electrical System,15347,Approved,14761
CLM00854,2022-09-27,SERV03984,SALE00811,CUST02944,DLR022,BK003,Electrical System,7247,Approved,7208
CLM00855,2022-03-24,SERV01250,SALE03316,CUST02867,DLR008,BK003,Electrical System,6832,Approved,6586
CLM00856,2020-09-16,SERV08119,SALE14882,CUST03001,DLR043,BK005,Electrical System,14924,Pending Verification,0
CLM00857,2022-11-18,SERV10822,SALE07667,CUST01914,DLR114,BK003,Electrical System,6608,Pending Verification,0
CLM00858,2020-09-25,SERV02452,SALE00794,CUST02234,DLR070,BK006,Frame & Chassis,3656,Approved,3297
CLM00859,2024-01-23,SERV01892,SALE12758,CUST00593,DLR162,BK002,Engine & Transmission,14883,Approved,14877
CLM00860,2024-06-28,SERV13384,SALE00333,CUST03113,DLR113,BK003,Electrical System,11907,Approved,11415
CLM00861,2026-07-06,SERV01651,SALE17915,CUST02686,DLR183,BK007,Suspension & Brakes,4852,Approved,4679
CLM00862,2022-05-16,SERV06970,SALE15739,CUST02468,DLR066,BK002,Frame & Chassis,4539,Rejected,0
CLM00863,2024-04-30,SERV02684,SALE01224,CUST02083,DLR109,BK001,Engine & Transmission,27800,Pending Verification,0
CLM00864,2026-07-07,SERV11266,SALE16350,CUST03623,DLR051,BK004,Exhaust System,5950,Pending Verification,0
CLM00865,2025-05-14,SERV04972,SALE08092,CUST03497,DLR116,BK002,Fuel System & EFI,6443,Approved,6165
CLM00866,2020-05-28,SERV12005,SALE17723,CUST02228,DLR076,BK002,Suspension & Brakes,8482,Approved,7721
CLM00867,2021-11-16,SERV12285,SALE09561,CUST01878,DLR008,BK009,Engine & Transmission,20185,Approved,19141
CLM00868,2022-04-24,SERV13290,SALE11374,CUST01858,DLR170,BK002,Engine & Transmission,16459,Rejected,0
CLM00869,2023-01-21,SERV04568,SALE12646,CUST01865,DLR042,BK009,Electrical System,15950,Approved,15149
CLM00870,2026-01-23,SERV02789,SALE03988,CUST00208,DLR117,BK001,Fuel System & EFI,7709,Approved,7708
CLM00871,2020-07-01,SERV01095,SALE15365,CUST04162,DLR083,BK002,Suspension & Brakes,11700,Approved,11129
CLM00872,2026-07-29,SERV14401,SALE13101,CUST03667,DLR058,BK001,Frame & Chassis,7247,Pending Verification,0
CLM00873,2020-09-14,SERV12051,SALE06289,CUST00449,DLR053,BK003,Electrical System,4573,Approved,4165
CLM00874,2024-10-16,SERV11041,SALE06195,CUST02386,DLR101,BK009,Electrical System,14713,Approved,14689
CLM00875,2023-06-10,SERV09379,SALE16512,CUST03486,DLR050,BK003,Suspension & Brakes,6783,Pending Verification,0
CLM00876,2023-01-24,SERV06271,SALE19563,CUST02354,DLR147,BK004,Fuel System & EFI,9965,Pending Verification,0
CLM00877,2025-12-05,SERV01099,SALE12154,CUST02777,DLR026,BK001,Electrical System,13550,Approved,13083
CLM00878,2021-06-11,SERV11098,SALE01050,CUST01915,DLR069,BK011,Suspension & Brakes,2947,Approved,2789
CLM00879,2025-10-24,SERV07257,SALE09645,CUST02008,DLR189,BK003,Exhaust System,2393,Approved,2380
CLM00880,2022-06-27,SERV07103,SALE00269,CUST01435,DLR046,BK015,Engine & Transmission,30662,Approved,28226
CLM00881,2022-06-13,SERV00659,SALE09202,CUST01425,DLR097,BK001,Electrical System,11212,Approved,10626
CLM00882,2021-08-18,SERV00042,SALE18522,CUST03451,DLR051,BK001,Electrical System,8562,Rejected,0
CLM00883,2021-12-02,SERV00125,SALE18849,CUST02918,DLR196,BK010,Engine & Transmission,31305,Pending Verification,0
CLM00884,2022-10-02,SERV10314,SALE16957,CUST00659,DLR018,BK002,Fuel System & EFI,9070,Approved,8722
CLM00885,2021-05-23,SERV14801,SALE16822,CUST03451,DLR146,BK005,Fuel System & EFI,4878,Approved,4411
CLM00886,2020-08-06,SERV00934,SALE06988,CUST04577,DLR052,BK003,Fuel System & EFI,8038,Rejected,0
CLM00887,2025-05-08,SERV11483,SALE17546,CUST04220,DLR004,BK007,Exhaust System,1602,Approved,1575
CLM00888,2022-03-12,SERV08740,SALE10740,CUST00720,DLR142,BK014,Suspension & Brakes,11477,Approved,10430
CLM00889,2022-08-10,SERV11868,SALE17578,CUST00249,DLR040,BK001,Engine & Transmission,27873,Approved,25710
CLM00890,2023-12-22,SERV13016,SALE13200,CUST01383,DLR039,BK001,Electrical System,7509,Rejected,0
CLM00891,2022-07-13,SERV03076,SALE08289,CUST00570,DLR037,BK004,Suspension & Brakes,4530,Pending Verification,0
CLM00892,2025-08-01,SERV12627,SALE09279,CUST00872,DLR069,BK004,Suspension & Brakes,11779,Approved,10846
CLM00893,2024-10-15,SERV09311,SALE00037,CUST04667,DLR149,BK001,Electrical System,6297,Approved,6270
CLM00894,2025-09-23,SERV03139,SALE10245,CUST01443,DLR140,BK006,Fuel System & EFI,13435,Partially Approved,5697
CLM00895,2026-07-07,SERV07096,SALE16234,CUST05000,DLR156,BK002,Frame & Chassis,6429,Rejected,0
CLM00896,2025-11-17,SERV11115,SALE19986,CUST04545,DLR122,BK003,Exhaust System,8471,Rejected,0
CLM00897,2023-06-26,SERV06476,SALE02691,CUST04881,DLR186,BK002,Electrical System,3893,Approved,3717
CLM00898,2023-11-11,SERV11133,SALE09707,CUST02325,DLR122,BK004,Suspension & Brakes,7394,Pending Verification,0
CLM00899,2022-08-27,SERV06665,SALE01909,CUST04180,DLR127,BK004,Suspension & Brakes,10341,Approved,9903
CLM00900,2024-08-04,SERV06316,SALE14607,CUST03565,DLR105,BK001,Electrical System,4742,Approved,4316
CLM00901,2022-06-01,SERV06487,SALE08795,CUST00551,DLR051,BK003,Engine & Transmission,13495,Rejected,0
CLM00902,2024-11-04,SERV12500,SALE02707,CUST01249,DLR173,BK007,Frame & Chassis,7067,Approved,6827
CLM00903,2022-10-15,SERV02184,SALE12699,CUST02658,DLR074,BK002,Exhaust System,8329,Approved,7949
CLM00904,2022-09-20,SERV06417,SALE17657,CUST01780,DLR081,BK002,Fuel System & EFI,13533,Approved,13524
CLM00905,2026-07-13,SERV00516,SALE03169,CUST02569,DLR073,BK004,Suspension & Brakes,4382,Pending Verification,0
CLM00906,2024-11-04,SERV08317,SALE11929,CUST04848,DLR025,BK008,Frame & Chassis,4164,Approved,3980
CLM00907,2026-07-26,SERV10064,SALE14125,CUST03633,DLR164,BK006,Suspension & Brakes,4805,Pending Verification,0
CLM00908,2025-08-19,SERV05530,SALE09110,CUST02646,DLR052,BK002,Fuel System & EFI,9530,Approved,9061
CLM00909,2025-05-15,SERV11364,SALE00599,CUST01436,DLR127,BK001,Fuel System & EFI,14602,Approved,13235
CLM00910,2024-03-18,SERV05405,SALE16427,CUST00495,DLR136,BK003,Electrical System,12484,Approved,11345
CLM00911,2025-06-18,SERV09002,SALE16670,CUST03847,DLR177,BK011,Exhaust System,5344,Approved,5049
CLM00912,2022-07-19,SERV08287,SALE08166,CUST02672,DLR167,BK002,Fuel System & EFI,9093,Approved,8457
CLM00913,2026-04-14,SERV13849,SALE16477,CUST02634,DLR063,BK001,Exhaust System,3515,Approved,3193
CLM00914,2023-02-21,SERV11512,SALE17977,CUST00416,DLR035,BK003,Fuel System & EFI,10472,Approved,9519
CLM00915,2024-05-31,SERV03261,SALE00395,CUST00241,DLR110,BK003,Frame & Chassis,5238,Rejected,0
CLM00916,2025-08-19,SERV10280,SALE12855,CUST03402,DLR057,BK003,Fuel System & EFI,9250,Approved,8821
CLM00917,2021-08-08,SERV07751,SALE07624,CUST01938,DLR117,BK003,Electrical System,10729,Partially Approved,6840
CLM00918,2023-01-06,SERV01943,SALE13559,CUST02380,DLR186,BK003,Electrical System,7732,Approved,7592
CLM00919,2025-08-30,SERV00751,SALE10607,CUST01576,DLR163,BK004,Suspension & Brakes,5052,Approved,4564
CLM00920,2024-09-18,SERV03396,SALE03205,CUST04260,DLR179,BK006,Frame & Chassis,1916,Approved,1876
CLM00921,2024-10-05,SERV05415,SALE11412,CUST04431,DLR078,BK003,Suspension & Brakes,9842,Approved,9179
CLM00922,2024-09-19,SERV10305,SALE11359,CUST02426,DLR199,BK001,Frame & Chassis,2363,Rejected,0
CLM00923,2023-08-13,SERV14414,SALE04949,CUST01454,DLR043,BK001,Electrical System,12259,Approved,11491
CLM00924,2022-08-28,SERV09181,SALE18713,CUST01062,DLR182,BK002,Fuel System & EFI,9333,Pending Verification,0
CLM00925,2023-08-15,SERV14593,SALE12620,CUST00588,DLR029,BK003,Electrical System,8120,Approved,7571
CLM00926,2022-05-11,SERV05863,SALE02970,CUST00802,DLR034,BK002,Fuel System & EFI,3921,Approved,3699
CLM00927,2025-12-19,SERV03414,SALE17744,CUST03402,DLR003,BK001,Suspension & Brakes,10700,Approved,10384
CLM00928,2022-02-24,SERV08186,SALE11084,CUST04783,DLR093,BK006,Fuel System & EFI,13757,Approved,13632
CLM00929,2026-07-11,SERV08131,SALE02496,CUST00263,DLR073,BK010,Suspension & Brakes,11662,Approved,11010
CLM00930,2025-08-16,SERV10315,SALE02783,CUST01112,DLR055,BK003,Fuel System & EFI,4930,Approved,4541
CLM00931,2022-07-15,SERV09321,SALE03673,CUST03053,DLR092,BK003,Frame & Chassis,3620,Approved,3546
CLM00932,2026-07-21,SERV07868,SALE09807,CUST01969,DLR182,BK002,Engine & Transmission,29521,Approved,28814
CLM00933,2022-03-05,SERV03866,SALE03251,CUST04840,DLR144,BK004,Suspension & Brakes,6731,Approved,6432
CLM00934,2022-01-16,SERV04684,SALE10288,CUST04278,DLR163,BK015,Electrical System,13942,Approved,13192
CLM00935,2026-07-31,SERV01945,SALE09550,CUST04220,DLR092,BK002,Fuel System & EFI,13798,Pending Verification,0
CLM00936,2026-04-04,SERV07631,SALE01562,CUST00861,DLR180,BK002,Fuel System & EFI,4274,Approved,4052
CLM00937,2022-05-28,SERV14972,SALE17279,CUST00252,DLR055,BK002,Electrical System,6296,Pending Verification,0
CLM00938,2024-05-17,SERV00164,SALE08591,CUST03141,DLR120,BK004,Exhaust System,3008,Approved,2838
CLM00939,2024-09-23,SERV04134,SALE16654,CUST01125,DLR039,BK001,Engine & Transmission,16651,Approved,15038
CLM00940,2024-04-25,SERV08136,SALE14395,CUST03303,DLR181,BK004,Exhaust System,4201,Approved,3856
CLM00941,2023-01-02,SERV01366,SALE03805,CUST02807,DLR055,BK009,Suspension & Brakes,10617,Approved,9766
CLM00942,2023-07-30,SERV05747,SALE14850,CUST01692,DLR070,BK009,Exhaust System,3304,Rejected,0
CLM00943,2021-08-02,SERV09746,SALE17330,CUST02201,DLR150,BK003,Suspension & Brakes,7197,Approved,6564
CLM00944,2026-03-03,SERV02265,SALE16285,CUST04545,DLR133,BK003,Exhaust System,5420,Rejected,0
CLM00945,2026-07-27,SERV09320,SALE02588,CUST04536,DLR143,BK003,Exhaust System,2824,Rejected,0
CLM00946,2021-12-01,SERV01843,SALE01763,CUST00963,DLR093,BK004,Fuel System & EFI,6783,Approved,6410
CLM00947,2021-08-24,SERV02287,SALE14593,CUST02466,DLR028,BK003,Exhaust System,8329,Pending Verification,0
CLM00948,2026-07-09,SERV11395,SALE05504,CUST04289,DLR010,BK015,Frame & Chassis,3403,Approved,3223
CLM00949,2023-07-23,SERV01970,SALE12770,CUST04829,DLR008,BK015,Suspension & Brakes,8691,Approved,8303
CLM00950,2026-03-29,SERV04056,SALE09595,CUST00307,DLR110,BK003,Engine & Transmission,10342,Approved,9870
CLM00951,2021-09-05,SERV13605,SALE12479,CUST04557,DLR010,BK004,Engine & Transmission,12829,Approved,12351
CLM00952,2022-01-21,SERV13377,SALE04954,CUST02409,DLR136,BK002,Frame & Chassis,7145,Pending Verification,0
CLM00953,2026-01-20,SERV11518,SALE11755,CUST04005,DLR096,BK001,Suspension & Brakes,8347,Approved,8176
CLM00954,2025-03-24,SERV05677,SALE04275,CUST04953,DLR022,BK004,Engine & Transmission,21642,Approved,20946
CLM00955,2022-05-21,SERV13176,SALE00169,CUST04346,DLR097,BK003,Exhaust System,2758,Approved,2553
CLM00956,2026-08-02,SERV08249,SALE19905,CUST01670,DLR050,BK005,Engine & Transmission,23994,Rejected,0
CLM00957,2021-12-15,SERV14302,SALE10273,CUST00102,DLR189,BK001,Electrical System,12160,Approved,11881
CLM00958,2025-02-12,SERV08075,SALE00210,CUST04310,DLR130,BK003,Fuel System & EFI,15312,Approved,14029
CLM00959,2026-07-10,SERV00449,SALE02167,CUST01978,DLR179,BK003,Fuel System & EFI,13945,Approved,12837
CLM00960,2024-12-02,SERV13074,SALE17971,CUST02261,DLR079,BK004,Engine & Transmission,27278,Pending Verification,0
CLM00961,2022-07-01,SERV04147,SALE02494,CUST00087,DLR107,BK009,Exhaust System,6881,Approved,6564
CLM00962,2023-10-18,SERV03375,SALE07282,CUST00359,DLR007,BK005,Electrical System,14328,Approved,13099
CLM00963,2024-02-27,SERV02321,SALE05355,CUST00368,DLR030,BK001,Frame & Chassis,4768,Approved,4362
CLM00964,2026-07-14,SERV13694,SALE19946,CUST00092,DLR120,BK009,Electrical System,14435,Approved,13051
CLM00965,2025-12-31,SERV00592,SALE07305,CUST03444,DLR142,BK006,Frame & Chassis,2167,Approved,2161
CLM00966,2026-07-19,SERV08878,SALE06316,CUST03667,DLR155,BK003,Exhaust System,4487,Approved,4067
CLM00967,2022-09-17,SERV00307,SALE04505,CUST01790,DLR029,BK002,Suspension & Brakes,9519,Approved,9514
CLM00968,2026-07-14,SERV11609,SALE11635,CUST04332,DLR191,BK003,Suspension & Brakes,4927,Rejected,0
CLM00969,2021-11-03,SERV04348,SALE03585,CUST00646,DLR148,BK005,Electrical System,13686,Approved,13197
CLM00970,2023-07-01,SERV13393,SALE18948,CUST02660,DLR143,BK003,Electrical System,9654,Pending Verification,0
CLM00971,2023-11-16,SERV12963,SALE10075,CUST03847,DLR200,BK001,Engine & Transmission,9259,Approved,9052
CLM00972,2022-01-02,SERV06894,SALE05732,CUST03590,DLR193,BK003,Suspension & Brakes,7422,Approved,6682
CLM00973,2026-02-12,SERV08479,SALE07383,CUST04463,DLR091,BK002,Electrical System,8849,Approved,8637
CLM00974,2022-04-18,SERV11845,SALE19243,CUST01228,DLR055,BK001,Electrical System,15099,Approved,13605
CLM00975,2024-10-01,SERV09313,SALE04350,CUST00274,DLR003,BK003,Engine & Transmission,8619,Approved,8468
CLM00976,2024-02-12,SERV10089,SALE14342,CUST01089,DLR015,BK003,Exhaust System,7166,Pending Verification,0
CLM00977,2026-01-26,SERV01020,SALE09090,CUST04483,DLR007,BK001,Frame & Chassis,6477,Rejected,0
CLM00978,2022-03-04,SERV00848,SALE12766,CUST01858,DLR183,BK005,Suspension & Brakes,5184,Approved,4972
CLM00979,2023-08-07,SERV14256,SALE15755,CUST02110,DLR162,BK004,Electrical System,14474,Approved,13724
CLM00980,2026-06-11,SERV09496,SALE02042,CUST00070,DLR139,BK003,Engine & Transmission,29752,Rejected,0
CLM00981,2026-01-13,SERV08220,SALE00468,CUST03052,DLR153,BK001,Suspension & Brakes,6333,Rejected,0
CLM00982,2021-07-09,SERV14364,SALE10909,CUST02248,DLR048,BK003,Suspension & Brakes,10305,Rejected,0
CLM00983,2024-12-02,SERV10284,SALE10472,CUST01097,DLR008,BK007,Electrical System,10631,Approved,10200
CLM00984,2025-07-14,SERV13537,SALE13737,CUST00565,DLR070,BK001,Frame & Chassis,1977,Approved,1792
CLM00985,2024-07-20,SERV07080,SALE08154,CUST02912,DLR129,BK002,Electrical System,13369,Rejected,0
CLM00986,2023-06-03,SERV05336,SALE19910,CUST01445,DLR146,BK003,Fuel System & EFI,15150,Approved,14746
CLM00987,2021-01-11,SERV07068,SALE12641,CUST03909,DLR128,BK005,Fuel System & EFI,11439,Approved,10730
CLM00988,2026-01-23,SERV07848,SALE01344,CUST02593,DLR039,BK009,Engine & Transmission,20257,Rejected,0
CLM00989,2024-05-07,SERV12525,SALE19550,CUST03822,DLR055,BK001,Frame & Chassis,8102,Approved,7861
CLM00990,2022-03-07,SERV13050,SALE12792,CUST03263,DLR105,BK004,Suspension & Brakes,11024,Approved,10150
CLM00991,2025-03-14,SERV03223,SALE03139,CUST04647,DLR015,BK002,Engine & Transmission,26245,Approved,25074
CLM00992,2026-07-20,SERV03215,SALE08381,CUST04830,DLR006,BK004,Frame & Chassis,7959,Approved,7288
CLM00993,2025-12-25,SERV14229,SALE03957,CUST03094,DLR038,BK001,Suspension & Brakes,8277,Approved,7523
CLM00994,2022-05-16,SERV04446,SALE08451,CUST04681,DLR075,BK001,Frame & Chassis,6456,Approved,6167
CLM00995,2023-11-01,SERV10650,SALE08266,CUST03086,DLR099,BK006,Suspension & Brakes,3460,Approved,3435
CLM00996,2021-10-03,SERV06078,SALE09096,CUST03124,DLR191,BK002,Electrical System,9263,Approved,8814
CLM00997,2025-11-21,SERV09610,SALE15618,CUST01005,DLR075,BK003,Exhaust System,6174,Rejected,0
CLM00998,2026-08-01,SERV08212,SALE06715,CUST02857,DLR200,BK004,Suspension & Brakes,9350,Partially Approved,5093
CLM00999,2021-02-05,SERV11152,SALE03020,CUST00490,DLR116,BK009,Electrical System,8112,Approved,7739
CLM01000,2025-03-10,SERV04112,SALE07971,CUST04050,DLR121,BK005,Exhaust System,6952,Approved,6704
CLM01001,2026-08-01,SERV00699,SALE16144,CUST01031,DLR044,BK002,Suspension & Brakes,9276,Approved,8940
CLM01002,2024-06-02,SERV12211,SALE13482,CUST01323,DLR002,BK002,Suspension & Brakes,10880,Approved,10123
CLM01003,2024-03-06,SERV11473,SALE12178,CUST01764,DLR115,BK004,Fuel System & EFI,12620,Approved,12301
CLM01004,2026-07-14,SERV07907,SALE09670,CUST01626,DLR107,BK003,Exhaust System,8298,Rejected,0
CLM01005,2024-04-11,SERV01764,SALE13403,CUST02284,DLR144,BK006,Engine & Transmission,15318,Approved,14046
CLM01006,2024-10-07,SERV12702,SALE02703,CUST04993,DLR173,BK002,Exhaust System,4412,Rejected,0
CLM01007,2021-04-16,SERV11493,SALE15170,CUST02726,DLR078,BK002,Exhaust System,3464,Partially Approved,2325
CLM01008,2024-10-11,SERV07582,SALE14860,CUST04140,DLR068,BK001,Suspension & Brakes,7063,Partially Approved,5122
CLM01009,2024-06-03,SERV05372,SALE12150,CUST03799,DLR084,BK001,Electrical System,14424,Rejected,0
CLM01010,2026-07-22,SERV11487,SALE12788,CUST00020,DLR132,BK003,Frame & Chassis,2156,Pending Verification,0
CLM01011,2025-09-21,SERV02814,SALE08662,CUST03153,DLR020,BK002,Frame & Chassis,7110,Approved,6850
CLM01012,2026-07-04,SERV04842,SALE09844,CUST04658,DLR155,BK007,Electrical System,12320,Approved,11966
CLM01013,2024-10-27,SERV07316,SALE08162,CUST01918,DLR079,BK004,Exhaust System,3063,Approved,3039
CLM01014,2023-03-07,SERV11808,SALE08358,CUST00473,DLR131,BK006,Frame & Chassis,2062,Rejected,0
CLM01015,2026-01-28,SERV06989,SALE00653,CUST01934,DLR112,BK001,Fuel System & EFI,6557,Approved,6217
CLM01016,2024-08-11,SERV09789,SALE19511,CUST02830,DLR200,BK003,Electrical System,12167,Approved,12129
CLM01017,2026-07-02,SERV03823,SALE11399,CUST02892,DLR047,BK003,Exhaust System,8433,Pending Verification,0
CLM01018,2023-08-15,SERV13386,SALE16063,CUST04755,DLR131,BK003,Frame & Chassis,4373,Approved,4003
CLM01019,2024-07-16,SERV09042,SALE08492,CUST01214,DLR019,BK001,Suspension & Brakes,5110,Approved,4919
CLM01020,2024-09-25,SERV09966,SALE00150,CUST03726,DLR170,BK004,Engine & Transmission,14909,Approved,14326
CLM01021,2025-04-02,SERV05403,SALE18801,CUST03330,DLR168,BK006,Frame & Chassis,8083,Rejected,0
CLM01022,2020-10-03,SERV14208,SALE03966,CUST03781,DLR119,BK002,Exhaust System,7782,Approved,7664
CLM01023,2026-07-17,SERV02474,SALE12093,CUST04100,DLR002,BK003,Frame & Chassis,3858,Approved,3742
CLM01024,2026-01-03,SERV00119,SALE14763,CUST01966,DLR073,BK002,Suspension & Brakes,4164,Pending Verification,0
CLM01025,2024-04-26,SERV00130,SALE00038,CUST02592,DLR053,BK004,Frame & Chassis,2834,Approved,2598
CLM01026,2025-02-10,SERV13353,SALE07298,CUST01522,DLR047,BK005,Frame & Chassis,6069,Pending Verification,0
CLM01027,2025-10-22,SERV13454,SALE18234,CUST02787,DLR092,BK003,Exhaust System,6110,Approved,5948
CLM01028,2021-09-17,SERV05297,SALE16896,CUST00784,DLR126,BK003,Engine & Transmission,16049,Approved,15508
CLM01029,2026-07-18,SERV03032,SALE17701,CUST01812,DLR175,BK004,Engine & Transmission,28647,Rejected,0
CLM01030,2026-05-02,SERV09678,SALE14397,CUST00727,DLR166,BK005,Suspension & Brakes,2621,Approved,2444
CLM01031,2026-07-22,SERV05578,SALE09277,CUST02292,DLR083,BK003,Fuel System & EFI,12880,Approved,11957
CLM01032,2024-08-04,SERV06522,SALE04059,CUST01001,DLR042,BK002,Frame & Chassis,3888,Approved,3551
CLM01033,2022-10-12,SERV13125,SALE11573,CUST02579,DLR072,BK003,Electrical System,13630,Rejected,0
CLM01034,2025-05-09,SERV04544,SALE12662,CUST02382,DLR170,BK004,Electrical System,9170,Approved,8307
CLM01035,2025-01-16,SERV02570,SALE14812,CUST01888,DLR147,BK001,Exhaust System,2218,Approved,2150
CLM01036,2026-01-02,SERV06415,SALE19708,CUST02391,DLR113,BK003,Frame & Chassis,5798,Partially Approved,3525
CLM01037,2022-11-07,SERV10664,SALE16258,CUST03487,DLR093,BK003,Engine & Transmission,24070,Pending Verification,0
CLM01038,2021-04-08,SERV02626,SALE13693,CUST00068,DLR050,BK001,Exhaust System,3873,Rejected,0
CLM01039,2022-03-03,SERV04840,SALE02298,CUST01179,DLR043,BK004,Suspension & Brakes,8337,Approved,7825
CLM01040,2024-11-01,SERV12914,SALE09799,CUST03237,DLR199,BK002,Exhaust System,5365,Approved,5156
CLM01041,2022-08-14,SERV14127,SALE08656,CUST04935,DLR062,BK002,Frame & Chassis,7759,Approved,7518
CLM01042,2025-02-06,SERV05551,SALE01331,CUST00684,DLR106,BK003,Fuel System & EFI,14704,Partially Approved,6074
CLM01043,2026-08-01,SERV08949,SALE04844,CUST03092,DLR072,BK002,Exhaust System,3285,Partially Approved,2133
CLM01044,2024-04-02,SERV07123,SALE02899,CUST03851,DLR034,BK004,Frame & Chassis,4472,Rejected,0
CLM01045,2025-08-05,SERV14309,SALE17278,CUST02339,DLR090,BK015,Electrical System,14878,Approved,13684
CLM01046,2026-02-06,SERV03078,SALE14632,CUST01324,DLR017,BK002,Suspension & Brakes,8103,Approved,7975
CLM01047,2021-05-09,SERV14132,SALE11780,CUST02851,DLR052,BK002,Exhaust System,2465,Approved,2270
CLM01048,2023-12-23,SERV07519,SALE14995,CUST01382,DLR181,BK007,Frame & Chassis,1532,Approved,1474
CLM01049,2026-03-21,SERV06236,SALE05029,CUST01884,DLR015,BK002,Electrical System,8447,Rejected,0
CLM01050,2025-10-11,SERV01221,SALE14875,CUST00370,DLR085,BK001,Engine & Transmission,30273,Approved,29133
CLM01051,2025-11-10,SERV13143,SALE04748,CUST01350,DLR184,BK001,Fuel System & EFI,9076,Approved,8302
CLM01052,2020-07-12,SERV05149,SALE06198,CUST04384,DLR090,BK004,Engine & Transmission,13163,Approved,12367
CLM01053,2022-03-19,SERV04817,SALE02720,CUST02515,DLR175,BK002,Fuel System & EFI,4917,Approved,4456
CLM01054,2025-12-12,SERV00111,SALE01787,CUST00226,DLR154,BK003,Electrical System,4961,Approved,4600
CLM01055,2023-02-28,SERV00020,SALE16636,CUST00631,DLR106,BK003,Suspension & Brakes,7016,Approved,6749
CLM01056,2026-07-26,SERV01767,SALE05458,CUST01735,DLR182,BK001,Engine & Transmission,21696,Rejected,0
CLM01057,2024-01-27,SERV03067,SALE12194,CUST00580,DLR128,BK003,Electrical System,12487,Approved,11914
CLM01058,2023-12-02,SERV08206,SALE05434,CUST01053,DLR028,BK002,Fuel System & EFI,13105,Approved,12560
CLM01059,2026-08-01,SERV12768,SALE10763,CUST04593,DLR079,BK003,Frame & Chassis,6418,Approved,6369
CLM01060,2026-08-02,SERV08408,SALE07815,CUST04414,DLR132,BK002,Fuel System & EFI,11576,Rejected,0
CLM01061,2022-04-04,SERV14119,SALE07393,CUST03502,DLR074,BK003,Suspension & Brakes,6443,Approved,6123
CLM01062,2023-12-29,SERV01511,SALE03191,CUST03345,DLR012,BK002,Fuel System & EFI,8488,Approved,7655
CLM01063,2021-11-21,SERV04762,SALE11277,CUST03616,DLR042,BK003,Frame & Chassis,6384,Approved,6130
CLM01064,2024-03-31,SERV03926,SALE02233,CUST04691,DLR088,BK006,Exhaust System,8344,Pending Verification,0
CLM01065,2022-10-19,SERV04976,SALE19446,CUST02944,DLR110,BK002,Exhaust System,4096,Approved,3883
CLM01066,2021-09-30,SERV01993,SALE14990,CUST04503,DLR090,BK001,Frame & Chassis,3572,Approved,3532
CLM01067,2022-10-29,SERV08758,SALE14512,CUST04370,DLR081,BK002,Frame & Chassis,1581,Partially Approved,974
CLM01068,2020-12-14,SERV11134,SALE17192,CUST01206,DLR111,BK005,Exhaust System,3881,Approved,3811
CLM01069,2025-12-08,SERV02841,SALE01643,CUST02491,DLR193,BK003,Fuel System & EFI,10577,Approved,10238
CLM01070,2026-07-23,SERV04628,SALE06240,CUST04223,DLR057,BK003,Frame & Chassis,5540,Pending Verification,0
CLM01071,2022-09-24,SERV05867,SALE18759,CUST02452,DLR100,BK003,Suspension & Brakes,4036,Approved,3941
CLM01072,2022-06-01,SERV03077,SALE16748,CUST00238,DLR158,BK003,Exhaust System,2512,Approved,2265
CLM01073,2022-03-31,SERV09057,SALE02840,CUST02283,DLR069,BK003,Frame & Chassis,2520,Rejected,0
CLM01074,2026-07-16,SERV14491,SALE07431,CUST00648,DLR010,BK001,Exhaust System,2643,Approved,2552
CLM01075,2021-03-15,SERV00014,SALE04576,CUST02667,DLR199,BK004,Engine & Transmission,13535,Approved,13052
CLM01076,2026-07-08,SERV06615,SALE10948,CUST00208,DLR128,BK004,Fuel System & EFI,4429,Pending Verification,0
CLM01077,2023-04-09,SERV13993,SALE11997,CUST03177,DLR054,BK002,Suspension & Brakes,4639,Approved,4299
CLM01078,2024-08-06,SERV14787,SALE13983,CUST00019,DLR001,BK002,Exhaust System,2662,Approved,2437
CLM01079,2022-03-08,SERV07858,SALE05110,CUST01792,DLR163,BK002,Frame & Chassis,7865,Approved,7201
CLM01080,2023-08-10,SERV02504,SALE08644,CUST04103,DLR129,BK003,Engine & Transmission,29365,Approved,28013
CLM01081,2026-07-05,SERV14286,SALE14915,CUST03063,DLR166,BK001,Exhaust System,3235,Approved,3037
CLM01082,2026-02-24,SERV04895,SALE00419,CUST04065,DLR098,BK003,Suspension & Brakes,7560,Approved,7306
CLM01083,2020-08-02,SERV03305,SALE09045,CUST00077,DLR136,BK003,Fuel System & EFI,13686,Rejected,0
CLM01084,2021-06-14,SERV03818,SALE17953,CUST01525,DLR178,BK004,Suspension & Brakes,4329,Partially Approved,1759
CLM01085,2022-06-04,SERV09417,SALE00488,CUST03911,DLR002,BK003,Suspension & Brakes,7018,Approved,6843
CLM01086,2023-02-14,SERV00201,SALE16299,CUST03269,DLR178,BK006,Exhaust System,2669,Approved,2591
CLM01087,2026-07-16,SERV06488,SALE14498,CUST01932,DLR142,BK007,Engine & Transmission,30947,Partially Approved,15975
CLM01088,2021-11-22,SERV09273,SALE15304,CUST02356,DLR032,BK002,Electrical System,6597,Rejected,0
CLM01089,2025-10-22,SERV05173,SALE11095,CUST01793,DLR027,BK001,Suspension & Brakes,8299,Partially Approved,3330
CLM01090,2026-07-25,SERV12019,SALE08370,CUST04674,DLR031,BK002,Exhaust System,6442,Approved,6063
CLM01091,2021-08-09,SERV04995,SALE18953,CUST03983,DLR159,BK002,Electrical System,10532,Approved,9479
CLM01092,2024-01-22,SERV10368,SALE09390,CUST00819,DLR008,BK005,Fuel System & EFI,7344,Approved,6911
CLM01093,2022-05-06,SERV02594,SALE08709,CUST02366,DLR109,BK002,Fuel System & EFI,14856,Approved,13614
CLM01094,2026-08-02,SERV02716,SALE17915,CUST02686,DLR183,BK007,Frame & Chassis,1918,Pending Verification,0
CLM01095,2021-10-05,SERV03674,SALE11138,CUST02675,DLR133,BK004,Frame & Chassis,3216,Approved,3002
CLM01096,2023-09-09,SERV01542,SALE18902,CUST01439,DLR026,BK005,Suspension & Brakes,3203,Approved,3050
CLM01097,2024-02-29,SERV00323,SALE19524,CUST04488,DLR119,BK002,Electrical System,13102,Rejected,0
CLM01098,2025-10-10,SERV13165,SALE07658,CUST02133,DLR194,BK003,Electrical System,12211,Approved,12057
CLM01099,2022-02-23,SERV01409,SALE17423,CUST00746,DLR128,BK007,Fuel System & EFI,10106,Approved,9910
CLM01100,2022-05-23,SERV02852,SALE09258,CUST03341,DLR080,BK001,Frame & Chassis,7935,Approved,7588
CLM01101,2026-06-04,SERV12274,SALE02879,CUST04487,DLR029,BK001,Fuel System & EFI,8834,Approved,8611
CLM01102,2025-09-15,SERV05143,SALE16549,CUST04721,DLR133,BK004,Exhaust System,8184,Rejected,0
CLM01103,2025-08-20,SERV01041,SALE05379,CUST03148,DLR196,BK009,Electrical System,15568,Pending Verification,0
CLM01104,2022-07-30,SERV02055,SALE03082,CUST01914,DLR060,BK003,Fuel System & EFI,13443,Approved,13321
CLM01105,2021-02-27,SERV09022,SALE14561,CUST02749,DLR007,BK002,Electrical System,5084,Approved,4606
CLM01106,2026-07-10,SERV03599,SALE04708,CUST02108,DLR072,BK002,Frame & Chassis,7531,Pending Verification,0
CLM01107,2024-08-19,SERV03606,SALE09730,CUST03971,DLR184,BK004,Suspension & Brakes,8835,Approved,8315
CLM01108,2023-11-08,SERV07786,SALE04861,CUST04336,DLR152,BK003,Exhaust System,3420,Approved,3114
CLM01109,2024-07-11,SERV13303,SALE17532,CUST04182,DLR018,BK002,Suspension & Brakes,8132,Approved,7494
CLM01110,2021-11-14,SERV00286,SALE02410,CUST04578,DLR051,BK001,Fuel System & EFI,5329,Approved,5216
CLM01111,2022-06-16,SERV11528,SALE00796,CUST00087,DLR003,BK001,Electrical System,10478,Rejected,0
CLM01112,2021-10-12,SERV07213,SALE19779,CUST02826,DLR014,BK005,Frame & Chassis,1734,Approved,1623
CLM01113,2026-07-06,SERV10080,SALE19278,CUST03669,DLR003,BK005,Suspension & Brakes,7273,Rejected,0
CLM01114,2023-03-18,SERV13234,SALE02646,CUST00308,DLR054,BK001,Exhaust System,3509,Approved,3399
CLM01115,2022-11-04,SERV00972,SALE15004,CUST01369,DLR036,BK001,Suspension & Brakes,10520,Partially Approved,6026
CLM01116,2026-06-30,SERV00563,SALE04300,CUST04060,DLR002,BK003,Electrical System,11636,Approved,10902
CLM01117,2021-04-20,SERV03435,SALE09045,CUST00077,DLR136,BK003,Engine & Transmission,17729,Rejected,0
CLM01118,2026-07-26,SERV01001,SALE09427,CUST01643,DLR115,BK002,Electrical System,14401,Rejected,0
CLM01119,2025-03-24,SERV02578,SALE17157,CUST04640,DLR184,BK002,Fuel System & EFI,9975,Approved,8984
CLM01120,2021-09-16,SERV02941,SALE12042,CUST02169,DLR156,BK001,Frame & Chassis,2767,Approved,2663
CLM01121,2021-08-10,SERV04556,SALE17074,CUST01438,DLR052,BK010,Electrical System,8965,Pending Verification,0
CLM01122,2025-05-21,SERV14258,SALE07087,CUST00422,DLR096,BK003,Exhaust System,4655,Rejected,0
CLM01123,2020-09-07,SERV02714,SALE04971,CUST00406,DLR144,BK005,Fuel System & EFI,13547,Approved,13430
CLM01124,2026-07-17,SERV07570,SALE11326,CUST03413,DLR139,BK001,Electrical System,6706,Approved,6209
CLM01125,2026-07-21,SERV09275,SALE17740,CUST02262,DLR142,BK002,Frame & Chassis,7265,Rejected,0
CLM01126,2022-11-08,SERV11598,SALE12313,CUST03245,DLR135,BK001,Suspension & Brakes,2600,Approved,2445
CLM01127,2020-05-17,SERV03495,SALE15878,CUST03803,DLR043,BK006,Exhaust System,5603,Approved,5540
CLM01128,2026-06-13,SERV14526,SALE19801,CUST01336,DLR184,BK004,Fuel System & EFI,4938,Approved,4773
CLM01129,2021-11-17,SERV06467,SALE19872,CUST04551,DLR054,BK002,Frame & Chassis,4865,Approved,4594
CLM01130,2025-08-13,SERV06460,SALE00749,CUST01088,DLR186,BK003,Frame & Chassis,2019,Approved,2009
CLM01131,2023-08-04,SERV03869,SALE06879,CUST04245,DLR017,BK006,Fuel System & EFI,6671,Rejected,0
CLM01132,2024-03-13,SERV11895,SALE19488,CUST02004,DLR114,BK002,Suspension & Brakes,4958,Approved,4534
CLM01133,2026-07-31,SERV11312,SALE19797,CUST02743,DLR056,BK001,Fuel System & EFI,15347,Approved,15003
CLM01134,2023-11-17,SERV12957,SALE06907,CUST03250,DLR157,BK008,Electrical System,6152,Approved,5917
CLM01135,2022-02-20,SERV14038,SALE01192,CUST04921,DLR165,BK002,Suspension & Brakes,10785,Partially Approved,7288
CLM01136,2020-11-14,SERV04555,SALE12982,CUST00337,DLR012,BK004,Electrical System,7695,Rejected,0
CLM01137,2022-12-03,SERV01393,SALE08414,CUST03874,DLR186,BK007,Frame & Chassis,7096,Approved,6872
CLM01138,2026-03-26,SERV08230,SALE15337,CUST03370,DLR091,BK002,Electrical System,8269,Approved,7558
CLM01139,2025-08-19,SERV00314,SALE15038,CUST03501,DLR123,BK003,Fuel System & EFI,9769,Rejected,0
CLM01140,2021-12-30,SERV08423,SALE17365,CUST03525,DLR039,BK003,Engine & Transmission,25350,Approved,23901
CLM01141,2025-04-09,SERV01455,SALE06233,CUST03208,DLR029,BK002,Suspension & Brakes,7388,Approved,6961
CLM01142,2022-07-24,SERV12582,SALE09109,CUST01029,DLR179,BK007,Frame & Chassis,7612,Approved,6887
CLM01143,2024-03-16,SERV14692,SALE16209,CUST03978,DLR173,BK001,Frame & Chassis,7568,Approved,7406
CLM01144,2023-09-18,SERV07911,SALE14127,CUST01657,DLR058,BK001,Electrical System,12047,Approved,12018
CLM01145,2026-07-27,SERV12723,SALE11815,CUST03645,DLR002,BK001,Fuel System & EFI,13347,Approved,12241
CLM01146,2025-07-21,SERV11068,SALE16183,CUST02182,DLR175,BK003,Suspension & Brakes,7842,Pending Verification,0
CLM01147,2022-08-09,SERV14625,SALE13115,CUST02232,DLR076,BK005,Frame & Chassis,2402,Partially Approved,1272
CLM01148,2026-02-10,SERV09184,SALE11618,CUST00898,DLR002,BK010,Engine & Transmission,14861,Approved,13529
CLM01149,2023-01-30,SERV13135,SALE13771,CUST01946,DLR064,BK002,Electrical System,8918,Approved,8442
CLM01150,2024-05-21,SERV11891,SALE04054,CUST02282,DLR017,BK002,Exhaust System,6183,Approved,6003
CLM01151,2022-08-07,SERV14809,SALE16949,CUST00460,DLR047,BK003,Suspension & Brakes,7784,Pending Verification,0
CLM01152,2024-09-15,SERV12049,SALE19481,CUST00451,DLR184,BK003,Exhaust System,4960,Approved,4892
CLM01153,2022-11-03,SERV01049,SALE13801,CUST03549,DLR181,BK007,Engine & Transmission,30560,Approved,29892
CLM01154,2022-07-14,SERV05837,SALE19239,CUST00915,DLR027,BK005,Electrical System,10613,Approved,10555
CLM01155,2022-07-10,SERV02258,SALE02982,CUST00469,DLR088,BK004,Exhaust System,6201,Rejected,0
CLM01156,2023-02-04,SERV03847,SALE07850,CUST01137,DLR078,BK003,Exhaust System,2736,Approved,2668
CLM01157,2025-07-31,SERV13930,SALE02297,CUST00826,DLR084,BK007,Fuel System & EFI,15873,Approved,15318
CLM01158,2024-01-20,SERV08303,SALE01496,CUST00525,DLR047,BK005,Engine & Transmission,20119,Approved,18648
CLM01159,2022-08-03,SERV14825,SALE04106,CUST03435,DLR178,BK002,Fuel System & EFI,9463,Approved,8683
CLM01160,2026-07-28,SERV02533,SALE13473,CUST02649,DLR188,BK004,Frame & Chassis,1735,Approved,1640
CLM01161,2026-05-01,SERV11874,SALE19631,CUST02635,DLR066,BK004,Fuel System & EFI,5084,Pending Verification,0
CLM01162,2023-09-03,SERV08216,SALE03324,CUST02392,DLR032,BK002,Exhaust System,5842,Approved,5642
CLM01163,2025-01-11,SERV00082,SALE13768,CUST00400,DLR014,BK010,Fuel System & EFI,7879,Approved,7124
CLM01164,2022-07-07,SERV11725,SALE16191,CUST02752,DLR016,BK001,Fuel System & EFI,7398,Approved,7196
CLM01165,2026-01-25,SERV11437,SALE14010,CUST03766,DLR158,BK002,Suspension & Brakes,7693,Approved,7056
CLM01166,2022-11-13,SERV13662,SALE13409,CUST04109,DLR095,BK001,Engine & Transmission,27092,Approved,26054
CLM01167,2025-12-29,SERV13735,SALE00110,CUST04721,DLR196,BK003,Engine & Transmission,18836,Rejected,0
CLM01168,2026-07-14,SERV14046,SALE12280,CUST02320,DLR160,BK001,Exhaust System,7214,Approved,6590
CLM01169,2024-04-27,SERV03244,SALE01650,CUST03682,DLR046,BK002,Fuel System & EFI,3866,Approved,3786
CLM01170,2021-02-04,SERV01203,SALE05512,CUST02705,DLR040,BK005,Exhaust System,6212,Approved,5689
CLM01171,2023-09-06,SERV14947,SALE03438,CUST03189,DLR133,BK001,Fuel System & EFI,13030,Rejected,0
CLM01172,2023-06-05,SERV12107,SALE04276,CUST01549,DLR178,BK007,Electrical System,13216,Partially Approved,9280
CLM01173,2025-03-14,SERV04224,SALE17122,CUST00996,DLR129,BK001,Electrical System,10166,Approved,9733
CLM01174,2020-10-29,SERV03384,SALE05498,CUST00692,DLR173,BK005,Frame & Chassis,8286,Approved,7596
CLM01175,2026-07-27,SERV08671,SALE19899,CUST00698,DLR079,BK003,Fuel System & EFI,3662,Approved,3542
CLM01176,2024-11-24,SERV07725,SALE05631,CUST03173,DLR198,BK004,Frame & Chassis,2886,Approved,2687
CLM01177,2026-07-02,SERV12892,SALE18756,CUST01568,DLR192,BK004,Exhaust System,6127,Approved,6001
CLM01178,2023-03-03,SERV00900,SALE05482,CUST01409,DLR004,BK001,Suspension & Brakes,4362,Approved,4102
CLM01179,2022-04-12,SERV01305,SALE10574,CUST03347,DLR171,BK006,Engine & Transmission,24200,Pending Verification,0
CLM01180,2026-03-28,SERV07309,SALE03448,CUST00502,DLR082,BK007,Suspension & Brakes,4978,Rejected,0
CLM01181,2025-01-13,SERV06503,SALE02515,CUST01115,DLR002,BK008,Fuel System & EFI,14189,Approved,13977
CLM01182,2022-02-24,SERV09940,SALE00974,CUST02207,DLR169,BK002,Exhaust System,2060,Approved,1856
CLM01183,2021-07-28,SERV03368,SALE00354,CUST01098,DLR031,BK002,Engine & Transmission,30234,Approved,28248
CLM01184,2023-05-28,SERV14988,SALE12238,CUST03306,DLR089,BK001,Engine & Transmission,20568,Approved,19857
CLM01185,2023-09-29,SERV04673,SALE18094,CUST03476,DLR144,BK003,Electrical System,15328,Approved,14613
CLM01186,2024-09-13,SERV00512,SALE00844,CUST02728,DLR009,BK003,Electrical System,7663,Approved,6905
CLM01187,2023-01-22,SERV02445,SALE19028,CUST04771,DLR061,BK001,Engine & Transmission,25389,Approved,23284
CLM01188,2026-07-12,SERV07616,SALE18292,CUST03842,DLR017,BK013,Electrical System,14485,Approved,13224
CLM01189,2023-01-25,SERV08788,SALE09915,CUST04007,DLR112,BK005,Exhaust System,7717,Approved,6958
CLM01190,2025-04-28,SERV04107,SALE17231,CUST03354,DLR009,BK001,Engine & Transmission,30063,Approved,27456
CLM01191,2023-08-17,SERV09979,SALE09316,CUST03825,DLR151,BK009,Engine & Transmission,26399,Approved,24315
CLM01192,2026-06-25,SERV13867,SALE03376,CUST02769,DLR154,BK002,Fuel System & EFI,15084,Pending Verification,0
CLM01193,2025-01-19,SERV11806,SALE13485,CUST03187,DLR179,BK003,Exhaust System,5415,Rejected,0
CLM01194,2021-06-01,SERV01328,SALE05758,CUST03382,DLR106,BK003,Frame & Chassis,7178,Approved,6568
CLM01195,2025-01-20,SERV09937,SALE07669,CUST00039,DLR146,BK015,Fuel System & EFI,6761,Approved,6262
CLM01196,2024-01-30,SERV02403,SALE08153,CUST02659,DLR047,BK003,Engine & Transmission,9273,Rejected,0
CLM01197,2024-11-21,SERV09707,SALE13002,CUST00451,DLR190,BK008,Electrical System,8828,Approved,8206
CLM01198,2023-06-11,SERV03114,SALE02006,CUST00428,DLR168,BK001,Suspension & Brakes,11196,Approved,10613
CLM01199,2025-07-04,SERV03493,SALE13805,CUST04707,DLR038,BK009,Exhaust System,5010,Approved,4705
CLM01200,2025-02-01,SERV07912,SALE07905,CUST02834,DLR048,BK003,Electrical System,12922,Approved,12081
CLM01201,2025-08-13,SERV02764,SALE13047,CUST01801,DLR152,BK001,Fuel System & EFI,9053,Partially Approved,5101
CLM01202,2024-02-01,SERV12677,SALE19322,CUST02229,DLR163,BK002,Exhaust System,7774,Pending Verification,0
CLM01203,2022-07-03,SERV12928,SALE17376,CUST00897,DLR072,BK002,Fuel System & EFI,5834,Rejected,0
CLM01204,2026-01-05,SERV09542,SALE18549,CUST03556,DLR159,BK005,Engine & Transmission,18817,Approved,18117
CLM01205,2024-08-23,SERV14657,SALE02621,CUST03015,DLR029,BK003,Frame & Chassis,2735,Approved,2732
CLM01206,2021-10-08,SERV04923,SALE08816,CUST03079,DLR170,BK008,Engine & Transmission,23881,Approved,22515
CLM01207,2023-02-09,SERV05824,SALE03077,CUST03821,DLR038,BK005,Exhaust System,3370,Approved,3058
CLM01208,2025-11-19,SERV11109,SALE10124,CUST01655,DLR012,BK003,Exhaust System,8077,Approved,7578
CLM01209,2022-02-05,SERV09750,SALE11751,CUST04504,DLR173,BK001,Suspension & Brakes,4444,Rejected,0
CLM01210,2022-09-18,SERV03756,SALE03128,CUST02858,DLR076,BK002,Engine & Transmission,8017,Approved,7994
CLM01211,2023-01-01,SERV05727,SALE16759,CUST02032,DLR013,BK010,Engine & Transmission,30534,Approved,27751
CLM01212,2025-05-26,SERV14418,SALE17470,CUST02620,DLR104,BK001,Suspension & Brakes,8585,Rejected,0
CLM01213,2026-02-13,SERV00272,SALE09923,CUST02377,DLR063,BK009,Exhaust System,5014,Approved,4895
CLM01214,2026-07-22,SERV11569,SALE10557,CUST02777,DLR175,BK001,Electrical System,15380,Approved,14660
CLM01215,2023-01-29,SERV13728,SALE18450,CUST00627,DLR013,BK004,Suspension & Brakes,10425,Approved,10389
CLM01216,2026-07-30,SERV10665,SALE10832,CUST01055,DLR152,BK001,Suspension & Brakes,8444,Rejected,0
CLM01217,2021-12-31,SERV12976,SALE14531,CUST03973,DLR064,BK004,Suspension & Brakes,10609,Approved,9795
CLM01218,2022-03-25,SERV07043,SALE17468,CUST04960,DLR177,BK002,Electrical System,11523,Approved,10374
CLM01219,2025-10-31,SERV02414,SALE15923,CUST01513,DLR137,BK002,Electrical System,15129,Approved,14970
CLM01220,2025-02-26,SERV12323,SALE04745,CUST00452,DLR089,BK004,Electrical System,12674,Approved,11986
CLM01221,2022-05-02,SERV13375,SALE16717,CUST00602,DLR122,BK002,Suspension & Brakes,5609,Approved,5570
CLM01222,2023-04-27,SERV14411,SALE02973,CUST03488,DLR115,BK001,Frame & Chassis,4350,Approved,4284
CLM01223,2025-12-11,SERV04875,SALE08088,CUST00302,DLR076,BK004,Electrical System,13885,Approved,13847
CLM01224,2026-07-21,SERV02176,SALE14230,CUST02346,DLR092,BK006,Suspension & Brakes,9827,Approved,8853
CLM01225,2024-12-01,SERV13682,SALE15245,CUST00706,DLR081,BK004,Engine & Transmission,10306,Approved,9429
CLM01226,2025-09-18,SERV12139,SALE19043,CUST01357,DLR131,BK009,Frame & Chassis,3562,Approved,3312
CLM01227,2023-02-01,SERV00581,SALE04282,CUST00099,DLR107,BK008,Suspension & Brakes,9162,Approved,8752
CLM01228,2025-06-16,SERV04383,SALE06844,CUST01170,DLR186,BK004,Exhaust System,3991,Approved,3891
CLM01229,2024-04-04,SERV10274,SALE03259,CUST02934,DLR190,BK001,Exhaust System,4801,Partially Approved,2315
CLM01230,2026-07-14,SERV13113,SALE11850,CUST01057,DLR058,BK004,Suspension & Brakes,9966,Approved,9442
CLM01231,2026-07-10,SERV08039,SALE17224,CUST00574,DLR065,BK005,Electrical System,14667,Pending Verification,0
CLM01232,2021-01-09,SERV06752,SALE15167,CUST04626,DLR170,BK004,Fuel System & EFI,9433,Rejected,0
CLM01233,2025-04-27,SERV03395,SALE19507,CUST03325,DLR196,BK002,Frame & Chassis,6741,Approved,6125
CLM01234,2024-01-07,SERV03832,SALE18095,CUST01964,DLR010,BK001,Suspension & Brakes,8723,Approved,8704
CLM01235,2026-07-18,SERV00131,SALE16335,CUST04977,DLR069,BK008,Electrical System,14975,Approved,14838
CLM01236,2024-09-21,SERV13318,SALE07869,CUST01877,DLR126,BK004,Electrical System,13719,Approved,13068
CLM01237,2024-08-27,SERV01462,SALE17999,CUST01784,DLR005,BK007,Electrical System,14338,Approved,13839
CLM01238,2025-11-27,SERV12903,SALE01991,CUST03140,DLR139,BK001,Suspension & Brakes,2529,Approved,2438
CLM01239,2022-06-08,SERV01214,SALE06324,CUST03518,DLR151,BK002,Frame & Chassis,2834,Pending Verification,0
CLM01240,2024-10-26,SERV02767,SALE02205,CUST02964,DLR063,BK001,Frame & Chassis,3270,Rejected,0
CLM01241,2022-01-11,SERV00402,SALE14076,CUST02897,DLR041,BK003,Frame & Chassis,1749,Approved,1728
CLM01242,2023-05-11,SERV05192,SALE07035,CUST00025,DLR072,BK002,Frame & Chassis,6443,Approved,5817
CLM01243,2026-07-05,SERV02019,SALE14150,CUST03591,DLR144,BK002,Engine & Transmission,16193,Partially Approved,9496
CLM01244,2026-01-07,SERV13954,SALE09498,CUST02134,DLR071,BK002,Exhaust System,7122,Approved,6425
CLM01245,2025-05-20,SERV04340,SALE11230,CUST03999,DLR159,BK001,Electrical System,7946,Rejected,0
CLM01246,2023-04-23,SERV11556,SALE03399,CUST01248,DLR080,BK001,Suspension & Brakes,10736,Approved,9690
CLM01247,2022-06-13,SERV10996,SALE06355,CUST00650,DLR188,BK005,Suspension & Brakes,7551,Approved,7298
CLM01248,2022-03-29,SERV10475,SALE01425,CUST01231,DLR075,BK003,Fuel System & EFI,7716,Rejected,0
CLM01249,2021-08-22,SERV11456,SALE04346,CUST00746,DLR170,BK005,Electrical System,15750,Approved,14196
CLM01250,2025-05-08,SERV09468,SALE06767,CUST02151,DLR053,BK007,Frame & Chassis,4300,Approved,4148
CLM01251,2026-07-19,SERV08515,SALE08186,CUST00165,DLR102,BK006,Electrical System,4726,Approved,4331
CLM01252,2024-11-09,SERV04561,SALE03626,CUST00579,DLR165,BK002,Frame & Chassis,4502,Approved,4121
CLM01253,2020-09-29,SERV02156,SALE03474,CUST02619,DLR151,BK003,Engine & Transmission,31974,Approved,29148
CLM01254,2023-05-15,SERV07617,SALE03835,CUST03308,DLR119,BK003,Electrical System,11859,Pending Verification,0
CLM01255,2025-03-20,SERV08106,SALE07468,CUST04462,DLR067,BK001,Suspension & Brakes,6271,Approved,6190
CLM01256,2025-02-09,SERV09011,SALE18238,CUST03978,DLR115,BK004,Fuel System & EFI,6996,Approved,6782
CLM01257,2023-06-11,SERV09213,SALE16292,CUST01739,DLR094,BK004,Fuel System & EFI,6653,Approved,6021
CLM01258,2023-11-07,SERV06128,SALE02890,CUST04852,DLR155,BK001,Exhaust System,1576,Approved,1517
CLM01259,2026-07-28,SERV07269,SALE10976,CUST01287,DLR190,BK003,Frame & Chassis,4715,Rejected,0
CLM01260,2025-02-18,SERV14914,SALE14520,CUST00687,DLR185,BK004,Engine & Transmission,22654,Partially Approved,16560
CLM01261,2025-10-08,SERV00488,SALE07903,CUST00064,DLR050,BK003,Engine & Transmission,17137,Partially Approved,10520
CLM01262,2023-12-06,SERV01929,SALE06987,CUST03610,DLR125,BK002,Electrical System,5698,Rejected,0
CLM01263,2026-06-10,SERV02089,SALE06575,CUST01805,DLR115,BK002,Suspension & Brakes,9098,Rejected,0
CLM01264,2025-03-18,SERV07389,SALE18090,CUST00624,DLR141,BK002,Suspension & Brakes,11993,Approved,11394
CLM01265,2026-07-16,SERV12469,SALE04776,CUST02731,DLR044,BK003,Fuel System & EFI,9134,Approved,9042
CLM01266,2020-12-08,SERV03537,SALE04217,CUST03630,DLR077,BK002,Exhaust System,6516,Rejected,0
CLM01267,2021-09-13,SERV09359,SALE03473,CUST00171,DLR101,BK001,Electrical System,4974,Approved,4817
CLM01268,2026-07-01,SERV07870,SALE19946,CUST00092,DLR120,BK009,Electrical System,8085,Approved,7727
CLM01269,2025-02-09,SERV08748,SALE11528,CUST00346,DLR162,BK001,Frame & Chassis,4451,Approved,4432
CLM01270,2020-09-09,SERV12772,SALE03079,CUST04232,DLR127,BK001,Exhaust System,3164,Approved,2869
CLM01271,2026-05-15,SERV06750,SALE17881,CUST00371,DLR055,BK003,Engine & Transmission,30469,Rejected,0
CLM01272,2026-07-05,SERV04307,SALE06890,CUST02295,DLR133,BK001,Fuel System & EFI,5468,Approved,5070
CLM01273,2020-03-17,SERV05396,SALE12947,CUST04999,DLR115,BK001,Electrical System,8827,Rejected,0
CLM01274,2025-06-28,SERV13701,SALE01505,CUST01230,DLR196,BK001,Exhaust System,5635,Approved,5580
CLM01275,2025-10-04,SERV01983,SALE02694,CUST04187,DLR198,BK007,Exhaust System,6104,Approved,5932
CLM01276,2025-08-20,SERV06556,SALE10319,CUST02133,DLR102,BK009,Frame & Chassis,6583,Approved,6338
CLM01277,2024-10-02,SERV07954,SALE10895,CUST00275,DLR199,BK005,Fuel System & EFI,11496,Approved,11093
CLM01278,2023-03-18,SERV13896,SALE00624,CUST00789,DLR191,BK002,Electrical System,13396,Approved,12845
CLM01279,2023-10-16,SERV08540,SALE05189,CUST02394,DLR054,BK003,Suspension & Brakes,9343,Approved,8913
CLM01280,2023-12-12,SERV06021,SALE15443,CUST02887,DLR125,BK003,Suspension & Brakes,11501,Rejected,0
CLM01281,2023-10-25,SERV12206,SALE02631,CUST01420,DLR123,BK003,Engine & Transmission,14286,Approved,13863
CLM01282,2021-05-25,SERV00310,SALE05761,CUST03503,DLR174,BK002,Fuel System & EFI,10145,Approved,9758
CLM01283,2025-10-13,SERV06056,SALE11362,CUST04666,DLR108,BK003,Electrical System,10816,Approved,9770
CLM01284,2026-07-29,SERV13264,SALE19327,CUST03283,DLR165,BK004,Exhaust System,2226,Pending Verification,0
CLM01285,2023-09-21,SERV11018,SALE03086,CUST04685,DLR123,BK005,Frame & Chassis,4822,Pending Verification,0
CLM01286,2024-07-30,SERV01889,SALE13701,CUST04724,DLR143,BK006,Engine & Transmission,16638,Approved,15712
CLM01287,2024-09-03,SERV08576,SALE10692,CUST04981,DLR108,BK004,Electrical System,14427,Approved,14139
CLM01288,2022-07-20,SERV14234,SALE15353,CUST04956,DLR186,BK001,Engine & Transmission,10573,Approved,9775
CLM01289,2022-11-23,SERV13181,SALE01793,CUST03174,DLR098,BK003,Fuel System & EFI,11941,Partially Approved,5654
CLM01290,2025-10-14,SERV10050,SALE00447,CUST03935,DLR025,BK002,Fuel System & EFI,5985,Approved,5903
CLM01291,2023-08-01,SERV07248,SALE05108,CUST04764,DLR072,BK001,Electrical System,15737,Approved,15243
CLM01292,2021-05-17,SERV00792,SALE08890,CUST03940,DLR037,BK003,Exhaust System,3513,Approved,3499
CLM01293,2021-10-05,SERV01407,SALE16044,CUST00433,DLR072,BK001,Electrical System,7473,Approved,7228
CLM01294,2026-07-18,SERV03585,SALE00344,CUST04100,DLR089,BK003,Frame & Chassis,7849,Approved,7352
CLM01295,2021-12-29,SERV10422,SALE02726,CUST02375,DLR155,BK001,Fuel System & EFI,10562,Approved,9632
CLM01296,2023-05-27,SERV01307,SALE10363,CUST03173,DLR140,BK002,Suspension & Brakes,5125,Approved,4825
CLM01297,2026-07-26,SERV06090,SALE06213,CUST04381,DLR133,BK001,Frame & Chassis,4524,Approved,4250
CLM01298,2023-10-06,SERV00474,SALE08134,CUST01798,DLR180,BK001,Exhaust System,3308,Approved,3218
CLM01299,2023-06-20,SERV10930,SALE12874,CUST04986,DLR024,BK001,Suspension & Brakes,6718,Approved,6609
CLM01300,2023-01-05,SERV08867,SALE12316,CUST03130,DLR133,BK004,Fuel System & EFI,3752,Rejected,0
CLM01301,2025-08-01,SERV13075,SALE08146,CUST01983,DLR098,BK004,Suspension & Brakes,6012,Rejected,0
CLM01302,2023-07-15,SERV12715,SALE12241,CUST03470,DLR156,BK005,Electrical System,15289,Approved,14629
CLM01303,2021-10-02,SERV12194,SALE06441,CUST03144,DLR016,BK002,Suspension & Brakes,2952,Partially Approved,1824
CLM01304,2026-07-02,SERV12825,SALE02013,CUST04014,DLR194,BK003,Fuel System & EFI,6222,Approved,5629
CLM01305,2026-07-17,SERV00569,SALE19956,CUST04954,DLR111,BK003,Exhaust System,7945,Approved,7571
CLM01306,2023-04-01,SERV06969,SALE17145,CUST04263,DLR082,BK003,Suspension & Brakes,5690,Approved,5273
CLM01307,2025-09-11,SERV02655,SALE02164,CUST00347,DLR104,BK005,Exhaust System,5368,Approved,5202
CLM01308,2026-07-24,SERV12175,SALE00603,CUST04581,DLR090,BK011,Suspension & Brakes,9147,Pending Verification,0
CLM01309,2026-07-15,SERV13168,SALE07202,CUST04710,DLR074,BK002,Frame & Chassis,6101,Partially Approved,3871
CLM01310,2023-06-23,SERV07366,SALE00214,CUST00303,DLR052,BK005,Frame & Chassis,2944,Approved,2895
CLM01311,2026-05-15,SERV02792,SALE09056,CUST01387,DLR085,BK001,Engine & Transmission,20229,Approved,19524
CLM01312,2025-02-06,SERV09401,SALE17348,CUST04253,DLR129,BK003,Fuel System & EFI,4462,Approved,4298
CLM01313,2021-08-24,SERV07766,SALE16765,CUST00692,DLR149,BK007,Frame & Chassis,5311,Rejected,0
CLM01314,2026-02-16,SERV13795,SALE00438,CUST00727,DLR172,BK005,Engine & Transmission,17188,Approved,17041
CLM01315,2024-02-12,SERV01195,SALE09351,CUST02301,DLR161,BK002,Exhaust System,5015,Approved,4659
CLM01316,2022-09-09,SERV02629,SALE14642,CUST03267,DLR017,BK004,Exhaust System,6747,Approved,6388
CLM01317,2022-04-06,SERV07888,SALE17313,CUST04398,DLR142,BK007,Exhaust System,3030,Approved,2808
CLM01318,2026-07-17,SERV12614,SALE09725,CUST02668,DLR047,BK003,Frame & Chassis,5369,Pending Verification,0
CLM01319,2020-08-13,SERV11404,SALE10372,CUST02469,DLR090,BK008,Fuel System & EFI,14412,Approved,14323
CLM01320,2026-04-19,SERV08598,SALE17002,CUST02969,DLR155,BK002,Fuel System & EFI,8503,Approved,7740
CLM01321,2024-10-18,SERV02487,SALE13600,CUST00373,DLR110,BK001,Frame & Chassis,7728,Approved,7056
CLM01322,2024-03-25,SERV03046,SALE05840,CUST02617,DLR068,BK012,Fuel System & EFI,13125,Approved,12044
CLM01323,2021-03-05,SERV02756,SALE03635,CUST04605,DLR099,BK010,Fuel System & EFI,11383,Approved,10693
CLM01324,2020-11-25,SERV03162,SALE14354,CUST03043,DLR190,BK002,Exhaust System,3844,Approved,3621
CLM01325,2022-06-08,SERV04699,SALE13121,CUST00973,DLR013,BK002,Engine & Transmission,18916,Approved,17101
CLM01326,2024-11-01,SERV02970,SALE10435,CUST03931,DLR021,BK004,Engine & Transmission,21677,Approved,20352
CLM01327,2026-07-09,SERV03762,SALE05188,CUST03004,DLR135,BK001,Suspension & Brakes,10909,Approved,9842
CLM01328,2021-01-14,SERV02720,SALE07028,CUST03397,DLR166,BK006,Fuel System & EFI,4535,Rejected,0
CLM01329,2020-09-02,SERV02340,SALE09321,CUST00975,DLR034,BK001,Exhaust System,7386,Approved,6770
CLM01330,2024-02-21,SERV14440,SALE08654,CUST04542,DLR059,BK007,Electrical System,5007,Pending Verification,0
CLM01331,2022-01-27,SERV03365,SALE08721,CUST02550,DLR115,BK003,Fuel System & EFI,8244,Approved,7842
CLM01332,2021-04-23,SERV00579,SALE01922,CUST03467,DLR020,BK003,Exhaust System,4807,Approved,4711
CLM01333,2023-01-02,SERV09599,SALE05799,CUST00811,DLR199,BK001,Exhaust System,7821,Rejected,0
CLM01334,2024-02-16,SERV10426,SALE17867,CUST03182,DLR178,BK007,Frame & Chassis,4667,Approved,4462
CLM01335,2023-01-16,SERV07547,SALE01078,CUST04582,DLR076,BK003,Suspension & Brakes,2841,Pending Verification,0
CLM01336,2025-07-07,SERV10364,SALE16245,CUST03668,DLR023,BK005,Suspension & Brakes,5291,Approved,5285
CLM01337,2026-07-21,SERV00919,SALE16079,CUST01537,DLR081,BK003,Engine & Transmission,22787,Rejected,0
CLM01338,2022-12-02,SERV11464,SALE03790,CUST03988,DLR095,BK005,Frame & Chassis,7155,Rejected,0
CLM01339,2021-11-07,SERV01495,SALE13917,CUST04155,DLR019,BK007,Fuel System & EFI,5613,Rejected,0
CLM01340,2024-10-31,SERV11601,SALE10818,CUST04045,DLR057,BK003,Frame & Chassis,6330,Approved,5963
CLM01341,2025-05-22,SERV02987,SALE10132,CUST04442,DLR144,BK003,Fuel System & EFI,12863,Pending Verification,0
CLM01342,2022-08-11,SERV06327,SALE04006,CUST02685,DLR125,BK007,Frame & Chassis,2692,Rejected,0
CLM01343,2025-11-04,SERV08997,SALE10935,CUST01112,DLR070,BK001,Fuel System & EFI,6879,Approved,6703
CLM01344,2026-08-02,SERV12322,SALE02499,CUST01772,DLR198,BK001,Frame & Chassis,3335,Approved,3163
CLM01345,2026-07-10,SERV13166,SALE05043,CUST03586,DLR016,BK002,Suspension & Brakes,11882,Approved,11511
CLM01346,2022-06-01,SERV02196,SALE00009,CUST02188,DLR175,BK001,Engine & Transmission,28221,Approved,27947
CLM01347,2023-06-18,SERV12521,SALE06947,CUST03221,DLR178,BK005,Exhaust System,2994,Pending Verification,0
CLM01348,2022-06-08,SERV01665,SALE07754,CUST01546,DLR078,BK009,Frame & Chassis,4929,Pending Verification,0
CLM01349,2024-05-03,SERV03851,SALE12731,CUST02185,DLR121,BK001,Fuel System & EFI,12332,Partially Approved,5229
CLM01350,2021-04-26,SERV03290,SALE10080,CUST00954,DLR002,BK002,Fuel System & EFI,8718,Rejected,0
CLM01351,2024-02-02,SERV04385,SALE07355,CUST04111,DLR124,BK001,Suspension & Brakes,6706,Approved,6600
CLM01352,2021-05-08,SERV02100,SALE04719,CUST04080,DLR019,BK002,Engine & Transmission,14681,Approved,14340
CLM01353,2022-02-27,SERV13557,SALE09483,CUST02016,DLR046,BK001,Engine & Transmission,11666,Approved,11050
CLM01354,2022-01-22,SERV03167,SALE15143,CUST04438,DLR102,BK002,Suspension & Brakes,6086,Approved,5615
CLM01355,2026-05-13,SERV07407,SALE07552,CUST00903,DLR167,BK004,Electrical System,9205,Partially Approved,6254
CLM01356,2025-03-12,SERV04138,SALE08049,CUST03562,DLR107,BK005,Suspension & Brakes,10227,Approved,9937
CLM01357,2023-01-05,SERV11588,SALE02026,CUST04490,DLR130,BK015,Electrical System,14326,Approved,12976
CLM01358,2024-03-21,SERV03667,SALE04232,CUST01053,DLR197,BK001,Frame & Chassis,5119,Approved,4900
CLM01359,2026-07-05,SERV12721,SALE02017,CUST00132,DLR112,BK005,Electrical System,7328,Approved,6895
CLM01360,2023-09-25,SERV13179,SALE18084,CUST01700,DLR045,BK007,Fuel System & EFI,5869,Approved,5372
CLM01361,2023-11-03,SERV06803,SALE18351,CUST01363,DLR149,BK003,Fuel System & EFI,4812,Approved,4444
CLM01362,2026-01-18,SERV11789,SALE15277,CUST04593,DLR054,BK003,Electrical System,11887,Approved,11475
CLM01363,2022-03-27,SERV13418,SALE18013,CUST03955,DLR120,BK001,Frame & Chassis,7631,Rejected,0
CLM01364,2026-07-29,SERV02430,SALE09080,CUST01370,DLR170,BK002,Frame & Chassis,4960,Approved,4804
CLM01365,2023-11-27,SERV13544,SALE17139,CUST02103,DLR112,BK002,Frame & Chassis,4376,Approved,4282
CLM01366,2024-02-07,SERV14718,SALE03238,CUST02158,DLR122,BK006,Electrical System,12757,Approved,12009
CLM01367,2022-12-18,SERV02227,SALE19239,CUST00915,DLR027,BK005,Fuel System & EFI,4046,Rejected,0
CLM01368,2024-05-03,SERV03209,SALE08585,CUST00872,DLR084,BK004,Electrical System,9587,Rejected,0
CLM01369,2025-05-28,SERV09606,SALE16506,CUST03113,DLR068,BK005,Fuel System & EFI,13434,Approved,12639
CLM01370,2023-03-30,SERV08607,SALE08214,CUST01730,DLR164,BK003,Frame & Chassis,5226,Approved,4874
CLM01371,2024-12-06,SERV03059,SALE05167,CUST03903,DLR060,BK007,Fuel System & EFI,12799,Partially Approved,9059
CLM01372,2026-06-09,SERV07919,SALE14049,CUST04050,DLR129,BK006,Fuel System & EFI,6555,Rejected,0
CLM01373,2021-09-17,SERV00921,SALE13128,CUST03087,DLR172,BK001,Suspension & Brakes,2710,Approved,2518
CLM01374,2026-07-13,SERV00295,SALE07937,CUST04556,DLR119,BK010,Suspension & Brakes,3918,Approved,3888
CLM01375,2021-12-30,SERV06322,SALE09594,CUST01019,DLR119,BK003,Electrical System,10596,Pending Verification,0
CLM01376,2026-05-20,SERV14139,SALE16973,CUST00361,DLR125,BK003,Engine & Transmission,26114,Approved,23671
CLM01377,2025-05-19,SERV02352,SALE05380,CUST03918,DLR013,BK001,Fuel System & EFI,13129,Pending Verification,0
CLM01378,2025-08-21,SERV10073,SALE02396,CUST01031,DLR132,BK002,Electrical System,12478,Approved,11341
CLM01379,2020-11-25,SERV04516,SALE15016,CUST01182,DLR149,BK002,Frame & Chassis,4468,Approved,4361
CLM01380,2025-08-20,SERV03081,SALE05509,CUST02796,DLR101,BK002,Engine & Transmission,8741,Approved,8348
CLM01381,2023-03-17,SERV12695,SALE15382,CUST02181,DLR051,BK002,Electrical System,10673,Pending Verification,0
CLM01382,2022-10-16,SERV09375,SALE11601,CUST00976,DLR117,BK002,Engine & Transmission,19080,Approved,17740
CLM01383,2021-01-03,SERV07896,SALE18141,CUST04663,DLR081,BK003,Engine & Transmission,21379,Approved,19387
CLM01384,2022-05-06,SERV10377,SALE13354,CUST00522,DLR158,BK005,Exhaust System,8120,Partially Approved,5413
CLM01385,2025-01-05,SERV14710,SALE11418,CUST01693,DLR065,BK009,Frame & Chassis,2934,Approved,2846
CLM01386,2025-10-24,SERV04350,SALE00600,CUST01596,DLR154,BK003,Engine & Transmission,19477,Approved,18968
CLM01387,2021-01-08,SERV14479,SALE06231,CUST01267,DLR194,BK001,Fuel System & EFI,11408,Approved,10658
CLM01388,2026-07-23,SERV02997,SALE08127,CUST01479,DLR116,BK010,Exhaust System,5102,Approved,4886
CLM01389,2021-07-19,SERV07185,SALE12300,CUST01218,DLR184,BK007,Frame & Chassis,8092,Approved,7357
CLM01390,2023-05-09,SERV09357,SALE15779,CUST02554,DLR063,BK003,Exhaust System,6420,Approved,6205
CLM01391,2025-05-27,SERV03101,SALE11597,CUST00019,DLR004,BK001,Electrical System,11668,Approved,10946
CLM01392,2023-04-06,SERV04839,SALE03835,CUST03308,DLR119,BK003,Frame & Chassis,5173,Approved,4751
CLM01393,2026-07-10,SERV11939,SALE18978,CUST02965,DLR043,BK002,Exhaust System,2298,Approved,2179
CLM01394,2024-04-05,SERV06976,SALE06485,CUST00347,DLR025,BK006,Exhaust System,3317,Approved,3253
CLM01395,2022-01-04,SERV13882,SALE07499,CUST01930,DLR068,BK004,Engine & Transmission,30238,Approved,29318
CLM01396,2026-07-06,SERV10800,SALE16982,CUST03112,DLR148,BK001,Suspension & Brakes,9743,Approved,9231
CLM01397,2020-06-08,SERV10204,SALE09223,CUST02174,DLR168,BK003,Fuel System & EFI,11219,Approved,11001
CLM01398,2026-07-20,SERV00644,SALE10865,CUST04071,DLR108,BK009,Engine & Transmission,26416,Rejected,0
CLM01399,2026-07-21,SERV07777,SALE00022,CUST01031,DLR169,BK010,Engine & Transmission,22469,Approved,22020
CLM01400,2026-01-26,SERV05631,SALE19849,CUST04714,DLR104,BK004,Suspension & Brakes,8013,Approved,7473
CLM01401,2021-05-15,SERV13968,SALE11311,CUST00470,DLR169,BK002,Frame & Chassis,4575,Approved,4426
CLM01402,2023-11-01,SERV14623,SALE10099,CUST03398,DLR130,BK002,Electrical System,6264,Approved,6012
CLM01403,2024-08-13,SERV02749,SALE15676,CUST02613,DLR192,BK005,Exhaust System,4982,Approved,4936
CLM01404,2026-01-06,SERV07216,SALE06023,CUST03421,DLR116,BK001,Engine & Transmission,25816,Approved,23460
CLM01405,2026-01-10,SERV07864,SALE04095,CUST04765,DLR155,BK001,Electrical System,10398,Pending Verification,0
CLM01406,2024-01-24,SERV05607,SALE09406,CUST03312,DLR117,BK004,Engine & Transmission,15007,Approved,14096
CLM01407,2026-02-20,SERV13826,SALE02309,CUST00332,DLR005,BK012,Engine & Transmission,11170,Approved,10930
CLM01408,2021-08-27,SERV08333,SALE10983,CUST01211,DLR024,BK002,Fuel System & EFI,9181,Rejected,0
CLM01409,2026-07-03,SERV08689,SALE14319,CUST01333,DLR197,BK004,Suspension & Brakes,11843,Approved,10962
CLM01410,2024-02-22,SERV07395,SALE10312,CUST01790,DLR199,BK008,Fuel System & EFI,4315,Rejected,0
CLM01411,2026-04-26,SERV01991,SALE15970,CUST03945,DLR069,BK012,Electrical System,10344,Pending Verification,0
CLM01412,2026-02-15,SERV04636,SALE09809,CUST04544,DLR162,BK003,Electrical System,9805,Approved,9022
CLM01413,2022-11-27,SERV03826,SALE01404,CUST03776,DLR069,BK003,Suspension & Brakes,3617,Approved,3336
CLM01414,2026-01-14,SERV11269,SALE06624,CUST04241,DLR139,BK003,Electrical System,13763,Pending Verification,0
CLM01415,2026-05-31,SERV06518,SALE16060,CUST03122,DLR155,BK006,Frame & Chassis,1586,Approved,1454
CLM01416,2026-08-03,SERV14542,SALE02670,CUST02136,DLR166,BK007,Engine & Transmission,11838,Pending Verification,0
CLM01417,2026-07-03,SERV04090,SALE13164,CUST02213,DLR058,BK007,Exhaust System,3434,Partially Approved,2442
CLM01418,2022-03-21,SERV11053,SALE09877,CUST00448,DLR186,BK005,Frame & Chassis,1685,Approved,1549
CLM01419,2025-09-13,SERV09497,SALE19007,CUST02556,DLR068,BK003,Engine & Transmission,10597,Approved,9659
CLM01420,2022-06-19,SERV03251,SALE03645,CUST01761,DLR067,BK009,Electrical System,6047,Approved,5449
CLM01421,2023-05-17,SERV14444,SALE05293,CUST03536,DLR064,BK006,Exhaust System,6254,Approved,6068
CLM01422,2026-07-08,SERV07587,SALE02014,CUST04258,DLR156,BK004,Engine & Transmission,24938,Pending Verification,0
CLM01423,2023-02-05,SERV09862,SALE03164,CUST03521,DLR004,BK002,Suspension & Brakes,9116,Pending Verification,0
CLM01424,2021-11-15,SERV14188,SALE11308,CUST00755,DLR002,BK001,Frame & Chassis,6708,Approved,6181
CLM01425,2026-07-05,SERV00875,SALE04553,CUST04744,DLR150,BK002,Frame & Chassis,5880,Pending Verification,0
CLM01426,2024-09-27,SERV03291,SALE03620,CUST04529,DLR040,BK013,Exhaust System,3311,Approved,3131
CLM01427,2025-05-24,SERV02050,SALE08153,CUST02659,DLR047,BK003,Exhaust System,7236,Approved,6670
CLM01428,2026-07-05,SERV08547,SALE02573,CUST03280,DLR083,BK002,Exhaust System,4825,Approved,4705
CLM01429,2024-03-28,SERV08838,SALE12980,CUST02087,DLR108,BK011,Engine & Transmission,31309,Approved,31005
CLM01430,2024-10-04,SERV04829,SALE19104,CUST04788,DLR022,BK004,Suspension & Brakes,4427,Rejected,0
CLM01431,2021-08-20,SERV12001,SALE18974,CUST01158,DLR095,BK003,Suspension & Brakes,8099,Approved,7978
CLM01432,2022-04-16,SERV00799,SALE09182,CUST00509,DLR008,BK004,Fuel System & EFI,15119,Approved,14631
CLM01433,2024-05-04,SERV04398,SALE13361,CUST03959,DLR049,BK002,Suspension & Brakes,10240,Approved,9645
CLM01434,2023-05-08,SERV12506,SALE07486,CUST02104,DLR072,BK006,Engine & Transmission,16150,Rejected,0
CLM01435,2022-04-22,SERV04743,SALE11256,CUST04948,DLR073,BK003,Fuel System & EFI,10623,Approved,10359
CLM01436,2025-10-07,SERV07041,SALE05392,CUST00404,DLR140,BK009,Suspension & Brakes,8613,Approved,7917
CLM01437,2023-04-02,SERV05897,SALE01976,CUST04012,DLR137,BK004,Exhaust System,2263,Approved,2100
CLM01438,2024-03-20,SERV07093,SALE10719,CUST02284,DLR015,BK004,Electrical System,7141,Pending Verification,0
CLM01439,2026-07-23,SERV05593,SALE04851,CUST02116,DLR147,BK001,Exhaust System,2174,Approved,2056
CLM01440,2022-11-13,SERV09329,SALE14581,CUST03144,DLR030,BK002,Suspension & Brakes,4089,Approved,3795
CLM01441,2022-09-11,SERV11463,SALE00942,CUST02973,DLR032,BK007,Electrical System,6445,Pending Verification,0
CLM01442,2021-06-29,SERV05114,SALE08646,CUST04904,DLR199,BK009,Fuel System & EFI,13803,Approved,13559
CLM01443,2026-07-26,SERV13727,SALE02992,CUST03265,DLR068,BK006,Fuel System & EFI,13446,Approved,12995
CLM01444,2023-03-03,SERV10415,SALE05061,CUST02756,DLR119,BK001,Exhaust System,8218,Approved,7697
CLM01445,2024-11-30,SERV03962,SALE13807,CUST00510,DLR116,BK004,Electrical System,15602,Rejected,0
CLM01446,2024-03-12,SERV06386,SALE14342,CUST01089,DLR015,BK003,Exhaust System,6885,Approved,6862
CLM01447,2025-02-07,SERV14171,SALE00231,CUST00707,DLR080,BK015,Engine & Transmission,8827,Approved,8657
CLM01448,2024-07-29,SERV14864,SALE10103,CUST02615,DLR105,BK001,Electrical System,5291,Approved,5109
CLM01449,2022-08-09,SERV09587,SALE03659,CUST03022,DLR182,BK003,Exhaust System,7734,Approved,7638
CLM01450,2024-04-25,SERV02148,SALE16027,CUST00186,DLR121,BK006,Electrical System,6127,Rejected,0
CLM01451,2025-05-21,SERV01018,SALE08291,CUST01238,DLR188,BK001,Exhaust System,2430,Partially Approved,1539
CLM01452,2021-11-29,SERV08923,SALE08632,CUST03913,DLR068,BK003,Engine & Transmission,8150,Rejected,0
CLM01453,2026-06-29,SERV10208,SALE18056,CUST04953,DLR111,BK004,Electrical System,4015,Approved,3943
CLM01454,2025-04-03,SERV11843,SALE03188,CUST01261,DLR066,BK002,Suspension & Brakes,6948,Partially Approved,4081
CLM01455,2022-02-21,SERV04823,SALE08588,CUST03553,DLR159,BK004,Frame & Chassis,4825,Rejected,0
CLM01456,2026-07-20,SERV05883,SALE15398,CUST00533,DLR184,BK004,Electrical System,9360,Approved,8625
CLM01457,2026-07-06,SERV06599,SALE01460,CUST04769,DLR162,BK001,Electrical System,12327,Approved,12140
CLM01458,2025-07-30,SERV01749,SALE03931,CUST03421,DLR013,BK002,Electrical System,12537,Partially Approved,8852
CLM01459,2025-04-19,SERV13868,SALE05991,CUST01528,DLR140,BK008,Fuel System & EFI,9976,Approved,9293
CLM01460,2026-07-16,SERV02492,SALE13009,CUST00195,DLR126,BK001,Electrical System,14514,Approved,13703
CLM01461,2024-06-15,SERV11581,SALE18603,CUST02423,DLR185,BK002,Electrical System,6206,Pending Verification,0
CLM01462,2021-12-11,SERV01980,SALE00024,CUST03060,DLR133,BK001,Suspension & Brakes,9422,Partially Approved,7053
CLM01463,2025-12-27,SERV00354,SALE17910,CUST01157,DLR127,BK002,Suspension & Brakes,11003,Approved,10139
CLM01464,2022-01-16,SERV14816,SALE15701,CUST03593,DLR035,BK002,Fuel System & EFI,4731,Pending Verification,0
CLM01465,2025-10-07,SERV05479,SALE08943,CUST03867,DLR118,BK003,Engine & Transmission,26667,Partially Approved,11805
CLM01466,2022-09-07,SERV07852,SALE19269,CUST00044,DLR047,BK001,Engine & Transmission,20721,Pending Verification,0
CLM01467,2021-07-16,SERV13887,SALE04803,CUST01092,DLR113,BK011,Exhaust System,5294,Approved,5045
CLM01468,2026-07-17,SERV13734,SALE08750,CUST04591,DLR084,BK001,Suspension & Brakes,3352,Rejected,0
CLM01469,2023-03-29,SERV01050,SALE12378,CUST01367,DLR144,BK008,Frame & Chassis,6681,Approved,6185
CLM01470,2023-05-28,SERV10358,SALE11997,CUST03177,DLR054,BK002,Fuel System & EFI,11596,Approved,10603
CLM01471,2021-02-28,SERV09111,SALE07732,CUST04022,DLR180,BK003,Frame & Chassis,4949,Pending Verification,0
CLM01472,2021-09-04,SERV08854,SALE19513,CUST03181,DLR092,BK006,Frame & Chassis,2309,Approved,2301
CLM01473,2020-12-31,SERV02537,SALE01563,CUST01362,DLR113,BK001,Engine & Transmission,13348,Approved,12709
CLM01474,2023-01-17,SERV06948,SALE06466,CUST03649,DLR117,BK003,Exhaust System,3368,Approved,3064
CLM01475,2026-08-02,SERV14874,SALE02128,CUST00371,DLR051,BK002,Frame & Chassis,3640,Partially Approved,2042
CLM01476,2026-07-05,SERV11168,SALE04777,CUST00374,DLR184,BK003,Electrical System,11400,Pending Verification,0
CLM01477,2021-10-25,SERV01976,SALE00847,CUST04578,DLR018,BK004,Exhaust System,5184,Approved,5173
CLM01478,2022-07-24,SERV07782,SALE18360,CUST00254,DLR156,BK003,Fuel System & EFI,4225,Pending Verification,0
CLM01479,2023-01-12,SERV13550,SALE18939,CUST04077,DLR008,BK001,Electrical System,6248,Approved,6104
CLM01480,2026-04-27,SERV01457,SALE00118,CUST01262,DLR184,BK003,Fuel System & EFI,13368,Approved,12660
CLM01481,2022-08-24,SERV14602,SALE17743,CUST03268,DLR132,BK001,Engine & Transmission,11897,Approved,10942
CLM01482,2023-04-28,SERV03671,SALE14532,CUST04887,DLR098,BK003,Fuel System & EFI,11077,Approved,10426
CLM01483,2026-06-03,SERV12793,SALE02940,CUST02413,DLR158,BK002,Suspension & Brakes,8548,Approved,7733
CLM01484,2025-02-21,SERV06884,SALE13178,CUST03370,DLR061,BK001,Exhaust System,3512,Approved,3291
CLM01485,2023-01-04,SERV03845,SALE11284,CUST03029,DLR022,BK005,Exhaust System,4240,Approved,3935
CLM01486,2026-07-06,SERV14133,SALE08767,CUST01194,DLR161,BK004,Frame & Chassis,2806,Pending Verification,0
CLM01487,2024-12-21,SERV05693,SALE19270,CUST04878,DLR174,BK003,Engine & Transmission,18405,Approved,17688
CLM01488,2024-02-12,SERV13519,SALE15524,CUST00062,DLR173,BK001,Fuel System & EFI,13165,Approved,12675
CLM01489,2026-07-03,SERV00493,SALE00023,CUST01736,DLR194,BK004,Engine & Transmission,13571,Pending Verification,0
CLM01490,2022-04-18,SERV00030,SALE15499,CUST04093,DLR084,BK003,Exhaust System,6268,Approved,5737
CLM01491,2026-05-14,SERV14735,SALE13611,CUST00316,DLR123,BK003,Electrical System,9421,Approved,8522
CLM01492,2023-05-21,SERV10534,SALE04871,CUST04685,DLR052,BK003,Engine & Transmission,19147,Approved,18193
CLM01493,2023-09-14,SERV07078,SALE17105,CUST00303,DLR185,BK011,Engine & Transmission,19214,Approved,18069
CLM01494,2023-10-26,SERV05833,SALE16428,CUST01789,DLR052,BK002,Exhaust System,7209,Approved,6544
CLM01495,2020-08-07,SERV11247,SALE15204,CUST02695,DLR096,BK003,Frame & Chassis,6974,Partially Approved,3278
CLM01496,2024-05-10,SERV02568,SALE01174,CUST01647,DLR192,BK006,Engine & Transmission,17321,Partially Approved,12453
CLM01497,2025-12-19,SERV02592,SALE05686,CUST01806,DLR171,BK001,Suspension & Brakes,11434,Approved,10862
CLM01498,2026-07-06,SERV14881,SALE16497,CUST02422,DLR031,BK002,Frame & Chassis,3567,Approved,3329
CLM01499,2021-04-25,SERV09948,SALE02874,CUST03174,DLR179,BK010,Frame & Chassis,3252,Pending Verification,0
CLM01500,2026-07-16,SERV07298,SALE13252,CUST01926,DLR069,BK006,Engine & Transmission,25951,Approved,24385
CLM01501,2025-08-16,SERV14028,SALE10767,CUST04044,DLR200,BK010,Exhaust System,3674,Approved,3373
CLM01502,2021-11-27,SERV02823,SALE17769,CUST04832,DLR070,BK003,Fuel System & EFI,15506,Pending Verification,0
CLM01503,2023-04-18,SERV09141,SALE15351,CUST01709,DLR174,BK003,Fuel System & EFI,8802,Pending Verification,0
CLM01504,2021-11-29,SERV14976,SALE02052,CUST02726,DLR082,BK002,Exhaust System,8113,Partially Approved,3478
CLM01505,2026-07-24,SERV07561,SALE00726,CUST01949,DLR151,BK003,Fuel System & EFI,9551,Rejected,0
CLM01506,2024-04-24,SERV05153,SALE06102,CUST03049,DLR127,BK003,Electrical System,10763,Approved,9808
CLM01507,2023-11-10,SERV03784,SALE00134,CUST03476,DLR065,BK007,Electrical System,12119,Approved,11575
CLM01508,2023-03-03,SERV05816,SALE06753,CUST04940,DLR158,BK003,Fuel System & EFI,12779,Approved,12143
CLM01509,2026-07-30,SERV12714,SALE17134,CUST04744,DLR013,BK005,Engine & Transmission,10968,Approved,9943
CLM01510,2026-07-12,SERV12931,SALE10031,CUST04596,DLR102,BK001,Suspension & Brakes,9840,Approved,9245
CLM01511,2023-05-12,SERV10966,SALE13001,CUST04857,DLR125,BK005,Exhaust System,5354,Approved,5086
CLM01512,2023-10-19,SERV09817,SALE08537,CUST03313,DLR177,BK002,Frame & Chassis,7537,Approved,7338
CLM01513,2026-07-10,SERV14762,SALE05431,CUST02584,DLR177,BK006,Fuel System & EFI,13601,Approved,12253
CLM01514,2022-02-14,SERV08359,SALE19390,CUST01496,DLR003,BK004,Exhaust System,7200,Approved,7105
CLM01515,2026-05-21,SERV02760,SALE07621,CUST00183,DLR198,BK003,Fuel System & EFI,10584,Approved,9955
CLM01516,2026-07-22,SERV08178,SALE10865,CUST04071,DLR108,BK009,Suspension & Brakes,7518,Partially Approved,4496
CLM01517,2022-11-07,SERV01209,SALE14835,CUST03929,DLR197,BK002,Suspension & Brakes,5504,Approved,5101
CLM01518,2023-07-08,SERV12449,SALE05233,CUST00421,DLR171,BK001,Electrical System,12901,Rejected,0
CLM01519,2022-12-31,SERV12726,SALE17585,CUST00657,DLR194,BK002,Frame & Chassis,2427,Approved,2356
CLM01520,2023-02-25,SERV13185,SALE18001,CUST03933,DLR022,BK002,Electrical System,3930,Approved,3566
CLM01521,2024-07-25,SERV10550,SALE02057,CUST02053,DLR024,BK007,Exhaust System,7534,Approved,7253
CLM01522,2026-01-23,SERV06234,SALE17878,CUST01212,DLR126,BK003,Exhaust System,1531,Approved,1409
CLM01523,2024-05-29,SERV09090,SALE02385,CUST03514,DLR167,BK007,Exhaust System,4995,Approved,4765
CLM01524,2024-02-10,SERV02073,SALE05843,CUST02092,DLR169,BK001,Engine & Transmission,9193,Approved,8503
CLM01525,2025-11-28,SERV01038,SALE16316,CUST04428,DLR114,BK005,Fuel System & EFI,7937,Approved,7592
CLM01526,2021-12-06,SERV03775,SALE05050,CUST01791,DLR130,BK002,Exhaust System,5785,Approved,5750
CLM01527,2026-07-17,SERV03747,SALE02544,CUST02966,DLR016,BK003,Fuel System & EFI,5803,Rejected,0
CLM01528,2023-01-04,SERV08980,SALE08306,CUST04931,DLR192,BK003,Exhaust System,1960,Pending Verification,0
CLM01529,2022-05-27,SERV05811,SALE18462,CUST02844,DLR037,BK004,Engine & Transmission,23064,Approved,21943
CLM01530,2024-07-30,SERV01562,SALE01696,CUST02669,DLR144,BK002,Frame & Chassis,8164,Partially Approved,4482
CLM01531,2024-06-06,SERV06251,SALE09255,CUST03224,DLR046,BK003,Exhaust System,5728,Partially Approved,2730
CLM01532,2024-11-02,SERV07102,SALE18907,CUST02577,DLR167,BK001,Exhaust System,3850,Approved,3665
CLM01533,2024-02-05,SERV13832,SALE04265,CUST00624,DLR133,BK001,Suspension & Brakes,6073,Rejected,0
CLM01534,2022-05-29,SERV13961,SALE14786,CUST01930,DLR144,BK006,Fuel System & EFI,10290,Rejected,0
CLM01535,2021-02-05,SERV01819,SALE09093,CUST01341,DLR053,BK003,Fuel System & EFI,11012,Approved,10202
CLM01536,2025-06-08,SERV08410,SALE09111,CUST04990,DLR026,BK003,Fuel System & EFI,11670,Pending Verification,0
CLM01537,2023-03-07,SERV04323,SALE08047,CUST02680,DLR132,BK007,Engine & Transmission,20162,Approved,19719
CLM01538,2022-09-21,SERV09471,SALE15787,CUST01079,DLR133,BK002,Fuel System & EFI,3851,Approved,3560
CLM01539,2026-07-27,SERV09092,SALE12382,CUST01503,DLR168,BK004,Exhaust System,7614,Partially Approved,3552
CLM01540,2025-09-02,SERV14385,SALE11386,CUST03283,DLR123,BK002,Frame & Chassis,7799,Pending Verification,0
CLM01541,2026-07-04,SERV14721,SALE12322,CUST01455,DLR062,BK008,Engine & Transmission,27095,Approved,27048
CLM01542,2022-09-20,SERV01997,SALE11884,CUST04396,DLR047,BK002,Electrical System,15847,Approved,15131
CLM01543,2026-08-03,SERV03170,SALE07132,CUST00628,DLR122,BK002,Fuel System & EFI,9475,Approved,9125
CLM01544,2026-07-30,SERV04879,SALE13555,CUST04320,DLR010,BK004,Exhaust System,4205,Rejected,0
CLM01545,2026-07-12,SERV06072,SALE15024,CUST01671,DLR178,BK008,Electrical System,4829,Approved,4629
CLM01546,2021-11-28,SERV13437,SALE02841,CUST00961,DLR147,BK003,Engine & Transmission,17681,Approved,16172
CLM01547,2026-01-09,SERV07886,SALE02400,CUST00118,DLR081,BK007,Electrical System,12633,Partially Approved,6843
CLM01548,2021-11-20,SERV14305,SALE17803,CUST04396,DLR041,BK002,Engine & Transmission,22163,Approved,20857
CLM01549,2023-12-28,SERV13744,SALE06811,CUST01853,DLR041,BK014,Exhaust System,6423,Approved,5819
CLM01550,2026-07-14,SERV01668,SALE12375,CUST04669,DLR093,BK005,Electrical System,9902,Approved,8960
CLM01551,2024-10-24,SERV08099,SALE14181,CUST04795,DLR113,BK001,Engine & Transmission,8259,Approved,7748
CLM01552,2023-03-21,SERV07754,SALE01755,CUST04998,DLR040,BK008,Frame & Chassis,6202,Approved,5872
CLM01553,2024-05-19,SERV05179,SALE08897,CUST04866,DLR037,BK005,Fuel System & EFI,10670,Approved,10299
CLM01554,2023-03-04,SERV11139,SALE04613,CUST04521,DLR058,BK009,Engine & Transmission,14332,Rejected,0
CLM01555,2024-06-25,SERV11294,SALE03927,CUST01077,DLR200,BK003,Frame & Chassis,6463,Approved,6035
CLM01556,2026-05-19,SERV03573,SALE07775,CUST00965,DLR075,BK009,Engine & Transmission,18874,Approved,17628
CLM01557,2026-07-13,SERV04775,SALE13562,CUST01088,DLR077,BK003,Suspension & Brakes,3107,Rejected,0
CLM01558,2026-07-13,SERV03426,SALE06580,CUST00453,DLR162,BK002,Electrical System,12170,Approved,12026
CLM01559,2024-07-06,SERV13894,SALE06571,CUST02514,DLR013,BK001,Frame & Chassis,7124,Rejected,0
CLM01560,2026-05-19,SERV07756,SALE11071,CUST03772,DLR196,BK006,Electrical System,11743,Approved,10878
CLM01561,2024-11-03,SERV04648,SALE03858,CUST02171,DLR136,BK002,Fuel System & EFI,5129,Approved,4907
CLM01562,2025-01-10,SERV07781,SALE19715,CUST04890,DLR079,BK005,Suspension & Brakes,9547,Approved,9345
CLM01563,2024-01-17,SERV12783,SALE11353,CUST00214,DLR048,BK004,Frame & Chassis,3834,Approved,3568
CLM01564,2023-05-28,SERV10196,SALE04293,CUST02799,DLR144,BK008,Suspension & Brakes,3262,Approved,3034
CLM01565,2026-05-24,SERV10895,SALE04455,CUST02142,DLR031,BK007,Frame & Chassis,3084,Rejected,0
CLM01566,2022-01-21,SERV10748,SALE05714,CUST01172,DLR017,BK005,Fuel System & EFI,6917,Approved,6602
CLM01567,2022-06-30,SERV11875,SALE14386,CUST04257,DLR181,BK005,Engine & Transmission,8281,Pending Verification,0
CLM01568,2024-05-07,SERV09477,SALE17154,CUST00953,DLR014,BK002,Engine & Transmission,25789,Approved,25671
CLM01569,2022-09-29,SERV12237,SALE02196,CUST03712,DLR150,BK003,Exhaust System,1905,Approved,1868
CLM01570,2023-11-25,SERV13757,SALE03682,CUST03141,DLR038,BK004,Suspension & Brakes,4697,Approved,4474
CLM01571,2022-06-16,SERV12289,SALE05090,CUST04158,DLR156,BK005,Fuel System & EFI,8412,Approved,8265
CLM01572,2022-11-28,SERV05217,SALE04470,CUST03125,DLR157,BK002,Electrical System,5016,Approved,4699
CLM01573,2026-07-20,SERV05944,SALE18839,CUST02142,DLR104,BK003,Frame & Chassis,5643,Approved,5559
CLM01574,2024-04-05,SERV12684,SALE16662,CUST02831,DLR078,BK006,Fuel System & EFI,15363,Approved,14987
CLM01575,2025-07-20,SERV03663,SALE09188,CUST04768,DLR017,BK007,Engine & Transmission,23231,Approved,23048
CLM01576,2024-11-21,SERV00436,SALE04494,CUST03828,DLR166,BK002,Frame & Chassis,4371,Partially Approved,1861
CLM01577,2021-08-13,SERV09564,SALE01777,CUST02243,DLR127,BK006,Engine & Transmission,29147,Partially Approved,14803
CLM01578,2021-08-21,SERV06059,SALE08511,CUST04837,DLR016,BK009,Engine & Transmission,17743,Approved,17295
CLM01579,2022-01-20,SERV02349,SALE01603,CUST00278,DLR180,BK004,Fuel System & EFI,3988,Approved,3938
CLM01580,2022-07-16,SERV10341,SALE19200,CUST03344,DLR034,BK004,Suspension & Brakes,4622,Approved,4194
CLM01581,2026-07-04,SERV07779,SALE09213,CUST00189,DLR039,BK004,Engine & Transmission,8342,Approved,8201
CLM01582,2022-09-14,SERV06828,SALE11331,CUST04263,DLR077,BK002,Exhaust System,7369,Approved,6762
CLM01583,2025-02-11,SERV01674,SALE12325,CUST02892,DLR026,BK002,Fuel System & EFI,8941,Approved,8449
CLM01584,2024-06-16,SERV11221,SALE03738,CUST02809,DLR138,BK002,Electrical System,10496,Rejected,0
CLM01585,2024-02-15,SERV03941,SALE02181,CUST03911,DLR007,BK001,Exhaust System,6715,Approved,6573
CLM01586,2021-03-20,SERV09036,SALE10145,CUST00523,DLR081,BK001,Suspension & Brakes,7738,Approved,7430
CLM01587,2025-08-20,SERV00034,SALE18034,CUST04813,DLR004,BK002,Suspension & Brakes,8373,Approved,7775
CLM01588,2025-02-13,SERV01016,SALE03661,CUST02491,DLR073,BK004,Suspension & Brakes,5897,Approved,5550
CLM01589,2023-10-23,SERV11613,SALE06428,CUST02759,DLR177,BK008,Suspension & Brakes,3721,Approved,3365
CLM01590,2021-10-07,SERV06118,SALE15643,CUST04370,DLR069,BK004,Engine & Transmission,9212,Approved,9000
CLM01591,2026-07-13,SERV06699,SALE06075,CUST03700,DLR118,BK007,Frame & Chassis,5109,Rejected,0
CLM01592,2026-03-31,SERV03900,SALE19290,CUST01190,DLR049,BK002,Engine & Transmission,23783,Approved,22678
CLM01593,2025-08-27,SERV04227,SALE18742,CUST00541,DLR169,BK006,Exhaust System,7878,Approved,7392
CLM01594,2026-02-05,SERV07414,SALE15733,CUST03117,DLR194,BK001,Engine & Transmission,15875,Approved,15636
CLM01595,2023-04-14,SERV04513,SALE01887,CUST02017,DLR084,BK002,Suspension & Brakes,3991,Approved,3948
CLM01596,2025-11-14,SERV11309,SALE11518,CUST00687,DLR036,BK007,Fuel System & EFI,12272,Approved,12243
CLM01597,2021-10-04,SERV12912,SALE14660,CUST01304,DLR114,BK003,Electrical System,6989,Approved,6369
CLM01598,2023-12-20,SERV11413,SALE04563,CUST03316,DLR075,BK002,Engine & Transmission,27332,Pending Verification,0
CLM01599,2025-04-26,SERV03890,SALE08023,CUST04149,DLR071,BK001,Exhaust System,5090,Approved,5071
CLM01600,2022-04-27,SERV08779,SALE03162,CUST02438,DLR034,BK002,Suspension & Brakes,7725,Pending Verification,0
CLM01601,2025-03-11,SERV02514,SALE06372,CUST04858,DLR082,BK006,Suspension & Brakes,4543,Rejected,0
CLM01602,2026-05-22,SERV09134,SALE02855,CUST01960,DLR106,BK001,Electrical System,6734,Pending Verification,0
CLM01603,2022-04-29,SERV11888,SALE15107,CUST02515,DLR125,BK005,Engine & Transmission,24668,Approved,22710
CLM01604,2023-06-28,SERV08201,SALE18645,CUST00787,DLR154,BK005,Frame & Chassis,1670,Approved,1581
CLM01605,2026-07-18,SERV02255,SALE02781,CUST02519,DLR166,BK002,Suspension & Brakes,6779,Approved,6758
CLM01606,2022-01-17,SERV05459,SALE08329,CUST04767,DLR002,BK010,Suspension & Brakes,8539,Approved,8430
CLM01607,2021-11-22,SERV09324,SALE17500,CUST03257,DLR179,BK011,Frame & Chassis,8198,Approved,7504
CLM01608,2024-03-30,SERV09946,SALE17046,CUST04891,DLR001,BK007,Electrical System,15226,Approved,14788
CLM01609,2023-11-13,SERV07737,SALE07657,CUST02380,DLR054,BK001,Engine & Transmission,9836,Approved,9223
CLM01610,2023-09-04,SERV08830,SALE07352,CUST04383,DLR104,BK001,Frame & Chassis,7646,Pending Verification,0
CLM01611,2024-02-05,SERV05996,SALE04039,CUST04449,DLR093,BK010,Suspension & Brakes,9044,Pending Verification,0
CLM01612,2022-03-23,SERV04978,SALE07023,CUST04957,DLR127,BK005,Fuel System & EFI,14411,Approved,13546
CLM01613,2022-05-24,SERV05762,SALE11447,CUST03034,DLR180,BK004,Engine & Transmission,28019,Partially Approved,14850
CLM01614,2022-09-13,SERV14111,SALE07268,CUST02793,DLR031,BK003,Fuel System & EFI,4074,Approved,3843
CLM01615,2026-07-18,SERV05680,SALE02168,CUST01100,DLR157,BK001,Frame & Chassis,2285,Rejected,0
CLM01616,2026-07-13,SERV05198,SALE02247,CUST00541,DLR022,BK002,Frame & Chassis,2560,Approved,2373
CLM01617,2024-06-07,SERV13627,SALE17606,CUST03914,DLR199,BK002,Fuel System & EFI,3818,Approved,3734
CLM01618,2025-11-19,SERV05079,SALE00364,CUST01360,DLR036,BK006,Exhaust System,2177,Approved,1992
CLM01619,2026-07-18,SERV01787,SALE18525,CUST03343,DLR148,BK006,Exhaust System,3431,Pending Verification,0
CLM01620,2026-07-21,SERV12649,SALE19835,CUST00989,DLR122,BK001,Electrical System,11953,Approved,11288
CLM01621,2026-07-21,SERV05158,SALE19571,CUST02490,DLR069,BK005,Electrical System,9816,Approved,8889
CLM01622,2023-02-09,SERV08976,SALE14459,CUST02037,DLR016,BK009,Fuel System & EFI,4177,Approved,3855
CLM01623,2025-06-16,SERV12480,SALE09781,CUST03530,DLR070,BK007,Electrical System,8864,Approved,8273
CLM01624,2021-12-16,SERV07965,SALE03048,CUST00255,DLR162,BK001,Engine & Transmission,26826,Approved,25255
CLM01625,2023-08-12,SERV10581,SALE15263,CUST03986,DLR118,BK005,Suspension & Brakes,5321,Approved,5291
CLM01626,2026-07-29,SERV09845,SALE11369,CUST04494,DLR196,BK001,Suspension & Brakes,8507,Approved,7955
CLM01627,2024-01-06,SERV12933,SALE17783,CUST02520,DLR022,BK004,Exhaust System,6611,Pending Verification,0
CLM01628,2022-03-29,SERV00464,SALE17746,CUST02755,DLR116,BK001,Electrical System,11783,Approved,11105
CLM01629,2023-03-12,SERV12838,SALE12399,CUST01519,DLR163,BK005,Electrical System,10546,Approved,10354
CLM01630,2026-07-07,SERV04585,SALE06332,CUST02855,DLR072,BK008,Suspension & Brakes,4890,Pending Verification,0
CLM01631,2024-02-29,SERV08276,SALE03932,CUST04566,DLR138,BK002,Electrical System,14308,Approved,13148
CLM01632,2026-07-09,SERV13192,SALE16781,CUST04377,DLR020,BK005,Exhaust System,1757,Pending Verification,0
CLM01633,2024-12-22,SERV00856,SALE10229,CUST00330,DLR141,BK008,Fuel System & EFI,4432,Rejected,0
CLM01634,2024-05-13,SERV14541,SALE08986,CUST02329,DLR062,BK009,Exhaust System,7951,Rejected,0
CLM01635,2022-03-05,SERV00650,SALE16456,CUST02060,DLR068,BK004,Engine & Transmission,15477,Rejected,0
CLM01636,2026-07-10,SERV12717,SALE03291,CUST00447,DLR092,BK003,Suspension & Brakes,6084,Approved,5658
CLM01637,2021-11-10,SERV06555,SALE00175,CUST01886,DLR144,BK006,Exhaust System,6389,Approved,6360
CLM01638,2025-09-14,SERV07671,SALE10485,CUST01041,DLR117,BK003,Electrical System,7130,Approved,6727
CLM01639,2025-11-11,SERV10759,SALE06519,CUST00268,DLR174,BK003,Fuel System & EFI,3915,Rejected,0
CLM01640,2022-07-15,SERV09760,SALE11629,CUST03635,DLR174,BK007,Exhaust System,1645,Approved,1562
CLM01641,2021-10-25,SERV11931,SALE02970,CUST00802,DLR034,BK002,Engine & Transmission,29897,Approved,28096
CLM01642,2022-04-19,SERV02936,SALE16293,CUST03952,DLR052,BK001,Exhaust System,4028,Approved,3791
CLM01643,2020-11-14,SERV04590,SALE04578,CUST01080,DLR164,BK003,Exhaust System,7531,Approved,7167
CLM01644,2026-02-26,SERV14765,SALE07458,CUST04989,DLR131,BK002,Fuel System & EFI,12809,Pending Verification,0
CLM01645,2026-05-01,SERV04277,SALE14987,CUST02988,DLR103,BK005,Engine & Transmission,26686,Approved,24223
CLM01646,2023-12-07,SERV14863,SALE06017,CUST00711,DLR027,BK005,Frame & Chassis,6875,Approved,6273
CLM01647,2026-07-04,SERV11348,SALE15320,CUST02845,DLR089,BK002,Exhaust System,4200,Partially Approved,2891
CLM01648,2025-11-03,SERV03714,SALE09288,CUST01090,DLR088,BK001,Suspension & Brakes,10847,Rejected,0
CLM01649,2023-07-09,SERV09988,SALE11865,CUST02736,DLR077,BK003,Engine & Transmission,21297,Approved,20256
CLM01650,2022-12-24,SERV02105,SALE06997,CUST01450,DLR164,BK003,Exhaust System,5235,Approved,4870
CLM01651,2026-07-15,SERV03166,SALE09806,CUST02681,DLR074,BK003,Engine & Transmission,23157,Approved,22769
CLM01652,2025-05-13,SERV01425,SALE06101,CUST03391,DLR154,BK004,Exhaust System,5615,Rejected,0
CLM01653,2025-05-09,SERV09095,SALE06000,CUST01398,DLR111,BK001,Exhaust System,3285,Approved,3137
CLM01654,2023-12-09,SERV02200,SALE00996,CUST04061,DLR153,BK003,Fuel System & EFI,13914,Pending Verification,0
CLM01655,2022-08-03,SERV13977,SALE18013,CUST03955,DLR120,BK001,Engine & Transmission,18692,Approved,16890
CLM01656,2022-05-22,SERV05399,SALE11710,CUST02786,DLR036,BK009,Frame & Chassis,5119,Approved,4686
CLM01657,2024-10-09,SERV09848,SALE01053,CUST03701,DLR001,BK011,Fuel System & EFI,11797,Approved,10958
CLM01658,2024-06-27,SERV00849,SALE08897,CUST04866,DLR037,BK005,Frame & Chassis,2824,Rejected,0
CLM01659,2022-11-20,SERV04911,SALE03107,CUST01940,DLR185,BK001,Fuel System & EFI,4785,Approved,4600
CLM01660,2025-02-06,SERV06528,SALE15041,CUST02772,DLR057,BK002,Fuel System & EFI,9405,Approved,8550
CLM01661,2023-11-16,SERV08933,SALE19186,CUST02733,DLR076,BK005,Exhaust System,8087,Rejected,0
CLM01662,2022-06-13,SERV12024,SALE15606,CUST00095,DLR164,BK010,Electrical System,13011,Approved,11778
CLM01663,2022-10-01,SERV04854,SALE08047,CUST02680,DLR132,BK007,Exhaust System,3599,Approved,3547
CLM01664,2025-01-12,SERV00728,SALE00004,CUST00054,DLR179,BK002,Frame & Chassis,6619,Rejected,0
CLM01665,2024-09-24,SERV12836,SALE08896,CUST03816,DLR099,BK001,Fuel System & EFI,9980,Approved,9198
CLM01666,2020-10-24,SERV08292,SALE13385,CUST02918,DLR026,BK001,Electrical System,11084,Partially Approved,7185
CLM01667,2026-07-13,SERV11327,SALE12645,CUST01346,DLR144,BK005,Suspension & Brakes,8711,Approved,8231
CLM01668,2025-03-22,SERV09454,SALE06165,CUST03713,DLR137,BK001,Frame & Chassis,6273,Approved,5798
CLM01669,2024-06-06,SERV04819,SALE12025,CUST03005,DLR090,BK002,Suspension & Brakes,11575,Approved,10938
CLM01670,2021-05-13,SERV13000,SALE19716,CUST04107,DLR078,BK003,Frame & Chassis,7102,Approved,6399
CLM01671,2025-09-11,SERV13414,SALE18669,CUST00437,DLR026,BK006,Frame & Chassis,6821,Approved,6811
CLM01672,2025-01-23,SERV10144,SALE12569,CUST00339,DLR107,BK002,Suspension & Brakes,7593,Approved,7086
CLM01673,2022-12-04,SERV13408,SALE01906,CUST01698,DLR041,BK005,Electrical System,4033,Approved,3950
CLM01674,2023-04-26,SERV03236,SALE00790,CUST02827,DLR165,BK005,Engine & Transmission,27111,Pending Verification,0
CLM01675,2026-07-19,SERV04337,SALE18605,CUST04989,DLR113,BK003,Frame & Chassis,2087,Partially Approved,1130
CLM01676,2026-07-13,SERV14467,SALE03693,CUST03428,DLR137,BK002,Fuel System & EFI,13758,Rejected,0
CLM01677,2022-06-21,SERV13765,SALE10800,CUST03038,DLR155,BK002,Exhaust System,7384,Approved,6755
CLM01678,2025-09-30,SERV04379,SALE19756,CUST00912,DLR080,BK006,Engine & Transmission,29014,Approved,26861
CLM01679,2020-04-05,SERV08005,SALE01656,CUST02644,DLR076,BK008,Suspension & Brakes,11688,Approved,11017
CLM01680,2022-09-13,SERV10202,SALE07375,CUST01416,DLR079,BK002,Suspension & Brakes,6764,Partially Approved,3607
CLM01681,2023-03-28,SERV12615,SALE18415,CUST01897,DLR066,BK011,Suspension & Brakes,5146,Rejected,0
CLM01682,2023-09-18,SERV12076,SALE18734,CUST02139,DLR014,BK011,Fuel System & EFI,9438,Approved,8944
CLM01683,2026-07-24,SERV07947,SALE08345,CUST02244,DLR130,BK004,Fuel System & EFI,14415,Approved,13299
CLM01684,2022-12-24,SERV09276,SALE08248,CUST04809,DLR176,BK002,Fuel System & EFI,15775,Rejected,0
CLM01685,2024-10-13,SERV07937,SALE10529,CUST04640,DLR196,BK006,Frame & Chassis,7691,Approved,7688
CLM01686,2022-05-03,SERV08449,SALE14381,CUST04176,DLR014,BK003,Exhaust System,4219,Approved,4014
CLM01687,2025-06-21,SERV02467,SALE05815,CUST01749,DLR065,BK004,Suspension & Brakes,5565,Approved,5194
CLM01688,2021-06-02,SERV06889,SALE17192,CUST01206,DLR111,BK005,Engine & Transmission,9673,Approved,8907
CLM01689,2021-12-31,SERV13487,SALE01154,CUST01029,DLR045,BK003,Frame & Chassis,7600,Approved,7200
CLM01690,2021-03-07,SERV06963,SALE09223,CUST02174,DLR168,BK003,Electrical System,4648,Rejected,0
CLM01691,2021-04-25,SERV02551,SALE06337,CUST03908,DLR058,BK005,Fuel System & EFI,15963,Approved,15858
CLM01692,2026-07-21,SERV04846,SALE08635,CUST01960,DLR019,BK001,Fuel System & EFI,12586,Approved,11832
CLM01693,2026-07-16,SERV05302,SALE00265,CUST04808,DLR063,BK004,Exhaust System,5058,Pending Verification,0
CLM01694,2026-07-10,SERV08504,SALE06109,CUST02268,DLR125,BK001,Engine & Transmission,23646,Partially Approved,13430
CLM01695,2024-03-02,SERV03183,SALE14414,CUST03812,DLR028,BK003,Frame & Chassis,5002,Pending Verification,0
CLM01696,2023-07-01,SERV01184,SALE18779,CUST01369,DLR004,BK007,Suspension & Brakes,7063,Approved,6710
CLM01697,2023-10-12,SERV11213,SALE05899,CUST04887,DLR006,BK003,Suspension & Brakes,9032,Approved,8186
CLM01698,2021-02-22,SERV04853,SALE19908,CUST02812,DLR073,BK002,Engine & Transmission,28382,Rejected,0
CLM01699,2022-05-14,SERV00575,SALE13960,CUST04237,DLR105,BK010,Electrical System,10314,Approved,9987
CLM01700,2026-07-20,SERV09463,SALE17632,CUST02721,DLR191,BK003,Electrical System,7088,Approved,6801
CLM01701,2023-08-07,SERV01917,SALE08032,CUST04234,DLR035,BK002,Exhaust System,5792,Approved,5412
CLM01702,2022-03-18,SERV11233,SALE04577,CUST03047,DLR129,BK003,Engine & Transmission,21543,Pending Verification,0
CLM01703,2022-05-04,SERV10478,SALE06478,CUST01481,DLR143,BK006,Electrical System,6694,Rejected,0
CLM01704,2026-07-18,SERV07245,SALE13375,CUST00695,DLR179,BK002,Frame & Chassis,1922,Approved,1854
CLM01705,2024-05-28,SERV01805,SALE04801,CUST03624,DLR126,BK005,Suspension & Brakes,9454,Rejected,0
CLM01706,2025-08-26,SERV04424,SALE00119,CUST01997,DLR142,BK002,Frame & Chassis,5054,Approved,4705
CLM01707,2022-12-31,SERV07914,SALE06755,CUST01063,DLR147,BK001,Engine & Transmission,15931,Rejected,0
CLM01708,2023-03-13,SERV02865,SALE12866,CUST03374,DLR125,BK002,Electrical System,5970,Approved,5714
CLM01709,2022-06-03,SERV07215,SALE05302,CUST00312,DLR048,BK005,Exhaust System,2874,Pending Verification,0
CLM01710,2024-07-04,SERV00565,SALE01572,CUST01774,DLR046,BK003,Frame & Chassis,7857,Rejected,0
CLM01711,2024-11-15,SERV03867,SALE00867,CUST04780,DLR057,BK002,Exhaust System,7959,Approved,7920
CLM01712,2021-10-02,SERV12636,SALE04478,CUST03442,DLR009,BK002,Fuel System & EFI,6495,Approved,6093
CLM01713,2023-09-30,SERV14862,SALE06071,CUST02326,DLR014,BK003,Electrical System,4063,Rejected,0
CLM01714,2022-11-14,SERV03245,SALE04190,CUST03576,DLR033,BK009,Frame & Chassis,3546,Approved,3278
CLM01715,2025-12-20,SERV09656,SALE18607,CUST00162,DLR040,BK001,Engine & Transmission,18556,Rejected,0
CLM01716,2026-07-19,SERV05896,SALE10479,CUST03865,DLR022,BK007,Engine & Transmission,28831,Rejected,0
CLM01717,2026-07-31,SERV04353,SALE04410,CUST01083,DLR023,BK009,Electrical System,6878,Approved,6738
CLM01718,2022-05-16,SERV10281,SALE16141,CUST04055,DLR140,BK001,Exhaust System,5964,Pending Verification,0
CLM01719,2026-02-07,SERV09654,SALE09683,CUST04761,DLR081,BK008,Frame & Chassis,2051,Approved,1932
CLM01720,2026-07-31,SERV14546,SALE15929,CUST03357,DLR013,BK001,Electrical System,15852,Approved,14870
CLM01721,2026-04-15,SERV09114,SALE04848,CUST00051,DLR066,BK006,Engine & Transmission,30557,Approved,27686
CLM01722,2023-09-09,SERV10680,SALE01930,CUST01897,DLR191,BK002,Fuel System & EFI,11436,Partially Approved,7027
CLM01723,2024-01-01,SERV14961,SALE05600,CUST04383,DLR126,BK003,Engine & Transmission,29118,Approved,26713
CLM01724,2024-01-08,SERV05256,SALE08686,CUST02325,DLR067,BK001,Engine & Transmission,12153,Approved,11895
CLM01725,2025-08-16,SERV03308,SALE01669,CUST03148,DLR164,BK001,Exhaust System,3444,Approved,3205
CLM01726,2023-04-30,SERV13674,SALE19725,CUST00621,DLR008,BK003,Frame & Chassis,3690,Approved,3467
CLM01727,2024-06-19,SERV06691,SALE18832,CUST02406,DLR007,BK003,Frame & Chassis,5126,Pending Verification,0
CLM01728,2023-09-01,SERV02300,SALE05740,CUST01845,DLR081,BK004,Suspension & Brakes,8963,Pending Verification,0
CLM01729,2026-07-17,SERV02441,SALE05158,CUST04528,DLR035,BK007,Suspension & Brakes,5616,Approved,5254
CLM01730,2025-06-26,SERV10185,SALE11930,CUST01945,DLR101,BK009,Engine & Transmission,11299,Approved,11095
CLM01731,2024-06-14,SERV07046,SALE07371,CUST04700,DLR120,BK002,Frame & Chassis,6377,Approved,5797
CLM01732,2022-11-28,SERV08026,SALE02874,CUST03174,DLR179,BK010,Engine & Transmission,10844,Approved,10383
CLM01733,2026-07-24,SERV07642,SALE05557,CUST02381,DLR109,BK008,Frame & Chassis,2454,Pending Verification,0
CLM01734,2022-02-23,SERV05314,SALE00046,CUST04520,DLR110,BK001,Fuel System & EFI,6248,Pending Verification,0
CLM01735,2026-07-03,SERV00887,SALE08823,CUST04769,DLR066,BK005,Engine & Transmission,18708,Approved,17640
CLM01736,2023-09-30,SERV07153,SALE16416,CUST03149,DLR026,BK004,Frame & Chassis,3695,Approved,3399
CLM01737,2024-07-20,SERV03237,SALE11494,CUST02083,DLR155,BK003,Electrical System,15668,Rejected,0
CLM01738,2022-05-31,SERV12014,SALE03227,CUST03578,DLR078,BK008,Exhaust System,2782,Approved,2587
CLM01739,2023-07-13,SERV12018,SALE01936,CUST04700,DLR053,BK002,Electrical System,9255,Approved,9094
CLM01740,2026-04-06,SERV07853,SALE16980,CUST03388,DLR026,BK005,Fuel System & EFI,13594,Approved,13138
CLM01741,2023-07-28,SERV10737,SALE06882,CUST03971,DLR040,BK002,Engine & Transmission,30672,Approved,29112
CLM01742,2024-03-24,SERV14869,SALE14729,CUST01972,DLR198,BK005,Fuel System & EFI,14900,Approved,14003
CLM01743,2026-07-10,SERV10012,SALE10182,CUST04265,DLR043,BK009,Fuel System & EFI,4591,Approved,4257
CLM01744,2021-03-31,SERV03545,SALE00089,CUST02663,DLR125,BK002,Fuel System & EFI,10600,Approved,10327
CLM01745,2025-01-03,SERV12325,SALE07448,CUST04026,DLR112,BK003,Exhaust System,6745,Approved,6342
CLM01746,2021-11-29,SERV02850,SALE03638,CUST00068,DLR146,BK006,Suspension & Brakes,9943,Approved,9456
CLM01747,2026-05-26,SERV11619,SALE15175,CUST02131,DLR089,BK002,Exhaust System,6406,Approved,6024
CLM01748,2024-02-03,SERV10603,SALE10331,CUST00167,DLR078,BK003,Fuel System & EFI,15249,Rejected,0
CLM01749,2024-02-24,SERV05623,SALE06961,CUST03177,DLR002,BK008,Fuel System & EFI,13341,Approved,13094
CLM01750,2026-07-03,SERV06036,SALE06579,CUST03742,DLR008,BK003,Frame & Chassis,2117,Approved,2091
CLM01751,2020-08-10,SERV04311,SALE04096,CUST01535,DLR023,BK009,Fuel System & EFI,5954,Approved,5798
CLM01752,2026-07-30,SERV09420,SALE12889,CUST00437,DLR104,BK001,Engine & Transmission,12371,Approved,11780
CLM01753,2025-05-10,SERV00758,SALE17231,CUST03354,DLR009,BK001,Engine & Transmission,31866,Approved,29917
CLM01754,2021-10-18,SERV04208,SALE09197,CUST02091,DLR008,BK003,Electrical System,14901,Approved,13898
CLM01755,2022-12-28,SERV01795,SALE12166,CUST02915,DLR007,BK001,Frame & Chassis,7914,Pending Verification,0
CLM01756,2022-05-06,SERV11726,SALE16346,CUST01567,DLR115,BK003,Frame & Chassis,2603,Approved,2369
CLM01757,2022-11-28,SERV13134,SALE04467,CUST00612,DLR150,BK001,Frame & Chassis,5067,Approved,4877
CLM01758,2022-10-13,SERV12198,SALE02810,CUST00464,DLR177,BK004,Exhaust System,4735,Approved,4292
CLM01759,2025-10-12,SERV14688,SALE10140,CUST03260,DLR143,BK006,Engine & Transmission,13188,Approved,13180
CLM01760,2025-02-20,SERV05038,SALE16877,CUST00118,DLR160,BK005,Engine & Transmission,17925,Rejected,0
CLM01761,2023-08-15,SERV05898,SALE17846,CUST04213,DLR135,BK001,Electrical System,6193,Approved,5637
CLM01762,2024-11-26,SERV08305,SALE01577,CUST03222,DLR199,BK004,Frame & Chassis,2387,Approved,2287
CLM01763,2025-08-11,SERV12239,SALE11638,CUST01690,DLR011,BK011,Fuel System & EFI,5936,Approved,5350
CLM01764,2024-01-30,SERV11883,SALE07964,CUST03737,DLR104,BK004,Exhaust System,6126,Approved,5979
CLM01765,2021-03-06,SERV06539,SALE05413,CUST00490,DLR151,BK002,Fuel System & EFI,9711,Rejected,0
CLM01766,2025-07-27,SERV02620,SALE05753,CUST01042,DLR183,BK003,Fuel System & EFI,8023,Pending Verification,0
CLM01767,2024-04-19,SERV03273,SALE19714,CUST04841,DLR066,BK004,Engine & Transmission,13931,Partially Approved,7911
CLM01768,2022-06-23,SERV09292,SALE18071,CUST01766,DLR126,BK002,Exhaust System,4752,Approved,4503
CLM01769,2021-01-13,SERV01264,SALE16304,CUST04626,DLR181,BK005,Exhaust System,4985,Approved,4978
CLM01770,2026-07-27,SERV03224,SALE00852,CUST00538,DLR118,BK001,Electrical System,10766,Approved,9892
CLM01771,2026-07-15,SERV10162,SALE00047,CUST04470,DLR095,BK003,Engine & Transmission,20746,Approved,19316
CLM01772,2025-01-27,SERV06372,SALE19169,CUST02261,DLR182,BK002,Electrical System,6506,Approved,6272
CLM01773,2022-07-18,SERV08088,SALE11817,CUST03318,DLR012,BK002,Exhaust System,5363,Approved,4997
CLM01774,2025-02-20,SERV07259,SALE08395,CUST04233,DLR134,BK003,Exhaust System,2702,Rejected,0
CLM01775,2026-07-30,SERV05034,SALE06655,CUST03883,DLR007,BK002,Electrical System,7131,Approved,6947
CLM01776,2024-08-07,SERV03977,SALE06493,CUST01741,DLR195,BK002,Frame & Chassis,5209,Approved,4896
CLM01777,2022-02-01,SERV04200,SALE09520,CUST01307,DLR023,BK003,Exhaust System,6357,Approved,5887
CLM01778,2026-07-24,SERV11034,SALE11250,CUST01674,DLR181,BK008,Electrical System,8487,Approved,8126
CLM01779,2025-05-24,SERV10250,SALE14515,CUST00378,DLR171,BK003,Electrical System,4870,Approved,4823
CLM01780,2022-12-09,SERV01721,SALE16653,CUST03923,DLR126,BK002,Engine & Transmission,19056,Rejected,0
CLM01781,2023-10-11,SERV10647,SALE15195,CUST00902,DLR008,BK001,Frame & Chassis,5738,Approved,5624
CLM01782,2021-08-26,SERV04387,SALE05802,CUST03467,DLR129,BK003,Engine & Transmission,13011,Approved,12569
CLM01783,2023-01-26,SERV06166,SALE13425,CUST03434,DLR143,BK015,Frame & Chassis,7083,Approved,6758
CLM01784,2024-07-02,SERV07222,SALE16053,CUST01652,DLR086,BK002,Engine & Transmission,18138,Approved,17848
CLM01785,2022-03-15,SERV01171,SALE18758,CUST04784,DLR200,BK002,Frame & Chassis,1648,Approved,1606
CLM01786,2026-03-20,SERV08157,SALE00935,CUST01934,DLR147,BK003,Fuel System & EFI,4398,Approved,3978
CLM01787,2023-05-04,SERV10736,SALE01866,CUST01137,DLR191,BK002,Fuel System & EFI,10100,Rejected,0
CLM01788,2023-12-31,SERV00171,SALE11754,CUST03695,DLR106,BK002,Suspension & Brakes,10809,Approved,10483
CLM01789,2022-10-27,SERV01120,SALE13846,CUST01588,DLR025,BK001,Exhaust System,8472,Approved,8346
CLM01790,2026-03-19,SERV07159,SALE02152,CUST02254,DLR039,BK002,Suspension & Brakes,6739,Rejected,0
CLM01791,2022-02-27,SERV04889,SALE10791,CUST03306,DLR088,BK003,Electrical System,12758,Approved,11801
CLM01792,2024-03-24,SERV05296,SALE15676,CUST02613,DLR192,BK005,Fuel System & EFI,7263,Approved,6875
CLM01793,2025-01-25,SERV02780,SALE07621,CUST00183,DLR198,BK003,Fuel System & EFI,14027,Approved,13367
CLM01794,2024-02-25,SERV12185,SALE08725,CUST00166,DLR174,BK002,Electrical System,10207,Approved,9719
CLM01795,2023-10-11,SERV07909,SALE15507,CUST02399,DLR058,BK002,Frame & Chassis,5090,Approved,5021
CLM01796,2022-01-27,SERV03442,SALE16260,CUST03800,DLR001,BK005,Electrical System,15520,Rejected,0
CLM01797,2025-11-12,SERV05723,SALE02541,CUST01236,DLR021,BK009,Fuel System & EFI,13569,Approved,12940
CLM01798,2021-12-23,SERV02325,SALE19460,CUST03302,DLR105,BK002,Suspension & Brakes,11946,Approved,10831
CLM01799,2023-03-02,SERV10359,SALE17964,CUST04441,DLR197,BK002,Engine & Transmission,13198,Approved,12158
CLM01800,2025-10-02,SERV12411,SALE18901,CUST04393,DLR133,BK002,Fuel System & EFI,6521,Approved,6386
CLM01801,2023-11-28,SERV09892,SALE07869,CUST01877,DLR126,BK004,Fuel System & EFI,13736,Approved,13335
CLM01802,2025-01-16,SERV00246,SALE05738,CUST00459,DLR164,BK003,Suspension & Brakes,6810,Approved,6297
CLM01803,2022-01-02,SERV01101,SALE17381,CUST00916,DLR033,BK011,Exhaust System,2407,Approved,2190
CLM01804,2023-10-04,SERV14703,SALE06921,CUST00519,DLR128,BK004,Frame & Chassis,2273,Approved,2172
CLM01805,2022-11-30,SERV03393,SALE03864,CUST00763,DLR184,BK003,Suspension & Brakes,9221,Approved,8796
CLM01806,2022-03-21,SERV04801,SALE12812,CUST03518,DLR004,BK002,Suspension & Brakes,3109,Approved,3105
CLM01807,2026-07-29,SERV11640,SALE18826,CUST03351,DLR063,BK002,Frame & Chassis,4517,Approved,4444
CLM01808,2022-11-25,SERV12246,SALE03854,CUST01173,DLR158,BK009,Exhaust System,6996,Rejected,0
CLM01809,2026-05-11,SERV03719,SALE09431,CUST01188,DLR009,BK004,Fuel System & EFI,6580,Pending Verification,0
CLM01810,2024-09-07,SERV11876,SALE01292,CUST01162,DLR058,BK002,Frame & Chassis,4981,Approved,4517
CLM01811,2023-07-07,SERV06306,SALE09055,CUST04955,DLR127,BK002,Frame & Chassis,4741,Approved,4576
CLM01812,2023-09-05,SERV14004,SALE13223,CUST03791,DLR180,BK002,Engine & Transmission,21082,Approved,19914
CLM01813,2022-02-25,SERV04882,SALE10645,CUST02682,DLR155,BK002,Electrical System,6055,Approved,5960
CLM01814,2024-09-12,SERV06304,SALE06551,CUST01135,DLR017,BK001,Engine & Transmission,28923,Pending Verification,0
CLM01815,2024-12-27,SERV04732,SALE00388,CUST00496,DLR130,BK004,Engine & Transmission,24528,Approved,24359
CLM01816,2026-07-07,SERV05642,SALE19986,CUST04545,DLR122,BK003,Exhaust System,2253,Approved,2171
CLM01817,2022-02-18,SERV14859,SALE17463,CUST04789,DLR064,BK002,Engine & Transmission,29521,Pending Verification,0
CLM01818,2024-04-08,SERV04686,SALE13701,CUST04724,DLR143,BK006,Electrical System,6725,Rejected,0
CLM01819,2026-07-20,SERV04214,SALE02892,CUST03823,DLR143,BK001,Suspension & Brakes,2946,Approved,2704
CLM01820,2023-04-28,SERV05966,SALE00219,CUST00656,DLR170,BK002,Exhaust System,5553,Approved,5450
CLM01821,2023-05-19,SERV00847,SALE04893,CUST01808,DLR112,BK002,Frame & Chassis,1698,Approved,1645
CLM01822,2021-09-25,SERV00079,SALE08999,CUST00077,DLR167,BK002,Suspension & Brakes,6549,Rejected,0
CLM01823,2023-07-28,SERV04935,SALE11632,CUST01404,DLR094,BK005,Engine & Transmission,8715,Approved,8510
CLM01824,2026-07-03,SERV00489,SALE12728,CUST04851,DLR117,BK002,Frame & Chassis,3117,Approved,2820
CLM01825,2026-07-19,SERV13945,SALE02483,CUST03669,DLR151,BK002,Electrical System,11720,Approved,11588
CLM01826,2025-04-29,SERV07333,SALE17604,CUST03626,DLR044,BK002,Electrical System,14485,Approved,13123
CLM01827,2026-07-03,SERV07408,SALE10221,CUST01058,DLR103,BK001,Electrical System,6248,Approved,6190
CLM01828,2023-11-26,SERV11338,SALE13949,CUST03603,DLR156,BK010,Fuel System & EFI,11252,Rejected,0
CLM01829,2024-03-11,SERV06802,SALE02463,CUST02166,DLR069,BK001,Electrical System,11246,Approved,10170
CLM01830,2023-05-16,SERV07516,SALE13224,CUST04521,DLR085,BK001,Engine & Transmission,22845,Approved,22365
CLM01831,2024-01-10,SERV06125,SALE12444,CUST03523,DLR043,BK001,Electrical System,6918,Approved,6254
CLM01832,2026-07-08,SERV02273,SALE11063,CUST03692,DLR102,BK003,Frame & Chassis,4480,Approved,4416
CLM01833,2022-12-24,SERV00527,SALE10863,CUST04726,DLR010,BK002,Exhaust System,5492,Rejected,0
CLM01834,2022-03-08,SERV00088,SALE14900,CUST03518,DLR013,BK005,Exhaust System,1594,Approved,1592
CLM01835,2020-11-07,SERV03828,SALE08542,CUST00153,DLR072,BK001,Fuel System & EFI,13562,Approved,12951
CLM01836,2022-10-10,SERV05037,SALE11796,CUST03392,DLR065,BK003,Frame & Chassis,5371,Approved,5267
CLM01837,2023-09-04,SERV13301,SALE00130,CUST00460,DLR092,BK003,Electrical System,5503,Approved,5493
CLM01838,2022-05-04,SERV09875,SALE03039,CUST00158,DLR073,BK005,Engine & Transmission,25010,Rejected,0
CLM01839,2026-07-15,SERV13263,SALE15622,CUST00792,DLR126,BK007,Exhaust System,6427,Pending Verification,0
CLM01840,2024-08-31,SERV04338,SALE00361,CUST04441,DLR195,BK003,Engine & Transmission,20782,Rejected,0
CLM01841,2026-05-07,SERV11229,SALE19849,CUST04714,DLR104,BK004,Engine & Transmission,27099,Pending Verification,0
CLM01842,2026-07-23,SERV01078,SALE12878,CUST03223,DLR062,BK001,Electrical System,10830,Rejected,0
CLM01843,2021-08-15,SERV12746,SALE01634,CUST00954,DLR147,BK014,Electrical System,4539,Approved,4110
CLM01844,2022-09-14,SERV01827,SALE06262,CUST01534,DLR123,BK002,Suspension & Brakes,9904,Approved,9300
CLM01845,2023-07-14,SERV13495,SALE03029,CUST04127,DLR103,BK005,Engine & Transmission,26747,Rejected,0
CLM01846,2026-05-30,SERV14824,SALE05344,CUST00530,DLR183,BK002,Frame & Chassis,4109,Approved,4087
CLM01847,2023-08-30,SERV09958,SALE19664,CUST03318,DLR078,BK004,Electrical System,4012,Approved,3697
CLM01848,2026-07-05,SERV09373,SALE10741,CUST02118,DLR197,BK008,Exhaust System,6594,Approved,6324
CLM01849,2025-03-06,SERV13963,SALE19343,CUST00985,DLR051,BK006,Exhaust System,3411,Rejected,0
CLM01850,2026-07-30,SERV06601,SALE01963,CUST00950,DLR011,BK002,Fuel System & EFI,14887,Approved,13950
CLM01851,2026-05-07,SERV04793,SALE04230,CUST02479,DLR068,BK004,Electrical System,11653,Rejected,0
CLM01852,2024-08-09,SERV05025,SALE03137,CUST00739,DLR128,BK002,Suspension & Brakes,10680,Approved,9958
CLM01853,2026-03-16,SERV00825,SALE05922,CUST01551,DLR006,BK007,Fuel System & EFI,6112,Approved,5848
CLM01854,2021-09-30,SERV09124,SALE13887,CUST00542,DLR190,BK003,Engine & Transmission,24902,Approved,24613
CLM01855,2022-05-05,SERV13909,SALE09439,CUST03355,DLR038,BK004,Suspension & Brakes,3812,Rejected,0
CLM01856,2024-09-29,SERV04104,SALE02686,CUST03568,DLR107,BK003,Suspension & Brakes,7953,Approved,7179
CLM01857,2022-02-06,SERV14393,SALE03748,CUST00904,DLR050,BK001,Suspension & Brakes,3430,Rejected,0
CLM01858,2025-10-12,SERV00298,SALE05675,CUST01548,DLR173,BK005,Suspension & Brakes,4376,Approved,3956
CLM01859,2023-10-13,SERV11787,SALE06453,CUST03722,DLR195,BK002,Suspension & Brakes,9426,Approved,8600
CLM01860,2026-03-08,SERV08840,SALE17788,CUST02649,DLR094,BK002,Frame & Chassis,6688,Approved,6445
CLM01861,2023-03-06,SERV06145,SALE12269,CUST00549,DLR001,BK001,Electrical System,4982,Approved,4555
CLM01862,2026-03-25,SERV07742,SALE05933,CUST01385,DLR004,BK011,Suspension & Brakes,9615,Approved,8983
CLM01863,2022-08-20,SERV02532,SALE13363,CUST02603,DLR028,BK003,Fuel System & EFI,5911,Approved,5744
CLM01864,2022-09-01,SERV04701,SALE06842,CUST03146,DLR043,BK009,Exhaust System,3574,Rejected,0
CLM01865,2022-06-25,SERV00479,SALE03014,CUST00267,DLR200,BK003,Exhaust System,2463,Approved,2387
CLM01866,2026-05-03,SERV10939,SALE04126,CUST04054,DLR138,BK001,Engine & Transmission,23361,Approved,21967
CLM01867,2026-03-08,SERV03582,SALE13047,CUST01801,DLR152,BK001,Suspension & Brakes,3999,Rejected,0
CLM01868,2020-10-22,SERV00290,SALE10438,CUST00705,DLR076,BK007,Engine & Transmission,14733,Approved,13889
CLM01869,2023-12-13,SERV05458,SALE09512,CUST01963,DLR005,BK005,Suspension & Brakes,3894,Pending Verification,0
CLM01870,2021-02-08,SERV11325,SALE13649,CUST02701,DLR073,BK003,Fuel System & EFI,10021,Approved,9536
CLM01871,2023-10-10,SERV10830,SALE01538,CUST03438,DLR084,BK004,Exhaust System,8078,Approved,7995
CLM01872,2023-01-17,SERV10651,SALE03581,CUST01858,DLR154,BK014,Electrical System,13437,Rejected,0
CLM01873,2023-03-22,SERV04129,SALE12767,CUST00305,DLR093,BK005,Fuel System & EFI,9739,Approved,8863
CLM01874,2026-07-29,SERV07001,SALE08953,CUST01824,DLR098,BK001,Frame & Chassis,8200,Approved,7668
CLM01875,2025-06-05,SERV05920,SALE10281,CUST00016,DLR107,BK006,Exhaust System,6356,Approved,6341
CLM01876,2026-07-07,SERV08985,SALE09832,CUST03645,DLR185,BK001,Exhaust System,4362,Approved,4100
CLM01877,2021-05-08,SERV10857,SALE17183,CUST00714,DLR054,BK003,Fuel System & EFI,14731,Approved,14385
CLM01878,2023-12-10,SERV08129,SALE16606,CUST02042,DLR187,BK009,Fuel System & EFI,13599,Approved,13211
CLM01879,2024-12-01,SERV08613,SALE04598,CUST01138,DLR173,BK003,Suspension & Brakes,11541,Approved,11409
CLM01880,2025-05-25,SERV07235,SALE08781,CUST02467,DLR199,BK004,Fuel System & EFI,5598,Approved,5515
CLM01881,2021-07-11,SERV12803,SALE18143,CUST02752,DLR021,BK003,Engine & Transmission,23678,Approved,22434
CLM01882,2026-04-25,SERV04828,SALE01271,CUST04291,DLR006,BK003,Suspension & Brakes,8873,Approved,8216
CLM01883,2023-12-28,SERV10539,SALE15244,CUST03929,DLR177,BK002,Exhaust System,3151,Approved,2862
CLM01884,2025-01-04,SERV11987,SALE14747,CUST03626,DLR021,BK006,Fuel System & EFI,4836,Approved,4392
CLM01885,2022-12-05,SERV07238,SALE02296,CUST01414,DLR148,BK008,Fuel System & EFI,15276,Approved,13919
CLM01886,2026-07-03,SERV07075,SALE18995,CUST02511,DLR128,BK005,Fuel System & EFI,4719,Approved,4409
CLM01887,2024-04-18,SERV08195,SALE02837,CUST04567,DLR145,BK003,Electrical System,6772,Rejected,0
CLM01888,2025-12-05,SERV05122,SALE06113,CUST00154,DLR064,BK002,Electrical System,12918,Rejected,0
CLM01889,2025-09-26,SERV01403,SALE19780,CUST01273,DLR088,BK004,Fuel System & EFI,6178,Approved,5663
CLM01890,2023-06-27,SERV09253,SALE10550,CUST01549,DLR110,BK003,Fuel System & EFI,4619,Rejected,0
CLM01891,2022-07-22,SERV03952,SALE02718,CUST03893,DLR196,BK003,Engine & Transmission,19218,Approved,18870
CLM01892,2020-05-24,SERV11829,SALE10740,CUST00720,DLR142,BK014,Exhaust System,4461,Approved,4433
CLM01893,2020-12-05,SERV02413,SALE08836,CUST03972,DLR136,BK014,Frame & Chassis,6861,Pending Verification,0
CLM01894,2022-06-22,SERV09721,SALE03172,CUST00612,DLR027,BK004,Fuel System & EFI,6214,Approved,5795
CLM01895,2020-09-06,SERV09017,SALE15890,CUST04290,DLR109,BK003,Frame & Chassis,7535,Partially Approved,3663
CLM01896,2021-12-31,SERV07135,SALE00725,CUST02074,DLR118,BK007,Exhaust System,8128,Rejected,0
CLM01897,2021-11-22,SERV03115,SALE03421,CUST04262,DLR052,BK001,Exhaust System,2726,Rejected,0
CLM01898,2023-02-24,SERV03054,SALE11448,CUST04449,DLR173,BK003,Suspension & Brakes,3811,Approved,3476
CLM01899,2024-08-11,SERV07511,SALE06897,CUST00912,DLR051,BK001,Electrical System,5536,Pending Verification,0
CLM01900,2023-01-29,SERV03583,SALE16166,CUST02813,DLR134,BK001,Fuel System & EFI,7116,Rejected,0
CLM01901,2022-12-20,SERV01277,SALE19760,CUST03045,DLR121,BK002,Electrical System,13265,Approved,13232
CLM01902,2025-02-17,SERV01828,SALE04602,CUST01660,DLR062,BK005,Frame & Chassis,4821,Rejected,0
CLM01903,2023-09-08,SERV10242,SALE01788,CUST03704,DLR138,BK004,Frame & Chassis,3816,Approved,3621
CLM01904,2026-07-19,SERV02569,SALE13162,CUST00628,DLR098,BK002,Exhaust System,4064,Approved,4063
CLM01905,2026-07-25,SERV14436,SALE14190,CUST02508,DLR048,BK002,Exhaust System,4381,Approved,4145
CLM01906,2022-12-03,SERV09148,SALE11808,CUST02125,DLR081,BK008,Engine & Transmission,17361,Partially Approved,9100
CLM01907,2026-07-25,SERV02613,SALE00233,CUST04517,DLR151,BK005,Engine & Transmission,20433,Pending Verification,0
CLM01908,2022-05-21,SERV10533,SALE12608,CUST00564,DLR060,BK002,Fuel System & EFI,12597,Approved,12197
CLM01909,2026-07-15,SERV09397,SALE18121,CUST02461,DLR161,BK003,Electrical System,14502,Rejected,0
CLM01910,2026-07-22,SERV12408,SALE12668,CUST00848,DLR080,BK006,Exhaust System,8136,Approved,7762
CLM01911,2023-01-02,SERV09010,SALE00207,CUST00392,DLR108,BK005,Fuel System & EFI,3724,Rejected,0
CLM01912,2024-03-14,SERV08511,SALE01933,CUST04052,DLR139,BK002,Engine & Transmission,17894,Approved,16837
CLM01913,2026-07-27,SERV13516,SALE16375,CUST03484,DLR064,BK001,Engine & Transmission,30513,Approved,30079
CLM01914,2026-07-12,SERV08342,SALE04060,CUST04528,DLR084,BK006,Frame & Chassis,6653,Approved,6139
CLM01915,2026-07-01,SERV00092,SALE03749,CUST01272,DLR072,BK001,Suspension & Brakes,9989,Approved,9351
CLM01916,2021-08-31,SERV12535,SALE04909,CUST03654,DLR082,BK003,Engine & Transmission,21686,Rejected,0
CLM01917,2021-04-11,SERV11411,SALE12458,CUST04961,DLR128,BK002,Frame & Chassis,2545,Pending Verification,0
CLM01918,2025-12-21,SERV13858,SALE17579,CUST04241,DLR056,BK005,Exhaust System,4112,Pending Verification,0
CLM01919,2022-09-11,SERV01804,SALE15513,CUST02579,DLR132,BK003,Frame & Chassis,5716,Approved,5181
CLM01920,2026-07-23,SERV14102,SALE08743,CUST02015,DLR046,BK002,Engine & Transmission,9364,Approved,9017
CLM01921,2021-03-17,SERV09891,SALE02077,CUST00708,DLR042,BK002,Electrical System,5161,Approved,4776
CLM01922,2026-02-18,SERV10232,SALE18093,CUST00349,DLR010,BK004,Electrical System,12167,Approved,11957
CLM01923,2020-09-06,SERV03340,SALE15096,CUST03323,DLR167,BK001,Suspension & Brakes,7706,Partially Approved,4141
CLM01924,2021-06-18,SERV07488,SALE00270,CUST02372,DLR003,BK003,Suspension & Brakes,9105,Approved,8270
CLM01925,2024-04-01,SERV06784,SALE19525,CUST00222,DLR050,BK004,Engine & Transmission,25073,Approved,22711
CLM01926,2026-07-14,SERV12270,SALE15584,CUST03895,DLR106,BK001,Engine & Transmission,18300,Approved,16610
CLM01927,2022-12-17,SERV10071,SALE11120,CUST01946,DLR017,BK004,Exhaust System,3834,Pending Verification,0
CLM01928,2025-09-24,SERV07241,SALE01355,CUST02873,DLR106,BK004,Suspension & Brakes,4144,Approved,3980
CLM01929,2023-02-18,SERV00075,SALE03977,CUST02898,DLR070,BK003,Frame & Chassis,2493,Approved,2471
CLM01930,2024-04-15,SERV14374,SALE16663,CUST01970,DLR029,BK001,Suspension & Brakes,9242,Approved,9147
CLM01931,2024-10-13,SERV07070,SALE02025,CUST04236,DLR032,BK005,Exhaust System,7509,Approved,7251
CLM01932,2022-08-24,SERV03800,SALE02987,CUST01383,DLR041,BK002,Electrical System,7268,Approved,6957
CLM01933,2025-04-06,SERV02690,SALE12518,CUST02260,DLR051,BK002,Engine & Transmission,31054,Approved,29058
CLM01934,2024-05-19,SERV09449,SALE08139,CUST04629,DLR085,BK001,Fuel System & EFI,11254,Rejected,0
CLM01935,2024-07-23,SERV05834,SALE13043,CUST03113,DLR123,BK003,Electrical System,7410,Approved,6785
CLM01936,2024-12-12,SERV06437,SALE18850,CUST04613,DLR086,BK005,Exhaust System,3028,Approved,2923
CLM01937,2025-03-22,SERV12129,SALE18252,CUST03224,DLR025,BK003,Exhaust System,2929,Rejected,0
CLM01938,2022-01-25,SERV08133,SALE07061,CUST02194,DLR081,BK001,Frame & Chassis,7092,Pending Verification,0
CLM01939,2025-11-12,SERV05401,SALE14876,CUST02404,DLR153,BK007,Engine & Transmission,25780,Approved,23380
CLM01940,2023-05-20,SERV09102,SALE10547,CUST04378,DLR180,BK009,Frame & Chassis,5394,Rejected,0
CLM01941,2026-07-28,SERV04357,SALE15833,CUST01081,DLR106,BK007,Suspension & Brakes,7726,Approved,6968
CLM01942,2025-11-10,SERV09536,SALE11519,CUST00738,DLR177,BK001,Frame & Chassis,7111,Approved,7090
CLM01943,2023-09-30,SERV03586,SALE00526,CUST03152,DLR156,BK005,Fuel System & EFI,12657,Approved,12537
CLM01944,2023-03-30,SERV02023,SALE17934,CUST03306,DLR173,BK010,Exhaust System,3774,Approved,3639
CLM01945,2026-07-22,SERV09571,SALE04073,CUST02856,DLR043,BK001,Suspension & Brakes,4675,Approved,4621
CLM01946,2026-07-30,SERV08061,SALE17151,CUST04751,DLR169,BK001,Electrical System,15410,Rejected,0
CLM01947,2025-08-06,SERV11551,SALE16309,CUST04495,DLR125,BK005,Engine & Transmission,18951,Approved,18814
CLM01948,2021-01-06,SERV04630,SALE18359,CUST03167,DLR039,BK006,Electrical System,5570,Approved,5457
CLM01949,2025-05-18,SERV04060,SALE04820,CUST04815,DLR148,BK002,Electrical System,9911,Approved,9715
CLM01950,2021-08-21,SERV06285,SALE01376,CUST02303,DLR027,BK005,Fuel System & EFI,8740,Pending Verification,0
CLM01951,2022-06-26,SERV13400,SALE05302,CUST00312,DLR048,BK005,Exhaust System,7085,Pending Verification,0
CLM01952,2025-09-08,SERV08162,SALE01718,CUST01628,DLR198,BK003,Exhaust System,7312,Rejected,0
CLM01953,2025-08-31,SERV01605,SALE08703,CUST01065,DLR167,BK005,Frame & Chassis,7752,Approved,7701
CLM01954,2020-08-03,SERV04212,SALE09365,CUST03870,DLR097,BK002,Engine & Transmission,11627,Approved,10474
CLM01955,2023-04-06,SERV13726,SALE05590,CUST03933,DLR135,BK003,Electrical System,12405,Approved,12076
CLM01956,2020-06-25,SERV14071,SALE09620,CUST04346,DLR092,BK002,Suspension & Brakes,7676,Approved,6912
CLM01957,2022-11-28,SERV10262,SALE15500,CUST03302,DLR105,BK001,Exhaust System,2039,Rejected,0
CLM01958,2025-04-29,SERV08042,SALE14077,CUST01316,DLR096,BK002,Engine & Transmission,17037,Approved,16733
CLM01959,2026-07-07,SERV02849,SALE18544,CUST03236,DLR188,BK002,Engine & Transmission,26904,Partially Approved,19700
CLM01960,2024-01-29,SERV02397,SALE16702,CUST01672,DLR147,BK004,Suspension & Brakes,8530,Approved,7945
CLM01961,2026-02-25,SERV02451,SALE11066,CUST04796,DLR001,BK004,Electrical System,14560,Approved,13704
CLM01962,2026-05-14,SERV08977,SALE12629,CUST00146,DLR135,BK003,Suspension & Brakes,7558,Pending Verification,0
CLM01963,2023-10-14,SERV03966,SALE06662,CUST04197,DLR089,BK001,Frame & Chassis,3406,Approved,3222
CLM01964,2025-03-05,SERV00320,SALE16467,CUST04044,DLR071,BK001,Exhaust System,4433,Rejected,0
CLM01965,2026-07-26,SERV04940,SALE17610,CUST00856,DLR070,BK007,Suspension & Brakes,3467,Rejected,0
CLM01966,2026-07-17,SERV08427,SALE06889,CUST01926,DLR200,BK003,Fuel System & EFI,13476,Approved,12429
CLM01967,2025-01-16,SERV14944,SALE03840,CUST03595,DLR030,BK001,Engine & Transmission,22727,Approved,22330
CLM01968,2022-07-02,SERV07528,SALE13498,CUST02308,DLR182,BK004,Suspension & Brakes,9818,Approved,9695
CLM01969,2022-05-14,SERV12644,SALE19161,CUST02440,DLR177,BK002,Engine & Transmission,17981,Rejected,0
CLM01970,2024-12-06,SERV08675,SALE06628,CUST04087,DLR059,BK001,Frame & Chassis,2228,Approved,2194
CLM01971,2025-10-24,SERV02371,SALE03715,CUST02882,DLR034,BK003,Electrical System,7579,Approved,7524
CLM01972,2025-08-14,SERV08581,SALE12654,CUST03526,DLR076,BK003,Electrical System,4780,Approved,4672
CLM01973,2020-07-02,SERV08229,SALE17594,CUST04069,DLR120,BK002,Exhaust System,5966,Approved,5798
CLM01974,2026-01-20,SERV05489,SALE15609,CUST01725,DLR157,BK003,Engine & Transmission,23273,Approved,22069
CLM01975,2024-10-21,SERV03423,SALE13059,CUST04081,DLR173,BK010,Exhaust System,3848,Rejected,0
CLM01976,2021-06-18,SERV07931,SALE03256,CUST00639,DLR036,BK005,Engine & Transmission,30235,Approved,28702
CLM01977,2021-09-30,SERV13283,SALE04575,CUST04062,DLR063,BK009,Electrical System,9834,Pending Verification,0
CLM01978,2026-04-01,SERV09087,SALE17753,CUST00979,DLR085,BK002,Exhaust System,7123,Approved,6631
CLM01979,2025-09-08,SERV04063,SALE05100,CUST04291,DLR182,BK002,Electrical System,11983,Pending Verification,0
CLM01980,2024-07-18,SERV14734,SALE01355,CUST02873,DLR106,BK004,Electrical System,13353,Partially Approved,8271
CLM01981,2026-01-26,SERV10389,SALE04551,CUST04756,DLR008,BK003,Suspension & Brakes,11882,Approved,11683
CLM01982,2023-10-04,SERV12311,SALE17848,CUST01520,DLR066,BK003,Frame & Chassis,4937,Approved,4594
CLM01983,2021-03-25,SERV01742,SALE01375,CUST04062,DLR132,BK009,Frame & Chassis,2697,Approved,2634
CLM01984,2026-08-01,SERV14757,SALE16022,CUST02742,DLR129,BK002,Electrical System,6583,Partially Approved,3569
CLM01985,2021-11-05,SERV12962,SALE03506,CUST00976,DLR144,BK002,Frame & Chassis,5360,Approved,5337
CLM01986,2026-01-26,SERV14382,SALE02896,CUST01357,DLR031,BK003,Frame & Chassis,1749,Approved,1610
CLM01987,2024-02-24,SERV09535,SALE14941,CUST03386,DLR030,BK001,Exhaust System,4797,Rejected,0
CLM01988,2025-09-26,SERV11375,SALE07924,CUST02241,DLR005,BK002,Electrical System,6855,Pending Verification,0
CLM01989,2026-06-22,SERV06563,SALE04589,CUST02421,DLR197,BK002,Engine & Transmission,26690,Approved,25993
CLM01990,2022-07-15,SERV02882,SALE17185,CUST02841,DLR017,BK003,Electrical System,8469,Rejected,0
CLM01991,2021-02-07,SERV03913,SALE14591,CUST04107,DLR032,BK002,Electrical System,10626,Rejected,0
CLM01992,2026-08-01,SERV10253,SALE02072,CUST01343,DLR025,BK002,Engine & Transmission,12817,Approved,11764
CLM01993,2025-06-17,SERV04836,SALE06679,CUST02639,DLR130,BK002,Exhaust System,2654,Approved,2458
CLM01994,2024-10-20,SERV10440,SALE16110,CUST01196,DLR135,BK003,Frame & Chassis,8217,Partially Approved,3879
CLM01995,2026-07-09,SERV00156,SALE16277,CUST03922,DLR100,BK002,Fuel System & EFI,11469,Approved,10931
CLM01996,2025-05-05,SERV10724,SALE11681,CUST04350,DLR034,BK009,Frame & Chassis,3346,Partially Approved,2284
CLM01997,2022-05-11,SERV12250,SALE19321,CUST01618,DLR047,BK003,Frame & Chassis,7908,Approved,7669
CLM01998,2026-07-05,SERV12364,SALE00813,CUST03681,DLR010,BK001,Engine & Transmission,31237,Approved,30954
CLM01999,2022-01-10,SERV02586,SALE18307,CUST00245,DLR180,BK002,Frame & Chassis,6041,Approved,5875
CLM02000,2026-07-17,SERV01238,SALE19154,CUST00124,DLR097,BK005,Fuel System & EFI,6367,Pending Verification,0
CLM02001,2025-03-03,SERV06220,SALE09859,CUST02541,DLR080,BK001,Fuel System & EFI,14745,Approved,13488
CLM02002,2026-06-03,SERV04206,SALE14675,CUST00187,DLR009,BK003,Frame & Chassis,6332,Approved,6252
CLM02003,2026-07-03,SERV14033,SALE06908,CUST02546,DLR030,BK002,Engine & Transmission,14399,Approved,12989
CLM02004,2023-11-01,SERV06846,SALE03386,CUST01510,DLR097,BK004,Suspension & Brakes,3427,Approved,3210
CLM02005,2022-03-08,SERV12839,SALE02343,CUST04327,DLR091,BK003,Fuel System & EFI,4878,Rejected,0
CLM02006,2022-08-12,SERV06953,SALE14924,CUST04956,DLR167,BK009,Fuel System & EFI,10933,Approved,9922
CLM02007,2025-10-22,SERV10596,SALE15605,CUST00277,DLR093,BK006,Suspension & Brakes,11630,Pending Verification,0
CLM02008,2024-09-14,SERV14815,SALE10378,CUST03421,DLR194,BK002,Suspension & Brakes,3382,Approved,3185
CLM02009,2025-09-21,SERV01664,SALE03481,CUST00405,DLR181,BK004,Engine & Transmission,8811,Approved,8188
CLM02010,2025-03-21,SERV10020,SALE17718,CUST01651,DLR104,BK008,Electrical System,4498,Approved,4333
CLM02011,2020-06-03,SERV13584,SALE16304,CUST04626,DLR181,BK005,Fuel System & EFI,11556,Approved,10457
CLM02012,2022-03-04,SERV04526,SALE08599,CUST04398,DLR186,BK010,Fuel System & EFI,11832,Rejected,0
CLM02013,2026-02-07,SERV10774,SALE07785,CUST02036,DLR031,BK001,Frame & Chassis,2650,Approved,2645
CLM02014,2026-07-17,SERV02456,SALE18887,CUST03669,DLR200,BK008,Electrical System,15692,Rejected,0
CLM02015,2024-03-24,SERV09901,SALE12847,CUST04276,DLR092,BK002,Suspension & Brakes,5265,Approved,4819
CLM02016,2026-07-07,SERV08719,SALE00344,CUST04100,DLR089,BK003,Electrical System,14324,Rejected,0
CLM02017,2024-02-13,SERV06821,SALE09424,CUST00326,DLR152,BK004,Exhaust System,6598,Approved,6316
CLM02018,2025-10-16,SERV02066,SALE02981,CUST01712,DLR194,BK003,Engine & Transmission,9672,Approved,8910
CLM02019,2024-02-09,SERV04946,SALE00987,CUST03410,DLR077,BK003,Exhaust System,1644,Approved,1616
CLM02020,2025-01-07,SERV08722,SALE19641,CUST04186,DLR100,BK002,Electrical System,14524,Approved,13345
CLM02021,2025-12-19,SERV02166,SALE06331,CUST03628,DLR007,BK004,Exhaust System,1766,Approved,1613
CLM02022,2023-10-05,SERV14267,SALE14852,CUST02487,DLR030,BK003,Engine & Transmission,8029,Rejected,0
CLM02023,2021-12-30,SERV11023,SALE03721,CUST03909,DLR116,BK004,Frame & Chassis,8414,Partially Approved,5388
CLM02024,2025-04-02,SERV02961,SALE18550,CUST00386,DLR059,BK002,Frame & Chassis,6084,Approved,5563
CLM02025,2023-12-16,SERV03011,SALE06237,CUST01373,DLR100,BK003,Electrical System,12821,Approved,12107
CLM02026,2022-09-11,SERV09306,SALE10634,CUST00839,DLR033,BK003,Electrical System,7833,Approved,7160
CLM02027,2022-11-04,SERV04207,SALE03048,CUST00255,DLR162,BK001,Electrical System,11357,Approved,10262
CLM02028,2022-05-30,SERV03709,SALE02908,CUST02443,DLR100,BK001,Frame & Chassis,4434,Approved,4370
CLM02029,2022-03-31,SERV02161,SALE10242,CUST01999,DLR044,BK002,Exhaust System,4867,Approved,4852
CLM02030,2022-08-02,SERV02659,SALE08499,CUST02980,DLR079,BK009,Fuel System & EFI,12891,Approved,12201
CLM02031,2025-08-10,SERV11347,SALE13202,CUST04291,DLR117,BK004,Frame & Chassis,6956,Approved,6377
CLM02032,2026-07-12,SERV13496,SALE08672,CUST02095,DLR044,BK002,Exhaust System,4978,Approved,4930
CLM02033,2025-11-08,SERV12486,SALE11522,CUST04223,DLR062,BK005,Suspension & Brakes,6489,Approved,5883
CLM02034,2026-02-24,SERV01784,SALE05547,CUST02599,DLR034,BK005,Suspension & Brakes,4949,Approved,4871
CLM02035,2022-02-24,SERV01272,SALE15120,CUST00283,DLR174,BK003,Suspension & Brakes,5253,Approved,4827
CLM02036,2026-07-11,SERV05223,SALE04318,CUST03810,DLR191,BK002,Engine & Transmission,28918,Approved,26386
CLM02037,2021-11-28,SERV02107,SALE16958,CUST02328,DLR064,BK002,Exhaust System,4045,Rejected,0
CLM02038,2023-09-10,SERV03400,SALE13951,CUST00413,DLR102,BK003,Exhaust System,7851,Approved,7821
CLM02039,2025-12-29,SERV11903,SALE02102,CUST00592,DLR102,BK011,Exhaust System,2670,Pending Verification,0
CLM02040,2021-08-31,SERV05685,SALE02047,CUST01136,DLR119,BK007,Suspension & Brakes,9538,Pending Verification,0
CLM02041,2025-01-12,SERV11902,SALE15418,CUST03346,DLR043,BK004,Frame & Chassis,3359,Approved,3221
CLM02042,2026-07-01,SERV08035,SALE10329,CUST01943,DLR009,BK005,Electrical System,9224,Rejected,0
CLM02043,2025-05-22,SERV08502,SALE08049,CUST03562,DLR107,BK005,Fuel System & EFI,10472,Approved,9741
CLM02044,2026-07-22,SERV14409,SALE10762,CUST03414,DLR043,BK006,Fuel System & EFI,4227,Approved,4136
CLM02045,2026-07-10,SERV04666,SALE10245,CUST01443,DLR140,BK006,Engine & Transmission,15476,Pending Verification,0
CLM02046,2026-07-09,SERV09051,SALE12514,CUST02393,DLR158,BK003,Engine & Transmission,24432,Rejected,0
CLM02047,2025-12-12,SERV01856,SALE04219,CUST03007,DLR016,BK008,Engine & Transmission,31764,Approved,28844
CLM02048,2022-12-27,SERV13600,SALE05869,CUST03058,DLR110,BK004,Fuel System & EFI,8512,Rejected,0
CLM02049,2022-08-04,SERV01003,SALE08452,CUST02353,DLR176,BK003,Suspension & Brakes,4105,Approved,3885
CLM02050,2026-06-26,SERV02945,SALE02846,CUST00738,DLR065,BK003,Fuel System & EFI,12232,Pending Verification,0
CLM02051,2023-09-17,SERV00608,SALE05274,CUST04198,DLR168,BK004,Frame & Chassis,6706,Rejected,0
CLM02052,2024-04-27,SERV06029,SALE00365,CUST04890,DLR044,BK012,Exhaust System,3567,Pending Verification,0
CLM02053,2022-01-24,SERV11398,SALE11976,CUST04497,DLR142,BK004,Electrical System,10094,Approved,9941
CLM02054,2023-04-21,SERV04612,SALE02797,CUST04850,DLR055,BK003,Engine & Transmission,16837,Approved,15435
CLM02055,2023-02-17,SERV12585,SALE09618,CUST03940,DLR123,BK003,Electrical System,7604,Approved,7256
CLM02056,2024-03-02,SERV00204,SALE13273,CUST01950,DLR116,BK012,Fuel System & EFI,12675,Rejected,0
CLM02057,2021-05-01,SERV05497,SALE00969,CUST04039,DLR185,BK001,Frame & Chassis,2428,Pending Verification,0
CLM02058,2021-01-14,SERV08441,SALE15365,CUST04162,DLR083,BK002,Fuel System & EFI,15381,Approved,15043
CLM02059,2022-04-13,SERV02136,SALE02660,CUST03844,DLR038,BK003,Frame & Chassis,2915,Approved,2755
CLM02060,2022-01-02,SERV14158,SALE06073,CUST00171,DLR043,BK002,Electrical System,13731,Approved,13150
CLM02061,2021-05-06,SERV11039,SALE12829,CUST03240,DLR069,BK002,Engine & Transmission,19799,Approved,19256
CLM02062,2023-12-30,SERV10088,SALE09217,CUST00947,DLR095,BK002,Fuel System & EFI,6267,Approved,5683
CLM02063,2026-06-20,SERV10084,SALE00651,CUST02557,DLR041,BK005,Frame & Chassis,5851,Approved,5579
CLM02064,2021-07-23,SERV01092,SALE08723,CUST01558,DLR114,BK001,Electrical System,7746,Approved,7610
CLM02065,2024-12-10,SERV04600,SALE08137,CUST00398,DLR084,BK004,Suspension & Brakes,9176,Approved,8632
CLM02066,2026-07-25,SERV00221,SALE02777,CUST03484,DLR150,BK002,Exhaust System,1714,Approved,1635
CLM02067,2022-11-07,SERV04278,SALE12641,CUST03909,DLR128,BK005,Exhaust System,7488,Approved,7043
CLM02068,2026-01-23,SERV01863,SALE05857,CUST00438,DLR108,BK001,Exhaust System,5639,Approved,5617
CLM02069,2021-11-27,SERV12009,SALE12133,CUST04777,DLR151,BK006,Engine & Transmission,28155,Pending Verification,0
CLM02070,2024-07-23,SERV09084,SALE10910,CUST04099,DLR127,BK003,Electrical System,9312,Approved,8719
CLM02071,2023-12-01,SERV11261,SALE08048,CUST01176,DLR032,BK002,Electrical System,4433,Approved,4287
CLM02072,2026-07-30,SERV13076,SALE16764,CUST01333,DLR027,BK005,Electrical System,7655,Approved,6900
CLM02073,2021-04-30,SERV11371,SALE17096,CUST03455,DLR098,BK006,Engine & Transmission,16619,Rejected,0
CLM02074,2026-07-15,SERV13189,SALE01220,CUST03645,DLR148,BK004,Exhaust System,5179,Approved,5047
CLM02075,2023-04-04,SERV00947,SALE10682,CUST00094,DLR021,BK006,Electrical System,11908,Approved,11440
CLM02076,2022-07-12,SERV05706,SALE03841,CUST02372,DLR124,BK003,Electrical System,3533,Approved,3461
CLM02077,2021-11-11,SERV06622,SALE12221,CUST02928,DLR087,BK002,Electrical System,4326,Partially Approved,2093
CLM02078,2023-03-28,SERV14487,SALE02248,CUST00294,DLR168,BK001,Electrical System,10485,Rejected,0
CLM02079,2025-04-19,SERV14020,SALE09280,CUST03007,DLR166,BK005,Electrical System,15644,Approved,14926
CLM02080,2023-10-07,SERV00265,SALE16189,CUST03354,DLR017,BK005,Exhaust System,2196,Approved,2102
CLM02081,2023-04-15,SERV04857,SALE09773,CUST01566,DLR147,BK001,Fuel System & EFI,3624,Rejected,0
CLM02082,2022-12-22,SERV00508,SALE15819,CUST02386,DLR004,BK004,Engine & Transmission,29347,Approved,29290
CLM02083,2022-06-05,SERV00293,SALE08701,CUST04376,DLR074,BK004,Electrical System,7005,Rejected,0
CLM02084,2026-07-21,SERV05003,SALE18209,CUST03806,DLR060,BK003,Fuel System & EFI,4915,Approved,4881
CLM02085,2022-01-02,SERV05959,SALE15291,CUST00791,DLR056,BK005,Frame & Chassis,7660,Pending Verification,0
CLM02086,2021-06-03,SERV05983,SALE19024,CUST04570,DLR113,BK002,Electrical System,4088,Approved,3697
CLM02087,2026-06-28,SERV14300,SALE16589,CUST04923,DLR198,BK009,Engine & Transmission,25334,Partially Approved,14934
CLM02088,2026-07-13,SERV14299,SALE18284,CUST03597,DLR025,BK004,Electrical System,10203,Approved,10145
CLM02089,2026-02-22,SERV02443,SALE09685,CUST00903,DLR008,BK002,Electrical System,15861,Approved,14928
CLM02090,2026-07-30,SERV06709,SALE13019,CUST01505,DLR025,BK001,Suspension & Brakes,5026,Approved,5025
CLM02091,2022-05-07,SERV14606,SALE18864,CUST03220,DLR139,BK001,Suspension & Brakes,8937,Approved,8228
CLM02092,2021-12-02,SERV04559,SALE00129,CUST00807,DLR181,BK003,Fuel System & EFI,3654,Approved,3482
CLM02093,2024-04-01,SERV06396,SALE13160,CUST00166,DLR156,BK002,Exhaust System,8443,Rejected,0
CLM02094,2026-07-27,SERV00918,SALE12796,CUST01295,DLR141,BK002,Frame & Chassis,4191,Partially Approved,1934
CLM02095,2021-09-04,SERV06610,SALE07407,CUST03301,DLR136,BK005,Fuel System & EFI,10440,Rejected,0
CLM02096,2026-02-04,SERV08023,SALE05998,CUST02892,DLR191,BK001,Suspension & Brakes,4037,Rejected,0
CLM02097,2022-05-28,SERV14358,SALE11430,CUST03759,DLR166,BK002,Suspension & Brakes,10962,Rejected,0
CLM02098,2024-07-13,SERV02922,SALE18492,CUST03682,DLR175,BK002,Exhaust System,7938,Approved,7274
CLM02099,2023-07-28,SERV06689,SALE10174,CUST04481,DLR081,BK002,Frame & Chassis,5800,Pending Verification,0
CLM02100,2025-06-08,SERV08243,SALE06423,CUST03273,DLR021,BK001,Fuel System & EFI,9688,Approved,8867
CLM02101,2026-07-23,SERV08972,SALE12855,CUST03402,DLR057,BK003,Suspension & Brakes,10260,Rejected,0
CLM02102,2026-03-24,SERV08328,SALE04397,CUST03310,DLR152,BK006,Electrical System,4816,Approved,4749
CLM02103,2022-07-11,SERV03793,SALE18046,CUST01378,DLR137,BK003,Suspension & Brakes,7163,Rejected,0
CLM02104,2025-09-22,SERV04080,SALE12465,CUST04997,DLR164,BK002,Engine & Transmission,10394,Approved,9680
CLM02105,2020-07-11,SERV13309,SALE02204,CUST02536,DLR186,BK003,Electrical System,3811,Rejected,0
CLM02106,2026-02-20,SERV14087,SALE04366,CUST04473,DLR054,BK007,Frame & Chassis,2845,Approved,2623
CLM02107,2026-07-03,SERV06127,SALE12649,CUST00036,DLR127,BK002,Fuel System & EFI,14658,Partially Approved,8444
CLM02108,2021-09-01,SERV08627,SALE17760,CUST01211,DLR028,BK010,Frame & Chassis,4707,Approved,4297
CLM02109,2026-05-08,SERV00151,SALE08323,CUST03880,DLR041,BK002,Electrical System,9979,Pending Verification,0
CLM02110,2026-07-30,SERV09387,SALE09649,CUST04487,DLR033,BK003,Fuel System & EFI,5332,Approved,4995
CLM02111,2026-01-09,SERV07094,SALE17254,CUST03207,DLR017,BK003,Suspension & Brakes,5275,Approved,5222
CLM02112,2023-03-04,SERV11767,SALE13439,CUST01477,DLR118,BK007,Electrical System,3928,Approved,3591
CLM02113,2026-07-19,SERV10102,SALE08268,CUST03960,DLR022,BK005,Electrical System,10514,Approved,9963
CLM02114,2025-12-15,SERV06731,SALE03052,CUST02258,DLR020,BK003,Frame & Chassis,7105,Approved,6429
CLM02115,2025-04-04,SERV03938,SALE02195,CUST04625,DLR182,BK006,Suspension & Brakes,4686,Approved,4309
CLM02116,2024-09-02,SERV00002,SALE17871,CUST00920,DLR097,BK001,Exhaust System,2816,Approved,2541
CLM02117,2023-08-21,SERV09408,SALE11280,CUST02510,DLR094,BK001,Suspension & Brakes,6115,Approved,5673
CLM02118,2021-10-03,SERV05176,SALE11833,CUST01478,DLR169,BK007,Electrical System,12655,Approved,12541
CLM02119,2021-03-18,SERV12276,SALE01859,CUST00158,DLR098,BK008,Suspension & Brakes,9123,Approved,8366
CLM02120,2024-05-31,SERV06565,SALE15532,CUST02458,DLR041,BK003,Fuel System & EFI,12829,Approved,12197
CLM02121,2021-02-07,SERV07757,SALE08036,CUST01629,DLR172,BK001,Engine & Transmission,10646,Approved,9954
CLM02122,2026-07-20,SERV05929,SALE07697,CUST01413,DLR168,BK004,Suspension & Brakes,4963,Approved,4528
CLM02123,2025-09-08,SERV05264,SALE06028,CUST02305,DLR103,BK002,Engine & Transmission,17696,Approved,16391
CLM02124,2026-07-07,SERV13343,SALE17364,CUST02297,DLR143,BK003,Frame & Chassis,5929,Approved,5353
CLM02125,2026-07-27,SERV13435,SALE00782,CUST00089,DLR117,BK008,Frame & Chassis,6425,Partially Approved,3190
CLM02126,2026-01-12,SERV03296,SALE11055,CUST02323,DLR005,BK003,Engine & Transmission,29467,Approved,28343
CLM02127,2020-12-20,SERV07253,SALE02557,CUST02198,DLR086,BK002,Suspension & Brakes,11799,Approved,11056
CLM02128,2023-02-01,SERV06571,SALE15253,CUST02446,DLR017,BK003,Exhaust System,2343,Approved,2160
CLM02129,2022-07-20,SERV10809,SALE13711,CUST00424,DLR019,BK001,Suspension & Brakes,9022,Approved,8631
CLM02130,2023-06-08,SERV04962,SALE04800,CUST02774,DLR092,BK005,Exhaust System,5060,Partially Approved,3392
CLM02131,2023-07-08,SERV12097,SALE19593,CUST02054,DLR178,BK002,Electrical System,15655,Approved,14248
CLM02132,2025-11-02,SERV07944,SALE12511,CUST01093,DLR166,BK007,Frame & Chassis,7947,Rejected,0
CLM02133,2025-12-25,SERV08415,SALE12781,CUST00405,DLR149,BK003,Frame & Chassis,6938,Rejected,0
CLM02134,2025-11-20,SERV09512,SALE11596,CUST02254,DLR068,BK003,Electrical System,5987,Rejected,0
CLM02135,2025-07-22,SERV01865,SALE17531,CUST02681,DLR051,BK005,Fuel System & EFI,8754,Pending Verification,0
CLM02136,2023-05-19,SERV03737,SALE05917,CUST02058,DLR038,BK005,Engine & Transmission,22069,Approved,21938
CLM02137,2022-01-25,SERV03813,SALE12471,CUST03045,DLR145,BK007,Fuel System & EFI,14023,Approved,12931
CLM02138,2021-04-29,SERV10043,SALE13959,CUST01640,DLR127,BK002,Frame & Chassis,8190,Approved,7868
CLM02139,2021-12-24,SERV00241,SALE09545,CUST04039,DLR165,BK009,Frame & Chassis,6550,Approved,6195
CLM02140,2022-11-01,SERV00122,SALE10080,CUST00954,DLR002,BK002,Fuel System & EFI,15090,Approved,14774
CLM02141,2024-06-16,SERV07849,SALE04603,CUST01896,DLR162,BK002,Engine & Transmission,15707,Approved,15184
CLM02142,2025-09-24,SERV04922,SALE05768,CUST02543,DLR199,BK009,Exhaust System,4409,Approved,4224
CLM02143,2025-08-18,SERV14723,SALE18524,CUST00084,DLR100,BK003,Fuel System & EFI,6740,Approved,6445
CLM02144,2024-03-12,SERV02657,SALE03888,CUST04926,DLR133,BK002,Engine & Transmission,13707,Rejected,0
CLM02145,2026-01-25,SERV08478,SALE18937,CUST00036,DLR040,BK002,Fuel System & EFI,9089,Approved,8953
CLM02146,2025-03-13,SERV06593,SALE13073,CUST01184,DLR089,BK002,Engine & Transmission,30829,Approved,28358
CLM02147,2026-06-25,SERV13611,SALE06214,CUST03570,DLR127,BK005,Frame & Chassis,5346,Rejected,0
CLM02148,2023-09-06,SERV01723,SALE18824,CUST02665,DLR065,BK003,Engine & Transmission,21871,Approved,21076
CLM02149,2026-01-04,SERV02004,SALE08146,CUST01983,DLR098,BK004,Exhaust System,7761,Rejected,0
CLM02150,2022-09-26,SERV00904,SALE17376,CUST00897,DLR072,BK002,Electrical System,9206,Approved,9076
CLM02151,2021-10-08,SERV05428,SALE08401,CUST03088,DLR078,BK002,Electrical System,14009,Approved,12812
CLM02152,2026-07-20,SERV00072,SALE02387,CUST04226,DLR180,BK003,Frame & Chassis,2146,Rejected,0
CLM02153,2026-07-14,SERV12984,SALE02036,CUST01794,DLR119,BK009,Exhaust System,8441,Approved,7991
CLM02154,2023-10-04,SERV10557,SALE19023,CUST04234,DLR054,BK005,Suspension & Brakes,7242,Rejected,0
CLM02155,2024-07-27,SERV12016,SALE03438,CUST03189,DLR133,BK001,Frame & Chassis,7945,Approved,7260
CLM02156,2021-07-12,SERV08790,SALE10558,CUST04046,DLR173,BK005,Engine & Transmission,10201,Partially Approved,5040
CLM02157,2020-06-22,SERV03518,SALE18482,CUST00766,DLR133,BK006,Fuel System & EFI,11619,Approved,11177
CLM02158,2026-04-22,SERV13390,SALE02954,CUST02916,DLR151,BK002,Suspension & Brakes,11205,Pending Verification,0
CLM02159,2026-07-03,SERV08205,SALE12991,CUST03349,DLR155,BK008,Suspension & Brakes,7940,Approved,7508
CLM02160,2021-04-10,SERV11321,SALE12892,CUST04538,DLR071,BK007,Exhaust System,1625,Approved,1518
CLM02161,2022-08-17,SERV07810,SALE01755,CUST04998,DLR040,BK008,Frame & Chassis,3958,Rejected,0
CLM02162,2021-05-09,SERV08103,SALE01366,CUST02253,DLR037,BK001,Electrical System,6743,Approved,6729
CLM02163,2023-11-16,SERV06302,SALE06865,CUST04624,DLR074,BK004,Electrical System,11541,Rejected,0
CLM02164,2021-10-04,SERV06485,SALE16746,CUST04203,DLR109,BK003,Fuel System & EFI,10540,Approved,10195
CLM02165,2022-03-06,SERV03172,SALE11029,CUST04904,DLR156,BK003,Suspension & Brakes,3508,Approved,3406
CLM02166,2023-12-10,SERV01739,SALE16669,CUST03057,DLR143,BK002,Engine & Transmission,23798,Approved,23773
CLM02167,2024-09-10,SERV07150,SALE06136,CUST00135,DLR083,BK004,Suspension & Brakes,2993,Approved,2982
CLM02168,2025-08-02,SERV01211,SALE00141,CUST02418,DLR030,BK011,Suspension & Brakes,10454,Approved,9429
CLM02169,2021-07-09,SERV10765,SALE09619,CUST04992,DLR051,BK001,Frame & Chassis,3285,Approved,3255
CLM02170,2024-04-08,SERV09974,SALE06334,CUST01920,DLR184,BK003,Electrical System,13298,Pending Verification,0
CLM02171,2025-06-16,SERV13982,SALE06748,CUST01837,DLR004,BK003,Suspension & Brakes,8012,Approved,7910
CLM02172,2022-11-16,SERV11268,SALE18384,CUST04515,DLR181,BK005,Engine & Transmission,26324,Rejected,0
CLM02173,2023-04-03,SERV07168,SALE02972,CUST04168,DLR103,BK002,Fuel System & EFI,5375,Approved,5218
CLM02174,2026-07-14,SERV04122,SALE07682,CUST03024,DLR096,BK002,Suspension & Brakes,7308,Approved,6741
CLM02175,2024-12-05,SERV14287,SALE09541,CUST00164,DLR158,BK001,Exhaust System,3550,Pending Verification,0
CLM02176,2022-12-17,SERV00840,SALE06794,CUST02726,DLR163,BK001,Exhaust System,2649,Approved,2410
CLM02177,2023-11-04,SERV06102,SALE06446,CUST00560,DLR101,BK001,Electrical System,8345,Pending Verification,0
CLM02178,2025-06-09,SERV04076,SALE10175,CUST03023,DLR079,BK002,Electrical System,9947,Rejected,0
CLM02179,2021-06-25,SERV08017,SALE13898,CUST00052,DLR179,BK008,Suspension & Brakes,4750,Pending Verification,0
CLM02180,2020-07-03,SERV06906,SALE01226,CUST01258,DLR112,BK001,Suspension & Brakes,5482,Pending Verification,0
CLM02181,2023-05-29,SERV07244,SALE12058,CUST02598,DLR085,BK007,Exhaust System,7559,Approved,6990
CLM02182,2026-07-02,SERV00550,SALE07319,CUST00831,DLR147,BK009,Fuel System & EFI,12348,Approved,11617
CLM02183,2025-01-20,SERV11341,SALE10067,CUST02367,DLR168,BK003,Engine & Transmission,20726,Rejected,0
CLM02184,2024-11-24,SERV14795,SALE02665,CUST00410,DLR019,BK007,Suspension & Brakes,6132,Approved,5833
CLM02185,2023-08-21,SERV01356,SALE13113,CUST01450,DLR011,BK006,Frame & Chassis,2491,Approved,2432
CLM02186,2023-04-13,SERV05244,SALE08157,CUST02294,DLR102,BK001,Frame & Chassis,3484,Approved,3287
CLM02187,2025-07-19,SERV01877,SALE10475,CUST02373,DLR014,BK001,Exhaust System,4853,Rejected,0
CLM02188,2023-12-26,SERV00165,SALE15450,CUST00103,DLR180,BK005,Suspension & Brakes,6426,Approved,5803
CLM02189,2026-07-21,SERV06531,SALE09305,CUST02257,DLR016,BK005,Suspension & Brakes,4445,Approved,4250
CLM02190,2025-01-31,SERV01464,SALE00513,CUST01355,DLR193,BK002,Engine & Transmission,30353,Pending Verification,0
CLM02191,2023-08-22,SERV02898,SALE19493,CUST03702,DLR170,BK002,Suspension & Brakes,6396,Pending Verification,0
CLM02192,2024-10-01,SERV12672,SALE19414,CUST03931,DLR053,BK002,Exhaust System,4374,Approved,4213
CLM02193,2023-01-14,SERV10703,SALE15955,CUST03675,DLR139,BK004,Engine & Transmission,27446,Approved,26404
CLM02194,2023-10-15,SERV11250,SALE18272,CUST04033,DLR081,BK002,Fuel System & EFI,13213,Pending Verification,0
CLM02195,2025-01-13,SERV13027,SALE09889,CUST03644,DLR182,BK005,Fuel System & EFI,11804,Approved,11282
CLM02196,2025-01-28,SERV02347,SALE18982,CUST04549,DLR001,BK001,Engine & Transmission,28842,Approved,28167
CLM02197,2023-06-12,SERV01014,SALE09984,CUST02299,DLR005,BK012,Frame & Chassis,7758,Approved,7469
CLM02198,2025-06-12,SERV06620,SALE11736,CUST02979,DLR121,BK002,Fuel System & EFI,9362,Approved,9208
CLM02199,2025-05-28,SERV01010,SALE05343,CUST04704,DLR159,BK002,Suspension & Brakes,10119,Approved,9447
CLM02200,2026-04-30,SERV05125,SALE12660,CUST00091,DLR081,BK002,Engine & Transmission,8491,Approved,8315
CLM02201,2025-01-01,SERV14908,SALE01190,CUST02297,DLR185,BK004,Fuel System & EFI,7017,Rejected,0
CLM02202,2025-03-28,SERV09766,SALE03161,CUST04125,DLR035,BK002,Electrical System,3913,Partially Approved,2407
CLM02203,2025-05-25,SERV09832,SALE08772,CUST00156,DLR059,BK002,Suspension & Brakes,4365,Rejected,0
CLM02204,2021-09-26,SERV13426,SALE05977,CUST03740,DLR031,BK003,Exhaust System,6343,Rejected,0
CLM02205,2025-10-29,SERV04436,SALE11482,CUST00727,DLR010,BK003,Engine & Transmission,27343,Approved,24978
CLM02206,2026-07-16,SERV11575,SALE06133,CUST03529,DLR025,BK010,Fuel System & EFI,7443,Approved,7317
CLM02207,2024-10-12,SERV14284,SALE11036,CUST01225,DLR128,BK003,Electrical System,5655,Rejected,0
CLM02208,2024-04-14,SERV11372,SALE03853,CUST01376,DLR052,BK002,Suspension & Brakes,2911,Rejected,0
CLM02209,2021-12-13,SERV02899,SALE19155,CUST04881,DLR159,BK003,Fuel System & EFI,11797,Approved,10712
CLM02210,2023-09-16,SERV01048,SALE05564,CUST02620,DLR066,BK005,Exhaust System,3439,Partially Approved,1873
CLM02211,2022-04-29,SERV11468,SALE19662,CUST04288,DLR081,BK002,Frame & Chassis,4484,Pending Verification,0
CLM02212,2025-11-30,SERV04803,SALE05343,CUST04704,DLR159,BK002,Frame & Chassis,2505,Partially Approved,1720
CLM02213,2024-01-02,SERV08237,SALE12544,CUST04594,DLR086,BK003,Exhaust System,3917,Approved,3906
CLM02214,2024-05-22,SERV12075,SALE11725,CUST04947,DLR103,BK002,Frame & Chassis,2467,Approved,2298
CLM02215,2023-04-20,SERV08864,SALE14352,CUST01414,DLR098,BK003,Suspension & Brakes,10917,Approved,10616
CLM02216,2024-07-01,SERV05218,SALE06809,CUST03957,DLR056,BK001,Fuel System & EFI,15825,Pending Verification,0
CLM02217,2022-02-08,SERV01433,SALE13104,CUST03382,DLR142,BK014,Electrical System,10964,Approved,9917
CLM02218,2023-06-04,SERV04429,SALE13050,CUST00135,DLR050,BK001,Engine & Transmission,23794,Rejected,0
CLM02219,2026-03-15,SERV05562,SALE13023,CUST03365,DLR180,BK002,Frame & Chassis,2429,Approved,2306
CLM02220,2026-07-10,SERV08004,SALE18887,CUST03669,DLR200,BK008,Exhaust System,3058,Rejected,0
CLM02221,2021-05-15,SERV11442,SALE09870,CUST01199,DLR070,BK002,Suspension & Brakes,8130,Pending Verification,0
CLM02222,2022-07-14,SERV09325,SALE19024,CUST04570,DLR113,BK002,Electrical System,12937,Approved,11877
CLM02223,2024-06-06,SERV05327,SALE11053,CUST04640,DLR014,BK002,Frame & Chassis,5154,Approved,4652
CLM02224,2026-07-21,SERV06586,SALE16589,CUST04923,DLR198,BK009,Exhaust System,2993,Pending Verification,0
CLM02225,2022-12-28,SERV00744,SALE14227,CUST01571,DLR106,BK002,Frame & Chassis,5875,Rejected,0
CLM02226,2021-11-13,SERV05651,SALE12328,CUST00834,DLR113,BK002,Exhaust System,3922,Approved,3867
CLM02227,2026-07-18,SERV06892,SALE05288,CUST00516,DLR023,BK006,Electrical System,5289,Approved,5173
CLM02228,2026-07-04,SERV14774,SALE05981,CUST04553,DLR021,BK006,Suspension & Brakes,6555,Approved,6340
CLM02229,2026-08-01,SERV00536,SALE08476,CUST04501,DLR127,BK002,Frame & Chassis,5704,Approved,5192
CLM02230,2020-08-04,SERV07857,SALE04780,CUST04633,DLR068,BK002,Exhaust System,7031,Approved,6900
CLM02231,2023-06-29,SERV03959,SALE12448,CUST01044,DLR188,BK001,Suspension & Brakes,11757,Approved,10634
CLM02232,2024-02-21,SERV07648,SALE00915,CUST02331,DLR016,BK003,Fuel System & EFI,11995,Approved,11769
CLM02233,2024-02-29,SERV07199,SALE06833,CUST00747,DLR140,BK006,Engine & Transmission,22843,Approved,21291
CLM02234,2023-05-11,SERV01372,SALE18808,CUST00073,DLR005,BK006,Suspension & Brakes,8781,Rejected,0
CLM02235,2022-03-13,SERV12483,SALE19542,CUST03594,DLR034,BK003,Fuel System & EFI,5611,Pending Verification,0
CLM02236,2024-08-26,SERV01963,SALE12292,CUST01099,DLR026,BK002,Frame & Chassis,7429,Rejected,0
CLM02237,2023-06-11,SERV08304,SALE19401,CUST02680,DLR159,BK001,Electrical System,9476,Approved,8600
CLM02238,2021-11-13,SERV13572,SALE12628,CUST04500,DLR008,BK002,Fuel System & EFI,4959,Approved,4466
CLM02239,2024-08-21,SERV02958,SALE14504,CUST01784,DLR100,BK004,Frame & Chassis,5630,Approved,5593
CLM02240,2023-12-17,SERV10591,SALE00624,CUST00789,DLR191,BK002,Fuel System & EFI,10753,Rejected,0
CLM02241,2026-07-11,SERV04130,SALE17083,CUST03286,DLR010,BK007,Electrical System,4773,Approved,4420
CLM02242,2026-04-28,SERV02661,SALE16216,CUST01859,DLR059,BK002,Engine & Transmission,17292,Approved,17214
CLM02243,2024-04-29,SERV00460,SALE16901,CUST04973,DLR062,BK012,Fuel System & EFI,9923,Approved,9027
CLM02244,2023-02-09,SERV13429,SALE10070,CUST01442,DLR137,BK001,Exhaust System,4135,Approved,3748
CLM02245,2026-08-01,SERV02006,SALE09027,CUST03472,DLR132,BK006,Suspension & Brakes,9238,Approved,8439
CLM02246,2025-12-13,SERV02953,SALE06142,CUST01800,DLR153,BK004,Fuel System & EFI,10934,Rejected,0
CLM02247,2023-08-19,SERV06134,SALE01818,CUST03090,DLR049,BK002,Fuel System & EFI,9100,Rejected,0
CLM02248,2023-06-26,SERV11595,SALE15341,CUST04161,DLR008,BK002,Engine & Transmission,18695,Approved,17866
CLM02249,2026-06-04,SERV03859,SALE10847,CUST00671,DLR051,BK002,Fuel System & EFI,10055,Pending Verification,0
CLM02250,2023-02-26,SERV02660,SALE01764,CUST00327,DLR166,BK007,Suspension & Brakes,7433,Approved,6997
CLM02251,2026-07-07,SERV02254,SALE09425,CUST04187,DLR004,BK004,Fuel System & EFI,13606,Approved,13113
CLM02252,2026-07-19,SERV00144,SALE05059,CUST01926,DLR138,BK005,Fuel System & EFI,3714,Rejected,0
CLM02253,2020-08-23,SERV06567,SALE09487,CUST04069,DLR067,BK003,Electrical System,15539,Rejected,0
CLM02254,2021-12-17,SERV10473,SALE18396,CUST00152,DLR077,BK002,Engine & Transmission,18891,Rejected,0
CLM02255,2023-05-24,SERV12954,SALE15681,CUST00534,DLR060,BK001,Suspension & Brakes,3168,Pending Verification,0
CLM02256,2024-04-07,SERV09457,SALE01818,CUST03090,DLR049,BK002,Fuel System & EFI,8547,Approved,8054
CLM02257,2022-11-06,SERV14062,SALE09629,CUST03940,DLR181,BK008,Engine & Transmission,14356,Approved,13694
CLM02258,2026-07-27,SERV11176,SALE02200,CUST04100,DLR146,BK005,Electrical System,12071,Pending Verification,0
CLM02259,2026-07-05,SERV12090,SALE02167,CUST01978,DLR179,BK003,Fuel System & EFI,11652,Approved,10577
CLM02260,2025-07-10,SERV01741,SALE13982,CUST03517,DLR063,BK002,Engine & Transmission,16605,Approved,15554
CLM02261,2022-02-22,SERV07324,SALE13510,CUST01608,DLR164,BK005,Fuel System & EFI,12416,Approved,11503
CLM02262,2026-07-13,SERV03801,SALE01559,CUST02065,DLR080,BK002,Frame & Chassis,2513,Approved,2363
CLM02263,2026-07-07,SERV07801,SALE14780,CUST03854,DLR006,BK002,Suspension & Brakes,3239,Approved,2957
CLM02264,2024-06-02,SERV12339,SALE06395,CUST01039,DLR055,BK001,Frame & Chassis,1557,Approved,1427
CLM02265,2026-07-05,SERV11753,SALE13659,CUST04319,DLR172,BK006,Electrical System,5460,Rejected,0
CLM02266,2023-01-20,SERV01711,SALE18070,CUST02605,DLR105,BK010,Electrical System,9406,Approved,9183
CLM02267,2025-04-29,SERV04694,SALE17660,CUST00605,DLR114,BK004,Engine & Transmission,30470,Approved,28104
CLM02268,2026-07-25,SERV10676,SALE06641,CUST02794,DLR083,BK004,Frame & Chassis,5888,Approved,5720
CLM02269,2026-07-15,SERV04191,SALE12859,CUST04082,DLR092,BK003,Exhaust System,4441,Pending Verification,0
CLM02270,2025-09-19,SERV11273,SALE02971,CUST01902,DLR033,BK007,Frame & Chassis,5007,Rejected,0
CLM02271,2026-07-24,SERV03031,SALE15979,CUST01151,DLR053,BK003,Exhaust System,7086,Pending Verification,0
CLM02272,2025-01-15,SERV01862,SALE19639,CUST03825,DLR162,BK004,Frame & Chassis,8067,Pending Verification,0
CLM02273,2025-09-11,SERV04730,SALE01760,CUST00681,DLR026,BK006,Suspension & Brakes,9132,Approved,8829
CLM02274,2026-01-15,SERV00369,SALE04586,CUST04842,DLR184,BK005,Exhaust System,2234,Pending Verification,0
CLM02275,2022-05-30,SERV02563,SALE19955,CUST02353,DLR150,BK007,Electrical System,8934,Approved,8474
CLM02276,2021-06-12,SERV00681,SALE19669,CUST01428,DLR080,BK001,Fuel System & EFI,11032,Approved,10419
CLM02277,2023-02-26,SERV09737,SALE04297,CUST00495,DLR118,BK006,Electrical System,7685,Approved,7563
CLM02278,2021-02-05,SERV02781,SALE05736,CUST02198,DLR157,BK003,Electrical System,8208,Approved,7870
CLM02279,2023-04-13,SERV13532,SALE08579,CUST04475,DLR047,BK003,Electrical System,4504,Pending Verification,0
CLM02280,2022-11-06,SERV11455,SALE13519,CUST03267,DLR070,BK011,Electrical System,5765,Approved,5385
CLM02281,2023-09-22,SERV00960,SALE09693,CUST02042,DLR167,BK009,Exhaust System,7173,Approved,6671
CLM02282,2022-02-09,SERV11960,SALE10023,CUST01435,DLR129,BK002,Fuel System & EFI,6240,Approved,6114
CLM02283,2021-10-10,SERV02124,SALE05469,CUST02276,DLR098,BK002,Exhaust System,4662,Approved,4598
CLM02284,2026-07-07,SERV10594,SALE14664,CUST02413,DLR169,BK001,Engine & Transmission,27198,Approved,24507
CLM02285,2023-05-19,SERV11824,SALE15628,CUST02400,DLR014,BK010,Engine & Transmission,25710,Approved,25660
CLM02286,2022-03-19,SERV08214,SALE12552,CUST00846,DLR195,BK003,Suspension & Brakes,5456,Rejected,0
CLM02287,2023-08-09,SERV04036,SALE05468,CUST01897,DLR057,BK005,Suspension & Brakes,11922,Approved,11739
CLM02288,2023-10-22,SERV11705,SALE17576,CUST03284,DLR157,BK003,Suspension & Brakes,11385,Rejected,0
CLM02289,2021-07-14,SERV04257,SALE16727,CUST00470,DLR008,BK006,Electrical System,6213,Approved,6018
CLM02290,2026-01-24,SERV08406,SALE12258,CUST04846,DLR159,BK005,Frame & Chassis,3070,Rejected,0
CLM02291,2025-09-22,SERV12774,SALE12025,CUST03005,DLR090,BK002,Frame & Chassis,5435,Approved,5318
CLM02292,2023-10-01,SERV13621,SALE14026,CUST01890,DLR095,BK003,Fuel System & EFI,14058,Approved,12742
CLM02293,2025-07-01,SERV12930,SALE12911,CUST03556,DLR008,BK002,Electrical System,12505,Approved,11693
CLM02294,2023-11-09,SERV14556,SALE13721,CUST02395,DLR091,BK002,Suspension & Brakes,9340,Approved,9115
CLM02295,2025-01-14,SERV06101,SALE09201,CUST04682,DLR170,BK010,Fuel System & EFI,12757,Approved,12236
CLM02296,2025-12-02,SERV05205,SALE13508,CUST01599,DLR030,BK003,Frame & Chassis,7301,Approved,7040
CLM02297,2022-01-15,SERV07236,SALE06068,CUST03060,DLR094,BK002,Engine & Transmission,17691,Partially Approved,10003
CLM02298,2022-09-09,SERV11144,SALE16572,CUST04772,DLR189,BK003,Exhaust System,3313,Rejected,0
CLM02299,2022-01-07,SERV10624,SALE00556,CUST01181,DLR174,BK004,Fuel System & EFI,5703,Approved,5464
CLM02300,2024-01-16,SERV14293,SALE00520,CUST02392,DLR134,BK004,Engine & Transmission,27046,Approved,26644
CLM02301,2026-01-09,SERV12215,SALE00491,CUST02383,DLR187,BK003,Fuel System & EFI,12280,Rejected,0
CLM02302,2024-04-21,SERV13949,SALE05991,CUST01528,DLR140,BK008,Frame & Chassis,5207,Approved,4966
CLM02303,2025-04-26,SERV04259,SALE00755,CUST01066,DLR121,BK001,Exhaust System,7265,Approved,6834
CLM02304,2024-08-24,SERV03086,SALE05375,CUST01601,DLR187,BK005,Frame & Chassis,8059,Approved,8028
CLM02305,2026-07-17,SERV10270,SALE11434,CUST00988,DLR157,BK003,Suspension & Brakes,5083,Rejected,0
CLM02306,2026-07-16,SERV07433,SALE09845,CUST04714,DLR091,BK003,Electrical System,15068,Partially Approved,7241
CLM02307,2024-01-10,SERV13881,SALE00951,CUST02309,DLR022,BK002,Engine & Transmission,21339,Approved,19551
CLM02308,2025-01-30,SERV09768,SALE19384,CUST02098,DLR005,BK002,Suspension & Brakes,2910,Pending Verification,0
CLM02309,2023-01-05,SERV11612,SALE12565,CUST00076,DLR135,BK002,Suspension & Brakes,11983,Approved,11060
CLM02310,2024-08-19,SERV14805,SALE19454,CUST04859,DLR149,BK004,Suspension & Brakes,11742,Partially Approved,7023
CLM02311,2023-04-02,SERV04737,SALE08337,CUST03178,DLR047,BK013,Engine & Transmission,17945,Approved,17931
CLM02312,2025-04-24,SERV12722,SALE08625,CUST00385,DLR097,BK001,Fuel System & EFI,8358,Approved,7591
CLM02313,2026-07-30,SERV11716,SALE13420,CUST04392,DLR198,BK002,Suspension & Brakes,7956,Rejected,0
CLM02314,2025-11-25,SERV10826,SALE06953,CUST02838,DLR129,BK001,Exhaust System,3450,Approved,3415
CLM02315,2026-07-29,SERV02711,SALE12367,CUST03122,DLR013,BK001,Electrical System,6494,Approved,6107
CLM02316,2024-02-02,SERV13973,SALE14373,CUST03392,DLR006,BK001,Exhaust System,7689,Approved,7000
CLM02317,2024-05-06,SERV11793,SALE09795,CUST01742,DLR195,BK008,Electrical System,13794,Approved,12930
CLM02318,2023-05-11,SERV02877,SALE07874,CUST00843,DLR172,BK004,Frame & Chassis,2868,Rejected,0
CLM02319,2026-07-31,SERV01592,SALE12088,CUST04556,DLR122,BK002,Electrical System,5755,Approved,5405
CLM02320,2026-07-26,SERV12207,SALE08965,CUST04024,DLR126,BK003,Electrical System,11069,Approved,10904
CLM02321,2026-05-27,SERV01317,SALE04400,CUST02113,DLR156,BK001,Electrical System,10672,Approved,10042
CLM02322,2020-11-05,SERV12063,SALE02204,CUST02536,DLR186,BK003,Frame & Chassis,8120,Approved,7839
CLM02323,2025-10-04,SERV01952,SALE03681,CUST03346,DLR125,BK001,Electrical System,8780,Rejected,0
CLM02324,2026-08-02,SERV12131,SALE07618,CUST02838,DLR006,BK003,Fuel System & EFI,14943,Approved,14894
CLM02325,2026-06-26,SERV11390,SALE15923,CUST01513,DLR137,BK002,Exhaust System,4581,Pending Verification,0
CLM02326,2023-09-29,SERV06483,SALE02446,CUST01495,DLR095,BK010,Suspension & Brakes,4642,Approved,4388
CLM02327,2024-03-18,SERV09550,SALE04885,CUST04276,DLR074,BK005,Frame & Chassis,3103,Approved,2823
CLM02328,2026-07-24,SERV07210,SALE04313,CUST04731,DLR001,BK002,Suspension & Brakes,4779,Approved,4650
CLM02329,2025-08-08,SERV14471,SALE19653,CUST02419,DLR117,BK010,Fuel System & EFI,10559,Rejected,0
CLM02330,2023-12-02,SERV14330,SALE06793,CUST02768,DLR055,BK001,Engine & Transmission,12179,Approved,11456
CLM02331,2021-12-20,SERV06481,SALE18019,CUST03368,DLR080,BK003,Exhaust System,6841,Approved,6696
CLM02332,2026-07-24,SERV12881,SALE07403,CUST01926,DLR184,BK002,Frame & Chassis,2090,Rejected,0
CLM02333,2023-06-12,SERV06068,SALE06557,CUST03560,DLR159,BK002,Suspension & Brakes,7274,Approved,7168
CLM02334,2024-08-07,SERV04461,SALE02701,CUST04625,DLR016,BK003,Electrical System,8810,Approved,8324
CLM02335,2022-09-14,SERV00058,SALE15084,CUST01156,DLR177,BK007,Electrical System,11012,Approved,10119
CLM02336,2026-07-23,SERV12188,SALE10092,CUST03875,DLR172,BK002,Suspension & Brakes,8113,Approved,7762
CLM02337,2023-06-13,SERV13432,SALE03116,CUST00465,DLR174,BK005,Electrical System,4805,Pending Verification,0
CLM02338,2025-04-16,SERV10515,SALE01832,CUST00606,DLR167,BK009,Fuel System & EFI,13375,Partially Approved,9652
CLM02339,2025-01-15,SERV08605,SALE19585,CUST03247,DLR036,BK001,Exhaust System,3663,Approved,3435
CLM02340,2023-10-17,SERV00547,SALE07287,CUST03779,DLR022,BK005,Suspension & Brakes,3980,Rejected,0
CLM02341,2026-03-11,SERV00703,SALE05728,CUST01354,DLR194,BK005,Suspension & Brakes,11038,Approved,10077
CLM02342,2022-09-24,SERV04563,SALE02823,CUST04173,DLR020,BK002,Fuel System & EFI,9299,Approved,8646
CLM02343,2024-10-01,SERV03231,SALE03043,CUST00618,DLR186,BK001,Exhaust System,6816,Approved,6259
CLM02344,2026-07-11,SERV08387,SALE17356,CUST01204,DLR143,BK003,Engine & Transmission,20618,Approved,20253
CLM02345,2021-12-31,SERV13872,SALE09952,CUST00060,DLR158,BK009,Frame & Chassis,4511,Approved,4222
CLM02346,2022-06-23,SERV12773,SALE09958,CUST00325,DLR118,BK002,Engine & Transmission,18420,Approved,18138
CLM02347,2025-08-02,SERV05412,SALE13454,CUST02828,DLR037,BK002,Fuel System & EFI,9365,Approved,9239
CLM02348,2025-12-20,SERV03005,SALE01421,CUST00732,DLR097,BK001,Engine & Transmission,10383,Approved,9928
CLM02349,2024-07-31,SERV06676,SALE17806,CUST01665,DLR038,BK006,Exhaust System,3706,Approved,3634
CLM02350,2026-07-25,SERV08562,SALE02487,CUST03253,DLR053,BK002,Engine & Transmission,16037,Approved,15804
CLM02351,2020-07-27,SERV04685,SALE04876,CUST02161,DLR155,BK004,Frame & Chassis,3170,Approved,2896
CLM02352,2023-04-05,SERV01390,SALE19161,CUST02440,DLR177,BK002,Engine & Transmission,14100,Approved,13703
CLM02353,2025-01-25,SERV09027,SALE16127,CUST00587,DLR086,BK010,Electrical System,11419,Rejected,0
CLM02354,2026-03-14,SERV12208,SALE15902,CUST02967,DLR198,BK002,Electrical System,15098,Approved,14212
CLM02355,2026-07-31,SERV12787,SALE02920,CUST02398,DLR195,BK007,Suspension & Brakes,3542,Pending Verification,0
CLM02356,2024-01-20,SERV13565,SALE05225,CUST02060,DLR003,BK002,Engine & Transmission,18670,Approved,16891
CLM02357,2021-06-04,SERV11830,SALE03844,CUST02797,DLR039,BK003,Suspension & Brakes,7407,Approved,7360
CLM02358,2026-07-09,SERV14359,SALE09661,CUST00132,DLR005,BK001,Electrical System,13861,Pending Verification,0
CLM02359,2024-06-14,SERV05190,SALE09271,CUST04295,DLR098,BK003,Fuel System & EFI,8390,Approved,7883
CLM02360,2023-09-26,SERV03300,SALE09142,CUST03215,DLR188,BK003,Engine & Transmission,25704,Approved,23710
CLM02361,2022-03-13,SERV10108,SALE05362,CUST03888,DLR192,BK003,Electrical System,5902,Approved,5398
CLM02362,2026-07-28,SERV14312,SALE02836,CUST04306,DLR080,BK002,Electrical System,7833,Rejected,0
CLM02363,2026-07-21,SERV00743,SALE09792,CUST03532,DLR054,BK006,Exhaust System,5468,Rejected,0
CLM02364,2024-05-10,SERV10201,SALE16109,CUST00684,DLR011,BK007,Engine & Transmission,12900,Rejected,0
CLM02365,2026-07-29,SERV13511,SALE09706,CUST04386,DLR140,BK001,Frame & Chassis,1506,Approved,1395
CLM02366,2026-07-17,SERV05906,SALE03608,CUST01540,DLR010,BK004,Engine & Transmission,15771,Approved,15446
CLM02367,2023-07-15,SERV09215,SALE01514,CUST03850,DLR033,BK006,Fuel System & EFI,15845,Partially Approved,10197
CLM02368,2022-09-14,SERV12377,SALE02414,CUST00394,DLR142,BK012,Suspension & Brakes,11607,Approved,11508
CLM02369,2025-10-09,SERV04536,SALE18801,CUST03330,DLR168,BK006,Suspension & Brakes,2558,Approved,2352
CLM02370,2022-10-29,SERV08591,SALE07601,CUST01715,DLR013,BK014,Frame & Chassis,8339,Approved,8307
CLM02371,2024-08-26,SERV12557,SALE04128,CUST04211,DLR156,BK010,Fuel System & EFI,14104,Approved,13254
CLM02372,2026-07-25,SERV01515,SALE04300,CUST04060,DLR002,BK003,Exhaust System,2948,Approved,2681
CLM02373,2022-06-07,SERV04002,SALE14445,CUST04314,DLR199,BK008,Engine & Transmission,26035,Approved,24274
CLM02374,2022-07-28,SERV06753,SALE07221,CUST01506,DLR194,BK001,Suspension & Brakes,11985,Rejected,0
CLM02375,2025-11-01,SERV11163,SALE09859,CUST02541,DLR080,BK001,Engine & Transmission,10414,Rejected,0
CLM02376,2025-04-05,SERV12343,SALE15126,CUST03891,DLR132,BK001,Frame & Chassis,3987,Pending Verification,0
CLM02377,2026-07-15,SERV12847,SALE16043,CUST03731,DLR138,BK003,Electrical System,10741,Rejected,0
CLM02378,2025-12-17,SERV09706,SALE10337,CUST02339,DLR138,BK002,Engine & Transmission,21726,Partially Approved,12926
CLM02379,2020-12-06,SERV05662,SALE09508,CUST02466,DLR047,BK002,Fuel System & EFI,14964,Approved,14415
CLM02380,2026-07-20,SERV14274,SALE05915,CUST01287,DLR121,BK001,Fuel System & EFI,15958,Approved,14370
CLM02381,2021-04-30,SERV12589,SALE13281,CUST01618,DLR127,BK008,Exhaust System,3999,Approved,3858
CLM02382,2025-05-02,SERV14275,SALE14646,CUST01381,DLR041,BK003,Fuel System & EFI,7810,Approved,7336
CLM02383,2022-01-11,SERV12929,SALE12057,CUST03290,DLR189,BK001,Engine & Transmission,28032,Approved,25806
CLM02384,2020-12-04,SERV05628,SALE13998,CUST00572,DLR074,BK001,Electrical System,9724,Approved,8797
CLM02385,2025-02-19,SERV06711,SALE15378,CUST04513,DLR125,BK003,Suspension & Brakes,8792,Approved,8584
CLM02386,2024-05-13,SERV06494,SALE08143,CUST04213,DLR005,BK001,Electrical System,11588,Approved,11246
CLM02387,2026-07-06,SERV12675,SALE17162,CUST00342,DLR164,BK002,Frame & Chassis,7433,Approved,7424
CLM02388,2023-12-21,SERV03922,SALE12111,CUST00836,DLR193,BK014,Exhaust System,1567,Approved,1512
CLM02389,2022-08-15,SERV03249,SALE10776,CUST01730,DLR044,BK003,Engine & Transmission,17499,Approved,16036
CLM02390,2026-07-22,SERV00740,SALE03997,CUST03739,DLR027,BK002,Suspension & Brakes,2586,Partially Approved,1264
CLM02391,2023-01-14,SERV13542,SALE00759,CUST01178,DLR067,BK002,Exhaust System,2095,Approved,1936
CLM02392,2026-08-03,SERV14917,SALE06489,CUST02461,DLR080,BK002,Electrical System,15255,Rejected,0
CLM02393,2022-04-05,SERV00155,SALE12970,CUST03124,DLR144,BK003,Exhaust System,4927,Pending Verification,0
CLM02394,2023-05-27,SERV14837,SALE19172,CUST01590,DLR061,BK005,Engine & Transmission,19600,Approved,18878
CLM02395,2024-01-21,SERV05437,SALE04525,CUST00459,DLR077,BK002,Engine & Transmission,17823,Approved,16969
CLM02396,2025-11-06,SERV04184,SALE16048,CUST00239,DLR136,BK001,Engine & Transmission,23790,Pending Verification,0
CLM02397,2023-11-14,SERV14174,SALE10282,CUST03537,DLR064,BK004,Suspension & Brakes,5443,Approved,5232
CLM02398,2023-06-09,SERV07676,SALE16099,CUST02971,DLR016,BK005,Engine & Transmission,17215,Rejected,0
CLM02399,2024-02-29,SERV03406,SALE04157,CUST00465,DLR133,BK006,Suspension & Brakes,3640,Approved,3329
CLM02400,2020-04-12,SERV01671,SALE04606,CUST04329,DLR161,BK002,Exhaust System,4576,Approved,4239
CLM02401,2024-05-01,SERV06413,SALE12122,CUST01940,DLR174,BK002,Frame & Chassis,2053,Approved,1966
CLM02402,2026-07-30,SERV07351,SALE10110,CUST03207,DLR023,BK010,Fuel System & EFI,15565,Partially Approved,8930
CLM02403,2022-06-19,SERV06876,SALE05590,CUST03933,DLR135,BK003,Engine & Transmission,15122,Approved,15107
CLM02404,2025-11-04,SERV09996,SALE05180,CUST01270,DLR186,BK010,Exhaust System,7981,Approved,7423
CLM02405,2025-12-20,SERV14003,SALE13028,CUST04467,DLR063,BK003,Frame & Chassis,3415,Approved,3351
CLM02406,2020-12-27,SERV07567,SALE10740,CUST00720,DLR142,BK014,Suspension & Brakes,5179,Partially Approved,2824
CLM02407,2021-10-27,SERV05140,SALE13079,CUST04137,DLR033,BK003,Fuel System & EFI,11183,Approved,10077
CLM02408,2025-08-22,SERV02047,SALE16645,CUST00292,DLR157,BK002,Electrical System,4218,Approved,3916
CLM02409,2026-07-22,SERV12114,SALE16049,CUST02645,DLR159,BK003,Engine & Transmission,12897,Rejected,0
CLM02410,2024-12-05,SERV14123,SALE06734,CUST00809,DLR055,BK002,Fuel System & EFI,13366,Approved,12213
CLM02411,2026-07-05,SERV11657,SALE08088,CUST00302,DLR076,BK004,Fuel System & EFI,5234,Approved,4956
CLM02412,2022-03-04,SERV12518,SALE06923,CUST04784,DLR126,BK001,Electrical System,6637,Approved,6619
CLM02413,2026-07-27,SERV05078,SALE08572,CUST03510,DLR038,BK001,Exhaust System,1576,Rejected,0
CLM02414,2025-08-13,SERV11918,SALE11104,CUST00418,DLR032,BK001,Exhaust System,4181,Approved,3843
CLM02415,2026-07-08,SERV06515,SALE08450,CUST02068,DLR104,BK003,Engine & Transmission,15508,Approved,15505
CLM02416,2021-12-02,SERV14588,SALE18960,CUST00491,DLR109,BK005,Exhaust System,2862,Approved,2781
CLM02417,2023-03-13,SERV06486,SALE15972,CUST04681,DLR087,BK004,Frame & Chassis,2340,Approved,2222
CLM02418,2026-07-05,SERV00377,SALE19597,CUST03236,DLR013,BK003,Exhaust System,3161,Approved,3033
CLM02419,2022-09-25,SERV11444,SALE17543,CUST01594,DLR157,BK003,Frame & Chassis,6301,Approved,6169
CLM02420,2024-10-02,SERV06470,SALE18990,CUST01721,DLR049,BK007,Fuel System & EFI,15896,Approved,14931
CLM02421,2024-12-11,SERV03037,SALE01640,CUST00103,DLR088,BK002,Frame & Chassis,7790,Approved,7023
CLM02422,2026-07-11,SERV05166,SALE10798,CUST04621,DLR045,BK009,Suspension & Brakes,8408,Approved,7797
CLM02423,2024-12-12,SERV11687,SALE16384,CUST01971,DLR109,BK009,Suspension & Brakes,8347,Approved,8033
CLM02424,2026-05-11,SERV11003,SALE04130,CUST03094,DLR031,BK001,Exhaust System,5027,Rejected,0
CLM02425,2026-04-20,SERV01168,SALE05244,CUST04071,DLR110,BK004,Suspension & Brakes,4359,Rejected,0
CLM02426,2020-11-22,SERV14096,SALE16647,CUST00647,DLR100,BK003,Engine & Transmission,30015,Approved,29622
CLM02427,2025-03-27,SERV04402,SALE14551,CUST00826,DLR046,BK015,Electrical System,15254,Approved,14495
CLM02428,2025-10-09,SERV08958,SALE00302,CUST03924,DLR179,BK004,Engine & Transmission,30153,Approved,27745
CLM02429,2022-06-27,SERV02866,SALE07143,CUST01137,DLR047,BK002,Engine & Transmission,20020,Approved,19261
CLM02430,2024-03-17,SERV14241,SALE12791,CUST04981,DLR032,BK002,Suspension & Brakes,7631,Approved,7459
CLM02431,2026-07-09,SERV08261,SALE13666,CUST00732,DLR044,BK002,Fuel System & EFI,3948,Approved,3850
CLM02432,2020-04-14,SERV14413,SALE07746,CUST02101,DLR071,BK001,Frame & Chassis,5401,Approved,5096
CLM02433,2021-11-21,SERV01216,SALE07247,CUST02944,DLR028,BK001,Suspension & Brakes,7846,Approved,7612
CLM02434,2024-10-05,SERV10971,SALE14052,CUST02782,DLR176,BK002,Frame & Chassis,3798,Partially Approved,1805
CLM02435,2021-06-07,SERV07475,SALE03645,CUST01761,DLR067,BK009,Fuel System & EFI,3818,Approved,3540
CLM02436,2025-10-02,SERV12259,SALE04642,CUST00626,DLR196,BK003,Fuel System & EFI,8474,Approved,8448
CLM02437,2025-09-07,SERV04697,SALE12355,CUST00440,DLR140,BK004,Engine & Transmission,23898,Approved,23796
CLM02438,2025-01-25,SERV05697,SALE09378,CUST01816,DLR114,BK002,Engine & Transmission,8724,Rejected,0
CLM02439,2026-07-16,SERV04988,SALE02299,CUST04426,DLR082,BK009,Engine & Transmission,16277,Rejected,0
CLM02440,2026-07-07,SERV14555,SALE13625,CUST03572,DLR122,BK003,Exhaust System,5948,Approved,5476
CLM02441,2022-07-11,SERV09866,SALE12933,CUST00787,DLR082,BK006,Exhaust System,1823,Partially Approved,1280
CLM02442,2026-07-24,SERV12669,SALE19470,CUST01699,DLR182,BK003,Exhaust System,1965,Pending Verification,0
CLM02443,2025-11-14,SERV06607,SALE14406,CUST04192,DLR105,BK002,Engine & Transmission,21620,Partially Approved,14478
CLM02444,2024-08-21,SERV02921,SALE08791,CUST04673,DLR150,BK008,Exhaust System,3976,Approved,3894
CLM02445,2023-11-21,SERV06960,SALE19803,CUST02032,DLR126,BK005,Frame & Chassis,4009,Pending Verification,0
CLM02446,2025-02-19,SERV04809,SALE07335,CUST00931,DLR082,BK003,Suspension & Brakes,3938,Approved,3749
CLM02447,2023-08-03,SERV08787,SALE17146,CUST00726,DLR017,BK008,Frame & Chassis,5676,Approved,5531
CLM02448,2021-01-19,SERV14796,SALE04876,CUST02161,DLR155,BK004,Electrical System,5190,Approved,4906
CLM02449,2025-02-21,SERV10421,SALE12205,CUST04473,DLR028,BK001,Electrical System,12553,Approved,11473
CLM02450,2021-07-17,SERV07859,SALE01181,CUST00026,DLR179,BK005,Electrical System,6383,Approved,5768
CLM02451,2026-07-20,SERV03269,SALE07284,CUST04412,DLR035,BK012,Suspension & Brakes,7434,Partially Approved,3842
CLM02452,2025-07-09,SERV10572,SALE15394,CUST00730,DLR155,BK003,Exhaust System,7715,Rejected,0
CLM02453,2020-10-18,SERV00090,SALE11468,CUST03824,DLR033,BK005,Suspension & Brakes,10219,Approved,9391
CLM02454,2020-09-21,SERV01717,SALE13631,CUST00463,DLR187,BK002,Frame & Chassis,4670,Rejected,0
CLM02455,2023-03-31,SERV03028,SALE00351,CUST04730,DLR138,BK002,Exhaust System,7674,Pending Verification,0
CLM02456,2020-08-29,SERV03408,SALE17685,CUST03226,DLR169,BK005,Suspension & Brakes,10351,Approved,10328
CLM02457,2024-10-21,SERV12452,SALE10953,CUST00697,DLR036,BK005,Electrical System,10203,Rejected,0
CLM02458,2026-04-09,SERV01043,SALE05122,CUST01948,DLR138,BK002,Electrical System,8416,Approved,7982
CLM02459,2022-12-02,SERV14668,SALE02522,CUST01020,DLR147,BK005,Engine & Transmission,18941,Approved,17792
CLM02460,2024-03-13,SERV10106,SALE13320,CUST01461,DLR129,BK003,Engine & Transmission,24406,Approved,23691
CLM02461,2024-08-26,SERV11088,SALE09540,CUST02426,DLR081,BK014,Fuel System & EFI,9240,Approved,8347
CLM02462,2025-05-30,SERV09294,SALE01001,CUST03838,DLR076,BK004,Exhaust System,8126,Partially Approved,5901
CLM02463,2021-12-15,SERV05956,SALE03147,CUST01177,DLR181,BK004,Frame & Chassis,4066,Approved,4021
CLM02464,2021-03-19,SERV10255,SALE10863,CUST04726,DLR010,BK002,Fuel System & EFI,11865,Approved,11708
CLM02465,2023-03-05,SERV14104,SALE18415,CUST01897,DLR066,BK011,Exhaust System,4603,Rejected,0
CLM02466,2026-05-06,SERV06359,SALE17457,CUST03644,DLR163,BK002,Exhaust System,3496,Rejected,0
CLM02467,2020-08-28,SERV02646,SALE04576,CUST02667,DLR199,BK004,Exhaust System,2505,Approved,2281
CLM02468,2023-07-17,SERV06516,SALE09834,CUST01567,DLR090,BK005,Fuel System & EFI,12245,Approved,11764
CLM02469,2026-07-25,SERV09369,SALE00255,CUST04739,DLR059,BK001,Engine & Transmission,26168,Rejected,0
CLM02470,2021-04-21,SERV07789,SALE16317,CUST02653,DLR184,BK012,Electrical System,9965,Approved,9567
CLM02471,2021-07-07,SERV09747,SALE06350,CUST00353,DLR017,BK004,Engine & Transmission,26968,Approved,25098
CLM02472,2025-09-07,SERV05615,SALE19264,CUST02514,DLR111,BK003,Exhaust System,2931,Pending Verification,0
CLM02473,2020-11-03,SERV05871,SALE02221,CUST00391,DLR145,BK009,Electrical System,4672,Approved,4425
CLM02474,2026-07-24,SERV03377,SALE18120,CUST02531,DLR053,BK002,Fuel System & EFI,13318,Rejected,0
CLM02475,2023-07-29,SERV11405,SALE16719,CUST04092,DLR019,BK005,Electrical System,6528,Approved,6203
CLM02476,2022-03-19,SERV06392,SALE04466,CUST02522,DLR047,BK002,Engine & Transmission,21288,Approved,21101
CLM02477,2022-06-12,SERV00337,SALE09479,CUST02702,DLR178,BK002,Electrical System,4604,Rejected,0
CLM02478,2026-07-05,SERV06712,SALE01058,CUST02635,DLR054,BK010,Frame & Chassis,7658,Partially Approved,3179
CLM02479,2025-10-13,SERV04594,SALE15154,CUST00466,DLR182,BK003,Engine & Transmission,30310,Approved,29907
CLM02480,2020-12-05,SERV09384,SALE11988,CUST04384,DLR101,BK005,Exhaust System,4863,Pending Verification,0
CLM02481,2026-07-30,SERV06442,SALE04851,CUST02116,DLR147,BK001,Frame & Chassis,4794,Approved,4731
CLM02482,2025-10-22,SERV10623,SALE08953,CUST01824,DLR098,BK001,Frame & Chassis,4918,Approved,4445
CLM02483,2026-07-21,SERV02266,SALE15044,CUST04298,DLR065,BK003,Fuel System & EFI,8737,Pending Verification,0
CLM02484,2023-11-01,SERV01961,SALE06843,CUST03607,DLR004,BK006,Fuel System & EFI,10739,Approved,10473
CLM02485,2026-06-15,SERV09261,SALE13154,CUST03490,DLR132,BK003,Suspension & Brakes,4330,Approved,4120
CLM02486,2021-07-09,SERV07910,SALE01028,CUST03481,DLR122,BK003,Exhaust System,2716,Approved,2639
CLM02487,2025-10-04,SERV07048,SALE15830,CUST03602,DLR073,BK004,Frame & Chassis,2754,Approved,2724
CLM02488,2025-07-21,SERV12563,SALE05608,CUST00417,DLR074,BK003,Engine & Transmission,9065,Approved,8395
CLM02489,2026-07-08,SERV11925,SALE09384,CUST04436,DLR087,BK003,Suspension & Brakes,9102,Approved,8586
CLM02490,2026-05-25,SERV08262,SALE19757,CUST03096,DLR022,BK010,Electrical System,3548,Approved,3199
CLM02491,2022-12-27,SERV08615,SALE03369,CUST01802,DLR006,BK002,Frame & Chassis,6838,Partially Approved,3522
CLM02492,2024-06-07,SERV06543,SALE03461,CUST01494,DLR023,BK001,Suspension & Brakes,8864,Approved,8113
CLM02493,2025-09-23,SERV10772,SALE19644,CUST02257,DLR006,BK003,Suspension & Brakes,10646,Approved,10629
CLM02494,2025-09-28,SERV00437,SALE18458,CUST02731,DLR196,BK002,Electrical System,13433,Approved,12778
CLM02495,2026-07-29,SERV11552,SALE15519,CUST01385,DLR149,BK001,Fuel System & EFI,11436,Approved,10941
CLM02496,2021-01-27,SERV08978,SALE03353,CUST03630,DLR043,BK003,Electrical System,14961,Approved,14464
CLM02497,2021-05-25,SERV01854,SALE13820,CUST02797,DLR040,BK003,Engine & Transmission,23823,Approved,22616
CLM02498,2022-07-26,SERV11813,SALE10460,CUST02114,DLR125,BK003,Electrical System,9253,Partially Approved,4967
CLM02499,2023-07-16,SERV13616,SALE16586,CUST04892,DLR124,BK001,Engine & Transmission,27761,Approved,27271
CLM02500,2026-07-26,SERV05758,SALE08116,CUST03643,DLR082,BK004,Engine & Transmission,14098,Rejected,0
CLM02501,2023-03-04,SERV01984,SALE08214,CUST01730,DLR164,BK003,Exhaust System,7703,Approved,6959
CLM02502,2022-05-29,SERV10493,SALE09005,CUST01477,DLR190,BK001,Frame & Chassis,8489,Approved,7687
CLM02503,2022-10-28,SERV11578,SALE04238,CUST03267,DLR014,BK012,Frame & Chassis,7058,Pending Verification,0
CLM02504,2023-06-17,SERV01355,SALE11804,CUST04896,DLR109,BK003,Frame & Chassis,7058,Approved,6507
CLM02505,2022-03-08,SERV03579,SALE19824,CUST00665,DLR040,BK003,Fuel System & EFI,6586,Approved,6348
CLM02506,2023-01-12,SERV03735,SALE17943,CUST00566,DLR085,BK005,Fuel System & EFI,10946,Approved,10891
CLM02507,2021-06-04,SERV10139,SALE16323,CUST00212,DLR153,BK003,Engine & Transmission,31628,Pending Verification,0
CLM02508,2023-12-12,SERV08523,SALE14994,CUST02313,DLR138,BK001,Frame & Chassis,8425,Rejected,0
CLM02509,2022-04-30,SERV09609,SALE15257,CUST02951,DLR061,BK002,Frame & Chassis,1597,Approved,1580
CLM02510,2026-07-31,SERV08183,SALE08381,CUST04830,DLR006,BK004,Exhaust System,7991,Approved,7561
CLM02511,2022-03-31,SERV07806,SALE05010,CUST01150,DLR104,BK008,Frame & Chassis,2885,Approved,2851
CLM02512,2021-12-18,SERV14812,SALE10391,CUST02596,DLR070,BK002,Exhaust System,6328,Approved,5963
CLM02513,2020-03-27,SERV12345,SALE08814,CUST03218,DLR131,BK002,Exhaust System,3199,Approved,3034
CLM02514,2024-12-30,SERV08116,SALE03491,CUST03249,DLR042,BK009,Engine & Transmission,30371,Approved,29294
CLM02515,2026-07-18,SERV00826,SALE00401,CUST04226,DLR103,BK007,Fuel System & EFI,15377,Approved,15376
CLM02516,2026-07-22,SERV09403,SALE13196,CUST00959,DLR114,BK001,Fuel System & EFI,6255,Rejected,0
CLM02517,2026-05-01,SERV04349,SALE11227,CUST03073,DLR102,BK002,Engine & Transmission,25663,Rejected,0
CLM02518,2023-08-07,SERV01111,SALE00851,CUST02395,DLR159,BK005,Exhaust System,4349,Approved,4012
CLM02519,2023-05-31,SERV06226,SALE07240,CUST01391,DLR049,BK005,Electrical System,15736,Approved,15405
CLM02520,2026-07-06,SERV09085,SALE06856,CUST00506,DLR116,BK007,Engine & Transmission,9294,Approved,8392
CLM02521,2023-10-30,SERV05052,SALE06114,CUST03431,DLR011,BK009,Frame & Chassis,5418,Approved,5062
CLM02522,2023-05-17,SERV13413,SALE17294,CUST04898,DLR009,BK002,Electrical System,12870,Rejected,0
CLM02523,2021-12-06,SERV06521,SALE00616,CUST03226,DLR199,BK003,Fuel System & EFI,4777,Approved,4557
CLM02524,2026-01-14,SERV12591,SALE05851,CUST04048,DLR093,BK002,Fuel System & EFI,6525,Approved,6250
CLM02525,2021-06-17,SERV01157,SALE08717,CUST00846,DLR193,BK003,Fuel System & EFI,9994,Rejected,0
CLM02526,2023-03-05,SERV05969,SALE12974,CUST02827,DLR065,BK014,Engine & Transmission,22178,Rejected,0
CLM02527,2025-03-10,SERV07918,SALE04656,CUST04745,DLR070,BK006,Engine & Transmission,19835,Pending Verification,0
CLM02528,2023-05-15,SERV11184,SALE04054,CUST02282,DLR017,BK002,Exhaust System,3945,Approved,3737
CLM02529,2022-08-21,SERV03130,SALE05925,CUST03058,DLR017,BK002,Electrical System,6048,Approved,5642
CLM02530,2022-12-16,SERV06949,SALE19549,CUST00251,DLR097,BK001,Electrical System,11863,Approved,10683
CLM02531,2021-05-21,SERV03896,SALE14024,CUST04547,DLR052,BK008,Suspension & Brakes,8721,Approved,8432
CLM02532,2024-05-17,SERV05881,SALE00145,CUST03345,DLR036,BK010,Engine & Transmission,19164,Rejected,0
CLM02533,2023-03-10,SERV06766,SALE15977,CUST04804,DLR006,BK004,Engine & Transmission,26237,Approved,24677
CLM02534,2026-07-09,SERV01291,SALE02188,CUST01262,DLR117,BK002,Exhaust System,5012,Approved,4767
CLM02535,2024-08-11,SERV09876,SALE14101,CUST02128,DLR002,BK001,Engine & Transmission,24082,Rejected,0
CLM02536,2021-03-02,SERV12337,SALE11953,CUST04191,DLR097,BK001,Electrical System,14676,Approved,13489
CLM02537,2022-02-19,SERV11148,SALE05962,CUST02986,DLR179,BK003,Engine & Transmission,27349,Approved,25095
CLM02538,2026-07-19,SERV00677,SALE18321,CUST04381,DLR081,BK004,Suspension & Brakes,11173,Approved,10945
CLM02539,2022-03-13,SERV07061,SALE14873,CUST01886,DLR148,BK003,Electrical System,15560,Pending Verification,0
CLM02540,2023-03-31,SERV12805,SALE17273,CUST04077,DLR200,BK004,Exhaust System,2885,Pending Verification,0
CLM02541,2026-07-09,SERV10509,SALE02509,CUST01786,DLR163,BK006,Electrical System,5031,Approved,5023
CLM02542,2025-08-22,SERV08860,SALE01562,CUST00861,DLR180,BK002,Electrical System,10917,Approved,10250
CLM02543,2026-08-03,SERV03104,SALE18984,CUST01483,DLR057,BK009,Electrical System,5958,Approved,5480
CLM02544,2021-04-24,SERV06333,SALE13069,CUST01605,DLR174,BK003,Exhaust System,7501,Approved,7234
CLM02545,2021-10-21,SERV00227,SALE01432,CUST01635,DLR079,BK002,Frame & Chassis,6937,Approved,6443
CLM02546,2020-06-22,SERV00558,SALE12226,CUST01938,DLR069,BK003,Exhaust System,3062,Approved,2879
CLM02547,2023-06-06,SERV06457,SALE00324,CUST02915,DLR097,BK002,Electrical System,5795,Pending Verification,0
CLM02548,2026-07-10,SERV12705,SALE12880,CUST01748,DLR047,BK006,Fuel System & EFI,11782,Approved,10777
CLM02549,2026-08-02,SERV01841,SALE13132,CUST04683,DLR173,BK001,Electrical System,15647,Approved,15599
CLM02550,2020-09-19,SERV01782,SALE18936,CUST02245,DLR026,BK013,Electrical System,11717,Approved,10997
CLM02551,2021-07-30,SERV07012,SALE12049,CUST00190,DLR180,BK006,Exhaust System,4534,Approved,4398
CLM02552,2024-04-08,SERV08265,SALE13721,CUST02395,DLR091,BK002,Electrical System,7922,Rejected,0
CLM02553,2024-08-07,SERV00177,SALE13795,CUST02076,DLR006,BK003,Electrical System,14855,Approved,13869
CLM02554,2026-07-19,SERV11818,SALE04094,CUST01563,DLR184,BK003,Suspension & Brakes,10351,Approved,9976
CLM02555,2026-03-18,SERV03619,SALE00080,CUST01035,DLR172,BK003,Suspension & Brakes,6249,Approved,5912
CLM02556,2022-06-03,SERV01549,SALE06943,CUST02898,DLR099,BK004,Exhaust System,6893,Approved,6799
CLM02557,2021-03-07,SERV04252,SALE13714,CUST00258,DLR143,BK001,Suspension & Brakes,2805,Approved,2673
CLM02558,2025-06-14,SERV01448,SALE09043,CUST04369,DLR034,BK002,Exhaust System,8072,Rejected,0
CLM02559,2024-09-28,SERV14068,SALE17025,CUST03436,DLR185,BK006,Electrical System,4248,Approved,4203
CLM02560,2021-04-06,SERV10585,SALE12699,CUST02658,DLR074,BK002,Fuel System & EFI,9177,Approved,8675
CLM02561,2026-01-09,SERV07646,SALE08413,CUST01217,DLR182,BK002,Frame & Chassis,2515,Approved,2494
CLM02562,2023-06-25,SERV06028,SALE10888,CUST04092,DLR046,BK009,Engine & Transmission,16061,Pending Verification,0
CLM02563,2026-07-07,SERV12488,SALE00980,CUST03180,DLR069,BK004,Suspension & Brakes,3037,Approved,3006
CLM02564,2025-01-15,SERV10529,SALE05141,CUST04253,DLR082,BK002,Suspension & Brakes,10027,Pending Verification,0
CLM02565,2021-06-16,SERV09607,SALE12578,CUST00008,DLR156,BK003,Suspension & Brakes,6922,Pending Verification,0
CLM02566,2021-11-03,SERV13108,SALE05770,CUST04148,DLR108,BK002,Exhaust System,6044,Approved,5821
CLM02567,2025-10-28,SERV07022,SALE17508,CUST00314,DLR110,BK004,Frame & Chassis,6973,Approved,6314
CLM02568,2023-03-07,SERV02014,SALE15911,CUST02691,DLR100,BK003,Frame & Chassis,1882,Approved,1839
CLM02569,2025-03-08,SERV10547,SALE11645,CUST02133,DLR079,BK001,Exhaust System,7436,Approved,6993
CLM02570,2021-01-25,SERV12002,SALE05186,CUST02527,DLR149,BK010,Frame & Chassis,5036,Pending Verification,0
CLM02571,2025-12-28,SERV02544,SALE11304,CUST00162,DLR166,BK001,Suspension & Brakes,7072,Rejected,0
CLM02572,2025-02-27,SERV13526,SALE05096,CUST03182,DLR108,BK001,Fuel System & EFI,10195,Approved,10073
CLM02573,2024-11-27,SERV04306,SALE01203,CUST00589,DLR187,BK002,Exhaust System,7320,Approved,6949
CLM02574,2023-03-22,SERV00985,SALE17897,CUST02400,DLR041,BK002,Fuel System & EFI,13831,Pending Verification,0
CLM02575,2020-05-29,SERV04325,SALE13187,CUST04845,DLR019,BK001,Exhaust System,3520,Approved,3236
CLM02576,2023-01-07,SERV00678,SALE13046,CUST01045,DLR164,BK003,Exhaust System,7177,Rejected,0
CLM02577,2026-07-05,SERV13942,SALE17551,CUST00539,DLR171,BK004,Frame & Chassis,4578,Approved,4366
CLM02578,2022-03-24,SERV09541,SALE08193,CUST01313,DLR119,BK008,Suspension & Brakes,5907,Rejected,0
CLM02579,2024-03-08,SERV13379,SALE08683,CUST02604,DLR133,BK001,Electrical System,15417,Approved,15229
CLM02580,2020-12-21,SERV14369,SALE11780,CUST02851,DLR052,BK002,Engine & Transmission,9158,Approved,8658
CLM02581,2022-07-01,SERV10780,SALE04308,CUST00300,DLR193,BK001,Fuel System & EFI,12435,Approved,11514
CLM02582,2023-08-18,SERV00410,SALE04598,CUST01138,DLR173,BK003,Engine & Transmission,11802,Rejected,0
CLM02583,2024-08-16,SERV10355,SALE04486,CUST04295,DLR102,BK007,Electrical System,11243,Approved,10595
CLM02584,2024-03-23,SERV06955,SALE15333,CUST03894,DLR090,BK008,Suspension & Brakes,9799,Approved,8955
CLM02585,2026-04-05,SERV03144,SALE19025,CUST00070,DLR190,BK009,Frame & Chassis,5448,Approved,5344
CLM02586,2024-10-22,SERV04035,SALE03296,CUST03027,DLR064,BK007,Frame & Chassis,5401,Approved,5356
CLM02587,2026-07-24,SERV13471,SALE11951,CUST04568,DLR145,BK003,Engine & Transmission,18578,Pending Verification,0
CLM02588,2026-03-16,SERV05382,SALE10067,CUST02367,DLR168,BK003,Electrical System,12043,Partially Approved,6982
CLM02589,2024-12-19,SERV10880,SALE05522,CUST00684,DLR104,BK001,Exhaust System,4617,Approved,4324
CLM02590,2026-07-21,SERV00975,SALE04327,CUST02950,DLR125,BK004,Fuel System & EFI,4045,Approved,3663
CLM02591,2022-08-23,SERV06729,SALE01966,CUST00812,DLR100,BK004,Engine & Transmission,13510,Approved,12600
CLM02592,2026-07-12,SERV14214,SALE14864,CUST04205,DLR009,BK001,Frame & Chassis,6678,Approved,6070
CLM02593,2022-09-15,SERV13206,SALE09250,CUST00253,DLR046,BK004,Suspension & Brakes,2886,Pending Verification,0
CLM02594,2026-04-01,SERV10011,SALE13948,CUST02910,DLR158,BK001,Exhaust System,6125,Approved,5845
CLM02595,2026-07-26,SERV02791,SALE10464,CUST01095,DLR122,BK012,Suspension & Brakes,3616,Approved,3511
CLM02596,2022-05-24,SERV06847,SALE13871,CUST03943,DLR179,BK013,Fuel System & EFI,5243,Partially Approved,3769
CLM02597,2024-05-06,SERV04453,SALE04536,CUST01724,DLR086,BK003,Suspension & Brakes,11553,Approved,10699
CLM02598,2022-11-25,SERV02774,SALE15569,CUST00821,DLR196,BK002,Fuel System & EFI,8974,Approved,8671
CLM02599,2020-11-20,SERV00192,SALE18244,CUST02653,DLR020,BK007,Fuel System & EFI,9051,Approved,8677
CLM02600,2023-07-11,SERV11160,SALE00274,CUST00782,DLR036,BK002,Exhaust System,4126,Approved,3873
CLM02601,2026-07-03,SERV07339,SALE08210,CUST00556,DLR151,BK002,Fuel System & EFI,7851,Approved,7224
CLM02602,2026-01-13,SERV01343,SALE09449,CUST02085,DLR105,BK007,Exhaust System,2557,Rejected,0
CLM02603,2023-02-28,SERV02863,SALE16416,CUST03149,DLR026,BK004,Suspension & Brakes,6817,Pending Verification,0
CLM02604,2022-06-24,SERV01219,SALE04203,CUST01908,DLR101,BK002,Fuel System & EFI,12514,Rejected,0
CLM02605,2024-03-30,SERV01619,SALE11000,CUST01918,DLR087,BK004,Fuel System & EFI,14883,Rejected,0
CLM02606,2021-07-30,SERV03214,SALE15258,CUST02993,DLR111,BK002,Exhaust System,3009,Approved,2801
CLM02607,2026-02-28,SERV10258,SALE12121,CUST03159,DLR155,BK003,Engine & Transmission,19378,Approved,18631
CLM02608,2025-09-23,SERV08481,SALE15104,CUST00749,DLR005,BK003,Exhaust System,8328,Approved,7820
CLM02609,2023-05-22,SERV07560,SALE12749,CUST00326,DLR122,BK005,Engine & Transmission,14225,Approved,13966
CLM02610,2024-06-23,SERV14083,SALE07256,CUST00952,DLR180,BK003,Engine & Transmission,31494,Rejected,0
CLM02611,2021-10-12,SERV13235,SALE19950,CUST02375,DLR010,BK011,Engine & Transmission,18336,Approved,17169
CLM02612,2026-07-27,SERV07381,SALE05705,CUST03283,DLR194,BK002,Suspension & Brakes,3172,Approved,2948
CLM02613,2026-07-21,SERV00419,SALE19998,CUST02908,DLR116,BK004,Fuel System & EFI,14189,Pending Verification,0
CLM02614,2020-08-28,SERV08557,SALE18569,CUST00273,DLR185,BK003,Exhaust System,2496,Approved,2290
CLM02615,2022-09-10,SERV03827,SALE07291,CUST01989,DLR035,BK004,Fuel System & EFI,13523,Approved,12611
CLM02616,2020-06-24,SERV09539,SALE09750,CUST04269,DLR063,BK002,Electrical System,5842,Rejected,0
CLM02617,2025-09-25,SERV07506,SALE15166,CUST03324,DLR024,BK003,Electrical System,15027,Approved,14432
CLM02618,2021-12-29,SERV11800,SALE18777,CUST04147,DLR077,BK004,Fuel System & EFI,4486,Approved,4469
CLM02619,2023-12-01,SERV01815,SALE08292,CUST04379,DLR004,BK002,Frame & Chassis,7859,Approved,7331
CLM02620,2022-06-04,SERV11772,SALE09299,CUST04875,DLR184,BK003,Exhaust System,8314,Approved,7657
CLM02621,2022-10-01,SERV10441,SALE19194,CUST02993,DLR163,BK002,Suspension & Brakes,6557,Pending Verification,0
CLM02622,2026-01-07,SERV05446,SALE14372,CUST03793,DLR065,BK003,Fuel System & EFI,10704,Approved,10659
CLM02623,2025-03-22,SERV03220,SALE04963,CUST01763,DLR099,BK004,Frame & Chassis,7532,Approved,7346
CLM02624,2024-02-27,SERV14523,SALE01547,CUST01767,DLR188,BK010,Frame & Chassis,3613,Approved,3525
CLM02625,2026-07-29,SERV04931,SALE04806,CUST04664,DLR098,BK002,Fuel System & EFI,6026,Approved,5862
CLM02626,2022-11-27,SERV14352,SALE07161,CUST04189,DLR086,BK004,Electrical System,13364,Approved,12272
CLM02627,2023-09-23,SERV07400,SALE00266,CUST03386,DLR184,BK001,Fuel System & EFI,12996,Approved,12554
CLM02628,2025-08-06,SERV01568,SALE01031,CUST04205,DLR031,BK002,Engine & Transmission,31689,Approved,31616
CLM02629,2026-07-25,SERV03298,SALE13277,CUST03117,DLR199,BK003,Fuel System & EFI,6778,Rejected,0
CLM02630,2022-11-25,SERV05049,SALE09848,CUST02443,DLR185,BK001,Fuel System & EFI,11476,Pending Verification,0
CLM02631,2023-08-07,SERV10350,SALE06010,CUST02013,DLR198,BK009,Fuel System & EFI,8926,Approved,8827
CLM02632,2026-05-10,SERV00588,SALE02584,CUST01820,DLR058,BK002,Fuel System & EFI,8002,Pending Verification,0
CLM02633,2021-02-20,SERV11289,SALE04746,CUST02619,DLR073,BK003,Suspension & Brakes,7110,Rejected,0
CLM02634,2026-06-10,SERV08728,SALE05805,CUST03363,DLR124,BK004,Exhaust System,2243,Rejected,0
CLM02635,2023-08-16,SERV03189,SALE07864,CUST03341,DLR080,BK002,Fuel System & EFI,5303,Approved,5291
CLM02636,2022-12-18,SERV09298,SALE12572,CUST04575,DLR079,BK003,Suspension & Brakes,5688,Approved,5419
CLM02637,2024-05-14,SERV07651,SALE10078,CUST00580,DLR192,BK003,Electrical System,4066,Approved,3761
CLM02638,2023-02-12,SERV05821,SALE02650,CUST01882,DLR057,BK002,Fuel System & EFI,4648,Approved,4632
CLM02639,2023-01-24,SERV10743,SALE11510,CUST04616,DLR154,BK007,Exhaust System,6266,Rejected,0
CLM02640,2022-01-17,SERV07481,SALE14006,CUST03594,DLR183,BK002,Frame & Chassis,5704,Approved,5194
CLM02641,2026-05-27,SERV10344,SALE08885,CUST02787,DLR164,BK003,Frame & Chassis,8082,Approved,8050
CLM02642,2022-05-24,SERV01405,SALE04795,CUST00194,DLR055,BK011,Exhaust System,2244,Rejected,0
CLM02643,2024-04-08,SERV03452,SALE12983,CUST00947,DLR086,BK004,Engine & Transmission,22197,Approved,21772
CLM02644,2023-12-27,SERV11755,SALE09201,CUST04682,DLR170,BK010,Fuel System & EFI,4210,Approved,4189
CLM02645,2021-10-23,SERV04714,SALE17575,CUST03655,DLR073,BK002,Frame & Chassis,4939,Approved,4921
CLM02646,2025-02-14,SERV10240,SALE05819,CUST03369,DLR041,BK002,Fuel System & EFI,8274,Approved,8025
CLM02647,2021-01-11,SERV06129,SALE07751,CUST01206,DLR018,BK004,Electrical System,3710,Approved,3513
CLM02648,2026-07-07,SERV13983,SALE17732,CUST03869,DLR017,BK001,Fuel System & EFI,7873,Rejected,0
CLM02649,2022-08-09,SERV02319,SALE00397,CUST00843,DLR173,BK001,Frame & Chassis,6228,Approved,6205
CLM02650,2026-07-09,SERV02503,SALE15902,CUST02967,DLR198,BK002,Electrical System,5651,Approved,5578
CLM02651,2025-07-15,SERV12321,SALE17976,CUST01935,DLR147,BK002,Suspension & Brakes,6625,Pending Verification,0
CLM02652,2022-06-25,SERV14677,SALE10835,CUST01006,DLR109,BK005,Frame & Chassis,7495,Partially Approved,4563
CLM02653,2026-07-04,SERV08154,SALE12622,CUST02413,DLR109,BK001,Electrical System,15206,Approved,14647
CLM02654,2022-11-28,SERV07114,SALE17897,CUST02400,DLR041,BK002,Suspension & Brakes,4018,Approved,3707
CLM02655,2022-03-14,SERV13752,SALE11884,CUST04396,DLR047,BK002,Engine & Transmission,15292,Approved,13825
CLM02656,2024-07-08,SERV11949,SALE02246,CUST02391,DLR034,BK008,Electrical System,14179,Approved,13964
CLM02657,2023-11-20,SERV05346,SALE03224,CUST01097,DLR167,BK001,Engine & Transmission,15176,Pending Verification,0
CLM02658,2025-07-22,SERV00086,SALE04183,CUST04208,DLR097,BK002,Fuel System & EFI,9491,Approved,9295
CLM02659,2025-01-06,SERV14423,SALE00185,CUST02352,DLR166,BK004,Exhaust System,8019,Approved,7808
CLM02660,2022-03-30,SERV12091,SALE02877,CUST00892,DLR078,BK003,Exhaust System,3204,Approved,3081
CLM02661,2026-07-07,SERV07613,SALE12710,CUST04553,DLR089,BK005,Exhaust System,8093,Partially Approved,4339
CLM02662,2025-11-13,SERV04553,SALE16021,CUST00669,DLR046,BK003,Engine & Transmission,19780,Pending Verification,0
CLM02663,2023-02-16,SERV12737,SALE06795,CUST04752,DLR007,BK001,Frame & Chassis,7853,Approved,7417
CLM02664,2022-09-20,SERV13810,SALE16013,CUST00399,DLR029,BK002,Frame & Chassis,5322,Approved,5215
CLM02665,2024-06-01,SERV01601,SALE11916,CUST04890,DLR164,BK005,Frame & Chassis,3351,Approved,3148
CLM02666,2024-01-27,SERV04676,SALE00837,CUST04847,DLR119,BK001,Electrical System,11726,Rejected,0
CLM02667,2024-08-04,SERV02576,SALE10875,CUST03574,DLR023,BK001,Electrical System,10364,Partially Approved,5831
CLM02668,2024-05-06,SERV03040,SALE17491,CUST00953,DLR189,BK005,Electrical System,4504,Approved,4264
CLM02669,2025-07-24,SERV03724,SALE09106,CUST04704,DLR023,BK001,Fuel System & EFI,7616,Approved,7354
CLM02670,2020-06-21,SERV13024,SALE11085,CUST02773,DLR099,BK003,Suspension & Brakes,2599,Approved,2413
CLM02671,2020-12-06,SERV04579,SALE07778,CUST04384,DLR136,BK002,Suspension & Brakes,5068,Approved,4569
CLM02672,2023-07-21,SERV07566,SALE04715,CUST00324,DLR051,BK001,Exhaust System,8345,Pending Verification,0
CLM02673,2025-05-02,SERV01389,SALE00648,CUST01197,DLR069,BK001,Frame & Chassis,3809,Approved,3643
CLM02674,2023-02-06,SERV09544,SALE00862,CUST04423,DLR137,BK001,Engine & Transmission,29547,Approved,29163
CLM02675,2022-03-03,SERV11427,SALE02813,CUST04572,DLR039,BK002,Fuel System & EFI,10530,Approved,9667
CLM02676,2023-10-25,SERV14175,SALE06321,CUST00029,DLR049,BK004,Suspension & Brakes,7709,Approved,7605
CLM02677,2024-08-27,SERV05596,SALE01503,CUST00366,DLR039,BK001,Exhaust System,4053,Approved,3883
CLM02678,2026-07-09,SERV07575,SALE04840,CUST02734,DLR138,BK003,Frame & Chassis,6297,Approved,5883
CLM02679,2021-07-26,SERV14040,SALE07615,CUST00956,DLR128,BK007,Frame & Chassis,7082,Rejected,0
CLM02680,2024-06-07,SERV14052,SALE00273,CUST01583,DLR157,BK008,Engine & Transmission,15535,Approved,15330
CLM02681,2026-07-04,SERV07305,SALE10175,CUST03023,DLR079,BK002,Frame & Chassis,2427,Approved,2273
CLM02682,2023-12-13,SERV10155,SALE03907,CUST02554,DLR038,BK003,Fuel System & EFI,10570,Approved,9681
CLM02683,2023-01-20,SERV14381,SALE16943,CUST00634,DLR086,BK005,Frame & Chassis,6730,Approved,6139
CLM02684,2022-12-22,SERV13130,SALE00039,CUST02458,DLR081,BK001,Fuel System & EFI,6957,Approved,6766
CLM02685,2021-08-23,SERV02908,SALE14450,CUST03103,DLR142,BK004,Frame & Chassis,5468,Approved,5147
CLM02686,2023-02-16,SERV13864,SALE06401,CUST03652,DLR166,BK007,Frame & Chassis,4188,Approved,4051
CLM02687,2020-08-25,SERV10617,SALE00330,CUST04269,DLR176,BK001,Frame & Chassis,4139,Approved,4136
CLM02688,2022-12-21,SERV13789,SALE16605,CUST02758,DLR155,BK001,Engine & Transmission,23846,Pending Verification,0
CLM02689,2026-05-30,SERV04693,SALE13366,CUST00205,DLR109,BK011,Electrical System,7047,Approved,6759
CLM02690,2020-12-07,SERV04930,SALE08452,CUST02353,DLR176,BK003,Engine & Transmission,29237,Rejected,0
CLM02691,2022-02-24,SERV00684,SALE06610,CUST03114,DLR013,BK011,Exhaust System,8328,Pending Verification,0
CLM02692,2021-07-14,SERV09692,SALE01560,CUST03331,DLR069,BK002,Electrical System,8104,Rejected,0
CLM02693,2021-03-24,SERV13061,SALE05727,CUST03204,DLR189,BK013,Exhaust System,7091,Pending Verification,0
CLM02694,2021-12-25,SERV07836,SALE12330,CUST00696,DLR018,BK002,Fuel System & EFI,7903,Approved,7740
CLM02695,2026-07-14,SERV04235,SALE13346,CUST02953,DLR194,BK009,Engine & Transmission,21704,Approved,21611
CLM02696,2023-04-07,SERV01846,SALE05051,CUST03151,DLR063,BK013,Frame & Chassis,2319,Approved,2276
CLM02697,2022-09-29,SERV08436,SALE13749,CUST02821,DLR029,BK005,Exhaust System,7026,Partially Approved,2898
CLM02698,2025-04-25,SERV02268,SALE14902,CUST02484,DLR158,BK001,Electrical System,3750,Rejected,0
CLM02699,2023-06-29,SERV12652,SALE01800,CUST03647,DLR160,BK009,Fuel System & EFI,9938,Approved,9769
CLM02700,2023-04-29,SERV01873,SALE13343,CUST00029,DLR135,BK001,Suspension & Brakes,5862,Rejected,0
CLM02701,2023-08-30,SERV09952,SALE03605,CUST01785,DLR162,BK001,Fuel System & EFI,12791,Pending Verification,0
CLM02702,2023-09-25,SERV09981,SALE18736,CUST01790,DLR183,BK008,Suspension & Brakes,4481,Approved,4177
CLM02703,2020-06-16,SERV08339,SALE17548,CUST02917,DLR199,BK003,Electrical System,5418,Approved,4970
CLM02704,2024-07-16,SERV09777,SALE04500,CUST00178,DLR023,BK002,Frame & Chassis,2569,Approved,2556
CLM02705,2023-12-02,SERV13086,SALE17888,CUST02307,DLR187,BK003,Frame & Chassis,2339,Approved,2337
CLM02706,2025-11-27,SERV05520,SALE16264,CUST04946,DLR188,BK003,Suspension & Brakes,6339,Approved,6136
CLM02707,2024-05-19,SERV02376,SALE16791,CUST02864,DLR045,BK007,Engine & Transmission,29143,Approved,26524
CLM02708,2026-07-20,SERV14150,SALE01876,CUST03693,DLR191,BK002,Engine & Transmission,21898,Approved,20416
CLM02709,2022-07-08,SERV09399,SALE18859,CUST03233,DLR181,BK004,Electrical System,8465,Approved,7746
CLM02710,2026-08-03,SERV09205,SALE03485,CUST00724,DLR090,BK003,Exhaust System,4198,Approved,4008
CLM02711,2026-07-21,SERV12040,SALE07579,CUST00160,DLR066,BK010,Frame & Chassis,7922,Approved,7905
CLM02712,2023-09-12,SERV01569,SALE08340,CUST01097,DLR031,BK001,Fuel System & EFI,8300,Approved,8122
CLM02713,2023-10-10,SERV13676,SALE16725,CUST01118,DLR153,BK005,Exhaust System,1754,Partially Approved,747
CLM02714,2023-12-12,SERV08990,SALE12971,CUST01384,DLR047,BK002,Suspension & Brakes,9816,Approved,9214
CLM02715,2022-04-22,SERV08451,SALE16176,CUST01783,DLR159,BK003,Frame & Chassis,5571,Approved,5472
CLM02716,2024-01-09,SERV07546,SALE08690,CUST04724,DLR199,BK006,Electrical System,8365,Pending Verification,0
CLM02717,2021-04-12,SERV01247,SALE14432,CUST02243,DLR037,BK003,Engine & Transmission,14511,Approved,14371
CLM02718,2022-05-27,SERV00184,SALE07488,CUST00714,DLR168,BK003,Frame & Chassis,5635,Approved,5483
CLM02719,2024-09-03,SERV06748,SALE00138,CUST01121,DLR025,BK004,Exhaust System,5102,Approved,4881
CLM02720,2023-02-06,SERV09632,SALE09523,CUST02343,DLR047,BK006,Frame & Chassis,8207,Approved,7549
CLM02721,2026-03-27,SERV05573,SALE08870,CUST00055,DLR134,BK006,Suspension & Brakes,11063,Approved,10452
CLM02722,2026-02-05,SERV11626,SALE09879,CUST04178,DLR016,BK003,Exhaust System,7976,Rejected,0
CLM02723,2021-07-17,SERV14861,SALE12277,CUST02851,DLR183,BK002,Exhaust System,5405,Approved,5214
CLM02724,2026-07-16,SERV03051,SALE00050,CUST01451,DLR007,BK005,Electrical System,14404,Approved,13087
CLM02725,2024-07-31,SERV05318,SALE06182,CUST03316,DLR028,BK003,Exhaust System,6738,Rejected,0
CLM02726,2022-04-28,SERV01257,SALE02126,CUST00001,DLR179,BK009,Engine & Transmission,12724,Rejected,0
CLM02727,2023-02-01,SERV14813,SALE10393,CUST03333,DLR122,BK010,Exhaust System,4978,Pending Verification,0
CLM02728,2021-05-13,SERV06469,SALE02075,CUST04185,DLR124,BK004,Frame & Chassis,6177,Approved,5760
CLM02729,2024-10-28,SERV05696,SALE07953,CUST03126,DLR029,BK007,Suspension & Brakes,4981,Approved,4668
CLM02730,2023-09-19,SERV08682,SALE17070,CUST01587,DLR080,BK002,Electrical System,8086,Approved,7869
CLM02731,2026-07-06,SERV14193,SALE00240,CUST00598,DLR016,BK003,Engine & Transmission,28026,Approved,27770
CLM02732,2026-07-02,SERV11537,SALE13767,CUST04455,DLR029,BK001,Engine & Transmission,13740,Rejected,0
CLM02733,2022-06-30,SERV12580,SALE15914,CUST04944,DLR015,BK004,Suspension & Brakes,4728,Approved,4346
CLM02734,2022-03-21,SERV11157,SALE11086,CUST02438,DLR134,BK003,Electrical System,6820,Rejected,0
CLM02735,2026-07-13,SERV06447,SALE14664,CUST02413,DLR169,BK001,Exhaust System,6882,Approved,6466
CLM02736,2021-06-17,SERV10176,SALE11480,CUST03508,DLR155,BK009,Suspension & Brakes,3204,Partially Approved,2271
CLM02737,2023-08-03,SERV06436,SALE14994,CUST02313,DLR138,BK001,Engine & Transmission,29263,Approved,28206
CLM02738,2026-07-23,SERV14490,SALE03634,CUST02085,DLR130,BK005,Frame & Chassis,4433,Pending Verification,0
CLM02739,2026-07-14,SERV01234,SALE14029,CUST02027,DLR140,BK005,Engine & Transmission,18004,Approved,17195
CLM02740,2024-12-17,SERV07176,SALE03579,CUST03476,DLR187,BK001,Fuel System & EFI,10942,Pending Verification,0
CLM02741,2023-12-02,SERV07828,SALE16212,CUST01520,DLR111,BK002,Exhaust System,2573,Approved,2519
CLM02742,2022-10-14,SERV07628,SALE08840,CUST01657,DLR016,BK003,Exhaust System,7896,Approved,7142
CLM02743,2024-12-07,SERV13403,SALE10299,CUST00140,DLR048,BK004,Engine & Transmission,14971,Approved,13844
CLM02744,2024-02-16,SERV02002,SALE06841,CUST02312,DLR053,BK001,Frame & Chassis,5136,Approved,4762
CLM02745,2025-09-26,SERV08551,SALE09137,CUST01157,DLR002,BK002,Electrical System,9400,Approved,9222
CLM02746,2026-01-18,SERV01419,SALE12028,CUST00893,DLR122,BK003,Frame & Chassis,7011,Approved,6608
CLM02747,2023-10-02,SERV12864,SALE01864,CUST00618,DLR186,BK005,Frame & Chassis,5046,Approved,4791
CLM02748,2022-12-29,SERV13373,SALE08468,CUST01383,DLR149,BK003,Fuel System & EFI,12172,Pending Verification,0
CLM02749,2021-07-18,SERV13999,SALE16300,CUST03956,DLR103,BK002,Electrical System,4129,Approved,3842
CLM02750,2026-07-18,SERV06161,SALE14104,CUST02721,DLR167,BK001,Fuel System & EFI,12515,Approved,12086
CLM02751,2023-02-24,SERV02017,SALE07819,CUST00175,DLR039,BK009,Electrical System,13479,Approved,13028
CLM02752,2025-06-26,SERV02628,SALE08320,CUST02960,DLR061,BK002,Fuel System & EFI,15917,Approved,14552
CLM02753,2026-02-09,SERV01473,SALE02740,CUST02416,DLR008,BK003,Electrical System,7851,Approved,7693
CLM02754,2022-06-18,SERV02892,SALE06928,CUST00257,DLR113,BK004,Electrical System,5614,Approved,5563
CLM02755,2021-09-30,SERV06727,SALE07908,CUST01491,DLR115,BK004,Frame & Chassis,3358,Approved,3032
CLM02756,2024-04-03,SERV14089,SALE14494,CUST04636,DLR189,BK011,Fuel System & EFI,7884,Approved,7835
CLM02757,2026-07-16,SERV12923,SALE19093,CUST01295,DLR195,BK005,Frame & Chassis,3753,Approved,3478
CLM02758,2020-09-09,SERV04136,SALE00368,CUST03218,DLR037,BK004,Suspension & Brakes,3895,Approved,3863
CLM02759,2026-06-26,SERV02631,SALE19527,CUST03530,DLR069,BK001,Suspension & Brakes,11835,Pending Verification,0
CLM02760,2025-07-06,SERV03527,SALE13404,CUST02295,DLR113,BK002,Exhaust System,5224,Rejected,0
CLM02761,2024-11-27,SERV11417,SALE01455,CUST03903,DLR195,BK013,Frame & Chassis,2756,Approved,2718
CLM02762,2022-08-04,SERV13082,SALE15370,CUST03764,DLR126,BK006,Electrical System,7807,Pending Verification,0
CLM02763,2024-11-07,SERV09426,SALE18005,CUST04566,DLR034,BK003,Frame & Chassis,8452,Approved,8296
CLM02764,2021-08-29,SERV07143,SALE13926,CUST00657,DLR109,BK002,Fuel System & EFI,10941,Approved,10036
CLM02765,2020-09-08,SERV06974,SALE13214,CUST00258,DLR158,BK004,Frame & Chassis,2474,Approved,2301
CLM02766,2026-07-04,SERV11131,SALE12249,CUST03168,DLR089,BK006,Frame & Chassis,4086,Approved,3813
CLM02767,2024-03-29,SERV12660,SALE10151,CUST01913,DLR025,BK002,Exhaust System,3383,Approved,3318
CLM02768,2023-05-06,SERV13248,SALE05829,CUST03360,DLR161,BK007,Electrical System,11467,Approved,10608
CLM02769,2024-05-19,SERV05650,SALE00187,CUST03691,DLR088,BK001,Frame & Chassis,6807,Approved,6450
CLM02770,2021-09-28,SERV10991,SALE17384,CUST02174,DLR055,BK001,Engine & Transmission,19702,Approved,19016
CLM02771,2023-03-07,SERV08351,SALE13388,CUST03950,DLR140,BK003,Engine & Transmission,28876,Approved,28383
CLM02772,2021-10-31,SERV07958,SALE03518,CUST03347,DLR144,BK004,Fuel System & EFI,5134,Approved,4999
CLM02773,2026-07-13,SERV11000,SALE09227,CUST04903,DLR028,BK004,Suspension & Brakes,11436,Approved,10874
CLM02774,2022-03-08,SERV04934,SALE16141,CUST04055,DLR140,BK001,Electrical System,7416,Approved,7091
CLM02775,2025-02-24,SERV13319,SALE04105,CUST01225,DLR167,BK004,Electrical System,15165,Approved,13978
CLM02776,2024-04-14,SERV09589,SALE01617,CUST03262,DLR166,BK001,Electrical System,4851,Approved,4531
CLM02777,2021-01-03,SERV14079,SALE08916,CUST04637,DLR184,BK003,Fuel System & EFI,4682,Rejected,0
CLM02778,2025-06-26,SERV09879,SALE19171,CUST04424,DLR089,BK001,Fuel System & EFI,10811,Approved,10592
CLM02779,2025-06-26,SERV10606,SALE02851,CUST04889,DLR132,BK004,Fuel System & EFI,15988,Pending Verification,0
CLM02780,2023-08-28,SERV14543,SALE00467,CUST01632,DLR095,BK003,Electrical System,9374,Approved,8468
CLM02781,2021-05-24,SERV05836,SALE16476,CUST00701,DLR081,BK006,Electrical System,4780,Approved,4467
CLM02782,2022-04-28,SERV14536,SALE02691,CUST04881,DLR186,BK002,Engine & Transmission,29990,Approved,29006
CLM02783,2025-02-01,SERV01609,SALE07196,CUST00372,DLR036,BK011,Frame & Chassis,1906,Approved,1807
CLM02784,2026-06-25,SERV13543,SALE11819,CUST03863,DLR136,BK003,Exhaust System,8240,Pending Verification,0
CLM02785,2026-07-10,SERV00471,SALE05387,CUST01240,DLR141,BK001,Electrical System,3572,Approved,3445
CLM02786,2021-08-01,SERV13841,SALE15781,CUST03745,DLR063,BK001,Frame & Chassis,4074,Pending Verification,0
CLM02787,2023-06-25,SERV09595,SALE11102,CUST00320,DLR080,BK003,Electrical System,11094,Approved,10143
CLM02788,2025-09-29,SERV12625,SALE03263,CUST04650,DLR193,BK005,Fuel System & EFI,6638,Approved,6063
CLM02789,2025-05-20,SERV14291,SALE19752,CUST04818,DLR087,BK009,Fuel System & EFI,11689,Pending Verification,0
CLM02790,2026-07-22,SERV14161,SALE13019,CUST01505,DLR025,BK001,Electrical System,13272,Approved,12055
CLM02791,2026-02-11,SERV06451,SALE00599,CUST01436,DLR127,BK001,Frame & Chassis,2316,Rejected,0
CLM02792,2023-09-27,SERV08232,SALE06987,CUST03610,DLR125,BK002,Engine & Transmission,11917,Rejected,0
CLM02793,2022-03-29,SERV04520,SALE09109,CUST01029,DLR179,BK007,Suspension & Brakes,6322,Approved,5780
CLM02794,2024-05-12,SERV14742,SALE04874,CUST03801,DLR137,BK002,Suspension & Brakes,2819,Approved,2751
CLM02795,2025-10-03,SERV07875,SALE19072,CUST00277,DLR035,BK003,Electrical System,4380,Approved,4095
CLM02796,2026-01-30,SERV05081,SALE07590,CUST00844,DLR036,BK003,Suspension & Brakes,4707,Approved,4564
CLM02797,2024-09-06,SERV12257,SALE08729,CUST04890,DLR125,BK004,Electrical System,9857,Rejected,0
CLM02798,2022-03-10,SERV10114,SALE19161,CUST02440,DLR177,BK002,Frame & Chassis,2025,Approved,2024
CLM02799,2023-05-06,SERV13799,SALE14428,CUST00303,DLR195,BK004,Frame & Chassis,1886,Approved,1885
CLM02800,2021-11-28,SERV10850,SALE18307,CUST00245,DLR180,BK002,Electrical System,9635,Approved,9212
CLM02801,2022-07-15,SERV12141,SALE12283,CUST00354,DLR102,BK003,Exhaust System,3886,Approved,3532
CLM02802,2022-06-10,SERV09187,SALE16076,CUST03955,DLR010,BK001,Exhaust System,7200,Approved,6704
CLM02803,2021-04-24,SERV03918,SALE16696,CUST02096,DLR006,BK003,Engine & Transmission,15552,Approved,15125
CLM02804,2023-04-05,SERV08364,SALE06424,CUST03494,DLR104,BK001,Exhaust System,3288,Approved,3151
CLM02805,2026-06-01,SERV07220,SALE12849,CUST00370,DLR027,BK002,Electrical System,11178,Approved,10475
CLM02806,2023-03-01,SERV07403,SALE14713,CUST00577,DLR164,BK006,Suspension & Brakes,8917,Approved,8734
CLM02807,2023-10-19,SERV04011,SALE05311,CUST00823,DLR070,BK001,Fuel System & EFI,14295,Pending Verification,0
CLM02808,2021-12-10,SERV13758,SALE12000,CUST03712,DLR082,BK004,Electrical System,10107,Approved,9135
CLM02809,2023-01-13,SERV08698,SALE15439,CUST02606,DLR094,BK002,Exhaust System,7825,Approved,7060
CLM02810,2025-01-20,SERV07899,SALE15590,CUST00681,DLR021,BK002,Engine & Transmission,31087,Approved,28735
CLM02811,2025-12-27,SERV09223,SALE09781,CUST03530,DLR070,BK007,Engine & Transmission,24661,Approved,24476
CLM02812,2024-08-25,SERV08911,SALE09367,CUST03561,DLR051,BK001,Fuel System & EFI,3924,Approved,3664
CLM02813,2021-03-16,SERV07191,SALE08055,CUST00762,DLR061,BK003,Electrical System,12999,Approved,12623
CLM02814,2026-01-20,SERV14410,SALE09842,CUST03689,DLR163,BK003,Frame & Chassis,3738,Approved,3393
CLM02815,2021-04-25,SERV01127,SALE13640,CUST03190,DLR147,BK002,Engine & Transmission,25745,Approved,24037
CLM02816,2026-07-07,SERV01233,SALE13472,CUST00208,DLR038,BK004,Engine & Transmission,20622,Rejected,0
CLM02817,2026-07-04,SERV12853,SALE13808,CUST03698,DLR192,BK012,Engine & Transmission,30318,Rejected,0
CLM02818,2025-08-17,SERV03542,SALE11349,CUST00992,DLR006,BK013,Fuel System & EFI,7762,Approved,7159
CLM02819,2026-07-09,SERV03035,SALE17907,CUST03133,DLR020,BK002,Frame & Chassis,4207,Approved,4016
CLM02820,2025-08-07,SERV07187,SALE05606,CUST00468,DLR125,BK004,Electrical System,11093,Approved,10589
CLM02821,2024-02-14,SERV13928,SALE15638,CUST00914,DLR077,BK001,Exhaust System,6456,Approved,5884
CLM02822,2021-11-21,SERV10784,SALE05437,CUST00021,DLR177,BK003,Frame & Chassis,4344,Approved,3957
CLM02823,2023-02-28,SERV05775,SALE02289,CUST01312,DLR184,BK003,Engine & Transmission,30920,Rejected,0
CLM02824,2024-06-06,SERV10287,SALE18582,CUST03813,DLR133,BK001,Engine & Transmission,19421,Partially Approved,9475
CLM02825,2021-09-17,SERV09034,SALE06185,CUST04376,DLR135,BK003,Exhaust System,6123,Approved,5754
CLM02826,2026-07-29,SERV11037,SALE02483,CUST03669,DLR151,BK002,Engine & Transmission,12587,Approved,11460
CLM02827,2023-07-09,SERV03043,SALE11360,CUST00345,DLR064,BK003,Fuel System & EFI,9055,Approved,8310
CLM02828,2024-10-30,SERV01222,SALE10585,CUST01816,DLR071,BK003,Fuel System & EFI,3825,Rejected,0
CLM02829,2022-03-12,SERV00535,SALE07928,CUST02983,DLR196,BK001,Engine & Transmission,12039,Approved,11097
CLM02830,2023-10-20,SERV06947,SALE09543,CUST02439,DLR170,BK002,Frame & Chassis,6492,Approved,5945
CLM02831,2022-03-13,SERV02615,SALE17450,CUST04583,DLR024,BK001,Fuel System & EFI,9214,Pending Verification,0
CLM02832,2026-07-07,SERV06679,SALE13862,CUST00856,DLR028,BK001,Frame & Chassis,7630,Approved,7421
CLM02833,2023-10-16,SERV01339,SALE05434,CUST01053,DLR028,BK002,Exhaust System,8434,Approved,7859
CLM02834,2023-05-14,SERV02099,SALE12729,CUST01051,DLR106,BK002,Fuel System & EFI,10699,Approved,9957
CLM02835,2026-06-28,SERV06301,SALE02550,CUST00322,DLR189,BK010,Frame & Chassis,2971,Approved,2929
CLM02836,2026-01-06,SERV12435,SALE19356,CUST03689,DLR018,BK004,Frame & Chassis,4195,Rejected,0
CLM02837,2023-10-20,SERV04627,SALE04412,CUST04281,DLR080,BK002,Frame & Chassis,5382,Pending Verification,0
CLM02838,2024-09-18,SERV00333,SALE07526,CUST02337,DLR122,BK002,Electrical System,11624,Approved,11478
CLM02839,2023-03-10,SERV08202,SALE04042,CUST03616,DLR184,BK013,Suspension & Brakes,5191,Approved,4975
CLM02840,2022-07-07,SERV10998,SALE06315,CUST01218,DLR177,BK005,Frame & Chassis,5609,Approved,5056
CLM02841,2026-07-08,SERV10239,SALE10002,CUST04082,DLR005,BK001,Engine & Transmission,22397,Pending Verification,0
CLM02842,2025-08-10,SERV02772,SALE05645,CUST00669,DLR031,BK002,Exhaust System,4653,Approved,4523
CLM02843,2026-07-14,SERV12626,SALE14392,CUST02853,DLR087,BK001,Exhaust System,1578,Approved,1526
CLM02844,2026-05-13,SERV06216,SALE09928,CUST02154,DLR110,BK003,Frame & Chassis,4026,Approved,3936
CLM02845,2021-05-18,SERV00481,SALE05663,CUST01144,DLR126,BK003,Frame & Chassis,4176,Approved,3875
CLM02846,2022-06-08,SERV02429,SALE03065,CUST04242,DLR071,BK003,Suspension & Brakes,5789,Approved,5286
CLM02847,2026-07-16,SERV11048,SALE14225,CUST04675,DLR174,BK002,Fuel System & EFI,10294,Rejected,0
CLM02848,2022-11-04,SERV06592,SALE02229,CUST00775,DLR071,BK014,Exhaust System,3194,Rejected,0
CLM02849,2023-04-11,SERV11010,SALE17084,CUST01484,DLR028,BK003,Fuel System & EFI,13594,Rejected,0
CLM02850,2026-07-18,SERV12759,SALE10123,CUST00412,DLR179,BK002,Frame & Chassis,1777,Rejected,0
CLM02851,2025-01-23,SERV04824,SALE01858,CUST00658,DLR142,BK001,Engine & Transmission,27735,Pending Verification,0
CLM02852,2023-06-10,SERV13888,SALE05985,CUST00152,DLR185,BK002,Suspension & Brakes,8139,Approved,7513
CLM02853,2023-02-27,SERV14346,SALE19767,CUST03952,DLR178,BK002,Engine & Transmission,27756,Approved,26113
CLM02854,2024-12-03,SERV08916,SALE02325,CUST04780,DLR005,BK002,Fuel System & EFI,9464,Approved,9198
CLM02855,2024-05-18,SERV08160,SALE10878,CUST00704,DLR139,BK003,Exhaust System,8466,Rejected,0
CLM02856,2022-11-07,SERV02299,SALE07928,CUST02983,DLR196,BK001,Engine & Transmission,24258,Approved,22131
CLM02857,2022-04-12,SERV05010,SALE07248,CUST04073,DLR063,BK006,Engine & Transmission,10596,Approved,10307
CLM02858,2025-12-10,SERV09652,SALE05517,CUST04287,DLR123,BK002,Fuel System & EFI,14738,Approved,13878
CLM02859,2021-04-24,SERV05197,SALE18219,CUST00065,DLR110,BK008,Frame & Chassis,6231,Approved,5733
CLM02860,2022-06-08,SERV08253,SALE00686,CUST03560,DLR034,BK003,Engine & Transmission,27363,Approved,25868
CLM02861,2021-02-22,SERV00910,SALE03991,CUST03467,DLR010,BK004,Suspension & Brakes,10230,Rejected,0
CLM02862,2020-08-28,SERV07047,SALE19766,CUST01745,DLR051,BK005,Engine & Transmission,29771,Approved,27537
CLM02863,2025-06-26,SERV09961,SALE00664,CUST00547,DLR034,BK007,Suspension & Brakes,4233,Approved,4228
CLM02864,2025-03-07,SERV05921,SALE01657,CUST04942,DLR062,BK012,Electrical System,8083,Partially Approved,4100
CLM02865,2021-12-05,SERV03486,SALE04923,CUST01180,DLR079,BK001,Suspension & Brakes,3424,Pending Verification,0
CLM02866,2023-09-30,SERV00183,SALE03750,CUST02502,DLR154,BK003,Fuel System & EFI,14814,Approved,13945
CLM02867,2025-11-26,SERV02314,SALE17076,CUST03509,DLR127,BK002,Frame & Chassis,5858,Pending Verification,0
CLM02868,2021-04-17,SERV00778,SALE17183,CUST00714,DLR054,BK003,Frame & Chassis,2078,Pending Verification,0
CLM02869,2025-02-17,SERV10482,SALE03582,CUST02146,DLR007,BK002,Fuel System & EFI,7375,Rejected,0
CLM02870,2025-03-27,SERV03538,SALE15416,CUST02729,DLR034,BK001,Engine & Transmission,11431,Approved,10404
CLM02871,2026-07-16,SERV03413,SALE10930,CUST00360,DLR170,BK007,Engine & Transmission,28219,Approved,27564
CLM02872,2026-07-12,SERV14739,SALE03373,CUST02712,DLR064,BK004,Suspension & Brakes,10508,Pending Verification,0
CLM02873,2025-07-29,SERV11084,SALE07158,CUST04018,DLR109,BK005,Suspension & Brakes,10707,Rejected,0
CLM02874,2021-04-13,SERV05543,SALE10344,CUST04626,DLR051,BK006,Electrical System,13441,Approved,12957
CLM02875,2026-07-06,SERV14549,SALE14295,CUST02387,DLR127,BK002,Suspension & Brakes,4541,Approved,4320
CLM02876,2026-07-25,SERV01930,SALE09833,CUST03120,DLR136,BK002,Exhaust System,7923,Approved,7713
CLM02877,2026-07-23,SERV03798,SALE18460,CUST04505,DLR187,BK005,Suspension & Brakes,4885,Approved,4634
CLM02878,2023-01-19,SERV09279,SALE10238,CUST00248,DLR131,BK006,Frame & Chassis,2140,Approved,2074
CLM02879,2026-03-04,SERV13575,SALE02322,CUST01152,DLR003,BK004,Fuel System & EFI,8226,Approved,7469
CLM02880,2023-10-13,SERV08402,SALE14096,CUST00448,DLR109,BK001,Frame & Chassis,8040,Approved,7590
CLM02881,2022-01-14,SERV05814,SALE00557,CUST01159,DLR011,BK003,Frame & Chassis,4869,Pending Verification,0
CLM02882,2024-06-13,SERV00511,SALE05033,CUST01121,DLR080,BK002,Fuel System & EFI,11892,Approved,11511
CLM02883,2021-12-16,SERV03510,SALE19766,CUST01745,DLR051,BK005,Exhaust System,1774,Approved,1699
CLM02884,2021-03-03,SERV07522,SALE18775,CUST04269,DLR174,BK001,Exhaust System,2294,Approved,2274
CLM02885,2026-07-02,SERV12975,SALE18672,CUST04013,DLR134,BK003,Electrical System,5958,Pending Verification,0
CLM02886,2025-10-13,SERV08100,SALE16756,CUST03596,DLR088,BK003,Electrical System,15405,Approved,15265
CLM02887,2026-06-28,SERV00173,SALE04127,CUST03413,DLR123,BK003,Frame & Chassis,4307,Approved,4192
CLM02888,2023-08-09,SERV03124,SALE01145,CUST01089,DLR045,BK005,Engine & Transmission,17771,Approved,16046
CLM02889,2026-07-05,SERV05273,SALE16301,CUST04687,DLR143,BK005,Engine & Transmission,12770,Rejected,0
CLM02890,2024-02-22,SERV04951,SALE03100,CUST04934,DLR030,BK001,Frame & Chassis,7171,Pending Verification,0
CLM02891,2026-04-20,SERV09578,SALE14086,CUST00302,DLR159,BK005,Suspension & Brakes,7332,Rejected,0
CLM02892,2020-11-17,SERV13018,SALE09930,CUST00882,DLR072,BK005,Engine & Transmission,15551,Approved,14882
CLM02893,2025-03-06,SERV05925,SALE15372,CUST00468,DLR152,BK003,Electrical System,7087,Pending Verification,0
CLM02894,2025-02-20,SERV11743,SALE11158,CUST04038,DLR148,BK004,Engine & Transmission,21371,Approved,20491
CLM02895,2022-06-20,SERV13063,SALE08109,CUST00357,DLR060,BK001,Suspension & Brakes,3543,Pending Verification,0
CLM02896,2022-01-20,SERV05280,SALE13311,CUST01293,DLR098,BK004,Suspension & Brakes,8052,Rejected,0
CLM02897,2022-05-24,SERV01847,SALE03274,CUST04391,DLR063,BK002,Electrical System,15285,Approved,15101
CLM02898,2023-01-18,SERV04288,SALE16586,CUST04892,DLR124,BK001,Fuel System & EFI,6381,Approved,6106
CLM02899,2022-10-11,SERV14160,SALE10764,CUST01791,DLR061,BK002,Frame & Chassis,1596,Approved,1565
CLM02900,2021-02-23,SERV00217,SALE01283,CUST03240,DLR115,BK005,Engine & Transmission,14590,Approved,14019
CLM02901,2023-05-11,SERV04478,SALE01715,CUST00568,DLR081,BK004,Engine & Transmission,24096,Rejected,0
CLM02902,2023-11-26,SERV04163,SALE19396,CUST00464,DLR007,BK002,Engine & Transmission,11749,Approved,10702
CLM02903,2023-05-04,SERV13936,SALE12890,CUST04322,DLR053,BK003,Engine & Transmission,13531,Pending Verification,0
CLM02904,2025-11-14,SERV05470,SALE09434,CUST02514,DLR126,BK005,Frame & Chassis,6151,Approved,5963
CLM02905,2026-07-05,SERV10443,SALE05245,CUST01324,DLR176,BK004,Engine & Transmission,29912,Approved,28218
CLM02906,2026-07-03,SERV12527,SALE14099,CUST04373,DLR064,BK010,Engine & Transmission,30227,Approved,30081
CLM02907,2023-06-18,SERV08056,SALE07918,CUST02583,DLR080,BK003,Electrical System,12070,Approved,11664
CLM02908,2025-05-15,SERV06472,SALE00124,CUST03163,DLR167,BK003,Exhaust System,4599,Approved,4368
CLM02909,2022-01-03,SERV00995,SALE19241,CUST03941,DLR127,BK002,Electrical System,13411,Approved,13042
CLM02910,2024-12-23,SERV14446,SALE14077,CUST01316,DLR096,BK002,Electrical System,13075,Approved,12099
CLM02911,2025-07-28,SERV00996,SALE17214,CUST01157,DLR179,BK004,Engine & Transmission,9386,Approved,8802
CLM02912,2024-02-03,SERV06734,SALE02646,CUST00308,DLR054,BK001,Fuel System & EFI,7863,Approved,7787
CLM02913,2026-07-27,SERV07762,SALE08216,CUST03297,DLR012,BK006,Frame & Chassis,6724,Approved,6081
CLM02914,2026-07-22,SERV07495,SALE10551,CUST00510,DLR096,BK005,Frame & Chassis,5678,Approved,5420
CLM02915,2021-10-07,SERV13937,SALE09153,CUST00358,DLR038,BK005,Fuel System & EFI,4367,Approved,4188
CLM02916,2026-07-26,SERV03496,SALE04673,CUST01151,DLR088,BK006,Electrical System,14505,Partially Approved,5864
CLM02917,2021-10-10,SERV00097,SALE11182,CUST03844,DLR018,BK005,Fuel System & EFI,8368,Approved,7840
CLM02918,2021-11-08,SERV06355,SALE18695,CUST01195,DLR034,BK002,Exhaust System,6084,Approved,5677
CLM02919,2024-01-08,SERV13636,SALE17372,CUST01101,DLR151,BK003,Fuel System & EFI,13918,Approved,13385
CLM02920,2026-07-27,SERV05987,SALE16591,CUST03217,DLR177,BK004,Fuel System & EFI,11532,Pending Verification,0
CLM02921,2026-04-29,SERV05640,SALE03975,CUST00012,DLR191,BK005,Suspension & Brakes,9980,Approved,9959
CLM02922,2021-11-07,SERV13313,SALE10649,CUST02977,DLR047,BK004,Suspension & Brakes,10356,Pending Verification,0
CLM02923,2026-07-11,SERV02981,SALE06816,CUST04071,DLR144,BK002,Electrical System,11583,Pending Verification,0
CLM02924,2021-02-03,SERV14456,SALE14354,CUST03043,DLR190,BK002,Engine & Transmission,29355,Rejected,0
CLM02925,2021-07-19,SERV02309,SALE06708,CUST01915,DLR162,BK010,Suspension & Brakes,6438,Partially Approved,4758
CLM02926,2020-07-04,SERV13479,SALE15850,CUST04738,DLR187,BK005,Engine & Transmission,19033,Approved,17291
CLM02927,2024-09-07,SERV01570,SALE04993,CUST02615,DLR174,BK001,Electrical System,14107,Approved,13027
CLM02928,2024-12-30,SERV03084,SALE00063,CUST02543,DLR051,BK001,Exhaust System,3250,Approved,2995
CLM02929,2023-06-02,SERV07640,SALE14470,CUST02177,DLR013,BK002,Electrical System,13801,Pending Verification,0
CLM02930,2026-04-09,SERV01369,SALE03493,CUST03253,DLR102,BK001,Fuel System & EFI,4810,Approved,4643
CLM02931,2026-07-23,SERV06478,SALE08317,CUST01786,DLR098,BK009,Suspension & Brakes,5647,Approved,5489
CLM02932,2020-08-19,SERV12126,SALE08148,CUST00784,DLR136,BK014,Electrical System,5178,Approved,5115
CLM02933,2021-05-23,SERV00304,SALE17649,CUST03243,DLR081,BK011,Exhaust System,3149,Partially Approved,1428
CLM02934,2026-04-09,SERV04054,SALE07784,CUST02783,DLR187,BK004,Exhaust System,3330,Approved,3299
CLM02935,2022-03-27,SERV02555,SALE00751,CUST02560,DLR148,BK004,Engine & Transmission,15111,Approved,14955
CLM02936,2021-08-08,SERV04400,SALE12275,CUST04757,DLR037,BK002,Fuel System & EFI,6137,Approved,5563
CLM02937,2020-08-14,SERV13452,SALE08506,CUST01092,DLR079,BK001,Exhaust System,8383,Partially Approved,3386
CLM02938,2026-07-13,SERV07441,SALE16869,CUST04622,DLR136,BK005,Fuel System & EFI,11514,Approved,11330
CLM02939,2024-06-29,SERV10247,SALE08010,CUST00920,DLR193,BK004,Exhaust System,5304,Approved,4978
CLM02940,2022-06-30,SERV13259,SALE11195,CUST04093,DLR042,BK001,Suspension & Brakes,2560,Approved,2315
CLM02941,2020-12-15,SERV03243,SALE16080,CUST04827,DLR066,BK004,Engine & Transmission,9871,Rejected,0
CLM02942,2023-06-20,SERV05684,SALE17794,CUST02483,DLR059,BK007,Frame & Chassis,7784,Approved,7452
CLM02943,2025-06-07,SERV12969,SALE01368,CUST02961,DLR101,BK003,Fuel System & EFI,14424,Approved,13998
CLM02944,2025-12-01,SERV13635,SALE11525,CUST01751,DLR024,BK001,Suspension & Brakes,3188,Approved,3043
CLM02945,2025-05-05,SERV00673,SALE17817,CUST00883,DLR117,BK004,Exhaust System,5850,Rejected,0
CLM02946,2022-05-15,SERV00601,SALE13719,CUST03508,DLR112,BK002,Engine & Transmission,16583,Approved,16036
CLM02947,2026-07-25,SERV14888,SALE13741,CUST03251,DLR163,BK003,Fuel System & EFI,11361,Approved,10942
CLM02948,2022-08-11,SERV01143,SALE07606,CUST02801,DLR094,BK008,Suspension & Brakes,5283,Approved,4989
CLM02949,2022-03-06,SERV01543,SALE04088,CUST00444,DLR156,BK005,Engine & Transmission,9630,Rejected,0
CLM02950,2020-08-07,SERV13775,SALE16769,CUST04504,DLR049,BK010,Engine & Transmission,19381,Partially Approved,10687
CLM02951,2026-05-01,SERV09472,SALE17023,CUST01069,DLR194,BK006,Suspension & Brakes,9929,Pending Verification,0
CLM02952,2022-12-17,SERV01375,SALE17955,CUST04049,DLR155,BK005,Electrical System,13818,Approved,12723
CLM02953,2022-04-11,SERV14929,SALE01312,CUST01863,DLR041,BK012,Engine & Transmission,10748,Approved,10263
CLM02954,2022-02-15,SERV04567,SALE19192,CUST04218,DLR132,BK015,Suspension & Brakes,10879,Approved,9798
CLM02955,2021-06-28,SERV01640,SALE14014,CUST00969,DLR050,BK005,Electrical System,8183,Rejected,0
CLM02956,2025-03-17,SERV09189,SALE17032,CUST03620,DLR080,BK002,Frame & Chassis,6304,Approved,6143
CLM02957,2025-01-04,SERV07189,SALE12496,CUST01591,DLR171,BK003,Frame & Chassis,4758,Approved,4440
CLM02958,2023-01-03,SERV08350,SALE16920,CUST00958,DLR163,BK001,Fuel System & EFI,11495,Approved,11283
CLM02959,2024-02-04,SERV06941,SALE06369,CUST01765,DLR179,BK003,Electrical System,9693,Approved,8762
CLM02960,2026-07-28,SERV01500,SALE05688,CUST02036,DLR015,BK003,Frame & Chassis,7976,Approved,7369
CLM02961,2022-09-29,SERV10522,SALE18556,CUST02788,DLR172,BK002,Exhaust System,3442,Approved,3128
CLM02962,2025-06-21,SERV11529,SALE09732,CUST03707,DLR038,BK007,Suspension & Brakes,4522,Approved,4351
CLM02963,2023-09-07,SERV04589,SALE02301,CUST02139,DLR148,BK004,Exhaust System,5512,Pending Verification,0
CLM02964,2022-02-17,SERV12830,SALE07039,CUST04327,DLR195,BK002,Fuel System & EFI,10872,Rejected,0
CLM02965,2021-12-12,SERV07171,SALE01189,CUST00733,DLR112,BK001,Fuel System & EFI,8493,Approved,8477
CLM02966,2026-03-31,SERV14426,SALE03105,CUST00173,DLR114,BK003,Exhaust System,4881,Rejected,0
CLM02967,2023-07-18,SERV03330,SALE11952,CUST03252,DLR140,BK008,Electrical System,7123,Rejected,0
CLM02968,2026-07-17,SERV01535,SALE11446,CUST04041,DLR066,BK004,Suspension & Brakes,3578,Approved,3380
CLM02969,2025-08-25,SERV04647,SALE11756,CUST03851,DLR044,BK002,Exhaust System,2227,Approved,2136
CLM02970,2024-11-17,SERV10787,SALE11460,CUST02350,DLR022,BK001,Fuel System & EFI,10608,Rejected,0
CLM02971,2020-12-02,SERV06990,SALE12394,CUST00518,DLR114,BK001,Fuel System & EFI,8534,Approved,7848
CLM02972,2026-07-13,SERV12296,SALE04776,CUST02731,DLR044,BK003,Engine & Transmission,29294,Approved,26856
CLM02973,2025-06-04,SERV01931,SALE05629,CUST00185,DLR062,BK002,Frame & Chassis,4377,Approved,4036
CLM02974,2025-05-22,SERV00812,SALE02168,CUST01100,DLR157,BK001,Engine & Transmission,20445,Approved,19332
CLM02975,2024-04-01,SERV04161,SALE06866,CUST00117,DLR146,BK002,Suspension & Brakes,6473,Rejected,0
CLM02976,2024-10-25,SERV07277,SALE03249,CUST00631,DLR171,BK003,Suspension & Brakes,3790,Approved,3641
CLM02977,2024-10-25,SERV05975,SALE17607,CUST02488,DLR003,BK004,Electrical System,12769,Approved,12264
CLM02978,2023-08-02,SERV07985,SALE14274,CUST04600,DLR154,BK003,Exhaust System,5643,Approved,5453
CLM02979,2022-05-06,SERV13339,SALE11451,CUST02037,DLR079,BK007,Suspension & Brakes,10464,Rejected,0
CLM02980,2025-03-20,SERV03181,SALE04445,CUST04304,DLR102,BK003,Suspension & Brakes,5421,Approved,5376
CLM02981,2026-07-06,SERV01228,SALE07811,CUST03137,DLR100,BK008,Engine & Transmission,27161,Approved,26292
CLM02982,2025-11-24,SERV05120,SALE11450,CUST02437,DLR105,BK002,Suspension & Brakes,3565,Approved,3224
CLM02983,2023-04-12,SERV10527,SALE13141,CUST00974,DLR159,BK006,Exhaust System,4120,Approved,4051
CLM02984,2026-07-20,SERV13870,SALE07997,CUST02529,DLR013,BK001,Fuel System & EFI,4913,Rejected,0
CLM02985,2021-11-02,SERV00178,SALE16818,CUST00279,DLR172,BK003,Frame & Chassis,6453,Pending Verification,0
CLM02986,2025-10-04,SERV10820,SALE06741,CUST03801,DLR187,BK003,Exhaust System,5899,Approved,5708
CLM02987,2026-07-17,SERV01296,SALE15213,CUST04100,DLR129,BK003,Fuel System & EFI,4878,Approved,4637
CLM02988,2025-11-30,SERV07695,SALE19041,CUST03832,DLR050,BK003,Fuel System & EFI,6744,Approved,6378
CLM02989,2023-01-14,SERV01046,SALE14030,CUST04179,DLR136,BK003,Engine & Transmission,29890,Approved,29862
CLM02990,2022-10-25,SERV01783,SALE10179,CUST01922,DLR170,BK002,Frame & Chassis,7246,Approved,6820
CLM02991,2022-02-15,SERV00656,SALE12404,CUST02033,DLR133,BK002,Engine & Transmission,22429,Approved,20238
CLM02992,2023-05-21,SERV06427,SALE00706,CUST03392,DLR078,BK005,Fuel System & EFI,12313,Approved,11476
CLM02993,2022-03-04,SERV12379,SALE09856,CUST04016,DLR196,BK009,Electrical System,5642,Approved,5134
CLM02994,2022-12-22,SERV14533,SALE07568,CUST00471,DLR027,BK004,Exhaust System,6192,Approved,5608
CLM02995,2025-07-29,SERV13955,SALE13096,CUST00201,DLR162,BK002,Exhaust System,4112,Rejected,0
CLM02996,2026-06-08,SERV08664,SALE07114,CUST01512,DLR110,BK003,Suspension & Brakes,5311,Approved,5152
CLM02997,2022-07-19,SERV05748,SALE11880,CUST00983,DLR093,BK002,Engine & Transmission,13073,Pending Verification,0
CLM02998,2022-09-28,SERV02281,SALE08904,CUST04266,DLR105,BK003,Frame & Chassis,1871,Pending Verification,0
CLM02999,2023-11-07,SERV14775,SALE04800,CUST02774,DLR092,BK005,Exhaust System,1734,Approved,1701
CLM03000,2025-08-25,SERV07500,SALE10054,CUST04458,DLR169,BK002,Fuel System & EFI,13943,Approved,13696
CLM03001,2023-06-12,SERV10936,SALE14729,CUST01972,DLR198,BK005,Electrical System,11842,Approved,10804
CLM03002,2022-03-21,SERV02343,SALE16675,CUST04070,DLR155,BK002,Engine & Transmission,11694,Approved,10529
CLM03003,2024-06-18,SERV08948,SALE09502,CUST02693,DLR158,BK011,Electrical System,15012,Approved,14842
CLM03004,2021-11-18,SERV03015,SALE06016,CUST03637,DLR178,BK001,Suspension & Brakes,9535,Approved,9378
CLM03005,2022-06-09,SERV08447,SALE06143,CUST02877,DLR139,BK003,Electrical System,8422,Approved,7752
CLM03006,2026-07-05,SERV09300,SALE11849,CUST03357,DLR184,BK009,Frame & Chassis,2497,Partially Approved,1817
CLM03007,2023-01-27,SERV08001,SALE12346,CUST02816,DLR018,BK005,Fuel System & EFI,7760,Rejected,0
CLM03008,2026-07-11,SERV05574,SALE13371,CUST04364,DLR146,BK009,Frame & Chassis,8385,Pending Verification,0
CLM03009,2025-09-29,SERV08218,SALE01459,CUST02344,DLR052,BK001,Electrical System,15758,Approved,14467
CLM03010,2025-09-28,SERV12062,SALE05830,CUST02389,DLR045,BK003,Engine & Transmission,13847,Rejected,0
CLM03011,2021-11-15,SERV06019,SALE00703,CUST01080,DLR168,BK003,Frame & Chassis,5830,Approved,5464
CLM03012,2024-04-05,SERV05438,SALE02394,CUST03126,DLR012,BK001,Exhaust System,6435,Approved,6095
CLM03013,2023-09-14,SERV01564,SALE09256,CUST03171,DLR174,BK003,Suspension & Brakes,5962,Partially Approved,4228
CLM03014,2026-08-02,SERV14979,SALE12432,CUST02966,DLR161,BK003,Suspension & Brakes,4662,Approved,4386
CLM03015,2026-01-18,SERV02195,SALE19554,CUST03253,DLR089,BK003,Suspension & Brakes,3629,Approved,3468
CLM03016,2026-07-25,SERV11890,SALE05063,CUST02433,DLR130,BK003,Electrical System,8447,Approved,8230
CLM03017,2023-04-08,SERV11967,SALE08957,CUST03440,DLR042,BK012,Frame & Chassis,7780,Approved,7556
CLM03018,2023-07-04,SERV12607,SALE02859,CUST02368,DLR039,BK001,Frame & Chassis,7150,Rejected,0
CLM03019,2024-04-16,SERV11792,SALE17428,CUST02618,DLR154,BK002,Frame & Chassis,6990,Partially Approved,4917
CLM03020,2025-04-08,SERV04367,SALE12248,CUST04932,DLR178,BK007,Engine & Transmission,25069,Rejected,0
CLM03021,2023-11-07,SERV04631,SALE04063,CUST00713,DLR085,BK006,Electrical System,13387,Approved,13219
CLM03022,2026-07-23,SERV09973,SALE04912,CUST02710,DLR104,BK003,Frame & Chassis,7247,Partially Approved,3188
CLM03023,2022-07-14,SERV04558,SALE08076,CUST00665,DLR138,BK006,Electrical System,11707,Approved,11167
CLM03024,2024-02-18,SERV08569,SALE12814,CUST01861,DLR032,BK002,Suspension & Brakes,10850,Approved,9900
CLM03025,2022-11-28,SERV11275,SALE06171,CUST00170,DLR195,BK004,Engine & Transmission,8776,Rejected,0
CLM03026,2026-04-03,SERV08288,SALE09161,CUST00530,DLR031,BK001,Exhaust System,3878,Pending Verification,0
CLM03027,2025-03-09,SERV13770,SALE17490,CUST04276,DLR007,BK010,Engine & Transmission,26967,Partially Approved,11820
CLM03028,2026-07-17,SERV00955,SALE07093,CUST04707,DLR122,BK004,Frame & Chassis,3479,Approved,3331
CLM03029,2023-12-30,SERV14112,SALE01674,CUST00980,DLR051,BK003,Exhaust System,4909,Rejected,0
CLM03030,2020-10-28,SERV11475,SALE17307,CUST01389,DLR045,BK001,Suspension & Brakes,11848,Approved,11307
CLM03031,2026-02-22,SERV09675,SALE01374,CUST02193,DLR124,BK010,Exhaust System,6523,Approved,6244
CLM03032,2022-06-09,SERV03500,SALE11629,CUST03635,DLR174,BK007,Exhaust System,5625,Rejected,0
CLM03033,2025-04-07,SERV04605,SALE01709,CUST03838,DLR167,BK005,Exhaust System,6232,Approved,5849
CLM03034,2026-07-14,SERV06623,SALE06579,CUST03742,DLR008,BK003,Exhaust System,4249,Approved,4158
CLM03035,2026-07-02,SERV07416,SALE00085,CUST00104,DLR126,BK003,Exhaust System,3489,Pending Verification,0
CLM03036,2023-02-17,SERV04825,SALE03001,CUST02122,DLR183,BK011,Frame & Chassis,6849,Pending Verification,0
CLM03037,2023-04-29,SERV10486,SALE19153,CUST03929,DLR135,BK014,Fuel System & EFI,10695,Approved,10539
CLM03038,2023-03-24,SERV04414,SALE00979,CUST04944,DLR092,BK001,Exhaust System,8263,Approved,7982
CLM03039,2026-01-27,SERV08306,SALE07465,CUST00322,DLR082,BK005,Frame & Chassis,8291,Approved,7490
CLM03040,2026-07-31,SERV04635,SALE10856,CUST01455,DLR142,BK008,Suspension & Brakes,5419,Approved,4913
CLM03041,2025-02-25,SERV11420,SALE04411,CUST02787,DLR088,BK002,Frame & Chassis,2426,Approved,2354
CLM03042,2025-02-16,SERV11773,SALE06063,CUST02491,DLR126,BK001,Frame & Chassis,1915,Approved,1787
CLM03043,2021-09-20,SERV07141,SALE09354,CUST00523,DLR036,BK003,Suspension & Brakes,8346,Rejected,0
CLM03044,2023-06-18,SERV12530,SALE05826,CUST04087,DLR165,BK002,Electrical System,5698,Approved,5692
CLM03045,2022-03-20,SERV14151,SALE03986,CUST04911,DLR144,BK005,Fuel System & EFI,15408,Approved,15078
CLM03046,2026-07-27,SERV09758,SALE04751,CUST03634,DLR172,BK003,Fuel System & EFI,8878,Approved,8038
CLM03047,2026-07-21,SERV03256,SALE02694,CUST04187,DLR198,BK007,Engine & Transmission,27582,Pending Verification,0
CLM03048,2021-01-09,SERV10668,SALE18048,CUST00693,DLR111,BK005,Exhaust System,2631,Approved,2627
CLM03049,2023-03-08,SERV06195,SALE14494,CUST04636,DLR189,BK011,Engine & Transmission,18933,Approved,18842
CLM03050,2021-01-29,SERV10893,SALE07756,CUST04879,DLR126,BK003,Exhaust System,8181,Approved,8003
CLM03051,2026-07-28,SERV03994,SALE12993,CUST02970,DLR180,BK002,Fuel System & EFI,13513,Approved,13255
CLM03052,2022-01-25,SERV06337,SALE07499,CUST01930,DLR068,BK004,Fuel System & EFI,13035,Rejected,0
CLM03053,2024-04-20,SERV06587,SALE15910,CUST01184,DLR110,BK002,Suspension & Brakes,3054,Approved,3041
CLM03054,2022-04-01,SERV02828,SALE19453,CUST01649,DLR191,BK003,Fuel System & EFI,7482,Approved,6878
CLM03055,2024-05-14,SERV01017,SALE03533,CUST00663,DLR060,BK001,Fuel System & EFI,14633,Pending Verification,0
CLM03056,2024-03-14,SERV05962,SALE08396,CUST02594,DLR125,BK012,Exhaust System,5700,Approved,5406
CLM03057,2024-06-06,SERV07378,SALE01989,CUST02271,DLR111,BK002,Fuel System & EFI,15730,Rejected,0
CLM03058,2026-07-04,SERV14349,SALE18964,CUST02632,DLR107,BK007,Electrical System,15287,Approved,15049
CLM03059,2026-07-15,SERV00281,SALE05222,CUST04060,DLR028,BK003,Fuel System & EFI,13306,Rejected,0
CLM03060,2024-04-07,SERV04370,SALE00113,CUST04507,DLR117,BK002,Fuel System & EFI,6020,Approved,5567
CLM03061,2026-04-10,SERV02735,SALE02307,CUST04125,DLR146,BK002,Suspension & Brakes,3574,Approved,3563
CLM03062,2022-08-08,SERV07402,SALE19522,CUST00546,DLR171,BK004,Fuel System & EFI,6380,Approved,6052
CLM03063,2025-03-18,SERV11998,SALE02946,CUST00089,DLR075,BK002,Electrical System,11981,Approved,10787
CLM03064,2024-05-11,SERV07405,SALE02195,CUST04625,DLR182,BK006,Fuel System & EFI,3937,Approved,3865
CLM03065,2023-01-29,SERV07275,SALE05794,CUST04267,DLR184,BK002,Fuel System & EFI,15519,Approved,14814
CLM03066,2025-06-06,SERV01926,SALE14420,CUST04953,DLR071,BK001,Electrical System,13722,Partially Approved,8023
CLM03067,2025-08-06,SERV11865,SALE10887,CUST00089,DLR131,BK004,Electrical System,14038,Approved,12718
CLM03068,2026-07-23,SERV12689,SALE09800,CUST01068,DLR085,BK005,Electrical System,6837,Rejected,0
CLM03069,2022-09-06,SERV03065,SALE18806,CUST03241,DLR118,BK002,Engine & Transmission,17371,Approved,15982
CLM03070,2021-04-29,SERV07574,SALE16009,CUST02445,DLR111,BK001,Fuel System & EFI,9277,Approved,8685
CLM03071,2025-11-15,SERV08361,SALE05513,CUST01431,DLR066,BK001,Fuel System & EFI,15657,Approved,14116
CLM03072,2022-10-16,SERV01144,SALE15351,CUST01709,DLR174,BK003,Electrical System,12403,Pending Verification,0
CLM03073,2023-07-16,SERV06228,SALE08120,CUST04180,DLR094,BK003,Suspension & Brakes,2719,Approved,2659
CLM03074,2022-05-05,SERV01916,SALE01835,CUST03183,DLR042,BK005,Engine & Transmission,27179,Rejected,0
CLM03075,2022-09-05,SERV03248,SALE05456,CUST01508,DLR070,BK004,Exhaust System,4896,Rejected,0
CLM03076,2026-07-13,SERV01685,SALE12432,CUST02966,DLR161,BK003,Fuel System & EFI,15747,Approved,15556
CLM03077,2025-09-24,SERV14101,SALE11438,CUST00831,DLR110,BK005,Exhaust System,5539,Pending Verification,0
CLM03078,2025-05-25,SERV13863,SALE12793,CUST01681,DLR139,BK002,Frame & Chassis,3996,Approved,3922
CLM03079,2026-07-27,SERV08815,SALE14898,CUST03854,DLR078,BK003,Suspension & Brakes,9392,Rejected,0
CLM03080,2024-12-11,SERV12499,SALE19526,CUST02171,DLR016,BK003,Engine & Transmission,28533,Approved,27067
CLM03081,2023-11-29,SERV09143,SALE12470,CUST01964,DLR005,BK011,Frame & Chassis,7838,Approved,7662
CLM03082,2024-10-03,SERV01709,SALE00566,CUST01147,DLR051,BK005,Engine & Transmission,20483,Approved,19172
CLM03083,2026-07-14,SERV03520,SALE01087,CUST04739,DLR086,BK002,Fuel System & EFI,14266,Approved,12978
CLM03084,2025-07-14,SERV09764,SALE11391,CUST03501,DLR030,BK003,Exhaust System,3863,Approved,3530
CLM03085,2023-01-15,SERV09240,SALE16401,CUST02199,DLR090,BK002,Exhaust System,6947,Pending Verification,0
CLM03086,2022-03-31,SERV00768,SALE07010,CUST00262,DLR197,BK003,Exhaust System,6643,Approved,6611
CLM03087,2022-11-04,SERV01887,SALE14728,CUST04928,DLR108,BK002,Exhaust System,4318,Approved,4173
CLM03088,2020-04-10,SERV11236,SALE18229,CUST01056,DLR038,BK002,Frame & Chassis,4572,Approved,4214
CLM03089,2023-06-20,SERV07263,SALE15022,CUST03222,DLR019,BK002,Suspension & Brakes,5342,Approved,5332
CLM03090,2025-04-16,SERV14461,SALE04139,CUST03627,DLR098,BK004,Frame & Chassis,3710,Approved,3433
CLM03091,2021-03-22,SERV06122,SALE05580,CUST02356,DLR088,BK012,Engine & Transmission,9163,Approved,8911
CLM03092,2025-02-07,SERV05321,SALE04045,CUST03522,DLR162,BK002,Fuel System & EFI,6394,Approved,5777
CLM03093,2022-12-12,SERV06938,SALE15173,CUST01792,DLR068,BK007,Electrical System,7486,Approved,7466
CLM03094,2025-06-26,SERV06284,SALE07027,CUST02350,DLR088,BK002,Engine & Transmission,9877,Rejected,0
CLM03095,2022-03-06,SERV05424,SALE18447,CUST04138,DLR200,BK002,Suspension & Brakes,3382,Approved,3340
CLM03096,2022-03-19,SERV07465,SALE02251,CUST04055,DLR137,BK002,Frame & Chassis,8498,Approved,8342
CLM03097,2022-05-01,SERV02561,SALE02388,CUST04433,DLR103,BK006,Fuel System & EFI,9608,Approved,8663
CLM03098,2022-06-01,SERV00599,SALE15825,CUST01371,DLR154,BK003,Exhaust System,6967,Approved,6648
CLM03099,2026-07-20,SERV00342,SALE01889,CUST02637,DLR147,BK004,Engine & Transmission,25844,Approved,23573
CLM03100,2026-05-06,SERV12389,SALE00662,CUST01957,DLR185,BK004,Fuel System & EFI,11684,Approved,11131
CLM03101,2026-07-07,SERV11573,SALE13508,CUST01599,DLR030,BK003,Electrical System,7556,Approved,7534
CLM03102,2024-04-18,SERV01429,SALE11592,CUST03786,DLR187,BK002,Frame & Chassis,8374,Approved,7937
CLM03103,2026-07-27,SERV10347,SALE10484,CUST04377,DLR110,BK010,Engine & Transmission,18187,Approved,17572
CLM03104,2023-11-15,SERV02593,SALE17188,CUST03465,DLR018,BK003,Electrical System,6301,Approved,5965
CLM03105,2024-04-07,SERV00757,SALE06622,CUST02316,DLR132,BK005,Suspension & Brakes,10057,Pending Verification,0
CLM03106,2021-11-02,SERV12007,SALE03995,CUST02951,DLR001,BK002,Engine & Transmission,15519,Approved,14745
CLM03107,2021-07-25,SERV01148,SALE11757,CUST00862,DLR199,BK002,Frame & Chassis,6530,Approved,5940
CLM03108,2026-02-25,SERV03755,SALE01202,CUST00177,DLR101,BK003,Suspension & Brakes,9654,Approved,9135
CLM03109,2021-09-18,SERV04034,SALE07620,CUST04919,DLR043,BK005,Electrical System,8105,Rejected,0
CLM03110,2023-04-25,SERV11252,SALE01236,CUST00713,DLR105,BK007,Engine & Transmission,29558,Pending Verification,0
CLM03111,2024-12-28,SERV02859,SALE07984,CUST00059,DLR041,BK001,Engine & Transmission,26353,Approved,25496
CLM03112,2025-02-19,SERV04643,SALE01532,CUST00066,DLR036,BK002,Frame & Chassis,3977,Approved,3886
CLM03113,2022-11-24,SERV14823,SALE16054,CUST01609,DLR200,BK006,Electrical System,10388,Rejected,0
CLM03114,2026-06-01,SERV02478,SALE11139,CUST04968,DLR126,BK002,Suspension & Brakes,9223,Rejected,0
CLM03115,2021-10-07,SERV05247,SALE04909,CUST03654,DLR082,BK003,Electrical System,12259,Approved,11691
CLM03116,2026-07-16,SERV04672,SALE10297,CUST02645,DLR198,BK005,Engine & Transmission,10458,Partially Approved,5265
CLM03117,2024-11-23,SERV09274,SALE04661,CUST00636,DLR023,BK004,Fuel System & EFI,11097,Approved,10136
CLM03118,2023-10-11,SERV06962,SALE07844,CUST02713,DLR111,BK003,Fuel System & EFI,8938,Pending Verification,0
CLM03119,2025-08-26,SERV00076,SALE19512,CUST03596,DLR199,BK001,Exhaust System,6283,Approved,6007
CLM03120,2026-04-28,SERV13144,SALE13685,CUST03191,DLR112,BK002,Electrical System,4551,Approved,4447
CLM03121,2025-07-12,SERV11856,SALE08859,CUST00360,DLR038,BK004,Engine & Transmission,29738,Approved,27467
CLM03122,2022-09-12,SERV03387,SALE09334,CUST03553,DLR050,BK001,Frame & Chassis,5985,Approved,5896
CLM03123,2022-12-17,SERV03933,SALE06692,CUST03973,DLR177,BK014,Exhaust System,5429,Approved,5327
CLM03124,2023-03-27,SERV12371,SALE12725,CUST01858,DLR173,BK002,Fuel System & EFI,7562,Approved,7510
CLM03125,2021-09-05,SERV08783,SALE09441,CUST01547,DLR031,BK003,Fuel System & EFI,8346,Approved,7753
CLM03126,2022-06-27,SERV05995,SALE17355,CUST04122,DLR170,BK009,Exhaust System,6402,Approved,6025
CLM03127,2024-02-28,SERV11065,SALE12267,CUST01245,DLR139,BK003,Exhaust System,1503,Approved,1418
CLM03128,2021-01-13,SERV03110,SALE17473,CUST03508,DLR010,BK003,Engine & Transmission,23128,Partially Approved,10472
CLM03129,2022-04-01,SERV06401,SALE17645,CUST01255,DLR037,BK003,Electrical System,10462,Approved,10230
CLM03130,2022-01-25,SERV12662,SALE17138,CUST04461,DLR128,BK002,Fuel System & EFI,3621,Pending Verification,0
CLM03131,2026-07-06,SERV14752,SALE18477,CUST04330,DLR066,BK005,Fuel System & EFI,8724,Rejected,0
CLM03132,2025-03-22,SERV14402,SALE17214,CUST01157,DLR179,BK004,Suspension & Brakes,9515,Approved,8875
CLM03133,2022-06-25,SERV00943,SALE06348,CUST01149,DLR163,BK002,Fuel System & EFI,6832,Partially Approved,3663
CLM03134,2026-07-10,SERV09558,SALE05054,CUST03861,DLR139,BK005,Frame & Chassis,5829,Approved,5337
CLM03135,2021-02-03,SERV08791,SALE09126,CUST01953,DLR122,BK002,Electrical System,9154,Rejected,0
CLM03136,2026-04-01,SERV08038,SALE16460,CUST02012,DLR157,BK001,Exhaust System,2835,Approved,2662
CLM03137,2026-07-31,SERV07499,SALE15058,CUST00180,DLR091,BK002,Suspension & Brakes,8953,Rejected,0
CLM03138,2024-05-13,SERV13986,SALE14828,CUST01256,DLR061,BK004,Exhaust System,2662,Approved,2595
CLM03139,2023-04-16,SERV07752,SALE10967,CUST01457,DLR172,BK005,Suspension & Brakes,10553,Approved,9720
CLM03140,2024-02-05,SERV04723,SALE11829,CUST01585,DLR135,BK005,Frame & Chassis,3114,Approved,2806
CLM03141,2025-09-22,SERV12365,SALE15846,CUST02648,DLR148,BK004,Fuel System & EFI,9911,Approved,9702
CLM03142,2023-08-27,SERV06768,SALE06040,CUST02774,DLR008,BK003,Exhaust System,2314,Approved,2275
CLM03143,2021-07-25,SERV13174,SALE05716,CUST00638,DLR057,BK002,Fuel System & EFI,14538,Approved,13765
CLM03144,2021-06-17,SERV01360,SALE07975,CUST04948,DLR138,BK002,Engine & Transmission,9953,Rejected,0
CLM03145,2021-05-17,SERV13233,SALE03601,CUST01594,DLR031,BK001,Fuel System & EFI,10193,Approved,9282
CLM03146,2026-07-25,SERV14152,SALE11497,CUST02767,DLR128,BK014,Suspension & Brakes,7319,Rejected,0
CLM03147,2026-04-28,SERV11507,SALE12340,CUST00383,DLR183,BK004,Engine & Transmission,30010,Approved,27168
CLM03148,2022-02-20,SERV04262,SALE17074,CUST01438,DLR052,BK010,Engine & Transmission,25360,Approved,25319
CLM03149,2021-08-28,SERV08139,SALE04131,CUST04227,DLR009,BK002,Electrical System,5572,Approved,5252
CLM03150,2022-05-05,SERV01492,SALE03610,CUST01783,DLR155,BK001,Exhaust System,3311,Approved,3298
CLM03151,2020-10-25,SERV02374,SALE05318,CUST03139,DLR098,BK002,Exhaust System,6610,Approved,6121
CLM03152,2025-09-30,SERV05999,SALE10236,CUST00310,DLR067,BK008,Electrical System,12294,Pending Verification,0
CLM03153,2021-12-31,SERV14569,SALE09748,CUST01717,DLR173,BK005,Exhaust System,1731,Approved,1708
CLM03154,2022-07-07,SERV11359,SALE11795,CUST01227,DLR161,BK008,Electrical System,4581,Approved,4496
CLM03155,2026-07-04,SERV09383,SALE19316,CUST01643,DLR033,BK001,Fuel System & EFI,12310,Approved,11318
CLM03156,2025-01-18,SERV03983,SALE13670,CUST01861,DLR160,BK001,Suspension & Brakes,5464,Approved,5085
CLM03157,2021-02-03,SERV07738,SALE08715,CUST04471,DLR073,BK003,Fuel System & EFI,10047,Pending Verification,0
CLM03158,2025-08-08,SERV00987,SALE03681,CUST03346,DLR125,BK001,Engine & Transmission,28187,Approved,26920
CLM03159,2022-12-27,SERV00627,SALE14262,CUST04919,DLR087,BK002,Engine & Transmission,15160,Pending Verification,0
CLM03160,2026-07-28,SERV13200,SALE12613,CUST03255,DLR124,BK003,Suspension & Brakes,4755,Approved,4284
CLM03161,2020-10-18,SERV01743,SALE09333,CUST00356,DLR153,BK001,Exhaust System,3039,Approved,2868
CLM03162,2026-07-04,SERV01344,SALE05964,CUST03296,DLR048,BK001,Engine & Transmission,14055,Approved,13275
CLM03163,2024-01-29,SERV01888,SALE10947,CUST02478,DLR045,BK002,Fuel System & EFI,10373,Rejected,0
CLM03164,2026-07-20,SERV12302,SALE09181,CUST03471,DLR172,BK014,Electrical System,15864,Pending Verification,0
CLM03165,2026-05-17,SERV13912,SALE13961,CUST01318,DLR074,BK001,Frame & Chassis,7498,Approved,7002
CLM03166,2022-04-03,SERV03239,SALE13259,CUST02199,DLR111,BK003,Electrical System,15260,Approved,14945
CLM03167,2020-11-22,SERV07798,SALE12746,CUST04371,DLR094,BK001,Electrical System,10512,Partially Approved,5452
CLM03168,2021-06-09,SERV07835,SALE01822,CUST01656,DLR143,BK002,Exhaust System,6804,Approved,6747
CLM03169,2024-01-13,SERV05390,SALE00778,CUST01940,DLR129,BK003,Engine & Transmission,8542,Approved,7855
CLM03170,2026-07-15,SERV04646,SALE09056,CUST01387,DLR085,BK001,Exhaust System,3602,Approved,3276
CLM03171,2024-04-03,SERV06868,SALE03579,CUST03476,DLR187,BK001,Suspension & Brakes,4638,Approved,4277
CLM03172,2022-02-12,SERV02837,SALE08946,CUST01362,DLR177,BK007,Suspension & Brakes,8033,Rejected,0
CLM03173,2026-07-28,SERV09146,SALE09670,CUST01626,DLR107,BK003,Fuel System & EFI,9165,Approved,8505
CLM03174,2025-09-27,SERV04932,SALE04101,CUST00302,DLR106,BK003,Engine & Transmission,14316,Approved,14250
CLM03175,2021-09-02,SERV00648,SALE17685,CUST03226,DLR169,BK005,Fuel System & EFI,4244,Approved,3892
CLM03176,2022-06-14,SERV06477,SALE01952,CUST04113,DLR119,BK004,Exhaust System,3726,Approved,3381
CLM03177,2026-02-19,SERV01728,SALE14712,CUST01230,DLR178,BK002,Fuel System & EFI,11820,Approved,11045
CLM03178,2023-06-04,SERV06319,SALE15224,CUST04515,DLR056,BK004,Fuel System & EFI,9939,Approved,9188
CLM03179,2026-07-29,SERV10823,SALE05777,CUST04131,DLR135,BK007,Frame & Chassis,8287,Approved,7894
CLM03180,2022-07-20,SERV03367,SALE02635,CUST02915,DLR035,BK002,Frame & Chassis,2502,Approved,2377
CLM03181,2023-07-10,SERV03016,SALE06387,CUST00475,DLR144,BK010,Exhaust System,4690,Rejected,0
CLM03182,2022-10-04,SERV11614,SALE07168,CUST00381,DLR020,BK006,Frame & Chassis,1512,Approved,1434
CLM03183,2020-09-26,SERV08241,SALE09917,CUST00733,DLR062,BK005,Fuel System & EFI,14072,Approved,14040
CLM03184,2024-10-05,SERV03382,SALE09808,CUST03805,DLR072,BK004,Suspension & Brakes,6075,Approved,5890
CLM03185,2026-07-19,SERV09421,SALE10741,CUST02118,DLR197,BK008,Exhaust System,3510,Pending Verification,0
CLM03186,2025-04-14,SERV06778,SALE06080,CUST02506,DLR114,BK002,Exhaust System,7175,Approved,6772
CLM03187,2023-05-26,SERV11934,SALE09737,CUST01379,DLR124,BK004,Frame & Chassis,4789,Approved,4384
CLM03188,2026-07-10,SERV07289,SALE07176,CUST03396,DLR175,BK002,Electrical System,5814,Rejected,0
CLM03189,2022-12-31,SERV06025,SALE16403,CUST03866,DLR153,BK004,Fuel System & EFI,15142,Approved,14191
CLM03190,2024-11-21,SERV11913,SALE02006,CUST00428,DLR168,BK001,Suspension & Brakes,9806,Rejected,0
CLM03191,2026-07-18,SERV11852,SALE11621,CUST04514,DLR100,BK009,Engine & Transmission,30195,Rejected,0
CLM03192,2026-07-07,SERV03044,SALE02423,CUST00342,DLR085,BK004,Engine & Transmission,20123,Approved,19710
CLM03193,2023-01-19,SERV09963,SALE01072,CUST04685,DLR189,BK012,Exhaust System,4563,Rejected,0
CLM03194,2026-07-07,SERV08829,SALE05430,CUST04531,DLR172,BK013,Frame & Chassis,5526,Approved,5500
CLM03195,2021-12-10,SERV05876,SALE12690,CUST04137,DLR103,BK001,Suspension & Brakes,10081,Approved,9830
CLM03196,2024-06-22,SERV04167,SALE14197,CUST04537,DLR199,BK001,Exhaust System,6090,Approved,5698
CLM03197,2022-12-16,SERV00260,SALE18405,CUST01495,DLR017,BK001,Exhaust System,2364,Approved,2313
CLM03198,2025-11-30,SERV07612,SALE05705,CUST03283,DLR194,BK002,Suspension & Brakes,3188,Approved,3158
CLM03199,2025-08-31,SERV12015,SALE18484,CUST01292,DLR200,BK003,Suspension & Brakes,3367,Approved,3245
CLM03200,2022-03-14,SERV01812,SALE05866,CUST03392,DLR085,BK004,Suspension & Brakes,6607,Approved,6467
CLM03201,2024-04-25,SERV13015,SALE14079,CUST00390,DLR187,BK004,Frame & Chassis,2742,Approved,2639
CLM03202,2023-09-10,SERV14576,SALE01933,CUST04052,DLR139,BK002,Frame & Chassis,7015,Rejected,0
CLM03203,2023-09-15,SERV12269,SALE15565,CUST01497,DLR197,BK004,Electrical System,10557,Approved,10195
CLM03204,2023-04-07,SERV09625,SALE13320,CUST01461,DLR129,BK003,Frame & Chassis,6119,Approved,5718
CLM03205,2023-05-27,SERV01302,SALE08183,CUST02500,DLR172,BK004,Frame & Chassis,7054,Approved,6451
CLM03206,2025-08-13,SERV14220,SALE02883,CUST01913,DLR058,BK004,Electrical System,12103,Approved,11180
CLM03207,2024-03-22,SERV09939,SALE00213,CUST03807,DLR123,BK002,Exhaust System,2568,Approved,2539
CLM03208,2026-04-29,SERV11090,SALE05615,CUST04421,DLR072,BK003,Electrical System,15833,Pending Verification,0
CLM03209,2024-04-10,SERV01645,SALE03192,CUST03369,DLR045,BK005,Fuel System & EFI,7259,Approved,7070
CLM03210,2023-05-10,SERV07116,SALE17774,CUST03682,DLR168,BK001,Suspension & Brakes,7450,Approved,7288
CLM03211,2024-08-31,SERV02598,SALE04485,CUST03627,DLR044,BK004,Suspension & Brakes,2824,Partially Approved,1524
CLM03212,2024-11-05,SERV01530,SALE04769,CUST03473,DLR168,BK005,Exhaust System,2604,Approved,2443
CLM03213,2026-07-14,SERV14643,SALE11019,CUST00938,DLR158,BK006,Electrical System,3874,Approved,3678
CLM03214,2021-07-03,SERV14313,SALE12508,CUST02992,DLR166,BK003,Suspension & Brakes,9702,Rejected,0
CLM03215,2025-10-25,SERV09855,SALE08688,CUST03865,DLR038,BK001,Electrical System,7116,Rejected,0
CLM03216,2025-02-28,SERV03873,SALE06936,CUST04532,DLR141,BK001,Fuel System & EFI,9042,Approved,8282
CLM03217,2024-02-27,SERV08594,SALE14761,CUST00995,DLR040,BK009,Suspension & Brakes,5064,Approved,4958
CLM03218,2023-07-30,SERV11046,SALE12961,CUST04215,DLR143,BK003,Electrical System,14838,Approved,13463
CLM03219,2021-06-01,SERV02435,SALE06851,CUST01974,DLR135,BK005,Engine & Transmission,27821,Pending Verification,0
CLM03220,2022-11-04,SERV03689,SALE19530,CUST02343,DLR038,BK003,Frame & Chassis,6615,Partially Approved,3730
CLM03221,2023-08-04,SERV10953,SALE19186,CUST02733,DLR076,BK005,Suspension & Brakes,6202,Approved,6032
CLM03222,2021-04-16,SERV01648,SALE06577,CUST00839,DLR133,BK001,Electrical System,15160,Approved,14482
CLM03223,2023-01-15,SERV05105,SALE15368,CUST00225,DLR144,BK008,Fuel System & EFI,14100,Approved,13369
CLM03224,2024-09-18,SERV01051,SALE06748,CUST01837,DLR004,BK003,Frame & Chassis,1929,Approved,1814
CLM03225,2024-01-09,SERV00068,SALE00014,CUST01134,DLR127,BK005,Exhaust System,7777,Approved,7518
CLM03226,2023-10-15,SERV04722,SALE06256,CUST02946,DLR177,BK008,Engine & Transmission,9948,Approved,9085
CLM03227,2025-03-24,SERV10579,SALE08326,CUST01330,DLR067,BK007,Suspension & Brakes,8777,Pending Verification,0
CLM03228,2024-09-26,SERV06377,SALE04133,CUST03013,DLR017,BK003,Engine & Transmission,26896,Partially Approved,17715
CLM03229,2023-05-03,SERV08872,SALE10638,CUST00711,DLR047,BK001,Engine & Transmission,26669,Pending Verification,0
CLM03230,2023-02-14,SERV07330,SALE01213,CUST04857,DLR099,BK015,Frame & Chassis,5129,Approved,4962
CLM03231,2022-06-05,SERV01761,SALE09414,CUST04308,DLR181,BK001,Suspension & Brakes,4270,Approved,4087
CLM03232,2026-07-05,SERV14328,SALE05336,CUST04008,DLR130,BK001,Exhaust System,1824,Approved,1655
CLM03233,2022-06-02,SERV14948,SALE07040,CUST04940,DLR157,BK004,Engine & Transmission,23333,Approved,21971
CLM03234,2023-04-16,SERV01476,SALE17811,CUST01392,DLR048,BK003,Frame & Chassis,4090,Approved,3912
CLM03235,2023-04-19,SERV02350,SALE15189,CUST00904,DLR085,BK004,Exhaust System,7903,Approved,7254
CLM03236,2021-03-13,SERV03056,SALE08783,CUST01846,DLR140,BK006,Engine & Transmission,12833,Approved,12322
CLM03237,2022-12-30,SERV00101,SALE12419,CUST03603,DLR124,BK004,Exhaust System,8135,Approved,7543
CLM03238,2025-05-11,SERV06967,SALE08051,CUST01039,DLR016,BK004,Engine & Transmission,18968,Partially Approved,12546
CLM03239,2024-04-13,SERV07034,SALE00170,CUST04650,DLR022,BK001,Exhaust System,3696,Rejected,0
CLM03240,2024-09-22,SERV11758,SALE16106,CUST04254,DLR160,BK007,Fuel System & EFI,15895,Partially Approved,8647
CLM03241,2025-01-31,SERV07349,SALE16645,CUST00292,DLR157,BK002,Electrical System,13497,Approved,12262
CLM03242,2022-07-28,SERV01218,SALE09089,CUST04164,DLR039,BK005,Suspension & Brakes,2726,Approved,2489
CLM03243,2026-07-12,SERV05260,SALE07349,CUST04399,DLR199,BK003,Suspension & Brakes,4025,Approved,3790
CLM03244,2026-07-27,SERV13721,SALE08885,CUST02787,DLR164,BK003,Frame & Chassis,8001,Approved,7808
CLM03245,2026-03-18,SERV11186,SALE04822,CUST03517,DLR027,BK009,Engine & Transmission,12827,Pending Verification,0
CLM03246,2025-08-12,SERV06089,SALE09240,CUST00801,DLR104,BK002,Engine & Transmission,9132,Approved,8739
CLM03247,2025-03-04,SERV06513,SALE05543,CUST00732,DLR008,BK001,Fuel System & EFI,9845,Approved,9674
CLM03248,2022-09-28,SERV05572,SALE18748,CUST04862,DLR053,BK005,Fuel System & EFI,7393,Approved,6730
CLM03249,2026-01-29,SERV00235,SALE03247,CUST02923,DLR073,BK001,Exhaust System,5172,Rejected,0
CLM03250,2023-12-15,SERV04271,SALE16711,CUST01973,DLR083,BK001,Electrical System,5121,Approved,4661
CLM03251,2021-10-07,SERV10889,SALE11079,CUST04824,DLR197,BK007,Electrical System,3781,Approved,3567
CLM03252,2026-07-02,SERV06276,SALE04626,CUST04553,DLR168,BK001,Frame & Chassis,5887,Pending Verification,0
CLM03253,2021-02-12,SERV12820,SALE04600,CUST03577,DLR125,BK003,Electrical System,14465,Rejected,0
CLM03254,2026-07-21,SERV06288,SALE12818,CUST04968,DLR120,BK002,Frame & Chassis,4745,Approved,4429
CLM03255,2024-03-06,SERV05974,SALE11728,CUST00739,DLR122,BK006,Engine & Transmission,19525,Rejected,0
CLM03256,2023-11-17,SERV05565,SALE04020,CUST03470,DLR049,BK009,Frame & Chassis,6458,Approved,6078
CLM03257,2021-06-21,SERV14563,SALE04909,CUST03654,DLR082,BK003,Suspension & Brakes,10574,Approved,10223
CLM03258,2022-11-30,SERV12775,SALE17984,CUST04552,DLR175,BK003,Electrical System,4258,Partially Approved,1906
CLM03259,2026-07-11,SERV07162,SALE15082,CUST00310,DLR103,BK003,Fuel System & EFI,14621,Pending Verification,0
CLM03260,2026-07-14,SERV00859,SALE04639,CUST03848,DLR046,BK001,Frame & Chassis,2702,Rejected,0
CLM03261,2025-12-04,SERV05627,SALE11665,CUST00698,DLR022,BK010,Engine & Transmission,30824,Approved,28826
CLM03262,2026-01-15,SERV11500,SALE09550,CUST04220,DLR092,BK002,Suspension & Brakes,6841,Approved,6601
CLM03263,2020-09-20,SERV07580,SALE10608,CUST01211,DLR038,BK014,Electrical System,15635,Rejected,0
CLM03264,2025-07-29,SERV02190,SALE16771,CUST00318,DLR140,BK004,Electrical System,9986,Approved,9285
CLM03265,2025-11-21,SERV03563,SALE04509,CUST00246,DLR069,BK003,Exhaust System,3794,Approved,3644
CLM03266,2021-11-21,SERV06187,SALE16891,CUST01106,DLR035,BK004,Electrical System,8299,Approved,7762
CLM03267,2026-07-20,SERV10472,SALE12739,CUST00484,DLR005,BK007,Electrical System,3660,Approved,3343
CLM03268,2023-01-21,SERV11889,SALE17662,CUST04540,DLR092,BK011,Fuel System & EFI,13373,Approved,12048
CLM03269,2026-07-06,SERV11833,SALE11747,CUST04324,DLR015,BK002,Engine & Transmission,17951,Rejected,0
CLM03270,2026-08-02,SERV14562,SALE11792,CUST01130,DLR062,BK002,Fuel System & EFI,11488,Rejected,0
CLM03271,2020-10-04,SERV09094,SALE04606,CUST04329,DLR161,BK002,Electrical System,3669,Approved,3419
CLM03272,2024-10-30,SERV03970,SALE03003,CUST03182,DLR093,BK010,Frame & Chassis,2317,Approved,2217
CLM03273,2021-11-15,SERV00024,SALE02268,CUST00723,DLR076,BK001,Electrical System,6403,Pending Verification,0
CLM03274,2021-04-12,SERV10042,SALE14224,CUST04900,DLR097,BK002,Frame & Chassis,7788,Pending Verification,0
CLM03275,2023-02-25,SERV02078,SALE08461,CUST03252,DLR095,BK008,Fuel System & EFI,5976,Approved,5817
CLM03276,2024-09-26,SERV14304,SALE15754,CUST00783,DLR039,BK002,Fuel System & EFI,15726,Approved,15403
CLM03277,2026-05-25,SERV12448,SALE05325,CUST02310,DLR064,BK001,Exhaust System,8297,Approved,7823
CLM03278,2024-04-10,SERV07874,SALE14753,CUST01652,DLR188,BK013,Fuel System & EFI,6033,Approved,5927
CLM03279,2025-09-01,SERV06915,SALE07986,CUST02532,DLR032,BK003,Engine & Transmission,20282,Approved,18268
CLM03280,2024-03-03,SERV07881,SALE06595,CUST01178,DLR048,BK006,Fuel System & EFI,13774,Approved,12612
CLM03281,2024-12-06,SERV01321,SALE16111,CUST02891,DLR086,BK004,Exhaust System,7915,Pending Verification,0
CLM03282,2023-05-10,SERV11470,SALE08938,CUST01844,DLR047,BK004,Fuel System & EFI,6376,Approved,5918
CLM03283,2022-02-25,SERV04907,SALE09943,CUST02933,DLR001,BK003,Fuel System & EFI,9848,Approved,9213
CLM03284,2021-05-25,SERV13854,SALE16563,CUST02206,DLR148,BK001,Electrical System,6135,Approved,6132
CLM03285,2021-12-05,SERV11665,SALE19285,CUST00399,DLR132,BK009,Suspension & Brakes,6147,Approved,5687
CLM03286,2026-05-15,SERV12828,SALE15154,CUST00466,DLR182,BK003,Suspension & Brakes,5336,Approved,5113
CLM03287,2025-10-25,SERV02591,SALE10658,CUST03557,DLR039,BK004,Fuel System & EFI,7053,Rejected,0
CLM03288,2025-10-02,SERV03272,SALE00587,CUST00010,DLR167,BK003,Exhaust System,4203,Approved,4088
CLM03289,2021-07-31,SERV05307,SALE08903,CUST01468,DLR127,BK009,Engine & Transmission,15648,Approved,14238
CLM03290,2026-07-04,SERV01744,SALE05549,CUST02482,DLR182,BK006,Exhaust System,2551,Approved,2435
CLM03291,2026-07-21,SERV01884,SALE13144,CUST03698,DLR010,BK009,Fuel System & EFI,4077,Approved,4010
CLM03292,2023-02-09,SERV10511,SALE02628,CUST04861,DLR129,BK001,Fuel System & EFI,14606,Rejected,0
CLM03293,2023-03-25,SERV11584,SALE16196,CUST02207,DLR178,BK003,Electrical System,13148,Approved,12692
CLM03294,2024-08-22,SERV08398,SALE09701,CUST03877,DLR078,BK001,Electrical System,13811,Approved,13533
CLM03295,2026-07-25,SERV13920,SALE07202,CUST04710,DLR074,BK002,Fuel System & EFI,15706,Partially Approved,6336
CLM03296,2025-01-31,SERV10745,SALE13268,CUST01622,DLR132,BK003,Frame & Chassis,6637,Rejected,0
CLM03297,2025-10-31,SERV11424,SALE04670,CUST01397,DLR075,BK001,Suspension & Brakes,10490,Approved,9869
CLM03298,2021-05-07,SERV02752,SALE17592,CUST04134,DLR015,BK003,Frame & Chassis,4681,Approved,4610
CLM03299,2022-01-10,SERV02798,SALE09801,CUST03611,DLR152,BK008,Engine & Transmission,19218,Partially Approved,10520
CLM03300,2025-06-14,SERV14680,SALE05342,CUST04666,DLR112,BK004,Electrical System,8579,Approved,8178
CLM03301,2025-07-18,SERV08956,SALE09281,CUST04036,DLR026,BK001,Frame & Chassis,2202,Approved,2052
CLM03302,2026-07-17,SERV09024,SALE17091,CUST01545,DLR170,BK005,Engine & Transmission,26658,Approved,24808
CLM03303,2023-08-22,SERV05084,SALE05047,CUST01373,DLR070,BK003,Frame & Chassis,5743,Rejected,0
CLM03304,2026-06-15,SERV05601,SALE16623,CUST01319,DLR152,BK002,Engine & Transmission,30980,Approved,30540
CLM03305,2023-07-08,SERV13934,SALE09805,CUST04328,DLR120,BK002,Frame & Chassis,3377,Pending Verification,0
CLM03306,2022-11-30,SERV01939,SALE19430,CUST02197,DLR097,BK002,Engine & Transmission,10825,Approved,10445
CLM03307,2023-03-17,SERV09742,SALE11464,CUST03355,DLR076,BK002,Suspension & Brakes,3495,Approved,3237
CLM03308,2022-10-05,SERV05231,SALE02871,CUST01680,DLR126,BK002,Exhaust System,2234,Approved,2086
CLM03309,2026-03-14,SERV11040,SALE10782,CUST03273,DLR060,BK004,Fuel System & EFI,15599,Approved,15498
CLM03310,2025-03-10,SERV02954,SALE06551,CUST01135,DLR017,BK001,Electrical System,9685,Pending Verification,0
CLM03311,2026-08-01,SERV13742,SALE04604,CUST00671,DLR085,BK006,Engine & Transmission,23943,Approved,23078
CLM03312,2023-01-29,SERV07538,SALE05388,CUST01178,DLR113,BK004,Engine & Transmission,15473,Approved,15317
CLM03313,2023-03-25,SERV01840,SALE07678,CUST04723,DLR197,BK002,Suspension & Brakes,6011,Pending Verification,0
CLM03314,2023-08-28,SERV01242,SALE11192,CUST00321,DLR192,BK002,Fuel System & EFI,10556,Rejected,0
CLM03315,2022-07-10,SERV14719,SALE14680,CUST02315,DLR043,BK001,Suspension & Brakes,4808,Approved,4721
CLM03316,2023-03-18,SERV12262,SALE04467,CUST00612,DLR150,BK001,Exhaust System,4741,Approved,4434
CLM03317,2024-10-10,SERV05692,SALE04456,CUST03882,DLR005,BK003,Electrical System,4861,Partially Approved,2080
CLM03318,2020-05-21,SERV01998,SALE05202,CUST02749,DLR131,BK004,Engine & Transmission,8089,Partially Approved,4626
CLM03319,2024-10-27,SERV07358,SALE05121,CUST02098,DLR118,BK006,Electrical System,4272,Rejected,0
CLM03320,2025-07-13,SERV07112,SALE11963,CUST00103,DLR085,BK005,Suspension & Brakes,5682,Approved,5212
CLM03321,2025-02-05,SERV07903,SALE01675,CUST04294,DLR190,BK002,Electrical System,14773,Rejected,0
CLM03322,2026-07-22,SERV08204,SALE02984,CUST04436,DLR199,BK004,Engine & Transmission,28281,Approved,25682
CLM03323,2022-08-05,SERV08962,SALE08149,CUST02605,DLR032,BK001,Suspension & Brakes,6663,Approved,6119
CLM03324,2026-07-28,SERV02434,SALE09020,CUST03685,DLR182,BK006,Exhaust System,3665,Approved,3435
CLM03325,2026-05-11,SERV13409,SALE11937,CUST04848,DLR001,BK008,Electrical System,10128,Approved,9949
CLM03326,2023-06-27,SERV05853,SALE14543,CUST04058,DLR191,BK001,Fuel System & EFI,3513,Pending Verification,0
CLM03327,2025-12-06,SERV05901,SALE06644,CUST03274,DLR094,BK005,Suspension & Brakes,6572,Approved,6348
CLM03328,2025-12-29,SERV01273,SALE13687,CUST00176,DLR111,BK003,Frame & Chassis,6023,Approved,5902
CLM03329,2026-07-29,SERV03604,SALE07809,CUST02324,DLR043,BK004,Engine & Transmission,26707,Pending Verification,0
CLM03330,2026-01-27,SERV05828,SALE09172,CUST01142,DLR087,BK003,Suspension & Brakes,6825,Pending Verification,0
CLM03331,2026-07-15,SERV03257,SALE19554,CUST03253,DLR089,BK003,Engine & Transmission,9823,Approved,9004
CLM03332,2026-07-06,SERV02905,SALE12078,CUST00395,DLR183,BK003,Engine & Transmission,19058,Approved,18618
CLM03333,2024-05-18,SERV07518,SALE01681,CUST00599,DLR123,BK003,Fuel System & EFI,7787,Approved,7266
CLM03334,2023-05-06,SERV14717,SALE07821,CUST02104,DLR178,BK009,Frame & Chassis,4577,Approved,4404
CLM03335,2025-08-12,SERV09670,SALE04140,CUST00440,DLR018,BK001,Fuel System & EFI,5814,Approved,5361
CLM03336,2024-11-24,SERV02282,SALE10554,CUST01714,DLR191,BK009,Engine & Transmission,30016,Rejected,0
CLM03337,2023-05-07,SERV03641,SALE03243,CUST04582,DLR181,BK002,Electrical System,12768,Approved,11641
CLM03338,2021-09-22,SERV05749,SALE05070,CUST00551,DLR180,BK002,Exhaust System,2079,Approved,2026
CLM03339,2024-11-23,SERV01301,SALE10104,CUST03632,DLR071,BK002,Electrical System,6841,Rejected,0
CLM03340,2025-03-15,SERV10906,SALE11541,CUST00590,DLR147,BK003,Exhaust System,2023,Rejected,0
CLM03341,2023-07-27,SERV12203,SALE01816,CUST02017,DLR172,BK008,Fuel System & EFI,7003,Approved,6782
CLM03342,2022-02-08,SERV09709,SALE09888,CUST03635,DLR111,BK002,Exhaust System,5689,Approved,5231
CLM03343,2022-03-10,SERV04662,SALE15918,CUST03211,DLR148,BK014,Electrical System,10364,Approved,9423
CLM03344,2025-03-14,SERV00723,SALE08107,CUST02195,DLR177,BK006,Suspension & Brakes,6937,Approved,6770
CLM03345,2024-03-14,SERV03655,SALE18870,CUST03328,DLR053,BK001,Fuel System & EFI,13945,Approved,13593
CLM03346,2021-09-07,SERV08255,SALE13547,CUST04493,DLR006,BK007,Frame & Chassis,1638,Approved,1633
CLM03347,2025-03-02,SERV01019,SALE19720,CUST03949,DLR120,BK003,Engine & Transmission,14948,Rejected,0
CLM03348,2022-01-22,SERV10006,SALE18345,CUST01127,DLR064,BK004,Suspension & Brakes,8672,Approved,8278
CLM03349,2026-07-24,SERV07773,SALE04504,CUST04439,DLR031,BK003,Electrical System,14843,Approved,13521
CLM03350,2024-11-03,SERV09135,SALE09268,CUST04764,DLR145,BK009,Engine & Transmission,14896,Approved,14370
CLM03351,2021-08-06,SERV07586,SALE19021,CUST01146,DLR013,BK006,Frame & Chassis,1708,Rejected,0
CLM03352,2023-06-10,SERV12197,SALE03771,CUST00441,DLR104,BK002,Frame & Chassis,7892,Approved,7691
CLM03353,2024-07-18,SERV12594,SALE03664,CUST01017,DLR078,BK007,Electrical System,8990,Approved,8630
CLM03354,2026-07-31,SERV01029,SALE16111,CUST02891,DLR086,BK004,Suspension & Brakes,10330,Approved,10234
CLM03355,2024-09-22,SERV12420,SALE10529,CUST04640,DLR196,BK006,Fuel System & EFI,7642,Approved,6935
CLM03356,2023-10-09,SERV04909,SALE15823,CUST00811,DLR147,BK004,Suspension & Brakes,3338,Approved,3230
CLM03357,2021-08-14,SERV10843,SALE09115,CUST00026,DLR048,BK003,Electrical System,9830,Approved,9143
CLM03358,2026-01-22,SERV05945,SALE18102,CUST03836,DLR157,BK002,Suspension & Brakes,8793,Rejected,0
CLM03359,2020-08-23,SERV04047,SALE07670,CUST04200,DLR013,BK003,Engine & Transmission,20163,Pending Verification,0
CLM03360,2023-04-19,SERV10993,SALE03249,CUST00631,DLR171,BK003,Engine & Transmission,18891,Rejected,0
CLM03361,2024-12-03,SERV12596,SALE01196,CUST02991,DLR033,BK004,Engine & Transmission,9889,Rejected,0
CLM03362,2020-10-22,SERV11651,SALE09924,CUST02011,DLR090,BK001,Engine & Transmission,31787,Rejected,0
CLM03363,2024-03-12,SERV05124,SALE06850,CUST03812,DLR016,BK003,Fuel System & EFI,6870,Approved,6551
CLM03364,2026-07-28,SERV14199,SALE05245,CUST01324,DLR176,BK004,Frame & Chassis,4894,Rejected,0
CLM03365,2025-05-10,SERV08424,SALE05661,CUST04916,DLR051,BK002,Engine & Transmission,23385,Rejected,0
CLM03366,2025-10-08,SERV03535,SALE10175,CUST03023,DLR079,BK002,Electrical System,7455,Approved,7176
CLM03367,2026-07-17,SERV08668,SALE01914,CUST04193,DLR053,BK001,Exhaust System,3877,Approved,3565
CLM03368,2022-11-24,SERV06229,SALE19389,CUST00255,DLR104,BK002,Frame & Chassis,1565,Approved,1464
CLM03369,2026-04-11,SERV06211,SALE04288,CUST02217,DLR078,BK002,Exhaust System,5991,Approved,5622
CLM03370,2025-07-04,SERV04111,SALE00309,CUST00482,DLR009,BK010,Suspension & Brakes,6521,Approved,6261
CLM03371,2022-08-25,SERV14276,SALE00241,CUST02561,DLR082,BK013,Exhaust System,2914,Approved,2748
CLM03372,2022-06-08,SERV07576,SALE03157,CUST01268,DLR199,BK014,Engine & Transmission,23664,Rejected,0
CLM03373,2022-04-04,SERV00346,SALE00503,CUST02951,DLR081,BK005,Fuel System & EFI,15876,Pending Verification,0
CLM03374,2025-07-05,SERV10446,SALE01339,CUST01443,DLR037,BK002,Engine & Transmission,24078,Approved,23588
CLM03375,2022-09-27,SERV14882,SALE19784,CUST03719,DLR055,BK005,Frame & Chassis,7888,Rejected,0
CLM03376,2025-12-26,SERV08331,SALE02896,CUST01357,DLR031,BK003,Exhaust System,5694,Pending Verification,0
CLM03377,2023-11-11,SERV06776,SALE01211,CUST03647,DLR003,BK001,Fuel System & EFI,11556,Rejected,0
CLM03378,2025-04-12,SERV13416,SALE00061,CUST03620,DLR173,BK003,Fuel System & EFI,8713,Approved,8578
CLM03379,2022-04-29,SERV06907,SALE00029,CUST00807,DLR104,BK002,Exhaust System,3535,Pending Verification,0
CLM03380,2023-01-19,SERV12392,SALE08081,CUST00830,DLR112,BK003,Exhaust System,3595,Rejected,0
CLM03381,2025-06-06,SERV09441,SALE12848,CUST01183,DLR118,BK003,Fuel System & EFI,11972,Approved,11748
CLM03382,2023-09-04,SERV04165,SALE16920,CUST00958,DLR163,BK001,Exhaust System,8078,Approved,7577
CLM03383,2021-11-10,SERV03575,SALE19578,CUST01529,DLR058,BK008,Engine & Transmission,28783,Rejected,0
CLM03384,2021-05-03,SERV03088,SALE13354,CUST00522,DLR158,BK005,Frame & Chassis,7931,Pending Verification,0
CLM03385,2024-04-04,SERV09242,SALE16295,CUST02720,DLR167,BK001,Fuel System & EFI,4349,Approved,4163
CLM03386,2021-11-17,SERV11761,SALE17109,CUST03803,DLR168,BK003,Fuel System & EFI,15559,Rejected,0
CLM03387,2022-08-13,SERV10708,SALE08659,CUST03079,DLR136,BK002,Electrical System,9550,Approved,9449
CLM03388,2026-07-13,SERV09283,SALE09330,CUST03664,DLR048,BK002,Electrical System,5645,Approved,5184
CLM03389,2021-06-20,SERV05609,SALE15255,CUST00265,DLR012,BK004,Fuel System & EFI,5626,Approved,5559
CLM03390,2020-11-25,SERV06241,SALE16255,CUST04936,DLR096,BK003,Electrical System,13871,Approved,12822
CLM03391,2022-12-18,SERV04508,SALE14382,CUST04861,DLR182,BK003,Engine & Transmission,21402,Approved,20119
CLM03392,2026-08-02,SERV11782,SALE08514,CUST02633,DLR049,BK001,Engine & Transmission,9846,Partially Approved,6614
CLM03393,2022-01-29,SERV02307,SALE19348,CUST02049,DLR004,BK003,Engine & Transmission,28416,Approved,26114
CLM03394,2026-07-19,SERV12495,SALE01119,CUST00220,DLR051,BK009,Engine & Transmission,26021,Pending Verification,0
CLM03395,2026-04-17,SERV11855,SALE12211,CUST02170,DLR038,BK002,Engine & Transmission,13286,Approved,12349
CLM03396,2025-01-03,SERV04941,SALE15954,CUST01406,DLR022,BK003,Fuel System & EFI,5610,Rejected,0
CLM03397,2026-07-08,SERV04789,SALE17341,CUST00375,DLR015,BK002,Engine & Transmission,26296,Approved,24029
CLM03398,2022-04-23,SERV09514,SALE03541,CUST04835,DLR037,BK009,Suspension & Brakes,8928,Approved,8440
CLM03399,2023-10-22,SERV00680,SALE01706,CUST03985,DLR136,BK009,Fuel System & EFI,12834,Pending Verification,0
CLM03400,2026-07-15,SERV08733,SALE17080,CUST03921,DLR146,BK002,Frame & Chassis,7464,Approved,7018
CLM03401,2021-10-28,SERV01065,SALE18345,CUST01127,DLR064,BK004,Suspension & Brakes,6131,Approved,5911
CLM03402,2023-11-03,SERV07590,SALE13701,CUST04724,DLR143,BK006,Fuel System & EFI,5292,Approved,5261
CLM03403,2022-03-11,SERV02935,SALE16564,CUST04612,DLR020,BK007,Suspension & Brakes,8515,Approved,7689
CLM03404,2025-02-23,SERV02250,SALE13550,CUST03134,DLR139,BK002,Fuel System & EFI,6389,Rejected,0
CLM03405,2026-07-30,SERV05933,SALE17271,CUST04714,DLR027,BK006,Electrical System,12087,Approved,11190
CLM03406,2021-04-07,SERV13315,SALE00943,CUST03220,DLR078,BK009,Electrical System,15192,Approved,14858
CLM03407,2020-09-26,SERV00965,SALE11001,CUST00765,DLR187,BK001,Fuel System & EFI,4939,Pending Verification,0
CLM03408,2026-03-26,SERV03105,SALE09979,CUST02593,DLR021,BK006,Suspension & Brakes,7152,Approved,6469
CLM03409,2025-01-08,SERV09502,SALE16263,CUST01115,DLR040,BK001,Frame & Chassis,4960,Approved,4765
CLM03410,2026-07-17,SERV12959,SALE13328,CUST00275,DLR066,BK002,Suspension & Brakes,10064,Approved,9329
CLM03411,2022-03-12,SERV02170,SALE16520,CUST01195,DLR040,BK002,Exhaust System,7518,Approved,7406
CLM03412,2023-05-05,SERV14586,SALE13674,CUST03177,DLR194,BK001,Suspension & Brakes,5167,Approved,5114
CLM03413,2025-12-31,SERV12375,SALE10719,CUST02284,DLR015,BK004,Engine & Transmission,28267,Approved,26513
CLM03414,2021-08-24,SERV01807,SALE03844,CUST02797,DLR039,BK003,Engine & Transmission,24530,Approved,24006
CLM03415,2021-11-16,SERV12597,SALE14511,CUST04155,DLR088,BK009,Fuel System & EFI,13724,Approved,13455
CLM03416,2024-08-09,SERV06662,SALE05359,CUST04836,DLR154,BK002,Exhaust System,4262,Approved,4094
CLM03417,2026-07-31,SERV02984,SALE03967,CUST00901,DLR009,BK001,Exhaust System,3837,Partially Approved,2644
CLM03418,2026-07-20,SERV03499,SALE09623,CUST00987,DLR051,BK003,Suspension & Brakes,3465,Rejected,0
CLM03419,2023-04-10,SERV11177,SALE08900,CUST04202,DLR086,BK003,Engine & Transmission,16678,Rejected,0
CLM03420,2026-04-22,SERV06694,SALE03599,CUST01366,DLR013,BK005,Engine & Transmission,22015,Pending Verification,0
CLM03421,2022-08-08,SERV14288,SALE07200,CUST02235,DLR042,BK004,Electrical System,5751,Pending Verification,0
CLM03422,2024-05-23,SERV09355,SALE11697,CUST01906,DLR096,BK004,Suspension & Brakes,3270,Approved,2962
CLM03423,2026-06-12,SERV05522,SALE16579,CUST00669,DLR037,BK005,Electrical System,7882,Approved,7629
CLM03424,2024-05-05,SERV06367,SALE07814,CUST03292,DLR080,BK005,Frame & Chassis,5596,Partially Approved,3379
CLM03425,2026-05-25,SERV09833,SALE04396,CUST01935,DLR109,BK002,Frame & Chassis,6867,Approved,6669
CLM03426,2026-07-12,SERV01480,SALE03609,CUST02116,DLR054,BK005,Engine & Transmission,30176,Approved,28310
CLM03427,2023-05-26,SERV13268,SALE19408,CUST04285,DLR099,BK003,Frame & Chassis,4367,Rejected,0
CLM03428,2021-01-19,SERV05189,SALE06618,CUST04766,DLR104,BK002,Exhaust System,3498,Approved,3477
CLM03429,2025-09-24,SERV13025,SALE08530,CUST00894,DLR176,BK002,Frame & Chassis,2162,Approved,2148
CLM03430,2024-09-09,SERV08266,SALE13238,CUST00653,DLR102,BK002,Suspension & Brakes,10384,Rejected,0
CLM03431,2023-03-15,SERV04237,SALE06022,CUST01876,DLR080,BK002,Suspension & Brakes,11732,Approved,11264
CLM03432,2023-10-30,SERV11445,SALE16389,CUST01861,DLR177,BK010,Fuel System & EFI,4149,Approved,4096
CLM03433,2023-05-06,SERV13669,SALE17830,CUST04049,DLR116,BK004,Electrical System,5358,Pending Verification,0
CLM03434,2026-07-16,SERV01354,SALE15572,CUST03823,DLR045,BK002,Engine & Transmission,13323,Approved,12312
CLM03435,2021-07-19,SERV03354,SALE14726,CUST00814,DLR141,BK003,Frame & Chassis,1719,Approved,1680
CLM03436,2023-01-18,SERV06329,SALE04120,CUST04585,DLR126,BK003,Fuel System & EFI,14410,Approved,14366
CLM03437,2026-06-04,SERV07014,SALE07198,CUST04791,DLR082,BK005,Fuel System & EFI,8532,Partially Approved,5331
CLM03438,2026-03-01,SERV11737,SALE12430,CUST04382,DLR071,BK005,Electrical System,15972,Approved,15310
CLM03439,2026-07-04,SERV02453,SALE06240,CUST04223,DLR057,BK003,Frame & Chassis,6016,Approved,5917
CLM03440,2022-01-23,SERV14366,SALE04614,CUST03679,DLR139,BK002,Suspension & Brakes,5103,Rejected,0
CLM03441,2024-03-07,SERV06985,SALE00478,CUST03315,DLR189,BK003,Fuel System & EFI,11992,Rejected,0
CLM03442,2020-10-15,SERV03472,SALE10580,CUST00542,DLR099,BK003,Fuel System & EFI,11964,Approved,11652
CLM03443,2024-05-15,SERV03265,SALE17665,CUST03082,DLR045,BK010,Frame & Chassis,7978,Approved,7197
CLM03444,2024-12-20,SERV06589,SALE09654,CUST00222,DLR048,BK004,Electrical System,9116,Approved,8281
CLM03445,2022-03-16,SERV00472,SALE06804,CUST00803,DLR199,BK004,Frame & Chassis,6688,Approved,6137
CLM03446,2025-08-30,SERV06595,SALE00762,CUST02670,DLR167,BK005,Frame & Chassis,5727,Approved,5361
CLM03447,2023-03-29,SERV06641,SALE06300,CUST01353,DLR069,BK003,Exhaust System,6284,Rejected,0
CLM03448,2023-12-03,SERV00605,SALE10564,CUST04860,DLR105,BK001,Suspension & Brakes,3054,Approved,2753
CLM03449,2026-07-11,SERV03002,SALE19840,CUST01554,DLR025,BK001,Suspension & Brakes,2569,Rejected,0
CLM03450,2025-08-08,SERV14157,SALE00335,CUST02388,DLR163,BK011,Exhaust System,3729,Pending Verification,0
CLM03451,2025-07-16,SERV05582,SALE00395,CUST00241,DLR110,BK003,Fuel System & EFI,10842,Approved,9958
CLM03452,2022-01-01,SERV09854,SALE14283,CUST01990,DLR043,BK005,Exhaust System,2275,Approved,2171
CLM03453,2022-06-24,SERV04606,SALE08731,CUST04689,DLR149,BK005,Electrical System,6385,Approved,6065
CLM03454,2023-07-22,SERV05656,SALE07780,CUST04168,DLR160,BK003,Frame & Chassis,2643,Rejected,0
CLM03455,2021-03-15,SERV13756,SALE06779,CUST00806,DLR126,BK003,Suspension & Brakes,11582,Approved,10634
CLM03456,2024-01-01,SERV14675,SALE09689,CUST00313,DLR039,BK001,Suspension & Brakes,10111,Approved,9146
CLM03457,2026-05-29,SERV05753,SALE13023,CUST03365,DLR180,BK002,Engine & Transmission,21915,Pending Verification,0
CLM03458,2025-03-18,SERV12739,SALE15152,CUST03313,DLR003,BK003,Suspension & Brakes,6604,Approved,6457
CLM03459,2026-01-01,SERV04038,SALE17319,CUST04885,DLR013,BK002,Frame & Chassis,4167,Partially Approved,2612
CLM03460,2024-04-20,SERV10477,SALE12475,CUST03554,DLR054,BK002,Electrical System,8538,Approved,7831
CLM03461,2021-11-28,SERV14945,SALE03477,CUST01645,DLR023,BK001,Engine & Transmission,17045,Approved,17015
CLM03462,2021-11-19,SERV09505,SALE13942,CUST00759,DLR180,BK002,Suspension & Brakes,9679,Approved,9361
CLM03463,2021-06-18,SERV09188,SALE07316,CUST03870,DLR093,BK005,Frame & Chassis,2044,Rejected,0
CLM03464,2024-10-05,SERV00420,SALE01946,CUST04026,DLR128,BK002,Engine & Transmission,25917,Approved,25143
CLM03465,2026-07-30,SERV05235,SALE16562,CUST00840,DLR055,BK003,Engine & Transmission,11049,Approved,10054
CLM03466,2022-07-23,SERV11542,SALE05904,CUST04829,DLR083,BK003,Fuel System & EFI,13926,Approved,13572
CLM03467,2026-07-31,SERV00593,SALE11905,CUST02186,DLR115,BK002,Suspension & Brakes,4613,Pending Verification,0
CLM03468,2022-11-20,SERV10357,SALE15599,CUST02144,DLR054,BK014,Suspension & Brakes,8314,Pending Verification,0
CLM03469,2021-11-02,SERV13039,SALE14727,CUST01002,DLR165,BK002,Engine & Transmission,21925,Approved,19846
CLM03470,2026-07-29,SERV10773,SALE09330,CUST03664,DLR048,BK002,Electrical System,6995,Approved,6405
CLM03471,2020-09-19,SERV11012,SALE04053,CUST04573,DLR187,BK002,Fuel System & EFI,8375,Approved,8074
CLM03472,2026-07-17,SERV13902,SALE05386,CUST04558,DLR172,BK007,Fuel System & EFI,13572,Approved,13014
CLM03473,2025-03-26,SERV07133,SALE08863,CUST02166,DLR097,BK003,Exhaust System,3994,Approved,3802
CLM03474,2021-12-08,SERV09812,SALE01964,CUST03047,DLR131,BK001,Frame & Chassis,1607,Rejected,0
CLM03475,2026-07-19,SERV05130,SALE18691,CUST01563,DLR045,BK007,Frame & Chassis,3784,Approved,3434
CLM03476,2026-07-27,SERV07811,SALE06686,CUST04272,DLR087,BK005,Electrical System,5622,Pending Verification,0
CLM03477,2025-11-30,SERV10343,SALE00364,CUST01360,DLR036,BK006,Fuel System & EFI,12589,Approved,11339
CLM03478,2025-12-28,SERV14896,SALE07925,CUST02136,DLR106,BK006,Suspension & Brakes,3724,Approved,3654
CLM03479,2026-06-06,SERV07343,SALE13253,CUST03402,DLR194,BK002,Engine & Transmission,11984,Pending Verification,0
CLM03480,2025-08-18,SERV14143,SALE07484,CUST01985,DLR143,BK004,Suspension & Brakes,8109,Rejected,0
CLM03481,2025-05-30,SERV03448,SALE12807,CUST03604,DLR019,BK003,Fuel System & EFI,7017,Pending Verification,0
CLM03482,2026-07-13,SERV00381,SALE06408,CUST00202,DLR119,BK003,Suspension & Brakes,5039,Approved,4972
CLM03483,2022-04-14,SERV07510,SALE14483,CUST03871,DLR085,BK002,Exhaust System,7378,Approved,7276
CLM03484,2026-07-30,SERV04719,SALE06419,CUST01900,DLR198,BK004,Exhaust System,6716,Approved,6300
CLM03485,2025-10-17,SERV05100,SALE19753,CUST01686,DLR010,BK001,Fuel System & EFI,8313,Approved,7935
CLM03486,2023-01-14,SERV12692,SALE06004,CUST00350,DLR050,BK012,Engine & Transmission,12352,Approved,12241
CLM03487,2026-03-16,SERV10753,SALE17232,CUST02297,DLR190,BK001,Suspension & Brakes,11884,Rejected,0
CLM03488,2021-08-25,SERV10927,SALE11539,CUST00212,DLR095,BK010,Fuel System & EFI,14658,Approved,13920
CLM03489,2023-10-22,SERV13502,SALE11927,CUST01765,DLR151,BK004,Exhaust System,3928,Approved,3537
CLM03490,2026-03-03,SERV08224,SALE13037,CUST00941,DLR040,BK005,Electrical System,8482,Approved,7806
CLM03491,2024-10-11,SERV14708,SALE02313,CUST01580,DLR157,BK009,Electrical System,10570,Pending Verification,0
CLM03492,2026-07-11,SERV00777,SALE03950,CUST00195,DLR015,BK002,Frame & Chassis,3159,Approved,3106
CLM03493,2022-12-23,SERV11270,SALE06141,CUST04137,DLR156,BK002,Fuel System & EFI,14711,Pending Verification,0
CLM03494,2026-07-20,SERV05750,SALE18049,CUST00816,DLR127,BK004,Frame & Chassis,3487,Approved,3145
CLM03495,2023-12-10,SERV01588,SALE13602,CUST00495,DLR074,BK004,Frame & Chassis,7500,Approved,7326
CLM03496,2023-03-31,SERV11146,SALE12688,CUST03288,DLR071,BK005,Engine & Transmission,20945,Approved,20415
CLM03497,2021-03-24,SERV13634,SALE07224,CUST04504,DLR165,BK002,Frame & Chassis,2173,Approved,2067
CLM03498,2025-02-01,SERV02963,SALE01616,CUST01817,DLR046,BK002,Exhaust System,3739,Approved,3662
CLM03499,2026-07-16,SERV13703,SALE08827,CUST01812,DLR062,BK001,Fuel System & EFI,15770,Pending Verification,0
CLM03500,2024-05-26,SERV06569,SALE06975,CUST01920,DLR007,BK002,Exhaust System,6318,Approved,6014
CLM03501,2022-01-06,SERV12458,SALE07167,CUST02096,DLR027,BK003,Electrical System,10564,Pending Verification,0
CLM03502,2022-06-24,SERV14019,SALE09163,CUST03333,DLR153,BK006,Exhaust System,4146,Approved,4080
CLM03503,2025-11-30,SERV12261,SALE09051,CUST02028,DLR097,BK009,Exhaust System,2134,Approved,2095
CLM03504,2022-09-15,SERV00963,SALE02317,CUST03135,DLR027,BK009,Suspension & Brakes,4934,Approved,4482
CLM03505,2026-07-09,SERV07409,SALE06357,CUST00922,DLR124,BK004,Frame & Chassis,4865,Approved,4686
CLM03506,2023-11-12,SERV10829,SALE12051,CUST03552,DLR186,BK001,Fuel System & EFI,11186,Rejected,0
CLM03507,2026-07-08,SERV14760,SALE09411,CUST01244,DLR037,BK002,Frame & Chassis,6675,Approved,6459
CLM03508,2025-07-23,SERV01434,SALE03535,CUST01112,DLR048,BK007,Exhaust System,2703,Partially Approved,1214
CLM03509,2023-11-25,SERV05682,SALE16719,CUST04092,DLR019,BK005,Electrical System,9766,Approved,9483
CLM03510,2026-07-11,SERV09826,SALE19533,CUST04979,DLR177,BK002,Frame & Chassis,2598,Rejected,0
CLM03511,2024-05-05,SERV03062,SALE09721,CUST02239,DLR160,BK015,Engine & Transmission,12067,Approved,11406
CLM03512,2023-11-02,SERV14155,SALE07758,CUST04891,DLR140,BK001,Frame & Chassis,2531,Approved,2492
CLM03513,2026-08-01,SERV13122,SALE13571,CUST04366,DLR091,BK007,Fuel System & EFI,7260,Approved,6680
CLM03514,2023-02-14,SERV11695,SALE17058,CUST00876,DLR047,BK002,Fuel System & EFI,10353,Partially Approved,6928
CLM03515,2026-05-12,SERV06169,SALE09813,CUST04310,DLR091,BK001,Engine & Transmission,16188,Approved,16118
CLM03516,2022-04-26,SERV09782,SALE05555,CUST02215,DLR081,BK003,Engine & Transmission,13712,Partially Approved,6516
CLM03517,2021-12-27,SERV07687,SALE11942,CUST01489,DLR124,BK005,Electrical System,8443,Approved,8433
CLM03518,2026-06-02,SERV07902,SALE02073,CUST01275,DLR001,BK001,Frame & Chassis,7850,Approved,7105
CLM03519,2026-05-04,SERV12870,SALE09630,CUST02681,DLR033,BK002,Exhaust System,3378,Approved,3193
CLM03520,2026-07-11,SERV02204,SALE09203,CUST02540,DLR194,BK001,Engine & Transmission,25562,Approved,25425
CLM03521,2021-07-04,SERV10726,SALE04702,CUST04269,DLR155,BK003,Electrical System,4045,Approved,3940
CLM03522,2024-12-05,SERV12754,SALE05849,CUST01203,DLR005,BK003,Exhaust System,5693,Approved,5397
CLM03523,2026-02-18,SERV10342,SALE18383,CUST02958,DLR159,BK001,Fuel System & EFI,7338,Approved,7305
CLM03524,2021-05-07,SERV07297,SALE06776,CUST00926,DLR133,BK004,Suspension & Brakes,7988,Pending Verification,0
CLM03525,2022-11-14,SERV14931,SALE03874,CUST04679,DLR065,BK001,Exhaust System,3499,Partially Approved,1496
CLM03526,2026-01-22,SERV13969,SALE09813,CUST04310,DLR091,BK001,Engine & Transmission,21568,Approved,19556
CLM03527,2022-12-12,SERV04351,SALE17691,CUST01790,DLR048,BK002,Electrical System,6561,Rejected,0
CLM03528,2026-07-11,SERV01401,SALE08828,CUST02787,DLR064,BK013,Fuel System & EFI,11681,Approved,10846
CLM03529,2021-08-23,SERV05880,SALE14671,CUST03308,DLR157,BK004,Suspension & Brakes,9722,Approved,9087
CLM03530,2026-07-25,SERV07652,SALE09535,CUST04953,DLR078,BK001,Suspension & Brakes,11533,Rejected,0
CLM03531,2023-11-27,SERV04139,SALE17835,CUST01363,DLR135,BK002,Suspension & Brakes,6103,Approved,5904
CLM03532,2025-09-14,SERV08845,SALE17218,CUST04140,DLR123,BK002,Engine & Transmission,27328,Approved,26779
CLM03533,2026-07-17,SERV00214,SALE16616,CUST02430,DLR037,BK007,Electrical System,14140,Partially Approved,8079
CLM03534,2026-03-26,SERV13943,SALE19379,CUST02210,DLR175,BK001,Fuel System & EFI,8473,Approved,7926
CLM03535,2023-09-01,SERV11907,SALE08415,CUST03578,DLR162,BK003,Frame & Chassis,3686,Approved,3457
CLM03536,2022-10-24,SERV06274,SALE02768,CUST04017,DLR163,BK003,Frame & Chassis,8089,Approved,7574
CLM03537,2023-09-12,SERV14289,SALE08262,CUST02978,DLR147,BK006,Suspension & Brakes,10832,Rejected,0
CLM03538,2021-11-01,SERV01363,SALE16121,CUST03257,DLR091,BK002,Exhaust System,3434,Approved,3413
CLM03539,2025-09-14,SERV07069,SALE00988,CUST02172,DLR048,BK002,Engine & Transmission,25399,Approved,23040
CLM03540,2021-02-20,SERV04690,SALE05041,CUST03508,DLR042,BK005,Engine & Transmission,29606,Approved,27594
CLM03541,2026-07-07,SERV08672,SALE14662,CUST03876,DLR053,BK003,Exhaust System,4659,Rejected,0
CLM03542,2021-08-02,SERV10245,SALE00569,CUST04831,DLR035,BK003,Suspension & Brakes,7067,Approved,6753
CLM03543,2026-03-11,SERV09868,SALE01709,CUST03838,DLR167,BK005,Engine & Transmission,23764,Pending Verification,0
CLM03544,2023-05-01,SERV10926,SALE17489,CUST03202,DLR058,BK002,Electrical System,5384,Pending Verification,0
CLM03545,2023-09-21,SERV12915,SALE16943,CUST00634,DLR086,BK005,Electrical System,12749,Rejected,0
CLM03546,2024-08-15,SERV10008,SALE16214,CUST04613,DLR172,BK004,Engine & Transmission,24445,Approved,24209
CLM03547,2023-02-06,SERV03728,SALE09976,CUST04092,DLR159,BK002,Frame & Chassis,3988,Approved,3672
CLM03548,2023-09-26,SERV05580,SALE16892,CUST00709,DLR058,BK002,Frame & Chassis,3165,Pending Verification,0
CLM03549,2021-03-23,SERV03786,SALE04320,CUST03344,DLR054,BK001,Frame & Chassis,3054,Approved,2882
CLM03550,2026-07-05,SERV06681,SALE18451,CUST04024,DLR055,BK003,Electrical System,7102,Approved,6862
CLM03551,2022-02-08,SERV01994,SALE10061,CUST04155,DLR104,BK007,Electrical System,8271,Approved,7885
CLM03552,2024-09-14,SERV00958,SALE17404,CUST00056,DLR114,BK002,Frame & Chassis,5675,Pending Verification,0
CLM03553,2025-05-02,SERV11892,SALE12465,CUST04997,DLR164,BK002,Fuel System & EFI,4386,Pending Verification,0
CLM03554,2023-05-05,SERV08718,SALE04827,CUST03437,DLR131,BK006,Engine & Transmission,11233,Rejected,0
CLM03555,2023-09-11,SERV13297,SALE19678,CUST01423,DLR032,BK003,Engine & Transmission,28242,Approved,26249
CLM03556,2024-12-11,SERV04947,SALE19744,CUST03965,DLR105,BK004,Engine & Transmission,28304,Approved,26463
CLM03557,2022-03-01,SERV14224,SALE10119,CUST01338,DLR001,BK003,Engine & Transmission,31699,Approved,29269
CLM03558,2026-07-17,SERV07382,SALE14596,CUST01932,DLR062,BK003,Fuel System & EFI,13928,Approved,13068
CLM03559,2021-05-21,SERV01627,SALE18569,CUST00273,DLR185,BK003,Engine & Transmission,31731,Approved,30741
CLM03560,2023-12-24,SERV06397,SALE03058,CUST01330,DLR096,BK003,Suspension & Brakes,5809,Approved,5738
CLM03561,2024-10-01,SERV04221,SALE06158,CUST03444,DLR035,BK004,Engine & Transmission,23464,Approved,22947
CLM03562,2021-08-29,SERV13210,SALE16391,CUST03241,DLR198,BK015,Electrical System,10457,Approved,9809
CLM03563,2021-01-21,SERV05690,SALE01315,CUST03044,DLR109,BK002,Frame & Chassis,2764,Approved,2715
CLM03564,2026-07-02,SERV14699,SALE03095,CUST00043,DLR121,BK002,Engine & Transmission,21561,Partially Approved,11525
CLM03565,2026-07-18,SERV11100,SALE16341,CUST00669,DLR071,BK003,Suspension & Brakes,3754,Approved,3702
CLM03566,2023-01-23,SERV10061,SALE12871,CUST02657,DLR113,BK003,Suspension & Brakes,8178,Approved,8078
CLM03567,2026-07-12,SERV00473,SALE09969,CUST04355,DLR071,BK003,Fuel System & EFI,6967,Approved,6819
CLM03568,2025-12-03,SERV02308,SALE07441,CUST04332,DLR014,BK002,Engine & Transmission,20981,Approved,20651
CLM03569,2025-08-20,SERV00924,SALE11773,CUST01169,DLR019,BK012,Exhaust System,6184,Approved,5889
CLM03570,2021-07-10,SERV00662,SALE16799,CUST01473,DLR032,BK003,Exhaust System,3135,Approved,3125
CLM03571,2024-03-13,SERV05394,SALE16240,CUST02331,DLR020,BK004,Electrical System,8589,Approved,8287
CLM03572,2025-12-17,SERV03405,SALE14471,CUST03153,DLR180,BK009,Fuel System & EFI,14356,Approved,13413
CLM03573,2024-03-05,SERV04006,SALE05930,CUST01441,DLR039,BK005,Suspension & Brakes,3409,Approved,3180
CLM03574,2026-01-18,SERV01919,SALE07458,CUST04989,DLR131,BK002,Electrical System,6323,Pending Verification,0
CLM03575,2025-10-17,SERV06917,SALE16252,CUST03595,DLR160,BK003,Electrical System,11297,Approved,10900
CLM03576,2026-07-22,SERV04642,SALE10030,CUST03994,DLR166,BK003,Suspension & Brakes,9786,Rejected,0
CLM03577,2022-12-26,SERV00186,SALE15541,CUST01882,DLR095,BK001,Frame & Chassis,5726,Approved,5401
CLM03578,2026-01-14,SERV11333,SALE17319,CUST04885,DLR013,BK002,Frame & Chassis,2098,Rejected,0
CLM03579,2026-07-19,SERV14023,SALE16517,CUST01408,DLR130,BK001,Electrical System,4380,Rejected,0
CLM03580,2023-08-11,SERV07657,SALE04977,CUST00340,DLR081,BK001,Exhaust System,3301,Approved,3202
CLM03581,2023-07-07,SERV09360,SALE19112,CUST01588,DLR118,BK005,Exhaust System,4537,Rejected,0
CLM03582,2026-07-08,SERV13626,SALE15834,CUST01901,DLR019,BK014,Suspension & Brakes,9999,Approved,9112
CLM03583,2026-04-28,SERV06076,SALE00877,CUST02357,DLR046,BK008,Electrical System,13770,Approved,12493
CLM03584,2025-06-20,SERV08420,SALE01791,CUST03390,DLR188,BK002,Engine & Transmission,26645,Approved,26504
CLM03585,2025-11-17,SERV09232,SALE00066,CUST01793,DLR179,BK003,Electrical System,4912,Partially Approved,2550
CLM03586,2023-09-06,SERV01075,SALE12051,CUST03552,DLR186,BK001,Suspension & Brakes,10752,Rejected,0
CLM03587,2023-06-14,SERV04768,SALE08166,CUST02672,DLR167,BK002,Exhaust System,6985,Rejected,0
CLM03588,2021-07-22,SERV11916,SALE19877,CUST02752,DLR024,BK002,Fuel System & EFI,10833,Rejected,0
CLM03589,2021-03-01,SERV12400,SALE07603,CUST02740,DLR126,BK011,Engine & Transmission,25217,Approved,22898
CLM03590,2026-05-16,SERV06419,SALE09628,CUST04746,DLR064,BK004,Exhaust System,4245,Approved,4031
CLM03591,2021-12-22,SERV05967,SALE06905,CUST03403,DLR198,BK004,Fuel System & EFI,7137,Rejected,0
CLM03592,2024-05-02,SERV11243,SALE09426,CUST01905,DLR150,BK008,Fuel System & EFI,8673,Approved,8028
CLM03593,2024-08-25,SERV01309,SALE16371,CUST04304,DLR023,BK003,Engine & Transmission,28748,Approved,26810
CLM03594,2025-10-18,SERV09246,SALE09640,CUST01830,DLR035,BK007,Fuel System & EFI,7615,Rejected,0
CLM03595,2025-07-29,SERV00009,SALE12456,CUST00372,DLR076,BK008,Electrical System,9022,Approved,8135
CLM03596,2021-05-04,SERV01637,SALE18163,CUST03211,DLR098,BK001,Fuel System & EFI,11067,Approved,10465
CLM03597,2026-07-13,SERV07834,SALE12064,CUST00162,DLR095,BK002,Exhaust System,5639,Rejected,0
CLM03598,2021-05-28,SERV04495,SALE16655,CUST04427,DLR028,BK002,Electrical System,9988,Approved,9140
CLM03599,2026-06-20,SERV09415,SALE15491,CUST00133,DLR105,BK003,Suspension & Brakes,3694,Approved,3526
CLM03600,2022-07-24,SERV09799,SALE07721,CUST02915,DLR133,BK008,Fuel System & EFI,13805,Pending Verification,0
CLM03601,2022-04-20,SERV10457,SALE12002,CUST04263,DLR155,BK004,Frame & Chassis,3204,Approved,3109
CLM03602,2026-07-25,SERV03597,SALE02907,CUST02988,DLR192,BK001,Fuel System & EFI,8559,Rejected,0
CLM03603,2025-03-20,SERV08450,SALE08173,CUST02543,DLR103,BK002,Suspension & Brakes,4756,Approved,4377
CLM03604,2026-07-08,SERV12006,SALE15875,CUST04748,DLR011,BK002,Fuel System & EFI,11972,Pending Verification,0
CLM03605,2024-08-29,SERV07584,SALE07121,CUST01394,DLR134,BK002,Electrical System,7279,Pending Verification,0
CLM03606,2021-11-20,SERV09543,SALE09560,CUST04971,DLR092,BK006,Exhaust System,2589,Rejected,0
CLM03607,2025-11-04,SERV07336,SALE00647,CUST03443,DLR128,BK003,Frame & Chassis,5642,Approved,5311
CLM03608,2022-03-07,SERV12901,SALE13259,CUST02199,DLR111,BK003,Electrical System,10595,Pending Verification,0
CLM03609,2020-12-26,SERV05644,SALE05023,CUST02900,DLR095,BK003,Frame & Chassis,3878,Approved,3688
CLM03610,2026-05-07,SERV13449,SALE13404,CUST02295,DLR113,BK002,Engine & Transmission,16172,Approved,15871
CLM03611,2022-05-04,SERV11196,SALE06030,CUST03555,DLR021,BK003,Electrical System,9217,Approved,8915
CLM03612,2026-07-21,SERV00455,SALE18576,CUST00918,DLR074,BK011,Exhaust System,6464,Pending Verification,0
CLM03613,2025-04-03,SERV08194,SALE01332,CUST00468,DLR180,BK001,Electrical System,11400,Approved,10789
CLM03614,2023-03-23,SERV04247,SALE01528,CUST03542,DLR068,BK007,Frame & Chassis,4585,Pending Verification,0
CLM03615,2025-10-18,SERV07877,SALE17508,CUST00314,DLR110,BK004,Electrical System,13428,Approved,12531
CLM03616,2022-10-28,SERV00909,SALE00777,CUST03687,DLR091,BK002,Fuel System & EFI,10546,Rejected,0
CLM03617,2022-08-31,SERV07170,SALE13575,CUST00031,DLR023,BK002,Fuel System & EFI,12684,Rejected,0
CLM03618,2022-10-07,SERV09314,SALE00030,CUST03676,DLR109,BK002,Engine & Transmission,31944,Partially Approved,19087
CLM03619,2026-07-30,SERV07299,SALE00869,CUST02958,DLR038,BK007,Exhaust System,6682,Pending Verification,0
CLM03620,2023-10-20,SERV07373,SALE00367,CUST01040,DLR034,BK001,Suspension & Brakes,5336,Approved,4808
CLM03621,2023-03-27,SERV00942,SALE11859,CUST03426,DLR010,BK003,Suspension & Brakes,5577,Approved,5186
CLM03622,2023-01-30,SERV00415,SALE03743,CUST00528,DLR163,BK012,Frame & Chassis,6122,Approved,5880
CLM03623,2025-08-17,SERV12920,SALE08681,CUST03464,DLR042,BK007,Suspension & Brakes,3987,Approved,3885
CLM03624,2025-05-08,SERV02375,SALE11515,CUST01238,DLR031,BK004,Fuel System & EFI,12127,Approved,11146
CLM03625,2021-02-19,SERV05772,SALE03639,CUST01717,DLR154,BK006,Suspension & Brakes,10474,Approved,9450
CLM03626,2026-01-10,SERV11008,SALE19600,CUST02923,DLR083,BK010,Fuel System & EFI,7156,Approved,6937
CLM03627,2023-06-29,SERV12430,SALE07665,CUST01475,DLR089,BK010,Electrical System,4483,Approved,4376
CLM03628,2022-04-23,SERV07603,SALE19395,CUST03308,DLR059,BK002,Exhaust System,5889,Approved,5431
CLM03629,2025-01-19,SERV06272,SALE02359,CUST00730,DLR015,BK004,Frame & Chassis,5280,Approved,5137
CLM03630,2024-07-16,SERV10131,SALE07085,CUST04489,DLR070,BK003,Fuel System & EFI,14049,Approved,13318
CLM03631,2021-04-08,SERV13170,SALE08517,CUST01776,DLR012,BK003,Suspension & Brakes,10134,Approved,9224
CLM03632,2025-11-19,SERV09548,SALE02774,CUST04119,DLR193,BK007,Frame & Chassis,4982,Approved,4729
CLM03633,2023-01-02,SERV12685,SALE01024,CUST01022,DLR077,BK005,Electrical System,7864,Approved,7417
CLM03634,2022-06-15,SERV13069,SALE03986,CUST04911,DLR144,BK005,Exhaust System,5100,Approved,4701
CLM03635,2022-05-08,SERV04770,SALE02291,CUST02629,DLR192,BK003,Exhaust System,3594,Approved,3295
CLM03636,2026-07-08,SERV10696,SALE12957,CUST01033,DLR010,BK002,Fuel System & EFI,13893,Rejected,0
CLM03637,2023-01-09,SERV02022,SALE01567,CUST01109,DLR135,BK006,Fuel System & EFI,4962,Approved,4763
CLM03638,2022-11-03,SERV00896,SALE03656,CUST02003,DLR144,BK004,Fuel System & EFI,7286,Approved,6719
CLM03639,2025-07-14,SERV07656,SALE07659,CUST01861,DLR026,BK006,Fuel System & EFI,11377,Approved,10366
CLM03640,2022-03-22,SERV04619,SALE14464,CUST04370,DLR060,BK002,Engine & Transmission,23619,Approved,23477
CLM03641,2025-07-17,SERV05002,SALE01710,CUST03697,DLR167,BK001,Engine & Transmission,10856,Pending Verification,0
CLM03642,2026-07-23,SERV03679,SALE14636,CUST00268,DLR162,BK002,Electrical System,14600,Approved,13807
CLM03643,2024-09-14,SERV00882,SALE18201,CUST01171,DLR077,BK003,Electrical System,12362,Approved,11778
CLM03644,2023-03-05,SERV03188,SALE09509,CUST00313,DLR135,BK001,Fuel System & EFI,6859,Pending Verification,0
CLM03645,2023-08-09,SERV13753,SALE02786,CUST00495,DLR002,BK002,Frame & Chassis,7930,Rejected,0
CLM03646,2022-03-06,SERV02826,SALE01430,CUST03165,DLR103,BK008,Suspension & Brakes,4314,Approved,4118
CLM03647,2022-02-14,SERV12960,SALE00450,CUST02201,DLR016,BK005,Suspension & Brakes,4531,Pending Verification,0
CLM03648,2026-07-13,SERV09026,SALE14613,CUST00890,DLR045,BK003,Engine & Transmission,23814,Approved,22166
CLM03649,2022-01-09,SERV01860,SALE19339,CUST00021,DLR110,BK001,Electrical System,14696,Approved,14442
CLM03650,2024-11-22,SERV04273,SALE13082,CUST03081,DLR088,BK004,Suspension & Brakes,5811,Approved,5453
CLM03651,2022-08-09,SERV13815,SALE04550,CUST03397,DLR131,BK003,Fuel System & EFI,3842,Approved,3700
CLM03652,2024-05-28,SERV13381,SALE03045,CUST00425,DLR098,BK007,Exhaust System,3614,Approved,3326
CLM03653,2024-04-19,SERV08452,SALE03834,CUST04839,DLR054,BK003,Engine & Transmission,14778,Approved,13494
CLM03654,2023-05-17,SERV04587,SALE08599,CUST04398,DLR186,BK010,Engine & Transmission,13162,Approved,12828
CLM03655,2025-09-24,SERV01802,SALE07093,CUST04707,DLR122,BK004,Exhaust System,4874,Pending Verification,0
CLM03656,2024-12-06,SERV09104,SALE10229,CUST00330,DLR141,BK008,Exhaust System,6682,Approved,6222
CLM03657,2023-08-07,SERV14905,SALE11459,CUST01150,DLR027,BK002,Frame & Chassis,5903,Approved,5583
CLM03658,2024-08-04,SERV04949,SALE14969,CUST01126,DLR011,BK003,Exhaust System,6035,Approved,5846
CLM03659,2025-01-30,SERV11490,SALE03919,CUST02451,DLR101,BK001,Suspension & Brakes,9405,Approved,8632
CLM03660,2024-08-19,SERV12461,SALE07742,CUST04711,DLR102,BK007,Exhaust System,8222,Rejected,0
CLM03661,2024-05-03,SERV03266,SALE19545,CUST04625,DLR069,BK001,Fuel System & EFI,11815,Approved,10721
CLM03662,2025-07-26,SERV06039,SALE03670,CUST00185,DLR108,BK002,Electrical System,11321,Approved,10215
CLM03663,2026-07-28,SERV09624,SALE12259,CUST03493,DLR021,BK010,Frame & Chassis,7917,Approved,7715
CLM03664,2026-07-09,SERV06999,SALE00077,CUST01734,DLR084,BK005,Fuel System & EFI,9735,Pending Verification,0
CLM03665,2026-07-11,SERV00442,SALE12837,CUST04193,DLR154,BK002,Exhaust System,6996,Approved,6868
CLM03666,2024-07-28,SERV05643,SALE00912,CUST01345,DLR111,BK002,Frame & Chassis,5174,Approved,4951
CLM03667,2026-07-11,SERV12095,SALE13716,CUST03490,DLR044,BK004,Exhaust System,2359,Approved,2355
CLM03668,2024-06-05,SERV10990,SALE06464,CUST04571,DLR160,BK003,Frame & Chassis,7099,Approved,6434
CLM03669,2024-09-07,SERV09231,SALE15148,CUST03794,DLR118,BK004,Exhaust System,7217,Approved,6708
CLM03670,2025-04-30,SERV06873,SALE01484,CUST00277,DLR072,BK002,Frame & Chassis,2486,Approved,2456
CLM03671,2021-08-02,SERV11300,SALE03728,CUST04827,DLR171,BK008,Engine & Transmission,24719,Partially Approved,16374
CLM03672,2023-05-04,SERV02622,SALE18896,CUST01168,DLR007,BK003,Frame & Chassis,7468,Approved,6951
CLM03673,2026-07-04,SERV12859,SALE08426,CUST00586,DLR169,BK002,Fuel System & EFI,9084,Pending Verification,0
CLM03674,2024-09-10,SERV08391,SALE02834,CUST02340,DLR138,BK002,Suspension & Brakes,3257,Rejected,0
CLM03675,2023-11-03,SERV10217,SALE18870,CUST03328,DLR053,BK001,Exhaust System,6773,Approved,6486
CLM03676,2025-05-11,SERV08051,SALE14559,CUST01344,DLR129,BK002,Exhaust System,6512,Approved,6287
CLM03677,2021-10-23,SERV05292,SALE04070,CUST01544,DLR152,BK002,Suspension & Brakes,9775,Pending Verification,0
CLM03678,2022-02-26,SERV12734,SALE13794,CUST01711,DLR077,BK014,Fuel System & EFI,9149,Partially Approved,5897
CLM03679,2026-07-19,SERV11996,SALE14945,CUST03530,DLR094,BK003,Engine & Transmission,22944,Pending Verification,0
CLM03680,2026-05-06,SERV14512,SALE04585,CUST04610,DLR122,BK003,Suspension & Brakes,8229,Approved,8210
CLM03681,2026-08-02,SERV10110,SALE13471,CUST04097,DLR124,BK008,Exhaust System,6183,Rejected,0
CLM03682,2021-11-22,SERV04740,SALE06150,CUST00262,DLR034,BK003,Frame & Chassis,4245,Rejected,0
CLM03683,2022-08-08,SERV08488,SALE01450,CUST02858,DLR135,BK003,Suspension & Brakes,4913,Approved,4600
CLM03684,2024-08-10,SERV07211,SALE05119,CUST04649,DLR084,BK002,Exhaust System,3205,Approved,2987
CLM03685,2026-07-11,SERV01855,SALE02708,CUST03778,DLR187,BK003,Fuel System & EFI,7025,Approved,6966
CLM03686,2021-10-01,SERV02506,SALE18032,CUST04766,DLR082,BK001,Frame & Chassis,7365,Approved,6975
CLM03687,2022-02-07,SERV06812,SALE14521,CUST04124,DLR010,BK001,Suspension & Brakes,6194,Approved,5898
CLM03688,2020-12-09,SERV03950,SALE16426,CUST04812,DLR022,BK004,Engine & Transmission,11575,Approved,10846
CLM03689,2021-10-15,SERV04624,SALE00639,CUST03844,DLR003,BK009,Fuel System & EFI,6843,Approved,6339
CLM03690,2022-05-19,SERV13002,SALE03704,CUST02518,DLR003,BK003,Suspension & Brakes,2773,Approved,2562
CLM03691,2022-04-04,SERV12621,SALE05109,CUST01418,DLR170,BK002,Exhaust System,5557,Partially Approved,2249
CLM03692,2022-01-06,SERV07508,SALE07000,CUST03157,DLR016,BK002,Electrical System,5715,Approved,5279
CLM03693,2026-07-03,SERV02428,SALE19289,CUST00046,DLR187,BK010,Electrical System,8954,Approved,8879
CLM03694,2024-09-11,SERV13773,SALE00546,CUST02317,DLR133,BK003,Exhaust System,7524,Approved,7513
CLM03695,2021-09-25,SERV03504,SALE06475,CUST01414,DLR081,BK003,Suspension & Brakes,5657,Pending Verification,0
CLM03696,2023-11-07,SERV07822,SALE15248,CUST03544,DLR017,BK001,Frame & Chassis,2552,Rejected,0
CLM03697,2023-11-20,SERV01512,SALE04922,CUST01622,DLR165,BK002,Engine & Transmission,20976,Approved,19266
CLM03698,2023-10-09,SERV10855,SALE11924,CUST01094,DLR037,BK010,Engine & Transmission,23009,Approved,21591
CLM03699,2022-12-11,SERV11366,SALE18296,CUST01392,DLR052,BK006,Engine & Transmission,29965,Rejected,0
CLM03700,2026-07-08,SERV00507,SALE12304,CUST01958,DLR123,BK001,Exhaust System,6491,Approved,6202
CLM03701,2024-03-12,SERV08355,SALE17691,CUST01790,DLR048,BK002,Engine & Transmission,31343,Approved,31247
CLM03702,2021-12-04,SERV11932,SALE17093,CUST04504,DLR071,BK002,Electrical System,5354,Approved,5161
CLM03703,2026-03-10,SERV14875,SALE17353,CUST02116,DLR130,BK010,Frame & Chassis,3025,Rejected,0
CLM03704,2020-04-15,SERV06669,SALE16092,CUST04999,DLR025,BK003,Suspension & Brakes,7842,Rejected,0
CLM03705,2026-02-25,SERV06554,SALE12577,CUST02416,DLR167,BK009,Suspension & Brakes,9279,Approved,8903
CLM03706,2024-04-03,SERV03979,SALE17247,CUST04958,DLR121,BK004,Engine & Transmission,15252,Approved,13950
CLM03707,2024-07-29,SERV11166,SALE09828,CUST02477,DLR002,BK002,Exhaust System,3260,Pending Verification,0
CLM03708,2025-04-04,SERV01517,SALE18577,CUST03541,DLR022,BK002,Fuel System & EFI,3807,Approved,3763
CLM03709,2023-07-20,SERV09041,SALE05644,CUST02512,DLR112,BK003,Exhaust System,2437,Partially Approved,1191
CLM03710,2024-05-04,SERV09711,SALE03932,CUST04566,DLR138,BK002,Suspension & Brakes,6800,Rejected,0
CLM03711,2026-05-02,SERV02645,SALE04974,CUST04494,DLR145,BK001,Electrical System,15127,Approved,13634
CLM03712,2026-07-11,SERV09554,SALE10605,CUST01112,DLR112,BK009,Electrical System,7701,Approved,7318
CLM03713,2025-08-05,SERV00073,SALE13096,CUST00201,DLR162,BK002,Suspension & Brakes,10678,Approved,9921
CLM03714,2022-07-05,SERV12716,SALE14217,CUST04877,DLR146,BK004,Electrical System,12695,Approved,12136
CLM03715,2026-03-05,SERV11368,SALE09912,CUST03997,DLR155,BK003,Suspension & Brakes,6742,Approved,6562
CLM03716,2023-03-18,SERV04101,SALE02581,CUST01048,DLR158,BK006,Suspension & Brakes,9045,Approved,8202
CLM03717,2026-04-30,SERV04852,SALE06743,CUST03739,DLR080,BK003,Frame & Chassis,7017,Rejected,0
CLM03718,2020-12-29,SERV00491,SALE18452,CUST02356,DLR171,BK001,Frame & Chassis,1764,Rejected,0
CLM03719,2026-05-14,SERV01140,SALE17312,CUST02142,DLR139,BK001,Suspension & Brakes,4791,Rejected,0
CLM03720,2022-09-25,SERV14116,SALE03642,CUST03293,DLR097,BK011,Suspension & Brakes,6580,Approved,6216
CLM03721,2026-07-14,SERV00209,SALE02470,CUST04443,DLR002,BK001,Suspension & Brakes,5240,Approved,4807
CLM03722,2022-04-23,SERV01684,SALE09943,CUST02933,DLR001,BK003,Frame & Chassis,5777,Pending Verification,0
CLM03723,2022-03-09,SERV05426,SALE09348,CUST01661,DLR052,BK005,Engine & Transmission,29098,Pending Verification,0
CLM03724,2020-12-01,SERV14700,SALE15679,CUST00557,DLR158,BK001,Exhaust System,1641,Approved,1549
CLM03725,2024-06-26,SERV05371,SALE08429,CUST00811,DLR021,BK002,Frame & Chassis,1897,Approved,1820
CLM03726,2024-06-02,SERV00961,SALE15050,CUST03109,DLR046,BK001,Electrical System,15132,Approved,14060
CLM03727,2024-05-09,SERV03503,SALE08152,CUST04395,DLR134,BK001,Exhaust System,3594,Approved,3549
CLM03728,2021-09-20,SERV14000,SALE03172,CUST00612,DLR027,BK004,Electrical System,15470,Approved,13933
CLM03729,2026-07-26,SERV13693,SALE01997,CUST01684,DLR037,BK001,Frame & Chassis,5101,Approved,4724
CLM03730,2026-03-13,SERV00817,SALE09369,CUST02227,DLR088,BK003,Fuel System & EFI,13624,Rejected,0
CLM03731,2022-08-07,SERV13341,SALE19741,CUST04434,DLR015,BK003,Electrical System,7554,Rejected,0
CLM03732,2021-09-08,SERV10317,SALE16632,CUST01876,DLR031,BK002,Fuel System & EFI,10576,Approved,10178
CLM03733,2023-04-11,SERV11546,SALE15985,CUST02152,DLR071,BK006,Engine & Transmission,15010,Approved,14289
CLM03734,2020-08-27,SERV06373,SALE02342,CUST03282,DLR030,BK002,Fuel System & EFI,10248,Approved,10117
CLM03735,2021-07-28,SERV04132,SALE09096,CUST03124,DLR191,BK002,Frame & Chassis,3311,Approved,3017
CLM03736,2023-11-08,SERV01633,SALE06447,CUST02512,DLR186,BK001,Fuel System & EFI,13269,Rejected,0
CLM03737,2023-07-24,SERV08155,SALE12376,CUST02192,DLR114,BK003,Suspension & Brakes,3103,Rejected,0
CLM03738,2023-06-20,SERV04068,SALE05819,CUST03369,DLR041,BK002,Fuel System & EFI,13174,Approved,12780
CLM03739,2023-08-15,SERV01558,SALE08528,CUST01075,DLR088,BK013,Electrical System,12099,Approved,11671
CLM03740,2022-09-20,SERV11005,SALE15169,CUST04527,DLR029,BK002,Suspension & Brakes,11057,Rejected,0
CLM03741,2021-09-29,SERV03281,SALE10130,CUST04651,DLR127,BK003,Engine & Transmission,8812,Pending Verification,0
CLM03742,2024-05-01,SERV05614,SALE04191,CUST04437,DLR170,BK002,Suspension & Brakes,4782,Pending Verification,0
CLM03743,2021-06-25,SERV08852,SALE09870,CUST01199,DLR070,BK002,Engine & Transmission,15580,Approved,15142
CLM03744,2021-02-03,SERV00522,SALE02196,CUST03712,DLR150,BK003,Exhaust System,8464,Approved,8011
CLM03745,2026-01-31,SERV11401,SALE17569,CUST00064,DLR105,BK003,Electrical System,10372,Approved,10217
CLM03746,2026-01-11,SERV10016,SALE01991,CUST03140,DLR139,BK001,Exhaust System,2787,Approved,2732
CLM03747,2026-07-10,SERV04700,SALE02200,CUST04100,DLR146,BK005,Suspension & Brakes,3315,Approved,3132
CLM03748,2022-12-19,SERV13601,SALE09285,CUST03991,DLR097,BK009,Fuel System & EFI,14511,Approved,13513
CLM03749,2025-02-09,SERV06358,SALE12493,CUST00366,DLR194,BK010,Suspension & Brakes,4924,Approved,4687
CLM03750,2022-05-10,SERV07729,SALE08252,CUST00429,DLR197,BK009,Frame & Chassis,2275,Approved,2207
CLM03751,2023-04-09,SERV10418,SALE07036,CUST02347,DLR039,BK010,Suspension & Brakes,4845,Approved,4651
CLM03752,2026-07-12,SERV02688,SALE17341,CUST00375,DLR015,BK002,Fuel System & EFI,13154,Approved,11904
CLM03753,2025-04-24,SERV14830,SALE16702,CUST01672,DLR147,BK004,Frame & Chassis,3193,Approved,3025
CLM03754,2025-01-07,SERV08661,SALE02187,CUST01665,DLR100,BK008,Fuel System & EFI,8794,Rejected,0
CLM03755,2023-08-23,SERV11857,SALE04225,CUST01641,DLR060,BK004,Frame & Chassis,6573,Approved,6488
CLM03756,2025-06-07,SERV01087,SALE06510,CUST02940,DLR046,BK011,Exhaust System,6136,Rejected,0
CLM03757,2024-08-16,SERV12396,SALE12630,CUST04281,DLR072,BK003,Frame & Chassis,3338,Rejected,0
CLM03758,2026-07-07,SERV00423,SALE10555,CUST00169,DLR018,BK003,Exhaust System,7392,Approved,6816
CLM03759,2021-10-06,SERV04744,SALE01522,CUST00344,DLR111,BK002,Electrical System,12882,Approved,11726
CLM03760,2026-07-18,SERV13305,SALE04099,CUST03992,DLR075,BK005,Frame & Chassis,2167,Approved,2141
CLM03761,2024-03-20,SERV13657,SALE18104,CUST04975,DLR033,BK001,Exhaust System,4387,Approved,4039
CLM03762,2023-02-18,SERV14213,SALE05236,CUST02932,DLR154,BK001,Electrical System,14946,Approved,14315
CLM03763,2026-06-21,SERV01274,SALE04206,CUST03586,DLR003,BK007,Engine & Transmission,29286,Approved,27801
CLM03764,2021-08-14,SERV07399,SALE18139,CUST03684,DLR017,BK002,Exhaust System,2012,Pending Verification,0
CLM03765,2026-03-20,SERV05000,SALE02744,CUST02041,DLR033,BK002,Suspension & Brakes,10186,Approved,9813
CLM03766,2023-05-10,SERV09604,SALE08396,CUST02594,DLR125,BK012,Exhaust System,5232,Rejected,0
CLM03767,2021-11-01,SERV00973,SALE02522,CUST01020,DLR147,BK005,Engine & Transmission,26569,Pending Verification,0
CLM03768,2021-02-04,SERV06757,SALE01452,CUST03228,DLR166,BK002,Exhaust System,2821,Pending Verification,0
CLM03769,2021-08-11,SERV12946,SALE13510,CUST01608,DLR164,BK005,Suspension & Brakes,2634,Approved,2404
CLM03770,2024-04-09,SERV10824,SALE17503,CUST02236,DLR021,BK012,Engine & Transmission,12643,Approved,11433
CLM03771,2026-07-19,SERV13957,SALE09925,CUST00484,DLR196,BK003,Suspension & Brakes,9998,Rejected,0
CLM03772,2021-09-27,SERV03285,SALE09046,CUST03420,DLR139,BK001,Engine & Transmission,25144,Approved,22761
CLM03773,2023-09-08,SERV05777,SALE14419,CUST04395,DLR145,BK003,Suspension & Brakes,4196,Approved,4042
CLM03774,2022-05-08,SERV12328,SALE03475,CUST00939,DLR167,BK005,Frame & Chassis,5900,Pending Verification,0
CLM03775,2025-06-16,SERV12767,SALE17199,CUST00466,DLR136,BK004,Exhaust System,4957,Approved,4897
CLM03776,2021-09-26,SERV04687,SALE15405,CUST00469,DLR181,BK005,Fuel System & EFI,9306,Approved,8666
CLM03777,2025-12-05,SERV14063,SALE19871,CUST00738,DLR109,BK001,Fuel System & EFI,15807,Approved,15750
CLM03778,2024-01-08,SERV01567,SALE05892,CUST03682,DLR108,BK001,Fuel System & EFI,11583,Approved,10761
CLM03779,2024-07-28,SERV14940,SALE12095,CUST00888,DLR191,BK010,Exhaust System,6328,Approved,6065
CLM03780,2024-07-16,SERV13697,SALE08774,CUST01620,DLR102,BK003,Exhaust System,4645,Approved,4258
CLM03781,2026-04-20,SERV08522,SALE19015,CUST00499,DLR124,BK002,Frame & Chassis,6723,Approved,6358
CLM03782,2022-01-02,SERV04977,SALE08045,CUST03923,DLR091,BK005,Fuel System & EFI,7548,Approved,6808
CLM03783,2024-09-21,SERV12291,SALE09289,CUST00307,DLR019,BK005,Engine & Transmission,25710,Approved,23155
CLM03784,2025-05-09,SERV05807,SALE14079,CUST00390,DLR187,BK004,Suspension & Brakes,9182,Approved,8988
CLM03785,2026-07-18,SERV03511,SALE13102,CUST04744,DLR003,BK001,Suspension & Brakes,3593,Rejected,0
CLM03786,2020-09-10,SERV10182,SALE17908,CUST02179,DLR027,BK001,Engine & Transmission,18283,Approved,18201
CLM03787,2026-07-03,SERV03986,SALE00123,CUST03138,DLR199,BK001,Fuel System & EFI,13518,Rejected,0
CLM03788,2022-12-19,SERV01056,SALE02513,CUST00381,DLR063,BK004,Suspension & Brakes,8640,Approved,7923
CLM03789,2021-02-22,SERV03551,SALE19672,CUST03654,DLR177,BK008,Electrical System,12087,Pending Verification,0
CLM03790,2026-05-23,SERV10570,SALE06252,CUST04483,DLR109,BK005,Fuel System & EFI,6563,Approved,6487
CLM03791,2022-08-09,SERV09171,SALE16730,CUST04656,DLR177,BK005,Frame & Chassis,5457,Approved,5168
CLM03792,2021-12-10,SERV09503,SALE05174,CUST02763,DLR136,BK001,Suspension & Brakes,6812,Approved,6288
CLM03793,2023-08-22,SERV05169,SALE03227,CUST03578,DLR078,BK008,Engine & Transmission,15817,Approved,15615
CLM03794,2024-02-10,SERV06112,SALE06501,CUST01606,DLR027,BK008,Exhaust System,4130,Approved,3756
CLM03795,2024-02-29,SERV07201,SALE14941,CUST03386,DLR030,BK001,Suspension & Brakes,6181,Approved,5705
CLM03796,2023-02-20,SERV01312,SALE15799,CUST03619,DLR165,BK008,Exhaust System,7402,Approved,7165
CLM03797,2024-04-05,SERV13447,SALE08758,CUST04156,DLR073,BK003,Exhaust System,3893,Approved,3800
CLM03798,2021-08-15,SERV07649,SALE09600,CUST03502,DLR047,BK006,Suspension & Brakes,11289,Approved,10282
CLM03799,2021-08-30,SERV10688,SALE15523,CUST03987,DLR108,BK005,Frame & Chassis,2181,Approved,1979
CLM03800,2023-08-17,SERV09792,SALE06967,CUST03371,DLR079,BK005,Suspension & Brakes,9393,Approved,8723
CLM03801,2024-12-11,SERV04992,SALE16996,CUST00116,DLR157,BK001,Engine & Transmission,22541,Approved,21292
CLM03802,2023-05-02,SERV03881,SALE11559,CUST03130,DLR079,BK003,Engine & Transmission,13827,Approved,13799
CLM03803,2025-03-15,SERV06745,SALE14519,CUST01834,DLR088,BK003,Frame & Chassis,8124,Approved,7413
CLM03804,2025-05-11,SERV12127,SALE19980,CUST03421,DLR120,BK002,Engine & Transmission,15538,Approved,14929
CLM03805,2022-06-28,SERV05354,SALE09909,CUST03295,DLR024,BK003,Electrical System,4217,Approved,4011
CLM03806,2022-06-04,SERV03622,SALE06845,CUST01207,DLR074,BK003,Electrical System,10355,Rejected,0
CLM03807,2023-02-07,SERV02245,SALE01966,CUST00812,DLR100,BK004,Electrical System,9509,Approved,8866
CLM03808,2026-02-01,SERV12628,SALE12622,CUST02413,DLR109,BK001,Fuel System & EFI,15434,Approved,14772
CLM03809,2022-10-21,SERV02448,SALE05843,CUST02092,DLR169,BK001,Engine & Transmission,26963,Approved,25550
CLM03810,2026-07-05,SERV07272,SALE08348,CUST02999,DLR191,BK006,Frame & Chassis,1688,Approved,1581
CLM03811,2022-04-25,SERV03752,SALE16457,CUST00961,DLR034,BK001,Engine & Transmission,29649,Approved,28539
CLM03812,2025-08-01,SERV14901,SALE19790,CUST00674,DLR062,BK003,Exhaust System,5990,Pending Verification,0
CLM03813,2021-09-07,SERV07494,SALE14866,CUST01227,DLR150,BK012,Exhaust System,8393,Rejected,0
CLM03814,2022-03-06,SERV11491,SALE03477,CUST01645,DLR023,BK001,Exhaust System,7092,Approved,6410
CLM03815,2023-09-30,SERV01979,SALE15219,CUST02349,DLR094,BK002,Suspension & Brakes,11159,Pending Verification,0
CLM03816,2021-05-30,SERV08696,SALE05238,CUST00248,DLR022,BK004,Engine & Transmission,11669,Approved,11376
CLM03817,2024-09-19,SERV00181,SALE02648,CUST02759,DLR051,BK001,Suspension & Brakes,10331,Rejected,0
CLM03818,2022-10-25,SERV02982,SALE03005,CUST00570,DLR084,BK001,Exhaust System,5862,Approved,5657
CLM03819,2026-03-19,SERV05616,SALE12993,CUST02970,DLR180,BK002,Fuel System & EFI,3795,Approved,3417
CLM03820,2026-06-22,SERV00731,SALE18369,CUST01483,DLR081,BK010,Fuel System & EFI,6254,Approved,5635
CLM03821,2022-12-06,SERV10311,SALE11279,CUST01851,DLR081,BK001,Engine & Transmission,16315,Pending Verification,0
CLM03822,2023-01-31,SERV13551,SALE12784,CUST03039,DLR168,BK006,Fuel System & EFI,14075,Approved,13310
CLM03823,2023-03-27,SERV10921,SALE17342,CUST01667,DLR183,BK002,Engine & Transmission,26682,Approved,26173
CLM03824,2020-11-29,SERV02513,SALE18526,CUST01255,DLR032,BK008,Suspension & Brakes,10860,Rejected,0
CLM03825,2025-02-16,SERV07011,SALE05213,CUST00985,DLR107,BK003,Engine & Transmission,22813,Approved,21538
CLM03826,2022-10-18,SERV14701,SALE15985,CUST02152,DLR071,BK006,Electrical System,3934,Approved,3553
CLM03827,2026-07-05,SERV05977,SALE19740,CUST00067,DLR194,BK010,Electrical System,9786,Approved,9451
CLM03828,2024-03-28,SERV14705,SALE16670,CUST03847,DLR177,BK011,Electrical System,11269,Rejected,0
CLM03829,2026-07-18,SERV11469,SALE17652,CUST02652,DLR111,BK001,Fuel System & EFI,8249,Approved,7482
CLM03830,2026-07-15,SERV10658,SALE06320,CUST04403,DLR117,BK003,Suspension & Brakes,4895,Approved,4584
CLM03831,2021-11-20,SERV02785,SALE18943,CUST02727,DLR010,BK001,Engine & Transmission,31268,Pending Verification,0
CLM03832,2021-08-09,SERV11555,SALE15649,CUST00982,DLR026,BK003,Frame & Chassis,3572,Pending Verification,0
CLM03833,2026-07-13,SERV04679,SALE18165,CUST03809,DLR019,BK001,Electrical System,11235,Rejected,0
CLM03834,2026-07-28,SERV08957,SALE04705,CUST00051,DLR142,BK003,Frame & Chassis,5859,Rejected,0
CLM03835,2024-03-29,SERV01683,SALE01368,CUST02961,DLR101,BK003,Electrical System,13715,Approved,12582
CLM03836,2025-11-12,SERV04082,SALE08421,CUST02506,DLR054,BK002,Exhaust System,6785,Approved,6418
CLM03837,2026-07-19,SERV10792,SALE05247,CUST02525,DLR031,BK002,Exhaust System,1962,Approved,1894
CLM03838,2026-07-16,SERV01941,SALE01839,CUST01595,DLR159,BK008,Exhaust System,5218,Approved,4792
CLM03839,2026-07-27,SERV02531,SALE09151,CUST02358,DLR192,BK002,Suspension & Brakes,7116,Rejected,0
CLM03840,2026-07-18,SERV02422,SALE03149,CUST01343,DLR118,BK004,Exhaust System,5764,Approved,5561
CLM03841,2023-05-18,SERV04189,SALE01567,CUST01109,DLR135,BK006,Exhaust System,6136,Rejected,0
CLM03842,2024-07-27,SERV03568,SALE14694,CUST02456,DLR139,BK001,Fuel System & EFI,11343,Approved,10833
CLM03843,2023-05-31,SERV00244,SALE12233,CUST01893,DLR129,BK002,Electrical System,10371,Rejected,0
CLM03844,2021-02-05,SERV10330,SALE09858,CUST04737,DLR071,BK007,Engine & Transmission,18087,Partially Approved,13207
CLM03845,2023-06-28,SERV13729,SALE07514,CUST04000,DLR055,BK003,Suspension & Brakes,9810,Approved,9163
CLM03846,2026-07-29,SERV09469,SALE07418,CUST00364,DLR088,BK001,Fuel System & EFI,12266,Approved,11682
CLM03847,2026-07-13,SERV10488,SALE03709,CUST00844,DLR108,BK009,Exhaust System,2732,Approved,2658
CLM03848,2026-07-06,SERV06260,SALE11002,CUST01025,DLR131,BK001,Fuel System & EFI,6843,Rejected,0
CLM03849,2021-07-22,SERV13843,SALE01429,CUST01612,DLR150,BK002,Electrical System,3590,Approved,3246
CLM03850,2026-08-02,SERV05126,SALE10297,CUST02645,DLR198,BK005,Frame & Chassis,6996,Approved,6397
CLM03851,2026-06-20,SERV07084,SALE05645,CUST00669,DLR031,BK002,Suspension & Brakes,6904,Approved,6825
CLM03852,2026-03-11,SERV11095,SALE08377,CUST01482,DLR100,BK002,Exhaust System,3103,Approved,3007
CLM03853,2022-01-18,SERV04872,SALE12672,CUST00256,DLR027,BK001,Exhaust System,3655,Pending Verification,0
CLM03854,2022-01-13,SERV10310,SALE14768,CUST04912,DLR092,BK005,Fuel System & EFI,15939,Pending Verification,0
CLM03855,2026-06-11,SERV04616,SALE17795,CUST02845,DLR148,BK014,Exhaust System,4482,Approved,4225
CLM03856,2024-06-16,SERV10981,SALE15654,CUST00684,DLR021,BK002,Engine & Transmission,16240,Approved,15844
CLM03857,2026-07-11,SERV12315,SALE17476,CUST02388,DLR044,BK002,Electrical System,8709,Approved,8411
CLM03858,2024-12-02,SERV13929,SALE15346,CUST00857,DLR135,BK002,Suspension & Brakes,2873,Pending Verification,0
CLM03859,2024-03-29,SERV02144,SALE02119,CUST04363,DLR127,BK003,Exhaust System,6807,Partially Approved,3045
CLM03860,2022-02-27,SERV13042,SALE04487,CUST01942,DLR090,BK003,Suspension & Brakes,6228,Rejected,0
CLM03861,2020-08-20,SERV00936,SALE01334,CUST04384,DLR028,BK002,Engine & Transmission,28218,Approved,25594
CLM03862,2022-12-09,SERV07908,SALE03696,CUST04539,DLR085,BK006,Engine & Transmission,27518,Approved,27105
CLM03863,2022-11-26,SERV12576,SALE18969,CUST01402,DLR013,BK004,Frame & Chassis,2548,Approved,2312
CLM03864,2026-03-07,SERV00642,SALE04994,CUST03411,DLR117,BK001,Frame & Chassis,6708,Approved,6610
CLM03865,2025-09-18,SERV08884,SALE11371,CUST01128,DLR016,BK004,Fuel System & EFI,8046,Approved,7587
CLM03866,2025-12-31,SERV04149,SALE05719,CUST03746,DLR194,BK004,Suspension & Brakes,7800,Approved,7601
CLM03867,2025-03-17,SERV02423,SALE11695,CUST01621,DLR141,BK003,Fuel System & EFI,12797,Approved,12257
CLM03868,2024-10-04,SERV05773,SALE12173,CUST02533,DLR080,BK003,Engine & Transmission,25541,Approved,25017
CLM03869,2024-11-12,SERV06225,SALE05399,CUST03526,DLR129,BK004,Electrical System,11397,Pending Verification,0
CLM03870,2022-06-11,SERV05858,SALE11198,CUST00963,DLR156,BK005,Suspension & Brakes,10606,Approved,10405
CLM03871,2023-04-09,SERV09176,SALE11852,CUST01676,DLR161,BK012,Exhaust System,4388,Approved,4214
CLM03872,2025-11-08,SERV09551,SALE03263,CUST04650,DLR193,BK005,Frame & Chassis,7381,Pending Verification,0
CLM03873,2021-12-17,SERV12700,SALE07781,CUST04670,DLR011,BK009,Exhaust System,1738,Approved,1567
CLM03874,2026-07-31,SERV08907,SALE13823,CUST01655,DLR071,BK006,Suspension & Brakes,5275,Rejected,0
CLM03875,2022-05-14,SERV04625,SALE09948,CUST00804,DLR191,BK002,Fuel System & EFI,8325,Approved,7733
CLM03876,2023-05-11,SERV14797,SALE09429,CUST00811,DLR116,BK007,Electrical System,13446,Approved,12313
CLM03877,2021-04-02,SERV14676,SALE04320,CUST03344,DLR054,BK001,Frame & Chassis,7402,Approved,7252
CLM03878,2026-07-25,SERV01896,SALE10855,CUST03597,DLR134,BK001,Electrical System,14755,Pending Verification,0
CLM03879,2026-07-22,SERV05785,SALE11739,CUST03597,DLR062,BK002,Electrical System,9920,Approved,9498
CLM03880,2021-05-18,SERV09930,SALE00465,CUST01303,DLR080,BK003,Frame & Chassis,8367,Pending Verification,0
CLM03881,2023-04-30,SERV01004,SALE18851,CUST02732,DLR015,BK002,Frame & Chassis,2286,Rejected,0
CLM03882,2024-07-24,SERV07140,SALE06917,CUST00504,DLR087,BK007,Suspension & Brakes,6557,Approved,5928
CLM03883,2021-10-09,SERV01031,SALE06524,CUST00184,DLR090,BK004,Engine & Transmission,20095,Approved,18900
CLM03884,2022-04-16,SERV09482,SALE03390,CUST02334,DLR097,BK003,Frame & Chassis,2597,Approved,2539
CLM03885,2025-02-21,SERV02129,SALE11211,CUST01377,DLR164,BK007,Frame & Chassis,6321,Approved,6186
CLM03886,2022-07-08,SERV13424,SALE02374,CUST03455,DLR164,BK006,Suspension & Brakes,10087,Partially Approved,6328
CLM03887,2026-04-14,SERV02541,SALE15213,CUST04100,DLR129,BK003,Suspension & Brakes,5603,Rejected,0
CLM03888,2026-07-18,SERV02830,SALE04616,CUST01958,DLR196,BK001,Engine & Transmission,30972,Partially Approved,20645
CLM03889,2022-02-25,SERV13762,SALE00207,CUST00392,DLR108,BK005,Electrical System,12234,Approved,11718
CLM03890,2023-04-28,SERV04240,SALE17251,CUST02858,DLR037,BK002,Frame & Chassis,1986,Approved,1943
CLM03891,2024-11-05,SERV02700,SALE09966,CUST00120,DLR016,BK003,Fuel System & EFI,15186,Pending Verification,0
CLM03892,2022-02-20,SERV06509,SALE03687,CUST00265,DLR125,BK003,Fuel System & EFI,6909,Rejected,0
CLM03893,2023-10-19,SERV13226,SALE03594,CUST00078,DLR020,BK002,Suspension & Brakes,7608,Approved,7391
CLM03894,2022-11-09,SERV08497,SALE18969,CUST01402,DLR013,BK004,Exhaust System,2822,Approved,2774
CLM03895,2026-07-12,SERV04523,SALE14823,CUST02051,DLR143,BK005,Electrical System,12972,Approved,12263
CLM03896,2022-01-05,SERV07558,SALE09262,CUST04331,DLR195,BK001,Suspension & Brakes,3331,Approved,3018
CLM03897,2026-01-20,SERV06857,SALE11104,CUST00418,DLR032,BK001,Engine & Transmission,25467,Approved,23234
CLM03898,2026-07-07,SERV04283,SALE11501,CUST02742,DLR004,BK005,Fuel System & EFI,15659,Approved,14318
CLM03899,2026-07-26,SERV01093,SALE09273,CUST01324,DLR036,BK001,Exhaust System,8167,Rejected,0
CLM03900,2026-07-30,SERV07629,SALE16297,CUST02845,DLR021,BK001,Engine & Transmission,30439,Approved,29140
CLM03901,2021-09-21,SERV03858,SALE00157,CUST03291,DLR176,BK003,Electrical System,9180,Approved,8463
CLM03902,2026-04-25,SERV01310,SALE03105,CUST00173,DLR114,BK003,Electrical System,11570,Approved,10786
CLM03903,2021-12-23,SERV13488,SALE00242,CUST04219,DLR028,BK002,Exhaust System,5440,Partially Approved,2731
CLM03904,2024-09-07,SERV01600,SALE10218,CUST04215,DLR040,BK002,Frame & Chassis,2563,Approved,2370
CLM03905,2023-11-27,SERV00981,SALE05030,CUST04348,DLR197,BK004,Fuel System & EFI,8622,Approved,8474
CLM03906,2023-10-25,SERV08312,SALE07064,CUST00504,DLR128,BK009,Fuel System & EFI,10545,Approved,10126
CLM03907,2024-09-09,SERV13098,SALE14914,CUST03985,DLR086,BK001,Fuel System & EFI,12194,Approved,12124
CLM03908,2020-12-27,SERV08628,SALE03798,CUST03401,DLR187,BK006,Exhaust System,3718,Approved,3683
CLM03909,2022-07-09,SERV10612,SALE06629,CUST04124,DLR072,BK002,Electrical System,9102,Approved,8753
CLM03910,2021-09-30,SERV12869,SALE12591,CUST02138,DLR022,BK003,Frame & Chassis,7531,Approved,6936
CLM03911,2025-06-26,SERV08831,SALE10256,CUST02716,DLR026,BK003,Frame & Chassis,7005,Approved,6490
CLM03912,2025-12-27,SERV03646,SALE01884,CUST04250,DLR056,BK003,Electrical System,15330,Rejected,0
CLM03913,2023-11-02,SERV05024,SALE12798,CUST00972,DLR009,BK007,Frame & Chassis,5144,Rejected,0
CLM03914,2023-03-09,SERV06628,SALE19428,CUST00789,DLR049,BK003,Suspension & Brakes,8013,Pending Verification,0
CLM03915,2023-05-10,SERV01606,SALE16456,CUST02060,DLR068,BK004,Frame & Chassis,6887,Rejected,0
CLM03916,2022-03-02,SERV09070,SALE14335,CUST04948,DLR080,BK002,Exhaust System,6515,Approved,6229
CLM03917,2024-11-14,SERV08335,SALE17252,CUST03258,DLR108,BK003,Exhaust System,4132,Approved,3813
CLM03918,2024-04-20,SERV05090,SALE05809,CUST02548,DLR010,BK001,Frame & Chassis,3010,Rejected,0
CLM03919,2023-08-09,SERV05745,SALE01996,CUST03578,DLR088,BK001,Electrical System,12192,Partially Approved,8678
CLM03920,2026-07-26,SERV02999,SALE19775,CUST04255,DLR050,BK005,Fuel System & EFI,7722,Approved,7013
CLM03921,2022-12-16,SERV04119,SALE17265,CUST00597,DLR129,BK003,Fuel System & EFI,10304,Approved,10162
CLM03922,2026-07-11,SERV03982,SALE01658,CUST02714,DLR063,BK005,Electrical System,9855,Approved,9454
CLM03923,2023-08-12,SERV04736,SALE19633,CUST00170,DLR145,BK004,Exhaust System,2604,Approved,2462
CLM03924,2025-07-02,SERV05167,SALE02774,CUST04119,DLR193,BK007,Electrical System,9045,Approved,8245
CLM03925,2026-05-17,SERV02359,SALE13673,CUST01810,DLR124,BK003,Engine & Transmission,11110,Approved,10130
CLM03926,2024-04-22,SERV12464,SALE00307,CUST02766,DLR196,BK011,Fuel System & EFI,11767,Approved,11325
CLM03927,2025-08-31,SERV03740,SALE03751,CUST02082,DLR168,BK001,Exhaust System,5069,Approved,4866
CLM03928,2024-07-09,SERV14963,SALE06438,CUST04312,DLR012,BK003,Suspension & Brakes,7712,Rejected,0
CLM03929,2025-05-24,SERV08360,SALE06584,CUST00857,DLR121,BK004,Fuel System & EFI,5674,Approved,5170
CLM03930,2024-01-03,SERV00081,SALE02105,CUST01196,DLR100,BK002,Suspension & Brakes,9806,Approved,9481
CLM03931,2021-02-24,SERV01315,SALE01964,CUST03047,DLR131,BK001,Electrical System,5267,Approved,4851
CLM03932,2024-05-08,SERV11994,SALE18403,CUST03101,DLR092,BK004,Fuel System & EFI,4354,Approved,3994
CLM03933,2022-05-24,SERV00902,SALE17450,CUST04583,DLR024,BK001,Frame & Chassis,3790,Rejected,0
CLM03934,2022-05-30,SERV09039,SALE03565,CUST00630,DLR100,BK001,Exhaust System,4028,Pending Verification,0
CLM03935,2026-07-20,SERV03376,SALE14105,CUST02781,DLR029,BK004,Exhaust System,6774,Approved,6751
CLM03936,2024-09-12,SERV08844,SALE15053,CUST02146,DLR086,BK015,Suspension & Brakes,5921,Approved,5455
CLM03937,2022-01-24,SERV11629,SALE06152,CUST03268,DLR137,BK003,Frame & Chassis,2040,Approved,1883
CLM03938,2026-07-06,SERV09495,SALE05290,CUST01415,DLR051,BK005,Electrical System,4309,Rejected,0
CLM03939,2020-09-08,SERV14389,SALE04362,CUST02650,DLR039,BK001,Exhaust System,8025,Approved,7257
CLM03940,2026-07-21,SERV14344,SALE04419,CUST03815,DLR152,BK001,Fuel System & EFI,12840,Rejected,0
CLM03941,2020-05-03,SERV00628,SALE10870,CUST04929,DLR082,BK005,Suspension & Brakes,6826,Rejected,0
CLM03942,2024-06-15,SERV04471,SALE16743,CUST03148,DLR019,BK002,Electrical System,13933,Approved,12703
CLM03943,2025-08-09,SERV00147,SALE02962,CUST00274,DLR104,BK003,Electrical System,9061,Approved,8740
CLM03944,2024-07-31,SERV08904,SALE03438,CUST03189,DLR133,BK001,Exhaust System,2382,Approved,2277
CLM03945,2021-11-29,SERV13132,SALE11750,CUST01432,DLR142,BK009,Exhaust System,5023,Partially Approved,3072
CLM03946,2020-09-27,SERV03197,SALE18974,CUST01158,DLR095,BK003,Frame & Chassis,4698,Approved,4696
CLM03947,2021-12-11,SERV02952,SALE01139,CUST00518,DLR025,BK001,Engine & Transmission,14198,Approved,13419
CLM03948,2026-03-30,SERV01874,SALE15154,CUST00466,DLR182,BK003,Engine & Transmission,20511,Approved,18703
CLM03949,2022-03-31,SERV12738,SALE02527,CUST04767,DLR045,BK002,Exhaust System,1514,Rejected,0
CLM03950,2023-11-19,SERV05823,SALE13536,CUST03995,DLR149,BK004,Exhaust System,2235,Approved,2227
CLM03951,2022-03-13,SERV07579,SALE07365,CUST01044,DLR181,BK003,Exhaust System,6064,Approved,5628
CLM03952,2024-09-13,SERV12235,SALE02934,CUST03682,DLR066,BK002,Electrical System,6787,Approved,6752
CLM03953,2026-02-08,SERV01142,SALE14295,CUST02387,DLR127,BK002,Suspension & Brakes,4236,Rejected,0
CLM03954,2026-07-13,SERV12288,SALE17519,CUST03869,DLR190,BK004,Fuel System & EFI,8522,Pending Verification,0
CLM03955,2024-03-27,SERV11984,SALE05111,CUST02056,DLR033,BK003,Exhaust System,6418,Approved,6073
CLM03956,2022-08-31,SERV12149,SALE11467,CUST01610,DLR033,BK004,Frame & Chassis,5830,Approved,5262
CLM03957,2021-08-15,SERV13718,SALE10924,CUST02879,DLR159,BK001,Exhaust System,2039,Rejected,0
CLM03958,2024-11-09,SERV12632,SALE10860,CUST01880,DLR185,BK009,Suspension & Brakes,6450,Approved,6180
CLM03959,2022-06-09,SERV06243,SALE10911,CUST03672,DLR175,BK002,Fuel System & EFI,13101,Rejected,0
CLM03960,2024-09-30,SERV00224,SALE04508,CUST04742,DLR195,BK004,Fuel System & EFI,8916,Partially Approved,5891
CLM03961,2024-11-21,SERV08128,SALE06455,CUST03272,DLR077,BK009,Exhaust System,6084,Approved,6000
CLM03962,2024-10-11,SERV06613,SALE13314,CUST01330,DLR119,BK008,Frame & Chassis,4946,Approved,4679
CLM03963,2026-02-20,SERV10684,SALE00845,CUST01697,DLR021,BK008,Suspension & Brakes,6340,Rejected,0
CLM03964,2026-07-27,SERV08721,SALE18328,CUST03597,DLR161,BK003,Frame & Chassis,3484,Approved,3139
CLM03965,2025-04-17,SERV13624,SALE10812,CUST02133,DLR036,BK001,Electrical System,4668,Approved,4337
CLM03966,2021-12-30,SERV03216,SALE09783,CUST04883,DLR094,BK001,Exhaust System,8053,Approved,7370
CLM03967,2026-07-17,SERV01724,SALE17186,CUST00740,DLR099,BK004,Engine & Transmission,26479,Approved,24605
CLM03968,2023-08-22,SERV11627,SALE17152,CUST00293,DLR068,BK005,Exhaust System,8352,Partially Approved,5506
CLM03969,2026-07-04,SERV04774,SALE06986,CUST03449,DLR162,BK007,Electrical System,3527,Approved,3179
CLM03970,2024-11-18,SERV06007,SALE18293,CUST03703,DLR127,BK004,Fuel System & EFI,4931,Rejected,0
CLM03971,2023-12-22,SERV07306,SALE07767,CUST01355,DLR116,BK001,Fuel System & EFI,7907,Partially Approved,4212
CLM03972,2025-12-30,SERV13890,SALE02666,CUST01848,DLR039,BK001,Suspension & Brakes,11012,Approved,10866
CLM03973,2025-01-10,SERV01935,SALE11588,CUST04026,DLR006,BK002,Exhaust System,4043,Approved,3803
CLM03974,2022-05-15,SERV12544,SALE16817,CUST00194,DLR057,BK004,Fuel System & EFI,7188,Approved,6844
CLM03975,2022-07-29,SERV13576,SALE09673,CUST04083,DLR198,BK005,Fuel System & EFI,6475,Approved,5979
CLM03976,2026-07-21,SERV02483,SALE13271,CUST04739,DLR193,BK002,Fuel System & EFI,4612,Approved,4385
CLM03977,2025-08-13,SERV03053,SALE15225,CUST00315,DLR182,BK003,Engine & Transmission,19859,Rejected,0
CLM03978,2026-07-17,SERV13493,SALE15449,CUST01978,DLR061,BK003,Frame & Chassis,1521,Approved,1512
CLM03979,2025-04-22,SERV11227,SALE11955,CUST04036,DLR111,BK008,Suspension & Brakes,11776,Pending Verification,0
CLM03980,2022-11-20,SERV04833,SALE12023,CUST03008,DLR074,BK001,Frame & Chassis,6073,Approved,5789
CLM03981,2022-10-26,SERV04863,SALE05410,CUST02246,DLR117,BK002,Fuel System & EFI,11538,Approved,10927
CLM03982,2023-02-17,SERV06627,SALE02739,CUST03486,DLR048,BK001,Electrical System,13774,Rejected,0
CLM03983,2025-12-11,SERV04574,SALE01094,CUST03051,DLR044,BK012,Engine & Transmission,30464,Approved,30387
CLM03984,2026-07-27,SERV14696,SALE18903,CUST01204,DLR187,BK002,Electrical System,11286,Approved,10387
CLM03985,2025-02-15,SERV04866,SALE08962,CUST00525,DLR077,BK005,Frame & Chassis,1880,Approved,1813
CLM03986,2024-04-16,SERV01424,SALE15085,CUST03985,DLR105,BK002,Engine & Transmission,14701,Approved,14639
CLM03987,2025-09-11,SERV11781,SALE02151,CUST00023,DLR067,BK002,Engine & Transmission,29917,Rejected,0
CLM03988,2023-04-05,SERV02746,SALE09477,CUST03670,DLR055,BK002,Electrical System,13467,Rejected,0
CLM03989,2021-09-22,SERV13625,SALE18307,CUST00245,DLR180,BK002,Suspension & Brakes,10661,Approved,9870
CLM03990,2021-08-23,SERV09890,SALE12688,CUST03288,DLR071,BK005,Exhaust System,6725,Rejected,0
CLM03991,2024-12-06,SERV14500,SALE03954,CUST02385,DLR081,BK004,Frame & Chassis,1869,Rejected,0
CLM03992,2025-02-13,SERV12148,SALE01026,CUST04693,DLR036,BK002,Exhaust System,3725,Approved,3663
CLM03993,2022-08-02,SERV01026,SALE17031,CUST00325,DLR037,BK004,Frame & Chassis,7896,Partially Approved,5037
CLM03994,2022-03-02,SERV07926,SALE15471,CUST00184,DLR066,BK004,Engine & Transmission,24576,Approved,22947
CLM03995,2021-01-02,SERV10782,SALE13418,CUST01297,DLR129,BK002,Exhaust System,6528,Pending Verification,0
CLM03996,2023-08-20,SERV10944,SALE08899,CUST02298,DLR176,BK001,Electrical System,10004,Pending Verification,0
CLM03997,2021-10-20,SERV14635,SALE05528,CUST04692,DLR008,BK001,Frame & Chassis,3651,Approved,3286
CLM03998,2026-02-09,SERV03848,SALE16155,CUST02787,DLR007,BK002,Suspension & Brakes,2877,Approved,2700
CLM03999,2022-11-30,SERV14854,SALE12574,CUST04219,DLR174,BK002,Electrical System,8565,Approved,8326
CLM04000,2026-07-10,SERV08823,SALE03796,CUST00091,DLR014,BK004,Electrical System,6701,Rejected,0
CLM04001,2021-06-05,SERV14691,SALE18071,CUST01766,DLR126,BK002,Frame & Chassis,4729,Approved,4453
CLM04002,2022-10-24,SERV08416,SALE14850,CUST01692,DLR070,BK009,Electrical System,5500,Approved,5486
CLM04003,2022-06-27,SERV06648,SALE01763,CUST00963,DLR093,BK004,Frame & Chassis,4158,Partially Approved,2923
CLM04004,2025-10-08,SERV04479,SALE12887,CUST02772,DLR026,BK006,Suspension & Brakes,10503,Approved,10166
CLM04005,2025-06-22,SERV02948,SALE11272,CUST04846,DLR095,BK002,Engine & Transmission,15544,Approved,14750
CLM04006,2025-02-08,SERV07984,SALE01737,CUST03155,DLR013,BK012,Suspension & Brakes,11241,Pending Verification,0
CLM04007,2020-05-16,SERV01098,SALE01492,CUST04447,DLR087,BK002,Exhaust System,7883,Approved,7713
CLM04008,2025-03-06,SERV10628,SALE13968,CUST02678,DLR198,BK002,Fuel System & EFI,4153,Approved,4081
CLM04009,2026-07-17,SERV11276,SALE01340,CUST03439,DLR055,BK008,Fuel System & EFI,14785,Rejected,0
CLM04010,2023-03-02,SERV07329,SALE07360,CUST04598,DLR051,BK001,Frame & Chassis,4819,Rejected,0
CLM04011,2024-05-13,SERV00595,SALE13410,CUST02316,DLR072,BK004,Electrical System,10830,Approved,10370
CLM04012,2026-07-04,SERV11801,SALE17756,CUST00922,DLR041,BK010,Electrical System,13183,Approved,12211
CLM04013,2023-06-04,SERV06217,SALE03896,CUST01375,DLR098,BK005,Frame & Chassis,5679,Approved,5602
CLM04014,2026-07-30,SERV10687,SALE19048,CUST04037,DLR036,BK003,Frame & Chassis,5592,Approved,5222
CLM04015,2023-11-25,SERV03955,SALE18994,CUST03376,DLR060,BK001,Exhaust System,4496,Approved,4116
CLM04016,2026-07-08,SERV09911,SALE18475,CUST01935,DLR018,BK003,Engine & Transmission,28885,Approved,27208
CLM04017,2026-07-04,SERV13948,SALE05085,CUST01958,DLR065,BK004,Fuel System & EFI,5126,Rejected,0
CLM04018,2026-07-17,SERV03602,SALE19456,CUST01539,DLR084,BK003,Fuel System & EFI,12987,Approved,11904
CLM04019,2024-11-12,SERV14508,SALE11178,CUST03410,DLR058,BK004,Engine & Transmission,17877,Approved,16722
CLM04020,2021-03-03,SERV06651,SALE02441,CUST03165,DLR003,BK001,Frame & Chassis,2815,Approved,2596
CLM04021,2026-04-08,SERV05201,SALE01589,CUST02593,DLR044,BK005,Exhaust System,6797,Approved,6788
CLM04022,2021-09-21,SERV01672,SALE17307,CUST01389,DLR045,BK001,Frame & Chassis,5009,Approved,4778
CLM04023,2023-07-04,SERV01306,SALE03959,CUST03835,DLR027,BK002,Electrical System,7855,Approved,7304
CLM04024,2026-07-21,SERV13245,SALE10089,CUST04238,DLR135,BK005,Engine & Transmission,14388,Approved,13793
CLM04025,2023-10-21,SERV10890,SALE01982,CUST02013,DLR124,BK002,Fuel System & EFI,14142,Approved,13265
CLM04026,2026-07-07,SERV13897,SALE09670,CUST01626,DLR107,BK003,Engine & Transmission,11184,Approved,10923
CLM04027,2026-07-19,SERV07727,SALE05247,CUST02525,DLR031,BK002,Suspension & Brakes,11573,Approved,10545
CLM04028,2026-07-30,SERV05007,SALE01576,CUST04192,DLR109,BK003,Fuel System & EFI,14196,Approved,13761
CLM04029,2023-03-14,SERV07348,SALE04882,CUST02993,DLR020,BK001,Electrical System,13361,Approved,12617
CLM04030,2020-11-29,SERV03369,SALE15036,CUST00670,DLR052,BK001,Frame & Chassis,3261,Pending Verification,0
CLM04031,2025-05-20,SERV01129,SALE19794,CUST02373,DLR053,BK002,Suspension & Brakes,9598,Approved,8900
CLM04032,2024-06-30,SERV11841,SALE00199,CUST03014,DLR147,BK003,Exhaust System,6980,Rejected,0
CLM04033,2023-06-05,SERV08648,SALE02789,CUST00830,DLR075,BK002,Engine & Transmission,16855,Approved,16363
CLM04034,2024-11-14,SERV14973,SALE16021,CUST00669,DLR046,BK003,Frame & Chassis,7173,Approved,6591
CLM04035,2022-11-09,SERV14592,SALE13572,CUST00433,DLR115,BK002,Frame & Chassis,4748,Approved,4367
CLM04036,2026-07-31,SERV00385,SALE12876,CUST03310,DLR065,BK003,Engine & Transmission,17779,Approved,16118
CLM04037,2021-09-01,SERV06550,SALE09422,CUST03151,DLR075,BK004,Frame & Chassis,7407,Pending Verification,0
CLM04038,2026-05-04,SERV14537,SALE14898,CUST03854,DLR078,BK003,Engine & Transmission,24100,Approved,23704
CLM04039,2022-10-03,SERV01695,SALE15933,CUST04176,DLR101,BK009,Frame & Chassis,4160,Partially Approved,2993
CLM04040,2021-11-07,SERV05722,SALE16092,CUST04999,DLR025,BK003,Exhaust System,5463,Approved,5019
CLM04041,2025-09-26,SERV02180,SALE17863,CUST00503,DLR038,BK002,Engine & Transmission,20785,Approved,19505
CLM04042,2023-06-09,SERV08158,SALE14975,CUST01395,DLR008,BK001,Engine & Transmission,21456,Approved,21356
CLM04043,2022-08-19,SERV04005,SALE11832,CUST00780,DLR153,BK003,Engine & Transmission,19462,Approved,18201
CLM04044,2021-09-17,SERV08869,SALE05793,CUST03913,DLR112,BK001,Fuel System & EFI,13621,Pending Verification,0
CLM04045,2021-01-31,SERV01414,SALE07866,CUST02250,DLR141,BK001,Frame & Chassis,6921,Approved,6439
CLM04046,2021-06-20,SERV14782,SALE13703,CUST01639,DLR058,BK004,Exhaust System,2024,Rejected,0
CLM04047,2025-09-18,SERV05932,SALE18840,CUST00749,DLR008,BK015,Engine & Transmission,17550,Approved,16614
CLM04048,2022-10-12,SERV05512,SALE14312,CUST03569,DLR135,BK006,Frame & Chassis,2636,Approved,2472
CLM04049,2023-09-08,SERV06605,SALE10959,CUST02591,DLR099,BK003,Engine & Transmission,15826,Approved,14324
CLM04050,2021-06-05,SERV09234,SALE13487,CUST03179,DLR163,BK007,Engine & Transmission,23520,Approved,23312
CLM04051,2024-05-20,SERV05475,SALE18103,CUST04896,DLR162,BK001,Fuel System & EFI,6320,Approved,5710
CLM04052,2023-12-28,SERV05074,SALE15042,CUST01421,DLR053,BK003,Frame & Chassis,7977,Approved,7206
CLM04053,2026-07-08,SERV06080,SALE14130,CUST01952,DLR089,BK001,Frame & Chassis,4081,Approved,3948
CLM04054,2021-11-08,SERV07362,SALE19274,CUST01965,DLR025,BK002,Suspension & Brakes,6075,Approved,5658
CLM04055,2026-06-02,SERV01618,SALE17213,CUST02687,DLR114,BK007,Fuel System & EFI,4836,Approved,4438
CLM04056,2026-07-21,SERV08161,SALE04616,CUST01958,DLR196,BK001,Fuel System & EFI,6724,Approved,6187
CLM04057,2022-12-04,SERV05903,SALE14814,CUST03564,DLR134,BK001,Suspension & Brakes,10716,Approved,10475
CLM04058,2025-12-03,SERV02782,SALE19412,CUST01830,DLR107,BK008,Electrical System,12005,Approved,10847
CLM04059,2022-05-02,SERV06533,SALE05796,CUST03502,DLR162,BK002,Fuel System & EFI,14722,Approved,14191
CLM04060,2022-01-02,SERV01528,SALE06537,CUST04493,DLR050,BK003,Electrical System,12641,Rejected,0
CLM04061,2022-05-01,SERV04457,SALE10757,CUST01654,DLR088,BK010,Exhaust System,2526,Partially Approved,1662
CLM04062,2022-12-21,SERV02575,SALE08826,CUST04202,DLR144,BK002,Fuel System & EFI,13195,Approved,12185
CLM04063,2025-11-29,SERV02985,SALE08923,CUST01449,DLR003,BK006,Exhaust System,8104,Approved,7837
CLM04064,2025-04-02,SERV00660,SALE13587,CUST00655,DLR007,BK005,Engine & Transmission,18804,Approved,17275
CLM04065,2024-02-04,SERV07205,SALE02008,CUST01465,DLR032,BK003,Exhaust System,4829,Approved,4357
CLM04066,2023-07-05,SERV09815,SALE03318,CUST03435,DLR169,BK010,Electrical System,6638,Approved,6433
CLM04067,2024-09-10,SERV08226,SALE11057,CUST02715,DLR184,BK002,Fuel System & EFI,3959,Pending Verification,0
CLM04068,2023-02-26,SERV02831,SALE13505,CUST02060,DLR074,BK004,Fuel System & EFI,10759,Pending Verification,0
CLM04069,2023-05-23,SERV08037,SALE08299,CUST02308,DLR184,BK007,Engine & Transmission,21215,Pending Verification,0
CLM04070,2024-07-26,SERV03638,SALE18592,CUST02640,DLR186,BK003,Electrical System,6364,Pending Verification,0
CLM04071,2024-03-04,SERV00545,SALE04586,CUST04842,DLR184,BK005,Exhaust System,8327,Approved,7752
CLM04072,2025-08-18,SERV07559,SALE12858,CUST00440,DLR008,BK002,Engine & Transmission,10064,Pending Verification,0
CLM04073,2025-04-13,SERV02489,SALE19533,CUST04979,DLR177,BK002,Electrical System,7280,Approved,6993
CLM04074,2023-02-22,SERV02405,SALE03630,CUST01572,DLR174,BK006,Exhaust System,5583,Approved,5312
CLM04075,2023-09-04,SERV00609,SALE17734,CUST04625,DLR147,BK002,Frame & Chassis,2305,Approved,2146
CLM04076,2026-07-06,SERV07478,SALE13904,CUST01663,DLR153,BK003,Fuel System & EFI,4359,Rejected,0
CLM04077,2023-07-05,SERV00316,SALE16885,CUST03571,DLR024,BK002,Suspension & Brakes,4508,Approved,4256
CLM04078,2022-07-03,SERV05848,SALE12546,CUST01783,DLR178,BK004,Engine & Transmission,22635,Approved,21751
CLM04079,2025-10-20,SERV03278,SALE01508,CUST02401,DLR085,BK005,Electrical System,9540,Approved,9294
CLM04080,2025-06-17,SERV13645,SALE13005,CUST04334,DLR029,BK001,Engine & Transmission,9651,Approved,8999
CLM04081,2022-09-25,SERV02851,SALE11372,CUST00862,DLR077,BK002,Electrical System,15671,Approved,15061
CLM04082,2024-01-29,SERV00094,SALE10223,CUST03933,DLR002,BK004,Frame & Chassis,1512,Approved,1408
CLM04083,2021-11-23,SERV13138,SALE04718,CUST00984,DLR042,BK005,Electrical System,10468,Approved,9870
CLM04084,2022-11-06,SERV07025,SALE15163,CUST00150,DLR063,BK010,Engine & Transmission,28966,Approved,26288
CLM04085,2026-08-02,SERV11607,SALE14490,CUST00288,DLR057,BK002,Engine & Transmission,21856,Approved,20340
CLM04086,2024-07-02,SERV12610,SALE06620,CUST03920,DLR023,BK003,Fuel System & EFI,4915,Approved,4856
CLM04087,2023-03-13,SERV12418,SALE10879,CUST00454,DLR094,BK011,Suspension & Brakes,10212,Approved,9883
CLM04088,2026-07-31,SERV10096,SALE10789,CUST00749,DLR121,BK002,Exhaust System,5475,Approved,5045
CLM04089,2026-07-05,SERV06205,SALE18559,CUST03138,DLR199,BK001,Engine & Transmission,15647,Approved,14277
CLM04090,2026-07-20,SERV00688,SALE18322,CUST03572,DLR123,BK004,Exhaust System,4985,Approved,4641
CLM04091,2026-07-14,SERV08015,SALE02632,CUST02352,DLR182,BK002,Electrical System,14038,Approved,13390
CLM04092,2026-03-03,SERV12727,SALE03060,CUST00482,DLR157,BK004,Exhaust System,5707,Approved,5240
CLM04093,2026-01-04,SERV14959,SALE12090,CUST04006,DLR182,BK009,Exhaust System,1932,Approved,1834
CLM04094,2025-02-16,SERV10592,SALE14052,CUST02782,DLR176,BK002,Engine & Transmission,10613,Partially Approved,6557
CLM04095,2026-07-03,SERV05392,SALE06278,CUST04289,DLR015,BK002,Engine & Transmission,26202,Approved,25689
CLM04096,2026-04-22,SERV01622,SALE13446,CUST04721,DLR056,BK003,Suspension & Brakes,2511,Pending Verification,0
CLM04097,2025-09-08,SERV09643,SALE02163,CUST03197,DLR162,BK001,Suspension & Brakes,2740,Approved,2686
CLM04098,2024-03-24,SERV04876,SALE08747,CUST03148,DLR046,BK001,Exhaust System,3081,Approved,2889
CLM04099,2022-04-12,SERV10467,SALE01279,CUST04500,DLR185,BK003,Fuel System & EFI,13679,Pending Verification,0
CLM04100,2026-07-02,SERV12680,SALE16593,CUST03895,DLR045,BK002,Electrical System,12149,Approved,12109
CLM04101,2026-07-09,SERV02737,SALE08145,CUST03618,DLR176,BK003,Engine & Transmission,27090,Approved,25255
CLM04102,2025-05-26,SERV11015,SALE14666,CUST00911,DLR041,BK001,Frame & Chassis,3778,Pending Verification,0
CLM04103,2023-04-08,SERV00631,SALE19190,CUST03161,DLR045,BK008,Frame & Chassis,4584,Rejected,0
CLM04104,2024-12-06,SERV14334,SALE15301,CUST01513,DLR020,BK003,Suspension & Brakes,5916,Approved,5645
CLM04105,2025-08-30,SERV02003,SALE05252,CUST02743,DLR050,BK004,Exhaust System,2803,Approved,2739
CLM04106,2022-06-04,SERV05155,SALE05209,CUST01632,DLR128,BK002,Frame & Chassis,5558,Approved,5045
CLM04107,2024-09-07,SERV05271,SALE08445,CUST04510,DLR006,BK011,Suspension & Brakes,8642,Approved,8154
CLM04108,2020-11-08,SERV03415,SALE05633,CUST03079,DLR106,BK002,Suspension & Brakes,5802,Approved,5415
CLM04109,2023-06-27,SERV09063,SALE09721,CUST02239,DLR160,BK015,Engine & Transmission,9940,Approved,9530
CLM04110,2026-02-12,SERV03108,SALE16518,CUST04982,DLR080,BK008,Fuel System & EFI,5772,Rejected,0
CLM04111,2023-08-12,SERV01809,SALE09101,CUST01050,DLR009,BK012,Electrical System,9545,Approved,9233
CLM04112,2021-07-01,SERV14578,SALE17791,CUST00570,DLR044,BK003,Suspension & Brakes,11566,Approved,11440
CLM04113,2022-05-18,SERV01933,SALE10035,CUST04113,DLR171,BK002,Exhaust System,1856,Approved,1811
CLM04114,2024-09-17,SERV05803,SALE13348,CUST01625,DLR177,BK001,Fuel System & EFI,9390,Approved,9202
CLM04115,2022-07-11,SERV03949,SALE15569,CUST00821,DLR196,BK002,Exhaust System,4357,Pending Verification,0
CLM04116,2025-02-21,SERV09308,SALE16963,CUST00793,DLR053,BK001,Suspension & Brakes,3846,Pending Verification,0
CLM04117,2022-11-21,SERV00667,SALE00543,CUST03305,DLR090,BK008,Fuel System & EFI,13640,Rejected,0
CLM04118,2023-04-24,SERV08500,SALE18606,CUST01368,DLR138,BK004,Frame & Chassis,5898,Rejected,0
CLM04119,2022-03-17,SERV03311,SALE03912,CUST02841,DLR132,BK003,Electrical System,9240,Rejected,0
CLM04120,2022-02-08,SERV00773,SALE08397,CUST02755,DLR171,BK003,Fuel System & EFI,6711,Approved,6073
CLM04121,2026-07-21,SERV02662,SALE02798,CUST02131,DLR194,BK007,Suspension & Brakes,3009,Rejected,0
CLM04122,2025-11-24,SERV02637,SALE11711,CUST04399,DLR008,BK008,Electrical System,8887,Approved,8849
CLM04123,2021-10-13,SERV03397,SALE03273,CUST04210,DLR014,BK003,Fuel System & EFI,9359,Approved,9232
CLM04124,2026-07-15,SERV07214,SALE19204,CUST01954,DLR047,BK001,Suspension & Brakes,6934,Approved,6840
CLM04125,2026-08-03,SERV07847,SALE02338,CUST03472,DLR011,BK001,Suspension & Brakes,10097,Approved,9684
CLM04126,2023-01-21,SERV09895,SALE09726,CUST01813,DLR169,BK001,Frame & Chassis,3079,Approved,3034
CLM04127,2023-02-18,SERV12523,SALE02602,CUST00139,DLR172,BK003,Engine & Transmission,28132,Approved,26766
CLM04128,2026-07-20,SERV13910,SALE08853,CUST02162,DLR165,BK013,Frame & Chassis,7335,Approved,7111
CLM04129,2026-07-06,SERV04360,SALE17879,CUST00932,DLR192,BK003,Frame & Chassis,3202,Approved,2894
CLM04130,2024-01-30,SERV03319,SALE08418,CUST04838,DLR062,BK002,Frame & Chassis,1595,Approved,1477
CLM04131,2026-01-03,SERV13604,SALE15731,CUST00272,DLR013,BK011,Electrical System,10039,Approved,9239
CLM04132,2022-03-23,SERV10329,SALE02579,CUST00997,DLR097,BK002,Frame & Chassis,3130,Approved,2907
CLM04133,2021-09-15,SERV12629,SALE18206,CUST00714,DLR089,BK001,Engine & Transmission,24021,Approved,23101
CLM04134,2022-02-17,SERV02856,SALE11411,CUST01205,DLR096,BK002,Exhaust System,1505,Pending Verification,0
CLM04135,2026-07-18,SERV12681,SALE13769,CUST04414,DLR154,BK001,Frame & Chassis,2453,Approved,2235
CLM04136,2024-10-03,SERV09613,SALE12776,CUST03768,DLR019,BK003,Fuel System & EFI,12648,Approved,12129
CLM04137,2023-04-16,SERV10574,SALE12241,CUST03470,DLR156,BK005,Frame & Chassis,7867,Approved,7390
CLM04138,2021-03-30,SERV02072,SALE17622,CUST00240,DLR135,BK007,Frame & Chassis,8329,Rejected,0
CLM04139,2024-02-05,SERV03718,SALE01920,CUST00879,DLR008,BK001,Electrical System,7545,Approved,7166
CLM04140,2023-11-30,SERV07368,SALE12731,CUST02185,DLR121,BK001,Suspension & Brakes,8081,Pending Verification,0
CLM04141,2026-07-24,SERV01839,SALE15519,CUST01385,DLR149,BK001,Exhaust System,2589,Approved,2341
CLM04142,2023-02-10,SERV07963,SALE13890,CUST01393,DLR054,BK005,Exhaust System,2813,Approved,2755
CLM04143,2026-06-01,SERV00771,SALE09043,CUST04369,DLR034,BK002,Suspension & Brakes,4966,Approved,4606
CLM04144,2026-07-31,SERV03587,SALE11966,CUST04001,DLR146,BK008,Engine & Transmission,22195,Approved,21807
CLM04145,2023-04-11,SERV05973,SALE05136,CUST02899,DLR129,BK003,Fuel System & EFI,5553,Approved,5377
CLM04146,2026-03-11,SERV04622,SALE05249,CUST00547,DLR037,BK007,Frame & Chassis,8381,Approved,7947
CLM04147,2021-03-08,SERV12304,SALE02583,CUST04278,DLR156,BK001,Engine & Transmission,15401,Approved,15127
CLM04148,2025-09-05,SERV00110,SALE05880,CUST03766,DLR085,BK001,Electrical System,14520,Approved,13552
CLM04149,2022-01-08,SERV07906,SALE18215,CUST01745,DLR100,BK006,Engine & Transmission,28098,Approved,25645
CLM04150,2021-11-08,SERV01167,SALE17721,CUST00309,DLR138,BK001,Suspension & Brakes,5420,Approved,4983
CLM04151,2022-10-22,SERV12867,SALE10154,CUST02354,DLR111,BK002,Fuel System & EFI,4440,Pending Verification,0
CLM04152,2020-09-22,SERV10234,SALE06337,CUST03908,DLR058,BK005,Fuel System & EFI,3914,Approved,3910
CLM04153,2021-09-13,SERV09717,SALE19346,CUST03244,DLR195,BK003,Engine & Transmission,25252,Approved,24214
CLM04154,2022-01-13,SERV03842,SALE16730,CUST04656,DLR177,BK005,Suspension & Brakes,10550,Pending Verification,0
CLM04155,2026-07-16,SERV11450,SALE02320,CUST01466,DLR167,BK006,Frame & Chassis,5900,Rejected,0
CLM04156,2023-12-27,SERV10167,SALE01702,CUST04478,DLR067,BK003,Electrical System,8884,Approved,8741
CLM04157,2022-07-13,SERV13793,SALE03469,CUST03174,DLR174,BK006,Electrical System,15275,Rejected,0
CLM04158,2026-07-25,SERV13247,SALE01433,CUST03580,DLR036,BK003,Electrical System,12943,Approved,12726
CLM04159,2026-07-25,SERV11234,SALE15845,CUST00411,DLR183,BK003,Frame & Chassis,2178,Pending Verification,0
CLM04160,2021-11-20,SERV12860,SALE18747,CUST04573,DLR124,BK003,Exhaust System,8325,Pending Verification,0
CLM04161,2024-12-01,SERV06278,SALE18031,CUST03454,DLR053,BK002,Fuel System & EFI,15584,Approved,14652
CLM04162,2020-11-02,SERV14833,SALE13612,CUST03803,DLR137,BK004,Electrical System,15511,Approved,15116
CLM04163,2024-02-03,SERV01230,SALE01989,CUST02271,DLR111,BK002,Exhaust System,5930,Approved,5576
CLM04164,2024-06-18,SERV14277,SALE15294,CUST04389,DLR109,BK005,Fuel System & EFI,13380,Approved,12450
CLM04165,2024-04-11,SERV14559,SALE01754,CUST00841,DLR154,BK002,Electrical System,4473,Approved,4391
CLM04166,2022-07-01,SERV13497,SALE13373,CUST04077,DLR179,BK002,Suspension & Brakes,6138,Rejected,0
CLM04167,2026-07-12,SERV05016,SALE17732,CUST03869,DLR017,BK001,Fuel System & EFI,11024,Approved,10995
CLM04168,2022-06-21,SERV11480,SALE17739,CUST00434,DLR123,BK014,Fuel System & EFI,11559,Approved,11127
CLM04169,2026-02-11,SERV03592,SALE10464,CUST01095,DLR122,BK012,Frame & Chassis,8366,Approved,7678
CLM04170,2024-12-03,SERV08585,SALE18226,CUST04484,DLR053,BK003,Electrical System,10637,Approved,10357
CLM04171,2022-08-28,SERV05951,SALE08096,CUST00037,DLR121,BK001,Frame & Chassis,1809,Approved,1710
CLM04172,2026-07-30,SERV02971,SALE14029,CUST02027,DLR140,BK005,Engine & Transmission,19304,Partially Approved,8283
CLM04173,2024-12-28,SERV08510,SALE00189,CUST02772,DLR154,BK005,Suspension & Brakes,3686,Approved,3514
CLM04174,2025-01-14,SERV06874,SALE02460,CUST03155,DLR048,BK001,Engine & Transmission,20347,Approved,19246
CLM04175,2021-02-05,SERV09598,SALE19920,CUST03784,DLR170,BK001,Suspension & Brakes,10827,Approved,10249
CLM04176,2023-05-08,SERV01431,SALE05254,CUST01010,DLR193,BK006,Frame & Chassis,2128,Approved,1942
CLM04177,2022-03-04,SERV13615,SALE03636,CUST01673,DLR006,BK007,Electrical System,5014,Approved,4702
CLM04178,2023-09-20,SERV01823,SALE00106,CUST01221,DLR037,BK001,Fuel System & EFI,5570,Approved,5478
CLM04179,2026-07-03,SERV03410,SALE06498,CUST00499,DLR100,BK001,Electrical System,12070,Approved,10988
CLM04180,2023-09-10,SERV14324,SALE17892,CUST03106,DLR162,BK002,Fuel System & EFI,8660,Partially Approved,5901
CLM04181,2021-12-22,SERV07936,SALE07880,CUST00065,DLR187,BK008,Electrical System,9513,Rejected,0
CLM04182,2026-07-28,SERV11379,SALE19095,CUST03453,DLR182,BK009,Electrical System,14401,Approved,13836
CLM04183,2026-07-30,SERV04982,SALE11655,CUST01025,DLR106,BK003,Engine & Transmission,30032,Partially Approved,20463
CLM04184,2026-07-17,SERV04019,SALE14062,CUST01072,DLR069,BK009,Engine & Transmission,17770,Approved,16823
CLM04185,2025-12-05,SERV09806,SALE00986,CUST00134,DLR190,BK003,Frame & Chassis,6834,Approved,6398
CLM04186,2024-07-15,SERV01700,SALE06742,CUST04800,DLR002,BK004,Exhaust System,7778,Approved,7057
CLM04187,2022-05-03,SERV07181,SALE16854,CUST00262,DLR008,BK006,Frame & Chassis,3566,Approved,3361
CLM04188,2020-11-14,SERV09575,SALE01334,CUST04384,DLR028,BK002,Frame & Chassis,1749,Approved,1742
CLM04189,2026-06-23,SERV09077,SALE10948,CUST00208,DLR128,BK004,Suspension & Brakes,11405,Approved,10811
CLM04190,2023-01-14,SERV03073,SALE13085,CUST00773,DLR035,BK007,Electrical System,10644,Approved,10160
CLM04191,2022-03-29,SERV00637,SALE13522,CUST03103,DLR126,BK006,Exhaust System,4882,Pending Verification,0
CLM04192,2026-03-10,SERV03085,SALE18500,CUST04549,DLR191,BK012,Engine & Transmission,27457,Approved,27241
CLM04193,2025-06-15,SERV02126,SALE10910,CUST04099,DLR127,BK003,Fuel System & EFI,6137,Approved,5812
CLM04194,2026-06-24,SERV13196,SALE06566,CUST01616,DLR031,BK004,Electrical System,15356,Approved,14916
CLM04195,2023-05-13,SERV10962,SALE02517,CUST04862,DLR198,BK002,Fuel System & EFI,12823,Approved,12516
CLM04196,2024-03-31,SERV14923,SALE10075,CUST03847,DLR200,BK001,Frame & Chassis,2711,Partially Approved,1677
CLM04197,2020-12-27,SERV00787,SALE07651,CUST04346,DLR179,BK001,Frame & Chassis,4283,Approved,3962
CLM04198,2023-02-19,SERV10235,SALE13332,CUST02826,DLR197,BK003,Engine & Transmission,17347,Approved,16236
CLM04199,2021-10-03,SERV11821,SALE03995,CUST02951,DLR001,BK002,Engine & Transmission,24805,Approved,23149
CLM04200,2026-06-21,SERV08347,SALE01222,CUST02456,DLR035,BK003,Fuel System & EFI,3979,Approved,3896
CLM04201,2025-06-18,SERV07723,SALE18982,CUST04549,DLR001,BK001,Exhaust System,1833,Rejected,0
CLM04202,2026-07-10,SERV14113,SALE19470,CUST01699,DLR182,BK003,Electrical System,8474,Pending Verification,0
CLM04203,2022-08-03,SERV09122,SALE02973,CUST03488,DLR115,BK001,Suspension & Brakes,11117,Approved,10136
CLM04204,2026-07-06,SERV01463,SALE01877,CUST01559,DLR151,BK001,Frame & Chassis,7602,Approved,7110
CLM04205,2024-06-24,SERV02964,SALE08017,CUST01677,DLR136,BK005,Fuel System & EFI,7224,Rejected,0
CLM04206,2026-07-21,SERV13619,SALE05056,CUST01968,DLR088,BK002,Electrical System,12729,Approved,12020
CLM04207,2021-06-11,SERV05946,SALE00190,CUST03167,DLR065,BK007,Fuel System & EFI,5750,Approved,5386
CLM04208,2026-07-19,SERV06383,SALE19532,CUST01925,DLR026,BK003,Frame & Chassis,4372,Approved,4264
CLM04209,2025-08-01,SERV05154,SALE11216,CUST04870,DLR154,BK001,Electrical System,8864,Approved,7977
CLM04210,2026-03-30,SERV06400,SALE07043,CUST01226,DLR132,BK010,Fuel System & EFI,6895,Approved,6712
CLM04211,2022-06-04,SERV03325,SALE15740,CUST02698,DLR109,BK001,Fuel System & EFI,15439,Approved,14769
CLM04212,2026-07-30,SERV12346,SALE07176,CUST03396,DLR175,BK002,Exhaust System,2660,Rejected,0
CLM04213,2025-05-15,SERV12423,SALE07806,CUST00685,DLR164,BK014,Electrical System,8834,Approved,8736
CLM04214,2025-07-12,SERV07990,SALE19298,CUST04802,DLR047,BK003,Fuel System & EFI,6169,Approved,5601
CLM04215,2022-12-08,SERV02488,SALE12364,CUST01849,DLR148,BK002,Exhaust System,4506,Approved,4306
CLM04216,2024-08-11,SERV09500,SALE02267,CUST02733,DLR061,BK005,Suspension & Brakes,9328,Approved,8801
CLM04217,2024-06-20,SERV03485,SALE16816,CUST03141,DLR094,BK002,Frame & Chassis,7669,Pending Verification,0
CLM04218,2026-07-23,SERV01165,SALE14489,CUST00512,DLR161,BK007,Electrical System,14298,Approved,14268
CLM04219,2021-12-03,SERV13567,SALE09793,CUST01418,DLR078,BK010,Frame & Chassis,5669,Approved,5327
CLM04220,2022-09-08,SERV12988,SALE13674,CUST03177,DLR194,BK001,Frame & Chassis,4004,Approved,3605
CLM04221,2022-08-07,SERV03116,SALE01349,CUST04089,DLR117,BK003,Electrical System,7682,Approved,7151
CLM04222,2026-07-07,SERV06927,SALE03332,CUST03512,DLR155,BK002,Electrical System,6138,Rejected,0
CLM04223,2023-12-12,SERV08309,SALE06513,CUST02919,DLR175,BK003,Suspension & Brakes,4551,Approved,4226
CLM04224,2021-09-22,SERV09686,SALE05341,CUST02375,DLR192,BK004,Fuel System & EFI,15386,Approved,14839
CLM04225,2022-09-20,SERV02996,SALE18676,CUST02878,DLR198,BK004,Electrical System,15401,Approved,14746
CLM04226,2026-07-15,SERV10200,SALE04082,CUST01944,DLR151,BK004,Fuel System & EFI,8747,Approved,8353
CLM04227,2025-02-06,SERV13294,SALE06175,CUST03839,DLR087,BK003,Frame & Chassis,2276,Approved,2222
CLM04228,2025-03-21,SERV10640,SALE02748,CUST01147,DLR081,BK003,Exhaust System,6353,Approved,6055
CLM04229,2024-04-13,SERV05484,SALE17103,CUST01376,DLR176,BK003,Fuel System & EFI,9833,Pending Verification,0
CLM04230,2026-07-22,SERV07058,SALE00679,CUST04674,DLR146,BK005,Frame & Chassis,4251,Approved,3886
CLM04231,2021-06-28,SERV09570,SALE06979,CUST02671,DLR140,BK010,Frame & Chassis,5084,Approved,4892
CLM04232,2023-02-01,SERV08470,SALE08888,CUST02933,DLR124,BK003,Suspension & Brakes,7091,Approved,7042
CLM04233,2026-02-10,SERV13958,SALE02942,CUST01699,DLR046,BK001,Engine & Transmission,21341,Approved,19974
CLM04234,2025-07-18,SERV06530,SALE00196,CUST01074,DLR097,BK001,Exhaust System,8499,Approved,7680
CLM04235,2025-01-02,SERV04660,SALE18752,CUST02424,DLR008,BK002,Electrical System,14704,Partially Approved,6340
CLM04236,2026-06-24,SERV07981,SALE03670,CUST00185,DLR108,BK002,Exhaust System,4529,Rejected,0
CLM04237,2022-06-04,SERV01186,SALE04882,CUST02993,DLR020,BK001,Suspension & Brakes,10232,Approved,9914
CLM04238,2024-02-01,SERV10429,SALE06838,CUST01249,DLR041,BK002,Engine & Transmission,8510,Approved,8304
CLM04239,2026-07-30,SERV14329,SALE10892,CUST02421,DLR111,BK005,Suspension & Brakes,4098,Approved,3798
CLM04240,2021-12-26,SERV12761,SALE09328,CUST04576,DLR104,BK003,Electrical System,8162,Rejected,0
CLM04241,2026-07-14,SERV09781,SALE18623,CUST02479,DLR114,BK002,Electrical System,15255,Approved,14998
CLM04242,2025-09-23,SERV12817,SALE17321,CUST02847,DLR117,BK001,Exhaust System,6454,Rejected,0
CLM04243,2022-04-27,SERV09916,SALE08562,CUST01518,DLR188,BK001,Engine & Transmission,26894,Approved,26574
CLM04244,2026-07-12,SERV07169,SALE10368,CUST02295,DLR162,BK004,Fuel System & EFI,13519,Approved,12959
CLM04245,2021-08-23,SERV04591,SALE03984,CUST04937,DLR165,BK002,Electrical System,14787,Approved,14213
CLM04246,2025-12-23,SERV11872,SALE06344,CUST03363,DLR168,BK012,Fuel System & EFI,7123,Approved,6789
CLM04247,2024-03-23,SERV09326,SALE09947,CUST00519,DLR134,BK002,Fuel System & EFI,6787,Approved,6114
CLM04248,2026-06-16,SERV02698,SALE03669,CUST01967,DLR100,BK003,Suspension & Brakes,9668,Approved,9599
CLM04249,2025-08-01,SERV04083,SALE14212,CUST01630,DLR136,BK001,Exhaust System,3631,Approved,3430
CLM04250,2025-11-02,SERV07503,SALE15026,CUST03389,DLR042,BK007,Suspension & Brakes,6597,Rejected,0
CLM04251,2021-10-15,SERV06508,SALE11108,CUST00983,DLR038,BK002,Suspension & Brakes,8108,Partially Approved,4469
CLM04252,2022-07-03,SERV00398,SALE14826,CUST04551,DLR089,BK005,Engine & Transmission,11138,Approved,10633
CLM04253,2026-07-01,SERV01498,SALE17284,CUST03819,DLR140,BK015,Suspension & Brakes,10642,Approved,10503
CLM04254,2021-11-08,SERV14906,SALE14182,CUST02293,DLR141,BK001,Suspension & Brakes,9782,Approved,9409
CLM04255,2025-10-04,SERV10062,SALE17139,CUST02103,DLR112,BK002,Electrical System,15889,Pending Verification,0
CLM04256,2023-01-03,SERV05011,SALE16545,CUST01427,DLR164,BK005,Engine & Transmission,25606,Approved,23111
CLM04257,2025-10-22,SERV03993,SALE14171,CUST02363,DLR134,BK001,Suspension & Brakes,7430,Rejected,0
CLM04258,2024-03-21,SERV13250,SALE18356,CUST00704,DLR062,BK002,Frame & Chassis,2904,Approved,2616
CLM04259,2021-11-02,SERV11014,SALE17146,CUST00726,DLR017,BK008,Engine & Transmission,17994,Pending Verification,0
CLM04260,2025-10-15,SERV03453,SALE08402,CUST04051,DLR196,BK001,Fuel System & EFI,5941,Approved,5501
CLM04261,2023-07-15,SERV08101,SALE18825,CUST02439,DLR089,BK002,Fuel System & EFI,5115,Rejected,0
CLM04262,2022-10-12,SERV08802,SALE04529,CUST01078,DLR091,BK003,Exhaust System,2639,Rejected,0
CLM04263,2023-09-21,SERV00247,SALE02068,CUST04918,DLR014,BK013,Suspension & Brakes,3654,Approved,3549
CLM04264,2025-05-23,SERV04388,SALE16380,CUST01157,DLR081,BK001,Frame & Chassis,4812,Approved,4674
CLM04265,2025-12-01,SERV08766,SALE07529,CUST00036,DLR129,BK008,Electrical System,5999,Approved,5462
CLM04266,2026-01-09,SERV10788,SALE15041,CUST02772,DLR057,BK002,Frame & Chassis,7878,Partially Approved,3964
CLM04267,2023-01-11,SERV00026,SALE12237,CUST02850,DLR156,BK005,Frame & Chassis,3616,Approved,3306
CLM04268,2026-07-06,SERV12231,SALE02835,CUST04209,DLR108,BK002,Fuel System & EFI,6558,Rejected,0
CLM04269,2022-05-11,SERV02353,SALE04599,CUST02573,DLR002,BK008,Engine & Transmission,27872,Approved,27843
CLM04270,2025-01-09,SERV09752,SALE11509,CUST01741,DLR082,BK001,Frame & Chassis,6977,Approved,6349
CLM04271,2020-10-08,SERV03425,SALE00615,CUST04725,DLR014,BK005,Suspension & Brakes,11706,Approved,11619
CLM04272,2024-01-15,SERV01766,SALE11136,CUST04033,DLR137,BK006,Fuel System & EFI,11714,Approved,11552
CLM04273,2025-09-25,SERV02412,SALE11399,CUST02892,DLR047,BK003,Exhaust System,6359,Approved,6104
CLM04274,2021-09-01,SERV11315,SALE04439,CUST04447,DLR092,BK004,Fuel System & EFI,14948,Approved,13841
CLM04275,2024-12-09,SERV11992,SALE00277,CUST02548,DLR031,BK009,Engine & Transmission,8856,Approved,8636
CLM04276,2026-07-10,SERV14970,SALE03530,CUST04517,DLR173,BK008,Suspension & Brakes,8073,Pending Verification,0
CLM04277,2023-09-25,SERV09139,SALE15740,CUST02698,DLR109,BK001,Suspension & Brakes,7811,Approved,7380
CLM04278,2022-01-13,SERV12136,SALE13942,CUST00759,DLR180,BK002,Suspension & Brakes,3307,Approved,3195
CLM04279,2024-09-19,SERV13436,SALE05274,CUST04198,DLR168,BK004,Engine & Transmission,31647,Rejected,0
CLM04280,2023-10-27,SERV01477,SALE03370,CUST03259,DLR069,BK003,Exhaust System,5210,Approved,4706
CLM04281,2026-01-24,SERV11433,SALE03607,CUST02082,DLR108,BK008,Engine & Transmission,23727,Pending Verification,0
CLM04282,2022-09-04,SERV12548,SALE08926,CUST00519,DLR109,BK003,Exhaust System,1760,Rejected,0
CLM04283,2026-08-01,SERV14260,SALE15949,CUST03586,DLR072,BK001,Electrical System,8045,Partially Approved,3332
CLM04284,2024-10-25,SERV04162,SALE08475,CUST04512,DLR056,BK009,Exhaust System,5677,Approved,5226
CLM04285,2026-07-14,SERV02607,SALE06688,CUST02267,DLR115,BK002,Engine & Transmission,15593,Approved,14873
CLM04286,2021-01-11,SERV06053,SALE02245,CUST01883,DLR139,BK012,Frame & Chassis,1968,Approved,1888
CLM04287,2025-02-18,SERV06910,SALE18225,CUST01104,DLR127,BK013,Engine & Transmission,21686,Rejected,0
CLM04288,2026-07-14,SERV03990,SALE13376,CUST01704,DLR046,BK004,Suspension & Brakes,10385,Pending Verification,0
CLM04289,2025-08-29,SERV13787,SALE11375,CUST04011,DLR069,BK002,Engine & Transmission,20256,Approved,19427
CLM04290,2026-04-12,SERV10712,SALE11764,CUST03414,DLR009,BK006,Electrical System,4029,Approved,3663
CLM04291,2026-07-25,SERV03138,SALE19152,CUST02939,DLR136,BK001,Engine & Transmission,10783,Pending Verification,0
CLM04292,2022-10-20,SERV01052,SALE11906,CUST01609,DLR119,BK001,Suspension & Brakes,8176,Approved,7528
CLM04293,2023-05-20,SERV11997,SALE06477,CUST02343,DLR194,BK011,Fuel System & EFI,8376,Approved,8275
CLM04294,2024-06-14,SERV01962,SALE07119,CUST04733,DLR115,BK005,Frame & Chassis,7798,Approved,7716
CLM04295,2025-08-23,SERV06933,SALE11170,CUST02134,DLR181,BK004,Engine & Transmission,11464,Approved,11281
CLM04296,2026-07-12,SERV09585,SALE11019,CUST00938,DLR158,BK006,Fuel System & EFI,12020,Approved,11584
CLM04297,2022-08-20,SERV00433,SALE02554,CUST01658,DLR177,BK001,Fuel System & EFI,9001,Approved,8153
CLM04298,2021-06-12,SERV09616,SALE19166,CUST01144,DLR056,BK004,Electrical System,6678,Approved,6361
CLM04299,2025-09-01,SERV14685,SALE18826,CUST03351,DLR063,BK002,Suspension & Brakes,8596,Rejected,0
CLM04300,2026-07-24,SERV07555,SALE18087,CUST00322,DLR035,BK010,Fuel System & EFI,15226,Approved,14624
CLM04301,2026-01-04,SERV09576,SALE14620,CUST00753,DLR184,BK004,Fuel System & EFI,6314,Approved,6217
CLM04302,2023-01-29,SERV03221,SALE13570,CUST03885,DLR130,BK001,Fuel System & EFI,9977,Rejected,0
CLM04303,2025-09-09,SERV09520,SALE00161,CUST00779,DLR110,BK004,Exhaust System,2621,Approved,2462
CLM04304,2026-06-15,SERV12278,SALE17986,CUST00555,DLR068,BK004,Electrical System,15836,Approved,15450
CLM04305,2026-07-19,SERV12190,SALE09486,CUST03160,DLR046,BK012,Exhaust System,5610,Partially Approved,3017
CLM04306,2024-10-26,SERV10620,SALE00597,CUST00747,DLR121,BK003,Electrical System,11479,Approved,10521
CLM04307,2022-05-03,SERV00484,SALE17230,CUST02178,DLR107,BK003,Engine & Transmission,10989,Partially Approved,6421
CLM04308,2023-11-09,SERV06474,SALE01292,CUST01162,DLR058,BK002,Engine & Transmission,26469,Approved,24075
CLM04309,2026-03-01,SERV10383,SALE12760,CUST04205,DLR058,BK002,Frame & Chassis,7103,Approved,6589
CLM04310,2024-01-09,SERV08924,SALE18939,CUST04077,DLR008,BK001,Electrical System,9883,Approved,9230
CLM04311,2025-12-16,SERV02515,SALE07309,CUST03203,DLR102,BK007,Suspension & Brakes,6065,Rejected,0
CLM04312,2026-03-13,SERV12953,SALE07587,CUST02628,DLR151,BK003,Frame & Chassis,5171,Pending Verification,0
CLM04313,2021-10-03,SERV07533,SALE19578,CUST01529,DLR058,BK008,Suspension & Brakes,6006,Approved,5682
CLM04314,2026-03-22,SERV00336,SALE13182,CUST04584,DLR006,BK005,Frame & Chassis,7897,Rejected,0
CLM04315,2026-01-15,SERV00275,SALE17878,CUST01212,DLR126,BK003,Engine & Transmission,31643,Approved,29466
CLM04316,2025-10-16,SERV07882,SALE10016,CUST03388,DLR003,BK002,Engine & Transmission,28435,Approved,25868
CLM04317,2024-04-06,SERV06448,SALE06966,CUST04190,DLR134,BK004,Engine & Transmission,16758,Approved,15605
CLM04318,2026-07-04,SERV02838,SALE07178,CUST04491,DLR091,BK002,Fuel System & EFI,9864,Rejected,0
CLM04319,2025-04-03,SERV05445,SALE04643,CUST01087,DLR189,BK005,Engine & Transmission,14550,Approved,14003
CLM04320,2025-08-30,SERV09456,SALE05586,CUST00364,DLR067,BK012,Fuel System & EFI,15681,Approved,14586
CLM04321,2022-06-27,SERV11255,SALE01649,CUST04388,DLR101,BK007,Engine & Transmission,29808,Rejected,0
CLM04322,2020-05-23,SERV06677,SALE06711,CUST04269,DLR173,BK004,Engine & Transmission,11161,Approved,11089
CLM04323,2024-04-11,SERV02938,SALE14843,CUST02506,DLR143,BK001,Frame & Chassis,3681,Pending Verification,0
CLM04324,2022-04-20,SERV01772,SALE08150,CUST03259,DLR086,BK006,Fuel System & EFI,5688,Approved,5120
CLM04325,2026-07-07,SERV13371,SALE02922,CUST04097,DLR032,BK002,Electrical System,13736,Approved,13541
CLM04326,2025-06-25,SERV09834,SALE02835,CUST04209,DLR108,BK002,Suspension & Brakes,4740,Pending Verification,0
CLM04327,2025-10-02,SERV02957,SALE14246,CUST02557,DLR053,BK002,Fuel System & EFI,7413,Approved,6756
CLM04328,2022-07-23,SERV14183,SALE07467,CUST01440,DLR128,BK003,Exhaust System,1592,Approved,1559
CLM04329,2020-10-07,SERV14316,SALE16135,CUST03400,DLR148,BK003,Exhaust System,4494,Approved,4369
CLM04330,2025-09-10,SERV12032,SALE18558,CUST02427,DLR145,BK004,Fuel System & EFI,15526,Rejected,0
CLM04331,2022-11-19,SERV11249,SALE08667,CUST03835,DLR095,BK010,Suspension & Brakes,8966,Rejected,0
CLM04332,2024-08-01,SERV05850,SALE04583,CUST00178,DLR105,BK004,Engine & Transmission,17103,Approved,15505
CLM04333,2022-05-18,SERV01055,SALE08958,CUST00325,DLR198,BK001,Fuel System & EFI,9645,Approved,9075
CLM04334,2025-07-11,SERV09883,SALE00109,CUST00749,DLR173,BK003,Fuel System & EFI,15757,Approved,15346
CLM04335,2024-10-10,SERV04734,SALE02684,CUST00527,DLR022,BK007,Exhaust System,1519,Approved,1490
CLM04336,2021-12-28,SERV10654,SALE07504,CUST04185,DLR001,BK003,Frame & Chassis,4764,Approved,4613
CLM04337,2026-07-12,SERV14527,SALE00406,CUST01952,DLR126,BK012,Engine & Transmission,9989,Approved,9344
CLM04338,2024-05-08,SERV13730,SALE05923,CUST03794,DLR098,BK003,Electrical System,9281,Partially Approved,3923
CLM04339,2024-05-28,SERV08084,SALE16466,CUST01789,DLR175,BK002,Frame & Chassis,3379,Rejected,0
CLM04340,2023-07-15,SERV11197,SALE16572,CUST04772,DLR189,BK003,Fuel System & EFI,6757,Approved,6451
CLM04341,2025-02-06,SERV06267,SALE15849,CUST03847,DLR091,BK002,Electrical System,11729,Approved,11244
CLM04342,2026-01-10,SERV13840,SALE09204,CUST01066,DLR171,BK002,Fuel System & EFI,9395,Approved,8807
CLM04343,2021-03-05,SERV03498,SALE13274,CUST01257,DLR186,BK001,Engine & Transmission,25149,Approved,24023
CLM04344,2020-05-16,SERV10844,SALE14726,CUST00814,DLR141,BK003,Suspension & Brakes,9801,Rejected,0
CLM04345,2024-10-23,SERV03363,SALE13921,CUST00398,DLR163,BK001,Frame & Chassis,8296,Approved,8127
CLM04346,2023-06-10,SERV03327,SALE09456,CUST01201,DLR178,BK003,Frame & Chassis,5866,Approved,5282
CLM04347,2025-06-06,SERV04089,SALE04633,CUST01677,DLR103,BK007,Frame & Chassis,4839,Rejected,0
CLM04348,2022-05-01,SERV01395,SALE17022,CUST00657,DLR056,BK004,Frame & Chassis,1972,Rejected,0
CLM04349,2026-07-19,SERV09759,SALE19179,CUST04292,DLR085,BK004,Exhaust System,4578,Approved,4314
CLM04350,2023-02-12,SERV04081,SALE14039,CUST02345,DLR152,BK003,Electrical System,4171,Approved,3885
CLM04351,2021-09-08,SERV03299,SALE01434,CUST03837,DLR110,BK003,Suspension & Brakes,2688,Approved,2597
CLM04352,2025-05-23,SERV03931,SALE14772,CUST01322,DLR082,BK002,Fuel System & EFI,7184,Approved,6737
CLM04353,2026-07-15,SERV08865,SALE13371,CUST04364,DLR146,BK009,Fuel System & EFI,9429,Approved,9419
CLM04354,2026-07-16,SERV02862,SALE12677,CUST02106,DLR034,BK001,Suspension & Brakes,8884,Rejected,0
CLM04355,2023-06-26,SERV14531,SALE10871,CUST00303,DLR164,BK002,Exhaust System,6417,Approved,6231
CLM04356,2026-07-23,SERV06227,SALE06029,CUST01682,DLR178,BK001,Engine & Transmission,11030,Approved,10064
CLM04357,2022-04-07,SERV14969,SALE05942,CUST04493,DLR195,BK009,Suspension & Brakes,8686,Rejected,0
CLM04358,2024-01-20,SERV00463,SALE06404,CUST01667,DLR020,BK002,Suspension & Brakes,4636,Approved,4393
CLM04359,2026-07-01,SERV09970,SALE16380,CUST01157,DLR081,BK001,Fuel System & EFI,8208,Approved,7568
CLM04360,2026-05-24,SERV03152,SALE07420,CUST00707,DLR136,BK001,Fuel System & EFI,7680,Pending Verification,0
CLM04361,2021-12-02,SERV07966,SALE06609,CUST03121,DLR190,BK004,Fuel System & EFI,15790,Rejected,0
CLM04362,2026-07-19,SERV03988,SALE06646,CUST02910,DLR159,BK001,Engine & Transmission,16826,Approved,16600
CLM04363,2021-03-04,SERV02202,SALE05024,CUST04913,DLR117,BK004,Engine & Transmission,27296,Approved,26193
CLM04364,2025-08-31,SERV09052,SALE12178,CUST01764,DLR115,BK004,Fuel System & EFI,5930,Rejected,0
CLM04365,2024-01-28,SERV02670,SALE00874,CUST04554,DLR182,BK005,Exhaust System,2175,Approved,2012
CLM04366,2025-07-24,SERV00976,SALE00723,CUST01230,DLR038,BK005,Electrical System,12673,Approved,12028
CLM04367,2026-01-20,SERV13583,SALE09611,CUST02541,DLR107,BK001,Electrical System,4901,Rejected,0
CLM04368,2026-07-24,SERV05207,SALE13264,CUST02113,DLR111,BK004,Engine & Transmission,28864,Approved,28559
CLM04369,2026-07-29,SERV05742,SALE10704,CUST00506,DLR063,BK003,Frame & Chassis,7505,Rejected,0
CLM04370,2022-07-20,SERV00803,SALE10126,CUST01123,DLR149,BK012,Exhaust System,4766,Approved,4448
CLM04371,2022-02-24,SERV13211,SALE10315,CUST02928,DLR054,BK009,Exhaust System,3019,Approved,2903
CLM04372,2022-03-12,SERV08173,SALE16873,CUST03382,DLR038,BK004,Electrical System,4961,Approved,4556
CLM04373,2025-04-25,SERV14459,SALE06679,CUST02639,DLR130,BK002,Fuel System & EFI,10926,Approved,10630
CLM04374,2022-11-18,SERV14356,SALE00489,CUST04351,DLR005,BK001,Engine & Transmission,26450,Pending Verification,0
CLM04375,2025-08-22,SERV00317,SALE15646,CUST00148,DLR028,BK002,Exhaust System,1553,Approved,1445
CLM04376,2022-06-30,SERV01958,SALE06565,CUST00557,DLR031,BK003,Fuel System & EFI,11550,Approved,11151
CLM04377,2025-04-18,SERV08639,SALE01619,CUST00286,DLR108,BK001,Fuel System & EFI,8157,Approved,7890
CLM04378,2026-07-17,SERV06830,SALE02633,CUST01030,DLR063,BK001,Engine & Transmission,14368,Approved,13064
CLM04379,2025-07-25,SERV00638,SALE08282,CUST03954,DLR072,BK002,Fuel System & EFI,4798,Pending Verification,0
CLM04380,2026-01-10,SERV03912,SALE18593,CUST04149,DLR077,BK001,Suspension & Brakes,7739,Pending Verification,0
CLM04381,2021-01-29,SERV02356,SALE16548,CUST03181,DLR190,BK001,Exhaust System,3410,Partially Approved,1486
CLM04382,2025-05-30,SERV14750,SALE14903,CUST02260,DLR045,BK002,Electrical System,13524,Approved,12876
CLM04383,2026-08-01,SERV10873,SALE00991,CUST03236,DLR023,BK001,Frame & Chassis,6919,Approved,6767
CLM04384,2026-07-16,SERV05042,SALE17638,CUST00371,DLR166,BK009,Engine & Transmission,31652,Partially Approved,15135
CLM04385,2025-01-12,SERV06577,SALE10326,CUST03786,DLR151,BK005,Frame & Chassis,2573,Approved,2539
CLM04386,2020-09-21,SERV05226,SALE08297,CUST00335,DLR037,BK003,Exhaust System,3501,Approved,3472
CLM04387,2025-03-03,SERV04202,SALE04265,CUST00624,DLR133,BK001,Frame & Chassis,8092,Partially Approved,5536
CLM04388,2024-11-02,SERV13931,SALE17892,CUST03106,DLR162,BK002,Exhaust System,7100,Rejected,0
CLM04389,2025-07-11,SERV09934,SALE12941,CUST03307,DLR133,BK002,Engine & Transmission,16427,Approved,15545
CLM04390,2022-02-07,SERV09842,SALE19907,CUST02452,DLR157,BK005,Frame & Chassis,6853,Partially Approved,2748
CLM04391,2023-05-11,SERV08693,SALE00191,CUST00668,DLR170,BK009,Engine & Transmission,15885,Approved,15828
CLM04392,2026-07-14,SERV12266,SALE01842,CUST03538,DLR114,BK004,Fuel System & EFI,11452,Approved,10391
CLM04393,2026-06-02,SERV09724,SALE03870,CUST01230,DLR038,BK001,Frame & Chassis,6495,Approved,5860
CLM04394,2024-01-12,SERV00549,SALE18319,CUST01660,DLR056,BK002,Frame & Chassis,3974,Approved,3753
CLM04395,2025-02-18,SERV06412,SALE08530,CUST00894,DLR176,BK002,Electrical System,9681,Approved,9248
CLM04396,2021-11-28,SERV13562,SALE06607,CUST03426,DLR102,BK005,Suspension & Brakes,6740,Approved,6600
CLM04397,2024-08-02,SERV14575,SALE15708,CUST02474,DLR009,BK003,Suspension & Brakes,3347,Approved,3097
CLM04398,2024-03-27,SERV02748,SALE04986,CUST01885,DLR116,BK007,Exhaust System,4317,Approved,4267
CLM04399,2025-03-13,SERV07746,SALE05377,CUST04458,DLR113,BK003,Fuel System & EFI,11214,Approved,10975
CLM04400,2024-10-25,SERV02640,SALE05342,CUST04666,DLR112,BK004,Fuel System & EFI,14143,Approved,12733
CLM04401,2025-11-29,SERV14115,SALE00469,CUST01340,DLR192,BK001,Fuel System & EFI,8557,Partially Approved,5376
CLM04402,2024-05-20,SERV04974,SALE10669,CUST03131,DLR037,BK001,Electrical System,13803,Approved,13161
CLM04403,2020-05-27,SERV13492,SALE16907,CUST02650,DLR114,BK001,Suspension & Brakes,8803,Approved,8644
CLM04404,2026-07-15,SERV13631,SALE05431,CUST02584,DLR177,BK006,Exhaust System,5787,Approved,5258
CLM04405,2022-07-19,SERV01252,SALE14213,CUST01536,DLR057,BK004,Frame & Chassis,7716,Approved,7178
CLM04406,2026-07-23,SERV04800,SALE13807,CUST00510,DLR116,BK004,Frame & Chassis,6851,Approved,6403
CLM04407,2026-06-14,SERV13521,SALE09213,CUST00189,DLR039,BK004,Electrical System,6080,Approved,5648
CLM04408,2024-06-19,SERV02477,SALE09026,CUST04914,DLR037,BK001,Suspension & Brakes,11412,Pending Verification,0
CLM04409,2023-04-11,SERV01086,SALE04375,CUST00776,DLR024,BK003,Exhaust System,3243,Partially Approved,2327
CLM04410,2022-11-12,SERV04548,SALE07039,CUST04327,DLR195,BK002,Exhaust System,8467,Approved,8285
CLM04411,2021-05-29,SERV05960,SALE09468,CUST04877,DLR108,BK003,Electrical System,13858,Approved,12778
CLM04412,2024-09-10,SERV10950,SALE17470,CUST02620,DLR104,BK001,Suspension & Brakes,4854,Approved,4559
CLM04413,2026-04-24,SERV12710,SALE03572,CUST02490,DLR067,BK003,Exhaust System,3500,Rejected,0
CLM04414,2022-07-13,SERV12519,SALE11464,CUST03355,DLR076,BK002,Engine & Transmission,25412,Approved,23884
CLM04415,2025-08-31,SERV04760,SALE08260,CUST03340,DLR042,BK005,Electrical System,12109,Approved,11225
CLM04416,2022-10-27,SERV04532,SALE08505,CUST02096,DLR052,BK001,Suspension & Brakes,6866,Approved,6374
CLM04417,2022-05-17,SERV05949,SALE05448,CUST00939,DLR088,BK002,Electrical System,14709,Rejected,0
CLM04418,2026-07-24,SERV07793,SALE05336,CUST04008,DLR130,BK001,Engine & Transmission,17344,Rejected,0
CLM04419,2024-09-21,SERV07512,SALE08592,CUST03507,DLR088,BK007,Exhaust System,2232,Approved,2022
CLM04420,2021-08-30,SERV13040,SALE00249,CUST00974,DLR025,BK002,Engine & Transmission,23277,Approved,22940
CLM04421,2026-07-05,SERV14962,SALE18548,CUST04317,DLR025,BK013,Fuel System & EFI,9799,Pending Verification,0
CLM04422,2026-07-31,SERV12666,SALE09533,CUST00586,DLR181,BK008,Fuel System & EFI,6018,Rejected,0
CLM04423,2022-05-15,SERV13462,SALE09778,CUST00215,DLR081,BK003,Engine & Transmission,22202,Approved,20512
CLM04424,2022-04-16,SERV00355,SALE02436,CUST00846,DLR029,BK004,Frame & Chassis,2699,Rejected,0
CLM04425,2026-03-21,SERV06121,SALE08945,CUST04081,DLR073,BK003,Engine & Transmission,22671,Rejected,0
CLM04426,2021-11-11,SERV14845,SALE05326,CUST01014,DLR111,BK005,Suspension & Brakes,5144,Pending Verification,0
CLM04427,2024-01-29,SERV08445,SALE07004,CUST04647,DLR194,BK003,Engine & Transmission,19800,Approved,17837
CLM04428,2024-05-20,SERV13337,SALE08128,CUST04044,DLR060,BK001,Fuel System & EFI,12821,Approved,12441
CLM04429,2023-04-10,SERV04267,SALE16944,CUST01075,DLR064,BK001,Exhaust System,7451,Pending Verification,0
CLM04430,2025-07-27,SERV05829,SALE05670,CUST02888,DLR157,BK001,Suspension & Brakes,9692,Partially Approved,4855
CLM04431,2024-09-09,SERV08780,SALE01852,CUST04029,DLR146,BK008,Frame & Chassis,7321,Rejected,0
CLM04432,2021-09-24,SERV10849,SALE06257,CUST03753,DLR063,BK010,Engine & Transmission,17094,Rejected,0
CLM04433,2020-08-03,SERV13736,SALE04150,CUST03240,DLR198,BK004,Frame & Chassis,3878,Approved,3745
CLM04434,2026-06-27,SERV04537,SALE03032,CUST03628,DLR105,BK002,Exhaust System,6350,Approved,6233
CLM04435,2026-06-10,SERV10727,SALE01811,CUST01543,DLR138,BK006,Suspension & Brakes,9932,Approved,9857
CLM04436,2025-12-09,SERV12922,SALE18096,CUST02490,DLR180,BK012,Suspension & Brakes,6648,Approved,6428
CLM04437,2025-07-28,SERV05500,SALE07243,CUST00584,DLR048,BK001,Suspension & Brakes,9688,Approved,9177
CLM04438,2021-08-13,SERV13660,SALE17147,CUST02143,DLR127,BK002,Exhaust System,4019,Rejected,0
CLM04439,2024-01-23,SERV03494,SALE19493,CUST03702,DLR170,BK002,Exhaust System,5206,Approved,4909
CLM04440,2023-06-18,SERV01520,SALE02924,CUST04343,DLR199,BK008,Electrical System,7385,Pending Verification,0
CLM04441,2025-12-16,SERV05331,SALE06458,CUST03838,DLR198,BK007,Frame & Chassis,6109,Approved,5868
CLM04442,2025-10-02,SERV11807,SALE00429,CUST04442,DLR045,BK001,Exhaust System,3910,Pending Verification,0
CLM04443,2023-02-11,SERV09681,SALE09592,CUST04017,DLR142,BK013,Fuel System & EFI,13066,Approved,12393
CLM04444,2021-11-08,SERV13154,SALE16891,CUST01106,DLR035,BK004,Frame & Chassis,7744,Approved,6970
CLM04445,2025-09-10,SERV08532,SALE15071,CUST03286,DLR122,BK002,Suspension & Brakes,7674,Approved,7496
CLM04446,2026-07-23,SERV14434,SALE10984,CUST00738,DLR167,BK003,Electrical System,4057,Approved,3801
CLM04447,2023-11-07,SERV13777,SALE08417,CUST01040,DLR153,BK001,Exhaust System,4986,Partially Approved,3652
CLM04448,2024-06-06,SERV02357,SALE01292,CUST01162,DLR058,BK002,Frame & Chassis,4658,Approved,4345
CLM04449,2026-07-10,SERV04921,SALE14261,CUST04439,DLR019,BK006,Engine & Transmission,26679,Approved,24185
CLM04450,2022-01-18,SERV02676,SALE13128,CUST03087,DLR172,BK001,Exhaust System,2309,Approved,2108
CLM04451,2022-11-08,SERV13723,SALE11500,CUST04653,DLR168,BK009,Electrical System,8811,Pending Verification,0
CLM04452,2025-05-21,SERV04231,SALE10303,CUST00894,DLR044,BK002,Frame & Chassis,1994,Rejected,0
CLM04453,2026-07-13,SERV09727,SALE03969,CUST03721,DLR129,BK006,Electrical System,5182,Approved,5094
CLM04454,2023-03-21,SERV12196,SALE10204,CUST01374,DLR159,BK003,Suspension & Brakes,5212,Approved,5006
CLM04455,2026-07-06,SERV03447,SALE11050,CUST04968,DLR078,BK002,Electrical System,3830,Approved,3746
CLM04456,2020-05-03,SERV08795,SALE14133,CUST03406,DLR070,BK001,Electrical System,12229,Rejected,0
CLM04457,2023-10-31,SERV06395,SALE01092,CUST02784,DLR063,BK002,Engine & Transmission,11722,Approved,11293
CLM04458,2025-01-25,SERV06865,SALE18455,CUST04765,DLR053,BK003,Fuel System & EFI,13390,Approved,13029
CLM04459,2024-09-17,SERV06510,SALE04952,CUST00113,DLR179,BK004,Electrical System,11257,Rejected,0
CLM04460,2026-07-23,SERV01053,SALE17559,CUST00555,DLR002,BK002,Engine & Transmission,21045,Approved,20537
CLM04461,2026-03-13,SERV06796,SALE08012,CUST01889,DLR070,BK002,Engine & Transmission,12667,Approved,11980
CLM04462,2021-08-17,SERV00503,SALE03541,CUST04835,DLR037,BK009,Electrical System,11767,Approved,10970
CLM04463,2026-07-27,SERV01244,SALE01383,CUST03159,DLR155,BK003,Exhaust System,2404,Approved,2233
CLM04464,2026-04-16,SERV00520,SALE05478,CUST03158,DLR143,BK001,Fuel System & EFI,9275,Approved,8613
CLM04465,2026-07-15,SERV07673,SALE18263,CUST00556,DLR090,BK004,Frame & Chassis,4607,Pending Verification,0
CLM04466,2024-08-06,SERV13230,SALE04393,CUST01779,DLR002,BK001,Fuel System & EFI,9233,Approved,8617
CLM04467,2024-04-05,SERV05089,SALE03422,CUST00222,DLR185,BK003,Fuel System & EFI,6758,Approved,6629
CLM04468,2025-10-15,SERV12080,SALE10998,CUST01724,DLR200,BK003,Suspension & Brakes,5145,Rejected,0
CLM04469,2026-07-24,SERV00153,SALE13904,CUST01663,DLR153,BK003,Exhaust System,4680,Approved,4463
CLM04470,2026-07-19,SERV14732,SALE17312,CUST02142,DLR139,BK001,Frame & Chassis,7861,Approved,7805
CLM04471,2024-07-28,SERV08930,SALE04707,CUST00580,DLR140,BK006,Exhaust System,1813,Pending Verification,0
CLM04472,2025-11-01,SERV14663,SALE14317,CUST02643,DLR192,BK005,Electrical System,8821,Approved,8163
CLM04473,2025-05-19,SERV04243,SALE12486,CUST01355,DLR050,BK002,Frame & Chassis,7103,Rejected,0
CLM04474,2026-07-05,SERV10214,SALE09507,CUST04393,DLR083,BK002,Exhaust System,6172,Rejected,0
CLM04475,2026-01-27,SERV12492,SALE05593,CUST01900,DLR115,BK002,Exhaust System,6670,Pending Verification,0
CLM04476,2026-04-09,SERV13365,SALE13325,CUST02714,DLR107,BK005,Electrical System,12218,Approved,11534
CLM04477,2025-01-31,SERV05892,SALE11679,CUST04848,DLR057,BK003,Fuel System & EFI,6356,Partially Approved,3702
CLM04478,2026-06-26,SERV07728,SALE13627,CUST02491,DLR107,BK001,Engine & Transmission,23581,Approved,22408
CLM04479,2026-01-29,SERV10077,SALE10755,CUST00964,DLR131,BK002,Engine & Transmission,20387,Approved,20338
CLM04480,2023-01-13,SERV05866,SALE14452,CUST04229,DLR086,BK002,Engine & Transmission,19377,Rejected,0
CLM04481,2024-01-01,SERV14871,SALE01797,CUST03152,DLR008,BK003,Electrical System,9603,Approved,9230
CLM04482,2023-07-23,SERV11777,SALE00325,CUST02420,DLR183,BK001,Suspension & Brakes,7351,Rejected,0
CLM04483,2022-06-18,SERV13394,SALE06629,CUST04124,DLR072,BK002,Fuel System & EFI,15133,Approved,14730
CLM04484,2022-08-03,SERV05299,SALE08310,CUST00970,DLR039,BK012,Exhaust System,5282,Approved,4801
CLM04485,2024-08-17,SERV07706,SALE19575,CUST01522,DLR189,BK001,Electrical System,3659,Approved,3616
CLM04486,2024-10-17,SERV12546,SALE01851,CUST00164,DLR177,BK009,Exhaust System,7563,Approved,7013
CLM04487,2026-07-21,SERV01760,SALE12852,CUST02062,DLR066,BK008,Engine & Transmission,29754,Pending Verification,0
CLM04488,2026-07-27,SERV11680,SALE16860,CUST04131,DLR026,BK004,Electrical System,14718,Rejected,0
CLM04489,2026-03-28,SERV08508,SALE01746,CUST04420,DLR178,BK001,Frame & Chassis,2852,Rejected,0
CLM04490,2026-07-19,SERV11092,SALE09297,CUST01262,DLR185,BK001,Suspension & Brakes,4461,Approved,4116
CLM04491,2026-07-03,SERV04369,SALE08159,CUST04701,DLR005,BK009,Fuel System & EFI,14033,Approved,13710
CLM04492,2025-02-22,SERV13167,SALE12738,CUST02121,DLR137,BK001,Fuel System & EFI,5905,Approved,5726
CLM04493,2022-06-08,SERV13310,SALE18846,CUST03972,DLR041,BK003,Engine & Transmission,23997,Partially Approved,15336
CLM04494,2025-11-21,SERV06154,SALE15735,CUST04204,DLR068,BK002,Suspension & Brakes,9134,Approved,8575
CLM04495,2025-07-13,SERV06551,SALE10572,CUST00838,DLR178,BK003,Suspension & Brakes,6169,Approved,6002
CLM04496,2024-03-08,SERV08021,SALE15673,CUST00872,DLR026,BK010,Electrical System,6778,Approved,6410
CLM04497,2026-07-07,SERV06625,SALE02529,CUST01752,DLR076,BK001,Exhaust System,3071,Approved,2807
CLM04498,2025-04-15,SERV05127,SALE17465,CUST02316,DLR166,BK013,Engine & Transmission,11710,Partially Approved,7230
CLM04499,2023-05-31,SERV11978,SALE01805,CUST04843,DLR134,BK004,Electrical System,3596,Rejected,0
CLM04500,2021-06-24,SERV03699,SALE15840,CUST04962,DLR140,BK001,Exhaust System,4880,Rejected,0
CLM04501,2021-08-05,SERV10831,SALE14161,CUST01836,DLR171,BK005,Frame & Chassis,5806,Approved,5616
CLM04502,2026-07-13,SERV12245,SALE15100,CUST04152,DLR087,BK004,Exhaust System,4299,Approved,4146
CLM04503,2025-09-23,SERV05367,SALE15378,CUST04513,DLR125,BK003,Engine & Transmission,25238,Approved,23818
CLM04504,2026-07-22,SERV11873,SALE13154,CUST03490,DLR132,BK003,Engine & Transmission,14954,Rejected,0
CLM04505,2025-05-03,SERV14095,SALE16983,CUST02183,DLR124,BK004,Exhaust System,6796,Pending Verification,0
CLM04506,2025-03-14,SERV00630,SALE10368,CUST02295,DLR162,BK004,Fuel System & EFI,6297,Approved,5687
CLM04507,2026-07-20,SERV05284,SALE10419,CUST00586,DLR122,BK003,Engine & Transmission,29670,Partially Approved,20310
CLM04508,2022-12-17,SERV03293,SALE13097,CUST01313,DLR061,BK002,Fuel System & EFI,12468,Rejected,0
CLM04509,2025-06-18,SERV03320,SALE12952,CUST02575,DLR001,BK008,Exhaust System,3481,Rejected,0
CLM04510,2026-07-06,SERV04301,SALE02694,CUST04187,DLR198,BK007,Exhaust System,4219,Approved,3876
CLM04511,2021-12-28,SERV13802,SALE17548,CUST02917,DLR199,BK003,Electrical System,9372,Approved,9209
CLM04512,2023-08-30,SERV02520,SALE18388,CUST01039,DLR060,BK004,Electrical System,6645,Rejected,0
CLM04513,2025-09-11,SERV06160,SALE18812,CUST01203,DLR093,BK003,Engine & Transmission,10012,Pending Verification,0
CLM04514,2023-07-29,SERV14093,SALE08414,CUST03874,DLR186,BK007,Exhaust System,2140,Approved,2042
CLM04515,2022-02-01,SERV08272,SALE17307,CUST01389,DLR045,BK001,Frame & Chassis,2239,Pending Verification,0
CLM04516,2025-10-16,SERV09082,SALE16795,CUST04171,DLR074,BK003,Electrical System,15932,Approved,15057
CLM04517,2026-07-07,SERV11342,SALE17271,CUST04714,DLR027,BK006,Exhaust System,5225,Approved,5083
CLM04518,2026-07-17,SERV07770,SALE15981,CUST02116,DLR196,BK004,Suspension & Brakes,10411,Pending Verification,0
CLM04519,2026-07-30,SERV13274,SALE00869,CUST02958,DLR038,BK007,Suspension & Brakes,8979,Approved,8236
CLM04520,2022-04-20,SERV08293,SALE03758,CUST02860,DLR114,BK004,Frame & Chassis,6924,Approved,6731
CLM04521,2024-04-03,SERV08751,SALE19005,CUST04404,DLR069,BK002,Electrical System,7073,Approved,6547
CLM04522,2021-10-16,SERV02028,SALE05523,CUST01711,DLR048,BK007,Frame & Chassis,7179,Approved,7098
CLM04523,2026-07-09,SERV05752,SALE18436,CUST02531,DLR066,BK004,Fuel System & EFI,15237,Approved,14360
CLM04524,2023-07-13,SERV00210,SALE14710,CUST03800,DLR049,BK003,Fuel System & EFI,12751,Approved,12667
CLM04525,2022-05-01,SERV10366,SALE06979,CUST02671,DLR140,BK010,Frame & Chassis,1810,Rejected,0
CLM04526,2026-07-21,SERV08731,SALE08507,CUST00352,DLR086,BK001,Fuel System & EFI,10556,Pending Verification,0
CLM04527,2020-08-31,SERV08211,SALE02562,CUST03660,DLR029,BK001,Fuel System & EFI,11160,Approved,10716
CLM04528,2021-03-07,SERV05822,SALE17697,CUST03422,DLR182,BK003,Exhaust System,6274,Approved,5960
CLM04529,2026-07-10,SERV13148,SALE00026,CUST02707,DLR132,BK002,Exhaust System,5857,Approved,5757
CLM04530,2026-07-14,SERV10858,SALE19197,CUST00486,DLR109,BK003,Frame & Chassis,4609,Approved,4600
CLM04531,2026-07-15,SERV02729,SALE08876,CUST00652,DLR100,BK003,Fuel System & EFI,3574,Approved,3489
CLM04532,2024-09-22,SERV09829,SALE02460,CUST03155,DLR048,BK001,Exhaust System,7879,Approved,7472
CLM04533,2022-10-09,SERV10164,SALE13413,CUST03294,DLR016,BK003,Fuel System & EFI,8299,Approved,7513
CLM04534,2026-07-12,SERV10140,SALE10231,CUST04265,DLR163,BK008,Suspension & Brakes,9230,Approved,9207
CLM04535,2021-10-08,SERV00866,SALE10825,CUST00862,DLR180,BK004,Electrical System,11060,Approved,10877
CLM04536,2024-06-09,SERV07950,SALE00176,CUST00154,DLR020,BK003,Suspension & Brakes,5463,Approved,5213
CLM04537,2021-05-14,SERV07321,SALE13064,CUST00976,DLR092,BK004,Engine & Transmission,30019,Approved,28551
CLM04538,2025-12-20,SERV06819,SALE03975,CUST00012,DLR191,BK005,Fuel System & EFI,5839,Approved,5330
CLM04539,2026-04-24,SERV05801,SALE10653,CUST02703,DLR136,BK002,Fuel System & EFI,3857,Approved,3722
CLM04540,2025-03-26,SERV14558,SALE05686,CUST01806,DLR171,BK001,Fuel System & EFI,13663,Approved,12852
CLM04541,2023-11-10,SERV02280,SALE02687,CUST04775,DLR136,BK002,Electrical System,5756,Approved,5629
CLM04542,2024-09-11,SERV08744,SALE13966,CUST01885,DLR003,BK003,Engine & Transmission,18101,Pending Verification,0
CLM04543,2022-12-20,SERV00863,SALE15260,CUST01241,DLR063,BK001,Exhaust System,5927,Approved,5825
CLM04544,2023-12-08,SERV07535,SALE15440,CUST02718,DLR192,BK001,Engine & Transmission,16185,Approved,15999
CLM04545,2020-09-19,SERV02386,SALE13333,CUST00982,DLR139,BK004,Exhaust System,7384,Approved,7338
CLM04546,2023-07-11,SERV08189,SALE04182,CUST03237,DLR020,BK004,Engine & Transmission,27344,Approved,26486
CLM04547,2026-06-03,SERV03956,SALE13067,CUST00024,DLR091,BK006,Suspension & Brakes,5029,Pending Verification,0
CLM04548,2023-04-19,SERV06099,SALE19195,CUST02181,DLR059,BK004,Exhaust System,1949,Approved,1920
CLM04549,2026-07-11,SERV08914,SALE18092,CUST00929,DLR180,BK001,Frame & Chassis,3472,Approved,3460
CLM04550,2023-09-23,SERV07072,SALE01900,CUST00139,DLR014,BK003,Electrical System,4113,Approved,3748
CLM04551,2026-07-15,SERV11748,SALE18996,CUST02896,DLR118,BK001,Fuel System & EFI,13475,Approved,12313
CLM04552,2026-08-02,SERV11439,SALE02995,CUST02441,DLR024,BK010,Fuel System & EFI,12327,Approved,11857
CLM04553,2026-07-22,SERV12352,SALE13132,CUST04683,DLR173,BK001,Electrical System,8561,Pending Verification,0
CLM04554,2022-03-25,SERV08466,SALE10288,CUST04278,DLR163,BK015,Engine & Transmission,20355,Approved,19203
CLM04555,2022-06-14,SERV00578,SALE08908,CUST01195,DLR134,BK001,Suspension & Brakes,9564,Approved,8828
CLM04556,2025-12-06,SERV05563,SALE17781,CUST04529,DLR091,BK002,Engine & Transmission,29613,Approved,28203
CLM04557,2026-07-05,SERV08560,SALE09027,CUST03472,DLR132,BK006,Frame & Chassis,4897,Rejected,0
CLM04558,2026-07-21,SERV12893,SALE11831,CUST03708,DLR082,BK001,Exhaust System,6386,Approved,6334
CLM04559,2026-07-20,SERV07124,SALE17186,CUST00740,DLR099,BK004,Electrical System,4008,Pending Verification,0
CLM04560,2023-05-09,SERV09289,SALE05114,CUST03261,DLR039,BK007,Electrical System,7016,Approved,6479
CLM04561,2026-07-15,SERV01738,SALE00256,CUST03115,DLR175,BK001,Electrical System,8244,Approved,7504
CLM04562,2024-03-02,SERV10682,SALE02622,CUST01924,DLR081,BK002,Engine & Transmission,21969,Pending Verification,0
CLM04563,2020-10-25,SERV00526,SALE15501,CUST01556,DLR032,BK002,Exhaust System,4110,Pending Verification,0
CLM04564,2025-08-01,SERV03154,SALE16272,CUST03592,DLR010,BK001,Electrical System,11792,Rejected,0
CLM04565,2022-08-02,SERV00062,SALE11328,CUST04168,DLR121,BK001,Frame & Chassis,3007,Approved,2730
CLM04566,2024-05-11,SERV09310,SALE17691,CUST01790,DLR048,BK002,Frame & Chassis,7201,Approved,6708
CLM04567,2020-09-07,SERV01435,SALE07750,CUST03972,DLR096,BK001,Exhaust System,3686,Approved,3606
CLM04568,2024-02-13,SERV10266,SALE02395,CUST01861,DLR138,BK006,Fuel System & EFI,5303,Approved,5024
CLM04569,2026-07-08,SERV03862,SALE02014,CUST04258,DLR156,BK004,Suspension & Brakes,7547,Approved,7262
CLM04570,2025-12-03,SERV07698,SALE11702,CUST01262,DLR015,BK001,Fuel System & EFI,7125,Rejected,0
CLM04571,2024-06-25,SERV12497,SALE16598,CUST01355,DLR027,BK005,Electrical System,4497,Approved,4164
CLM04572,2024-11-07,SERV02750,SALE12785,CUST00547,DLR009,BK001,Suspension & Brakes,2775,Rejected,0
CLM04573,2023-07-02,SERV08745,SALE02829,CUST03887,DLR097,BK001,Fuel System & EFI,10052,Approved,9226
CLM04574,2021-07-05,SERV03911,SALE04720,CUST00862,DLR137,BK003,Suspension & Brakes,3575,Approved,3265
CLM04575,2026-07-05,SERV08076,SALE11992,CUST00055,DLR054,BK003,Frame & Chassis,8023,Approved,7406
CLM04576,2025-05-25,SERV09962,SALE12937,CUST01203,DLR172,BK003,Fuel System & EFI,8670,Pending Verification,0
CLM04577,2023-04-25,SERV00626,SALE02146,CUST04416,DLR096,BK005,Exhaust System,5404,Approved,4997
CLM04578,2023-12-18,SERV00735,SALE08918,CUST00843,DLR166,BK007,Engine & Transmission,21166,Rejected,0
CLM04579,2022-04-15,SERV00328,SALE11290,CUST01132,DLR156,BK012,Exhaust System,3855,Rejected,0
CLM04580,2022-01-18,SERV02463,SALE06814,CUST00820,DLR143,BK002,Frame & Chassis,5476,Approved,5376
CLM04581,2026-07-17,SERV08022,SALE05612,CUST00981,DLR007,BK013,Suspension & Brakes,10523,Approved,10317
CLM04582,2021-05-20,SERV14437,SALE05591,CUST01389,DLR058,BK003,Electrical System,15693,Approved,15620
CLM04583,2024-09-20,SERV07026,SALE17465,CUST02316,DLR166,BK013,Suspension & Brakes,7774,Rejected,0
CLM04584,2022-01-31,SERV03662,SALE02950,CUST02663,DLR179,BK002,Fuel System & EFI,10334,Approved,9330
CLM04585,2024-07-12,SERV07552,SALE16102,CUST03573,DLR188,BK003,Electrical System,8000,Approved,7836
CLM04586,2023-07-12,SERV10409,SALE05275,CUST00881,DLR182,BK002,Exhaust System,2961,Approved,2900
CLM04587,2026-03-11,SERV09726,SALE13007,CUST02996,DLR051,BK004,Engine & Transmission,11233,Approved,10678
CLM04588,2021-05-23,SERV03644,SALE05641,CUST03905,DLR123,BK004,Suspension & Brakes,2965,Approved,2866
CLM04589,2025-01-15,SERV05606,SALE00912,CUST01345,DLR111,BK002,Suspension & Brakes,6540,Approved,6021
CLM04590,2022-09-25,SERV08954,SALE05745,CUST00392,DLR162,BK008,Electrical System,15000,Approved,13845
CLM04591,2021-09-15,SERV09492,SALE11181,CUST04503,DLR047,BK007,Exhaust System,5950,Approved,5914
CLM04592,2024-03-29,SERV04671,SALE18603,CUST02423,DLR185,BK002,Suspension & Brakes,5633,Pending Verification,0
CLM04593,2024-06-23,SERV04099,SALE18062,CUST04554,DLR062,BK001,Suspension & Brakes,7279,Approved,6671
CLM04594,2025-11-02,SERV01493,SALE04567,CUST00724,DLR066,BK006,Engine & Transmission,21616,Approved,19475
CLM04595,2023-01-15,SERV04254,SALE02734,CUST00970,DLR121,BK003,Frame & Chassis,3453,Approved,3391
CLM04596,2022-07-12,SERV03932,SALE15159,CUST01883,DLR191,BK001,Electrical System,6481,Approved,6064
CLM04597,2023-10-12,SERV07583,SALE17608,CUST01760,DLR070,BK002,Suspension & Brakes,9115,Partially Approved,3675
CLM04598,2026-05-07,SERV02525,SALE17319,CUST04885,DLR013,BK002,Fuel System & EFI,12210,Partially Approved,9131
CLM04599,2026-07-22,SERV05511,SALE11794,CUST04553,DLR060,BK010,Electrical System,8457,Approved,8118
CLM04600,2025-04-23,SERV09773,SALE10103,CUST02615,DLR105,BK001,Frame & Chassis,6531,Rejected,0
CLM04601,2026-07-03,SERV08289,SALE05598,CUST01675,DLR142,BK001,Frame & Chassis,6249,Approved,5972
CLM04602,2025-10-14,SERV12827,SALE12090,CUST04006,DLR182,BK009,Engine & Transmission,13154,Approved,12497
CLM04603,2024-12-16,SERV09529,SALE00226,CUST02133,DLR115,BK015,Fuel System & EFI,11543,Approved,11398
CLM04604,2026-07-31,SERV04541,SALE18428,CUST00270,DLR038,BK001,Fuel System & EFI,14995,Approved,14406
CLM04605,2026-07-13,SERV01792,SALE17190,CUST01387,DLR035,BK009,Fuel System & EFI,13979,Approved,12936
CLM04606,2021-10-31,SERV09715,SALE18896,CUST01168,DLR007,BK003,Electrical System,12008,Approved,11161
CLM04607,2026-05-23,SERV02293,SALE01709,CUST03838,DLR167,BK005,Fuel System & EFI,12151,Approved,11894
CLM04608,2025-08-25,SERV02197,SALE12499,CUST00131,DLR158,BK002,Suspension & Brakes,4346,Pending Verification,0
CLM04609,2024-08-15,SERV08352,SALE14585,CUST02613,DLR154,BK002,Exhaust System,4544,Rejected,0
CLM04610,2024-12-16,SERV09278,SALE02963,CUST01706,DLR050,BK002,Fuel System & EFI,4394,Approved,4045
CLM04611,2022-09-13,SERV14538,SALE12459,CUST01524,DLR026,BK003,Fuel System & EFI,11793,Approved,11783
CLM04612,2025-10-27,SERV08939,SALE16341,CUST00669,DLR071,BK003,Suspension & Brakes,5999,Rejected,0
CLM04613,2022-09-24,SERV11482,SALE15814,CUST01168,DLR081,BK001,Exhaust System,5479,Approved,5323
CLM04614,2026-07-15,SERV00519,SALE18727,CUST02289,DLR155,BK002,Frame & Chassis,5801,Approved,5239
CLM04615,2022-01-20,SERV12572,SALE07251,CUST02696,DLR078,BK004,Engine & Transmission,24101,Approved,23583
CLM04616,2026-07-07,SERV07865,SALE06762,CUST04209,DLR140,BK009,Engine & Transmission,22045,Rejected,0
CLM04617,2025-09-16,SERV04512,SALE09279,CUST00872,DLR069,BK004,Exhaust System,7273,Approved,7195
CLM04618,2026-07-25,SERV10652,SALE03074,CUST02088,DLR045,BK003,Suspension & Brakes,11033,Approved,10456
CLM04619,2026-04-12,SERV10491,SALE13508,CUST01599,DLR030,BK003,Exhaust System,2457,Pending Verification,0
CLM04620,2020-11-28,SERV14645,SALE08036,CUST01629,DLR172,BK001,Exhaust System,7742,Rejected,0
CLM04621,2021-05-19,SERV06763,SALE12128,CUST00960,DLR059,BK003,Frame & Chassis,4644,Approved,4552
CLM04622,2022-05-01,SERV00524,SALE19266,CUST02666,DLR143,BK001,Electrical System,7516,Approved,7095
CLM04623,2022-12-13,SERV06429,SALE03327,CUST03937,DLR180,BK005,Fuel System & EFI,4052,Approved,3723
CLM04624,2020-11-18,SERV12431,SALE02276,CUST02447,DLR036,BK004,Suspension & Brakes,5148,Pending Verification,0
CLM04625,2021-10-30,SERV14408,SALE13158,CUST00818,DLR049,BK007,Frame & Chassis,7453,Pending Verification,0
CLM04626,2022-10-24,SERV03880,SALE08031,CUST02191,DLR172,BK003,Engine & Transmission,26847,Approved,25212
CLM04627,2021-06-24,SERV11599,SALE00685,CUST02754,DLR122,BK005,Frame & Chassis,6698,Approved,6109
CLM04628,2022-04-06,SERV12590,SALE18071,CUST01766,DLR126,BK002,Electrical System,11403,Approved,10308
CLM04629,2023-02-11,SERV13369,SALE06348,CUST01149,DLR163,BK002,Frame & Chassis,6806,Pending Verification,0
CLM04630,2022-11-11,SERV10133,SALE12690,CUST04137,DLR103,BK001,Exhaust System,1956,Approved,1789
CLM04631,2026-07-02,SERV03246,SALE08862,CUST02019,DLR097,BK003,Engine & Transmission,21793,Approved,19720
CLM04632,2023-11-08,SERV09957,SALE08655,CUST03146,DLR096,BK009,Frame & Chassis,8150,Approved,7598
CLM04633,2026-07-06,SERV06318,SALE16162,CUST01410,DLR096,BK005,Frame & Chassis,4470,Approved,4147
CLM04634,2023-10-28,SERV09108,SALE13568,CUST03313,DLR072,BK003,Frame & Chassis,2531,Pending Verification,0
CLM04635,2021-02-22,SERV08079,SALE10130,CUST04651,DLR127,BK003,Fuel System & EFI,11390,Partially Approved,7432
CLM04636,2022-11-16,SERV14733,SALE01698,CUST00377,DLR100,BK010,Engine & Transmission,12275,Approved,11068
CLM04637,2024-09-02,SERV13405,SALE02709,CUST00163,DLR124,BK002,Exhaust System,5170,Approved,5134
CLM04638,2026-07-11,SERV13048,SALE07423,CUST02848,DLR090,BK003,Engine & Transmission,30063,Rejected,0
CLM04639,2024-11-30,SERV02857,SALE09314,CUST01864,DLR014,BK001,Exhaust System,3769,Pending Verification,0
CLM04640,2026-06-18,SERV02399,SALE17295,CUST04084,DLR174,BK001,Electrical System,10445,Pending Verification,0
CLM04641,2023-08-25,SERV03174,SALE13934,CUST01743,DLR143,BK001,Suspension & Brakes,6063,Approved,5931
CLM04642,2026-07-05,SERV07491,SALE13308,CUST00160,DLR132,BK007,Engine & Transmission,20161,Approved,19480
CLM04643,2026-05-25,SERV03706,SALE15721,CUST03160,DLR062,BK003,Electrical System,4731,Approved,4408
CLM04644,2023-12-24,SERV09392,SALE09315,CUST04266,DLR060,BK005,Exhaust System,1824,Rejected,0
CLM04645,2022-11-22,SERV02274,SALE19781,CUST04080,DLR008,BK002,Suspension & Brakes,7353,Rejected,0
CLM04646,2026-07-06,SERV14996,SALE01340,CUST03439,DLR055,BK008,Engine & Transmission,17148,Approved,16682
CLM04647,2024-12-22,SERV00596,SALE12875,CUST04066,DLR022,BK002,Frame & Chassis,3925,Approved,3647
CLM04648,2024-02-25,SERV03428,SALE17331,CUST02474,DLR093,BK003,Engine & Transmission,27396,Approved,25422
CLM04649,2023-01-31,SERV00906,SALE08368,CUST03821,DLR148,BK003,Frame & Chassis,3705,Rejected,0
CLM04650,2023-12-07,SERV12769,SALE02863,CUST00569,DLR046,BK012,Fuel System & EFI,11868,Approved,10992
CLM04651,2025-06-25,SERV06111,SALE19305,CUST04247,DLR136,BK001,Engine & Transmission,23696,Rejected,0
CLM04652,2022-01-14,SERV00382,SALE12449,CUST01605,DLR041,BK005,Fuel System & EFI,13015,Approved,12009
CLM04653,2025-06-08,SERV05952,SALE13024,CUST03023,DLR044,BK003,Fuel System & EFI,10181,Pending Verification,0
CLM04654,2025-10-12,SERV12490,SALE16852,CUST00486,DLR026,BK009,Suspension & Brakes,8756,Approved,8061
CLM04655,2024-09-28,SERV00928,SALE06937,CUST04986,DLR090,BK004,Electrical System,13897,Approved,13847
CLM04656,2022-07-26,SERV13347,SALE10682,CUST00094,DLR021,BK006,Frame & Chassis,5475,Pending Verification,0
CLM04657,2021-08-08,SERV06931,SALE11957,CUST04413,DLR016,BK002,Suspension & Brakes,9456,Approved,8820
CLM04658,2022-12-17,SERV11560,SALE05885,CUST04135,DLR066,BK003,Electrical System,10803,Approved,10569
CLM04659,2022-12-20,SERV00666,SALE11229,CUST04540,DLR125,BK007,Engine & Transmission,22585,Approved,20795
CLM04660,2026-02-19,SERV07734,SALE06702,CUST04458,DLR073,BK006,Fuel System & EFI,9341,Approved,9287
CLM04661,2023-02-28,SERV09251,SALE08351,CUST02486,DLR090,BK006,Fuel System & EFI,12301,Approved,11182
CLM04662,2021-02-10,SERV12950,SALE04943,CUST04461,DLR140,BK001,Electrical System,4360,Approved,4174
CLM04663,2023-10-01,SERV02821,SALE15909,CUST00633,DLR137,BK001,Frame & Chassis,5342,Approved,4902
CLM04664,2026-07-02,SERV10083,SALE06352,CUST01340,DLR042,BK007,Frame & Chassis,1798,Approved,1618
CLM04665,2025-01-13,SERV08567,SALE05185,CUST01299,DLR039,BK003,Electrical System,14821,Pending Verification,0
CLM04666,2021-12-15,SERV00669,SALE03851,CUST03638,DLR172,BK001,Suspension & Brakes,7858,Approved,7606
CLM04667,2026-01-13,SERV10416,SALE13984,CUST02389,DLR077,BK002,Fuel System & EFI,12931,Approved,12169
CLM04668,2024-09-26,SERV09079,SALE14171,CUST02363,DLR134,BK001,Frame & Chassis,7444,Rejected,0
CLM04669,2025-12-17,SERV01406,SALE03441,CUST01554,DLR092,BK003,Frame & Chassis,7819,Approved,7553
CLM04670,2024-12-30,SERV02636,SALE18643,CUST01981,DLR165,BK009,Electrical System,8468,Approved,7668
CLM04671,2023-11-25,SERV11408,SALE09237,CUST03672,DLR057,BK001,Electrical System,4752,Partially Approved,2121
CLM04672,2025-03-29,SERV06542,SALE14998,CUST00206,DLR098,BK003,Suspension & Brakes,4905,Rejected,0
CLM04673,2024-09-20,SERV00413,SALE18527,CUST02341,DLR040,BK002,Suspension & Brakes,11362,Rejected,0
CLM04674,2026-05-01,SERV13903,SALE07098,CUST04759,DLR034,BK004,Fuel System & EFI,4302,Pending Verification,0
CLM04675,2021-08-07,SERV09560,SALE11649,CUST00993,DLR048,BK002,Engine & Transmission,22061,Approved,21537
CLM04676,2025-01-17,SERV00635,SALE00366,CUST04215,DLR025,BK011,Fuel System & EFI,14169,Approved,13879
CLM04677,2024-04-02,SERV02037,SALE11927,CUST01765,DLR151,BK004,Engine & Transmission,30485,Approved,30481
CLM04678,2025-05-25,SERV14306,SALE12492,CUST03188,DLR063,BK003,Engine & Transmission,19900,Approved,19566
CLM04679,2026-07-17,SERV09601,SALE12140,CUST03591,DLR054,BK002,Fuel System & EFI,3517,Rejected,0
CLM04680,2022-01-31,SERV02686,SALE02156,CUST04308,DLR033,BK001,Frame & Chassis,6831,Approved,6631
CLM04681,2021-02-15,SERV06854,SALE10931,CUST01181,DLR066,BK001,Engine & Transmission,9793,Rejected,0
CLM04682,2026-01-17,SERV11780,SALE19686,CUST01671,DLR112,BK012,Suspension & Brakes,5714,Pending Verification,0
CLM04683,2021-03-04,SERV00860,SALE01663,CUST00916,DLR094,BK004,Engine & Transmission,11146,Rejected,0
CLM04684,2024-02-13,SERV00594,SALE09568,CUST04061,DLR176,BK003,Frame & Chassis,7405,Rejected,0
CLM04685,2025-02-02,SERV03776,SALE19412,CUST01830,DLR107,BK008,Suspension & Brakes,9884,Approved,9873
CLM04686,2026-07-17,SERV10803,SALE10381,CUST03307,DLR035,BK002,Fuel System & EFI,5939,Approved,5445
CLM04687,2021-06-07,SERV09229,SALE02434,CUST00734,DLR139,BK011,Fuel System & EFI,7138,Approved,6703
CLM04688,2026-08-02,SERV14545,SALE19966,CUST03490,DLR139,BK002,Frame & Chassis,2182,Pending Verification,0
CLM04689,2026-07-12,SERV05935,SALE14490,CUST00288,DLR057,BK002,Frame & Chassis,5463,Approved,5215
CLM04690,2024-03-30,SERV06224,SALE07382,CUST01796,DLR199,BK006,Suspension & Brakes,10020,Rejected,0
CLM04691,2023-06-25,SERV14308,SALE16636,CUST00631,DLR106,BK003,Engine & Transmission,14246,Approved,13192
CLM04692,2023-08-16,SERV03252,SALE18617,CUST03320,DLR053,BK008,Electrical System,13631,Pending Verification,0
CLM04693,2024-05-18,SERV05063,SALE07964,CUST03737,DLR104,BK004,Electrical System,7050,Rejected,0
CLM04694,2022-07-28,SERV03371,SALE00175,CUST01886,DLR144,BK006,Engine & Transmission,13391,Approved,12206
CLM04695,2026-06-19,SERV04569,SALE14891,CUST04632,DLR073,BK003,Electrical System,12358,Approved,11559
CLM04696,2026-07-15,SERV11443,SALE17299,CUST03563,DLR110,BK003,Engine & Transmission,10217,Rejected,0
CLM04697,2021-02-27,SERV01646,SALE16739,CUST03268,DLR010,BK001,Suspension & Brakes,9233,Approved,8383
CLM04698,2022-03-08,SERV13991,SALE02868,CUST03566,DLR058,BK009,Electrical System,5564,Pending Verification,0
CLM04699,2021-08-08,SERV11429,SALE10456,CUST00562,DLR092,BK004,Frame & Chassis,4448,Approved,4151
CLM04700,2024-05-17,SERV05165,SALE15907,CUST01865,DLR008,BK009,Fuel System & EFI,13265,Approved,11941
CLM04701,2022-07-07,SERV01777,SALE19274,CUST01965,DLR025,BK002,Fuel System & EFI,13650,Approved,13372
CLM04702,2024-09-01,SERV10360,SALE00784,CUST02134,DLR162,BK003,Engine & Transmission,9904,Approved,9183
CLM04703,2023-12-20,SERV09665,SALE17139,CUST02103,DLR112,BK002,Exhaust System,5957,Pending Verification,0
CLM04704,2024-10-25,SERV05787,SALE14175,CUST03068,DLR028,BK007,Exhaust System,5986,Approved,5925
CLM04705,2022-10-08,SERV09944,SALE01593,CUST04639,DLR023,BK009,Frame & Chassis,8382,Rejected,0
CLM04706,2022-08-22,SERV10728,SALE17644,CUST03025,DLR177,BK003,Fuel System & EFI,5691,Approved,5133
CLM04707,2023-02-11,SERV08068,SALE18805,CUST01473,DLR198,BK003,Frame & Chassis,1853,Pending Verification,0
CLM04708,2025-10-13,SERV12712,SALE03582,CUST02146,DLR007,BK002,Engine & Transmission,22977,Approved,22195
CLM04709,2023-04-21,SERV06279,SALE03254,CUST04712,DLR150,BK004,Exhaust System,6952,Approved,6487
CLM04710,2025-10-23,SERV12505,SALE04634,CUST03765,DLR188,BK005,Fuel System & EFI,14303,Approved,14136
CLM04711,2022-03-05,SERV01597,SALE02714,CUST01235,DLR101,BK002,Electrical System,5865,Approved,5709
CLM04712,2025-02-01,SERV06925,SALE16085,CUST04140,DLR064,BK002,Fuel System & EFI,6730,Approved,6315
CLM04713,2023-02-01,SERV10928,SALE17179,CUST01534,DLR048,BK004,Engine & Transmission,29005,Approved,27561
CLM04714,2025-12-05,SERV11288,SALE14664,CUST02413,DLR169,BK001,Engine & Transmission,10287,Approved,9286
CLM04715,2020-10-31,SERV02536,SALE11291,CUST02685,DLR071,BK011,Electrical System,8344,Partially Approved,4540
CLM04716,2025-10-07,SERV07120,SALE19476,CUST02580,DLR199,BK002,Frame & Chassis,7899,Approved,7159
CLM04717,2026-07-04,SERV12958,SALE12207,CUST02482,DLR133,BK004,Fuel System & EFI,7497,Approved,7275
CLM04718,2024-05-02,SERV08251,SALE01341,CUST03511,DLR193,BK001,Exhaust System,4376,Rejected,0
CLM04719,2021-06-13,SERV03536,SALE16168,CUST04315,DLR077,BK002,Fuel System & EFI,15711,Approved,15311
CLM04720,2024-12-23,SERV07278,SALE02438,CUST01738,DLR038,BK001,Fuel System & EFI,5004,Rejected,0
CLM04721,2022-01-23,SERV01522,SALE09393,CUST00079,DLR066,BK002,Fuel System & EFI,5617,Approved,5293
CLM04722,2021-02-02,SERV05739,SALE07746,CUST02101,DLR071,BK001,Electrical System,3775,Approved,3567
CLM04723,2026-07-13,SERV07892,SALE19842,CUST01119,DLR135,BK004,Exhaust System,3529,Approved,3286
CLM04724,2021-07-01,SERV01509,SALE15854,CUST03080,DLR037,BK001,Exhaust System,3600,Approved,3358
CLM04725,2026-07-15,SERV04391,SALE01687,CUST00538,DLR173,BK001,Engine & Transmission,15653,Pending Verification,0
CLM04726,2023-08-01,SERV00351,SALE13684,CUST04653,DLR078,BK003,Electrical System,11235,Approved,10453
CLM04727,2025-08-23,SERV11087,SALE02029,CUST03421,DLR110,BK003,Suspension & Brakes,3353,Approved,3111
CLM04728,2022-04-14,SERV09914,SALE17785,CUST02527,DLR158,BK002,Frame & Chassis,2998,Approved,2723
CLM04729,2025-05-06,SERV02775,SALE10503,CUST03279,DLR138,BK004,Frame & Chassis,2087,Approved,2058
CLM04730,2026-07-20,SERV13188,SALE03432,CUST03324,DLR131,BK001,Fuel System & EFI,6169,Approved,5887
CLM04731,2025-08-11,SERV14145,SALE06199,CUST04649,DLR105,BK002,Frame & Chassis,4755,Approved,4583
CLM04732,2026-07-30,SERV12350,SALE09039,CUST01671,DLR188,BK002,Exhaust System,7247,Approved,6906
CLM04733,2024-11-09,SERV01814,SALE00426,CUST00459,DLR148,BK002,Engine & Transmission,14390,Pending Verification,0
CLM04734,2025-09-30,SERV02346,SALE14711,CUST03242,DLR198,BK006,Electrical System,10409,Approved,9700
CLM04735,2022-11-17,SERV04055,SALE14470,CUST02177,DLR013,BK002,Frame & Chassis,3816,Pending Verification,0
CLM04736,2025-02-08,SERV05540,SALE04543,CUST04003,DLR040,BK002,Engine & Transmission,15964,Approved,14526
CLM04737,2024-02-03,SERV11506,SALE13656,CUST01388,DLR035,BK012,Engine & Transmission,27756,Partially Approved,20235
CLM04738,2026-04-03,SERV07606,SALE09613,CUST01157,DLR043,BK001,Exhaust System,3844,Approved,3606
CLM04739,2022-05-23,SERV03749,SALE13322,CUST03879,DLR083,BK004,Engine & Transmission,26539,Approved,24671
CLM04740,2021-02-28,SERV05548,SALE06064,CUST00079,DLR188,BK002,Suspension & Brakes,6462,Pending Verification,0
CLM04741,2024-08-30,SERV09396,SALE10300,CUST02128,DLR036,BK002,Exhaust System,8099,Partially Approved,4175
CLM04742,2026-07-21,SERV05397,SALE07682,CUST03024,DLR096,BK002,Fuel System & EFI,3618,Approved,3431
CLM04743,2023-01-07,SERV08055,SALE13909,CUST01178,DLR079,BK002,Suspension & Brakes,7943,Approved,7154
CLM04744,2022-06-20,SERV10918,SALE16509,CUST04490,DLR108,BK003,Electrical System,9654,Approved,8992
CLM04745,2022-05-29,SERV05088,SALE08455,CUST02220,DLR016,BK002,Fuel System & EFI,6558,Approved,6180
CLM04746,2023-09-20,SERV04720,SALE13036,CUST00464,DLR049,BK002,Exhaust System,2152,Approved,1996
CLM04747,2026-07-12,SERV09880,SALE01164,CUST02856,DLR182,BK004,Electrical System,4389,Approved,4171
CLM04748,2023-03-15,SERV03155,SALE13025,CUST03232,DLR089,BK003,Engine & Transmission,11960,Rejected,0
CLM04749,2026-07-13,SERV07479,SALE15668,CUST04455,DLR151,BK001,Exhaust System,1902,Approved,1850
CLM04750,2026-07-29,SERV06363,SALE11274,CUST00967,DLR040,BK011,Frame & Chassis,7183,Approved,6860
CLM04751,2021-08-01,SERV03118,SALE07752,CUST01916,DLR041,BK003,Suspension & Brakes,3131,Approved,2970
CLM04752,2025-02-12,SERV12937,SALE06956,CUST00191,DLR185,BK003,Suspension & Brakes,5331,Approved,5153
CLM04753,2026-07-20,SERV03315,SALE19271,CUST03827,DLR003,BK004,Frame & Chassis,5666,Approved,5455
CLM04754,2026-07-26,SERV01279,SALE09983,CUST04917,DLR051,BK005,Suspension & Brakes,8294,Approved,7896
CLM04755,2026-01-20,SERV00920,SALE15797,CUST02857,DLR131,BK005,Frame & Chassis,2530,Approved,2323
CLM04756,2022-09-06,SERV08883,SALE18678,CUST01524,DLR127,BK003,Engine & Transmission,30082,Pending Verification,0
CLM04757,2021-02-17,SERV11044,SALE01711,CUST03543,DLR103,BK002,Frame & Chassis,6809,Approved,6432
CLM04758,2023-04-05,SERV14315,SALE14984,CUST01201,DLR118,BK002,Frame & Chassis,3499,Rejected,0
CLM04759,2023-06-10,SERV07065,SALE19887,CUST00017,DLR120,BK004,Electrical System,8199,Approved,7789
CLM04760,2024-03-04,SERV00766,SALE05184,CUST01959,DLR067,BK001,Engine & Transmission,20258,Approved,20069
CLM04761,2026-07-28,SERV05102,SALE12685,CUST02908,DLR191,BK002,Suspension & Brakes,10225,Rejected,0
CLM04762,2022-10-14,SERV09540,SALE10186,CUST04849,DLR143,BK003,Engine & Transmission,12530,Rejected,0
CLM04763,2022-10-12,SERV09583,SALE08691,CUST02752,DLR101,BK005,Electrical System,5977,Approved,5519
CLM04764,2026-03-02,SERV10653,SALE05488,CUST00598,DLR107,BK002,Fuel System & EFI,12679,Approved,12374
CLM04765,2022-07-22,SERV14638,SALE14461,CUST01942,DLR057,BK003,Frame & Chassis,4406,Approved,4347
CLM04766,2023-09-17,SERV14154,SALE10715,CUST00741,DLR160,BK001,Electrical System,12744,Approved,12657
CLM04767,2025-11-06,SERV05676,SALE04508,CUST04742,DLR195,BK004,Frame & Chassis,3604,Approved,3564
CLM04768,2025-10-21,SERV04858,SALE16087,CUST00487,DLR079,BK003,Exhaust System,4617,Approved,4548
CLM04769,2022-06-10,SERV10184,SALE19728,CUST01452,DLR184,BK004,Suspension & Brakes,9530,Approved,9497
CLM04770,2023-08-09,SERV04948,SALE04352,CUST04569,DLR161,BK002,Exhaust System,2006,Rejected,0
CLM04771,2020-11-14,SERV01126,SALE00534,CUST00265,DLR116,BK004,Fuel System & EFI,13542,Approved,13318
CLM04772,2024-03-22,SERV07364,SALE18248,CUST04486,DLR132,BK005,Electrical System,13178,Partially Approved,6009
CLM04773,2025-08-09,SERV07719,SALE16677,CUST01714,DLR104,BK003,Engine & Transmission,27148,Pending Verification,0
CLM04774,2025-02-14,SERV07203,SALE10587,CUST00488,DLR095,BK009,Frame & Chassis,7334,Rejected,0
CLM04775,2025-12-14,SERV06052,SALE19377,CUST04641,DLR005,BK006,Exhaust System,7337,Approved,6795
CLM04776,2024-09-18,SERV08812,SALE06575,CUST01805,DLR115,BK002,Fuel System & EFI,13553,Approved,12742
CLM04777,2024-05-03,SERV02283,SALE02535,CUST01071,DLR024,BK002,Suspension & Brakes,11131,Rejected,0
CLM04778,2023-12-04,SERV03797,SALE13739,CUST02617,DLR050,BK001,Fuel System & EFI,3540,Approved,3404
CLM04779,2026-07-17,SERV01662,SALE16613,CUST01531,DLR065,BK008,Frame & Chassis,3166,Pending Verification,0
CLM04780,2023-10-09,SERV06998,SALE11235,CUST03086,DLR109,BK002,Frame & Chassis,2646,Approved,2631
CLM04781,2026-07-15,SERV05451,SALE16289,CUST04187,DLR001,BK001,Electrical System,13315,Approved,12639
CLM04782,2023-09-09,SERV08760,SALE08692,CUST00874,DLR014,BK006,Frame & Chassis,3475,Approved,3469
CLM04783,2026-02-19,SERV13032,SALE05344,CUST00530,DLR183,BK002,Electrical System,4540,Rejected,0
CLM04784,2026-07-07,SERV04420,SALE05692,CUST03778,DLR146,BK001,Frame & Chassis,3096,Approved,3064
CLM04785,2021-01-24,SERV07534,SALE09603,CUST01019,DLR089,BK002,Frame & Chassis,6500,Approved,5860
CLM04786,2026-04-05,SERV00746,SALE02933,CUST01187,DLR052,BK003,Engine & Transmission,30292,Approved,28683
CLM04787,2026-03-25,SERV02940,SALE11702,CUST01262,DLR015,BK001,Fuel System & EFI,4249,Approved,4124
CLM04788,2023-11-18,SERV07023,SALE18998,CUST03295,DLR116,BK003,Fuel System & EFI,10540,Rejected,0
CLM04789,2026-01-16,SERV00453,SALE00962,CUST02479,DLR172,BK001,Frame & Chassis,3699,Approved,3537
CLM04790,2026-07-11,SERV01384,SALE02937,CUST01483,DLR054,BK005,Suspension & Brakes,7653,Rejected,0
CLM04791,2026-05-15,SERV07064,SALE13736,CUST04882,DLR133,BK004,Electrical System,14991,Approved,14780
CLM04792,2026-07-03,SERV08970,SALE19036,CUST01980,DLR064,BK001,Electrical System,12300,Rejected,0
CLM04793,2025-02-16,SERV10573,SALE07353,CUST02708,DLR137,BK003,Exhaust System,2063,Approved,2001
CLM04794,2026-07-30,SERV14196,SALE08181,CUST03180,DLR041,BK005,Exhaust System,7502,Approved,7308
CLM04795,2024-03-15,SERV07792,SALE03654,CUST01972,DLR083,BK015,Electrical System,14185,Approved,13053
CLM04796,2022-02-27,SERV04358,SALE19783,CUST00637,DLR041,BK005,Electrical System,7999,Approved,7821
CLM04797,2023-05-20,SERV14086,SALE11554,CUST04064,DLR053,BK004,Fuel System & EFI,8284,Approved,8090
CLM04798,2023-03-24,SERV14613,SALE16348,CUST02709,DLR047,BK003,Electrical System,11566,Approved,11359
CLM04799,2021-01-15,SERV09547,SALE05704,CUST02723,DLR039,BK003,Fuel System & EFI,14384,Approved,12970
CLM04800,2025-05-13,SERV12537,SALE17631,CUST01681,DLR021,BK001,Exhaust System,8453,Approved,8346
CLM04801,2026-07-14,SERV06257,SALE06041,CUST04184,DLR063,BK004,Frame & Chassis,5078,Rejected,0
CLM04802,2023-01-19,SERV14077,SALE13740,CUST04539,DLR098,BK001,Fuel System & EFI,8496,Approved,8403
CLM04803,2025-03-31,SERV00989,SALE06395,CUST01039,DLR055,BK001,Engine & Transmission,8173,Approved,7398
CLM04804,2022-07-27,SERV10954,SALE19165,CUST01109,DLR012,BK002,Electrical System,5568,Approved,5202
CLM04805,2022-11-15,SERV04709,SALE05486,CUST04168,DLR149,BK007,Fuel System & EFI,10236,Approved,9408
CLM04806,2025-10-03,SERV10869,SALE16521,CUST04014,DLR104,BK003,Suspension & Brakes,2635,Approved,2480
CLM04807,2023-07-22,SERV03760,SALE06808,CUST01126,DLR059,BK009,Exhaust System,4525,Approved,4388
CLM04808,2024-10-15,SERV12295,SALE14565,CUST04437,DLR192,BK006,Exhaust System,5838,Rejected,0
CLM04809,2026-07-01,SERV04485,SALE13422,CUST04646,DLR180,BK005,Fuel System & EFI,13733,Rejected,0
CLM04810,2025-08-15,SERV01402,SALE13753,CUST04338,DLR195,BK002,Exhaust System,3489,Approved,3434
CLM04811,2026-07-12,SERV05333,SALE14394,CUST04426,DLR111,BK005,Suspension & Brakes,7637,Approved,7278
CLM04812,2020-04-21,SERV04012,SALE18377,CUST03181,DLR197,BK001,Suspension & Brakes,6533,Rejected,0
CLM04813,2023-02-16,SERV12776,SALE17943,CUST00566,DLR085,BK005,Exhaust System,2288,Approved,2088
CLM04814,2025-05-16,SERV10503,SALE19319,CUST02069,DLR039,BK001,Electrical System,10054,Partially Approved,4172
CLM04815,2021-08-04,SERV03123,SALE15724,CUST04327,DLR140,BK002,Fuel System & EFI,13704,Approved,13181
CLM04816,2026-07-09,SERV14415,SALE17443,CUST00548,DLR003,BK002,Exhaust System,3621,Approved,3431
CLM04817,2023-08-14,SERV07051,SALE15172,CUST04908,DLR052,BK004,Frame & Chassis,3581,Approved,3503
CLM04818,2024-07-19,SERV03967,SALE02925,CUST02657,DLR118,BK002,Frame & Chassis,4298,Approved,3948
CLM04819,2024-03-25,SERV13596,SALE10161,CUST03104,DLR147,BK003,Fuel System & EFI,3827,Approved,3761
CLM04820,2025-10-29,SERV14207,SALE14090,CUST04463,DLR143,BK003,Engine & Transmission,21103,Approved,20274
CLM04821,2022-07-23,SERV02706,SALE19658,CUST04754,DLR059,BK001,Electrical System,11638,Approved,11316
CLM04822,2023-11-23,SERV14890,SALE14755,CUST02741,DLR085,BK001,Fuel System & EFI,11170,Approved,10300
CLM04823,2021-10-07,SERV03554,SALE15971,CUST04803,DLR068,BK002,Engine & Transmission,25015,Approved,22854
CLM04824,2023-06-22,SERV12724,SALE11746,CUST03468,DLR180,BK001,Electrical System,13117,Partially Approved,8915
CLM04825,2026-07-31,SERV02651,SALE09879,CUST04178,DLR016,BK003,Engine & Transmission,15681,Pending Verification,0
CLM04826,2026-07-27,SERV13111,SALE08209,CUST02712,DLR177,BK009,Suspension & Brakes,8809,Approved,8682
CLM04827,2026-07-03,SERV01068,SALE02084,CUST02792,DLR160,BK005,Suspension & Brakes,6370,Rejected,0
CLM04828,2024-03-03,SERV11200,SALE16279,CUST03461,DLR071,BK013,Fuel System & EFI,10910,Approved,9828
CLM04829,2026-07-12,SERV07127,SALE00608,CUST01884,DLR106,BK003,Frame & Chassis,6229,Approved,6069
CLM04830,2021-08-02,SERV09999,SALE02780,CUST04789,DLR003,BK010,Electrical System,10555,Partially Approved,7580
CLM04831,2025-03-30,SERV06972,SALE12901,CUST04222,DLR023,BK004,Electrical System,9578,Rejected,0
CLM04832,2023-11-26,SERV08609,SALE01053,CUST03701,DLR001,BK011,Suspension & Brakes,7791,Approved,7120
CLM04833,2021-12-17,SERV11684,SALE13449,CUST01085,DLR129,BK004,Frame & Chassis,4354,Rejected,0
CLM04834,2024-06-15,SERV01270,SALE00390,CUST01665,DLR138,BK002,Exhaust System,2287,Approved,2144
CLM04835,2024-06-25,SERV14567,SALE07673,CUST04246,DLR125,BK005,Engine & Transmission,30548,Approved,30245
CLM04836,2021-10-02,SERV06597,SALE04041,CUST01404,DLR011,BK004,Frame & Chassis,7991,Approved,7389
CLM04837,2022-10-16,SERV10859,SALE16957,CUST00659,DLR018,BK002,Engine & Transmission,12247,Approved,12224
CLM04838,2021-02-18,SERV03708,SALE07653,CUST02685,DLR076,BK004,Electrical System,5282,Approved,5198
CLM04839,2021-03-20,SERV09648,SALE04608,CUST02590,DLR013,BK002,Fuel System & EFI,5414,Approved,5188
CLM04840,2026-04-30,SERV00261,SALE09358,CUST02030,DLR016,BK006,Suspension & Brakes,11391,Approved,10423
CLM04841,2026-07-25,SERV08618,SALE17077,CUST01449,DLR139,BK002,Frame & Chassis,4150,Partially Approved,1694
CLM04842,2024-02-04,SERV07054,SALE04623,CUST01312,DLR007,BK012,Exhaust System,7790,Approved,7745
CLM04843,2026-07-16,SERV09644,SALE00594,CUST04546,DLR065,BK003,Frame & Chassis,6526,Rejected,0
CLM04844,2026-07-31,SERV04205,SALE13078,CUST01671,DLR193,BK002,Frame & Chassis,5502,Approved,5449
CLM04845,2025-05-27,SERV03766,SALE14871,CUST04334,DLR139,BK004,Fuel System & EFI,9639,Approved,9579
CLM04846,2025-02-13,SERV08652,SALE19603,CUST03801,DLR040,BK003,Electrical System,7584,Approved,6994
CLM04847,2022-03-09,SERV13677,SALE14820,CUST01761,DLR152,BK003,Engine & Transmission,19833,Approved,19686
CLM04848,2026-07-19,SERV10995,SALE02422,CUST00104,DLR139,BK006,Electrical System,3642,Approved,3569
CLM04849,2022-03-24,SERV04124,SALE08924,CUST04680,DLR012,BK004,Electrical System,6541,Approved,6167
CLM04850,2026-07-31,SERV12725,SALE06681,CUST02989,DLR149,BK007,Suspension & Brakes,9792,Approved,9427
CLM04851,2021-06-10,SERV02566,SALE04260,CUST03219,DLR126,BK001,Suspension & Brakes,6130,Approved,6121
CLM04852,2023-11-07,SERV12475,SALE12672,CUST00256,DLR027,BK001,Frame & Chassis,1740,Approved,1590
CLM04853,2026-07-03,SERV05370,SALE07789,CUST03636,DLR021,BK002,Frame & Chassis,6092,Approved,6015
CLM04854,2023-09-24,SERV02827,SALE18662,CUST00287,DLR182,BK004,Exhaust System,7185,Pending Verification,0
CLM04855,2024-12-23,SERV12981,SALE15734,CUST00378,DLR063,BK003,Fuel System & EFI,4190,Approved,4147
CLM04856,2026-07-25,SERV04445,SALE15396,CUST03563,DLR046,BK001,Exhaust System,4960,Approved,4788
CLM04857,2026-07-06,SERV10537,SALE05724,CUST03707,DLR191,BK004,Fuel System & EFI,10200,Approved,9431
CLM04858,2022-12-25,SERV11449,SALE18766,CUST04541,DLR065,BK004,Electrical System,12665,Approved,12356
CLM04859,2023-09-22,SERV03628,SALE17488,CUST01201,DLR154,BK003,Fuel System & EFI,7829,Partially Approved,5240
CLM04860,2021-08-13,SERV05895,SALE14182,CUST02293,DLR141,BK001,Electrical System,13505,Rejected,0
CLM04861,2025-06-21,SERV03564,SALE02407,CUST00228,DLR021,BK002,Suspension & Brakes,3675,Partially Approved,2337
CLM04862,2023-09-24,SERV13866,SALE17903,CUST02720,DLR124,BK002,Fuel System & EFI,11125,Approved,10303
CLM04863,2026-07-12,SERV04363,SALE03578,CUST02365,DLR098,BK002,Suspension & Brakes,6147,Approved,6011
CLM04864,2023-12-03,SERV04664,SALE18855,CUST01323,DLR056,BK004,Suspension & Brakes,11102,Approved,10030
CLM04865,2022-10-09,SERV05245,SALE01417,CUST04020,DLR140,BK004,Fuel System & EFI,10343,Approved,9522
CLM04866,2024-10-12,SERV07188,SALE07464,CUST03801,DLR112,BK002,Suspension & Brakes,5591,Rejected,0
CLM04867,2026-07-13,SERV12616,SALE11090,CUST04366,DLR151,BK008,Fuel System & EFI,15974,Pending Verification,0
CLM04868,2026-07-04,SERV08203,SALE05680,CUST04968,DLR072,BK004,Suspension & Brakes,8622,Approved,8413
CLM04869,2025-09-14,SERV08734,SALE01759,CUST02296,DLR065,BK003,Electrical System,11792,Pending Verification,0
CLM04870,2024-08-02,SERV04057,SALE02788,CUST03161,DLR062,BK003,Exhaust System,7372,Approved,6647
CLM04871,2024-01-17,SERV03437,SALE01037,CUST03686,DLR115,BK007,Engine & Transmission,20070,Approved,19967
CLM04872,2023-11-16,SERV05259,SALE19884,CUST00090,DLR068,BK002,Exhaust System,2464,Approved,2243
CLM04873,2022-08-12,SERV01531,SALE11846,CUST00612,DLR144,BK002,Electrical System,15522,Approved,14146
CLM04874,2025-07-29,SERV14651,SALE00410,CUST03709,DLR060,BK010,Fuel System & EFI,12194,Pending Verification,0
CLM04875,2025-08-05,SERV13820,SALE05615,CUST04421,DLR072,BK003,Fuel System & EFI,14725,Approved,13602
CLM04876,2022-01-02,SERV00632,SALE09875,CUST02351,DLR128,BK004,Exhaust System,3169,Approved,3151
CLM04877,2024-04-26,SERV13485,SALE18739,CUST02209,DLR091,BK001,Fuel System & EFI,14477,Approved,14417
CLM04878,2020-11-22,SERV07854,SALE02601,CUST03508,DLR019,BK003,Electrical System,6314,Approved,5880
CLM04879,2023-09-01,SERV03079,SALE17264,CUST04348,DLR156,BK004,Electrical System,12313,Rejected,0
CLM04880,2026-07-06,SERV08545,SALE02066,CUST03681,DLR102,BK003,Exhaust System,3477,Rejected,0
CLM04881,2023-05-22,SERV12450,SALE07026,CUST00001,DLR003,BK004,Frame & Chassis,7993,Approved,7595
CLM04882,2020-09-02,SERV06434,SALE02206,CUST02333,DLR089,BK008,Exhaust System,2412,Approved,2343
CLM04883,2024-12-26,SERV07447,SALE01878,CUST03304,DLR119,BK001,Exhaust System,2694,Pending Verification,0
CLM04884,2025-12-03,SERV03137,SALE17878,CUST01212,DLR126,BK003,Exhaust System,3110,Approved,3095
CLM04885,2026-07-13,SERV07605,SALE03277,CUST02623,DLR078,BK002,Frame & Chassis,5513,Rejected,0
CLM04886,2026-07-04,SERV08395,SALE18630,CUST04791,DLR054,BK010,Suspension & Brakes,3363,Approved,3048
CLM04887,2026-07-02,SERV08739,SALE01979,CUST01543,DLR036,BK002,Suspension & Brakes,6902,Pending Verification,0
CLM04888,2021-08-19,SERV06717,SALE16457,CUST00961,DLR034,BK001,Fuel System & EFI,5054,Approved,4998
CLM04889,2020-11-30,SERV08921,SALE18486,CUST03032,DLR104,BK003,Exhaust System,8158,Approved,7703
CLM04890,2023-03-26,SERV14838,SALE12672,CUST00256,DLR027,BK001,Suspension & Brakes,6020,Approved,5497
CLM04891,2023-03-01,SERV07394,SALE09371,CUST00865,DLR173,BK002,Frame & Chassis,6925,Approved,6842
CLM04892,2024-01-09,SERV01732,SALE03959,CUST03835,DLR027,BK002,Exhaust System,2167,Approved,2059
CLM04893,2020-06-29,SERV09882,SALE18239,CUST02925,DLR183,BK003,Suspension & Brakes,3764,Rejected,0
CLM04894,2026-07-15,SERV14631,SALE01731,CUST04397,DLR035,BK006,Fuel System & EFI,14786,Approved,13902
CLM04895,2026-07-25,SERV01725,SALE07997,CUST02529,DLR013,BK001,Frame & Chassis,3509,Approved,3233
CLM04896,2024-04-09,SERV03164,SALE01683,CUST03627,DLR050,BK006,Suspension & Brakes,8577,Approved,8258
CLM04897,2026-07-25,SERV12182,SALE00298,CUST03381,DLR143,BK001,Suspension & Brakes,3784,Pending Verification,0
CLM04898,2021-10-09,SERV00195,SALE12126,CUST00935,DLR017,BK002,Fuel System & EFI,5783,Approved,5295
CLM04899,2024-05-14,SERV10296,SALE16008,CUST01828,DLR175,BK003,Fuel System & EFI,6427,Approved,6399
CLM04900,2026-02-07,SERV02381,SALE03818,CUST04991,DLR006,BK005,Fuel System & EFI,5352,Rejected,0
CLM04901,2024-10-08,SERV11367,SALE00208,CUST04889,DLR005,BK003,Exhaust System,2341,Rejected,0
CLM04902,2023-10-02,SERV03039,SALE10377,CUST04572,DLR007,BK008,Fuel System & EFI,5998,Approved,5978
CLM04903,2022-10-01,SERV06747,SALE08649,CUST03578,DLR150,BK010,Frame & Chassis,3304,Pending Verification,0
CLM04904,2026-07-04,SERV13322,SALE04734,CUST03588,DLR017,BK003,Fuel System & EFI,11947,Approved,11328
CLM04905,2025-06-07,SERV07760,SALE19185,CUST01981,DLR054,BK003,Electrical System,15755,Pending Verification,0
CLM04906,2026-07-12,SERV02846,SALE09665,CUST03175,DLR086,BK007,Suspension & Brakes,9913,Pending Verification,0
CLM04907,2022-08-31,SERV02649,SALE08149,CUST02605,DLR032,BK001,Exhaust System,2951,Pending Verification,0
CLM04908,2023-06-05,SERV07867,SALE16030,CUST02665,DLR129,BK001,Frame & Chassis,1509,Approved,1499
CLM04909,2024-08-22,SERV12777,SALE00473,CUST01788,DLR078,BK003,Fuel System & EFI,6662,Approved,6395
CLM04910,2021-06-17,SERV08150,SALE01189,CUST00733,DLR112,BK001,Fuel System & EFI,11884,Approved,11373
CLM04911,2025-04-25,SERV13637,SALE12416,CUST04323,DLR144,BK007,Exhaust System,6740,Approved,6427
CLM04912,2023-10-30,SERV03652,SALE01482,CUST00643,DLR036,BK002,Electrical System,3851,Approved,3499
CLM04913,2024-03-18,SERV02617,SALE12417,CUST03962,DLR167,BK004,Frame & Chassis,6288,Approved,5893
CLM04914,2022-04-03,SERV03514,SALE17298,CUST01858,DLR081,BK001,Fuel System & EFI,5747,Approved,5683
CLM04915,2023-01-14,SERV02744,SALE16595,CUST03169,DLR084,BK003,Exhaust System,3157,Rejected,0
CLM04916,2025-05-10,SERV09389,SALE13073,CUST01184,DLR089,BK002,Exhaust System,6009,Approved,5801
CLM04917,2021-06-04,SERV14629,SALE13186,CUST02201,DLR026,BK009,Frame & Chassis,6450,Rejected,0
CLM04918,2022-01-22,SERV10701,SALE04471,CUST00300,DLR173,BK001,Electrical System,11481,Approved,11290
CLM04919,2023-03-17,SERV05527,SALE06195,CUST02386,DLR101,BK009,Engine & Transmission,9398,Approved,9204
CLM04920,2025-06-08,SERV11150,SALE04885,CUST04276,DLR074,BK005,Exhaust System,3090,Partially Approved,1871
CLM04921,2025-11-22,SERV08670,SALE15058,CUST00180,DLR091,BK002,Fuel System & EFI,5789,Approved,5698
CLM04922,2025-03-05,SERV13300,SALE09397,CUST02547,DLR093,BK009,Electrical System,9282,Partially Approved,3914
CLM04923,2026-07-27,SERV09103,SALE02566,CUST03381,DLR169,BK002,Exhaust System,2696,Approved,2587
CLM04924,2024-06-08,SERV14683,SALE09506,CUST04800,DLR155,BK002,Engine & Transmission,20549,Pending Verification,0
CLM04925,2021-09-03,SERV01176,SALE17005,CUST04904,DLR047,BK010,Electrical System,4146,Rejected,0
CLM04926,2026-07-12,SERV10754,SALE00646,CUST01025,DLR113,BK001,Electrical System,15936,Pending Verification,0
CLM04927,2021-07-21,SERV05808,SALE18136,CUST02328,DLR130,BK010,Electrical System,15045,Approved,14650
CLM04928,2022-09-28,SERV14156,SALE00932,CUST02235,DLR008,BK005,Fuel System & EFI,9556,Pending Verification,0
CLM04929,2025-10-25,SERV07724,SALE13886,CUST02475,DLR175,BK002,Engine & Transmission,20101,Pending Verification,0
CLM04930,2022-12-19,SERV14483,SALE15738,CUST01636,DLR113,BK003,Frame & Chassis,8312,Approved,7770
CLM04931,2023-11-22,SERV14331,SALE18128,CUST00035,DLR073,BK003,Engine & Transmission,26183,Approved,24712
CLM04932,2026-07-09,SERV11474,SALE10518,CUST03876,DLR137,BK004,Suspension & Brakes,8861,Approved,8675
CLM04933,2026-06-01,SERV13710,SALE15828,CUST00901,DLR182,BK003,Engine & Transmission,14783,Approved,13636
CLM04934,2023-08-27,SERV10644,SALE00116,CUST03971,DLR008,BK004,Frame & Chassis,2275,Approved,2167
CLM04935,2025-05-24,SERV09896,SALE01032,CUST03026,DLR155,BK001,Electrical System,3650,Approved,3542
CLM04936,2022-11-19,SERV06770,SALE11920,CUST01461,DLR173,BK001,Electrical System,15916,Approved,14885
CLM04937,2024-04-17,SERV01652,SALE00710,CUST03882,DLR042,BK002,Engine & Transmission,17870,Approved,16531
CLM04938,2023-07-28,SERV00623,SALE09268,CUST04764,DLR145,BK009,Frame & Chassis,6279,Approved,6098
CLM04939,2025-06-15,SERV01692,SALE06746,CUST02423,DLR107,BK005,Electrical System,15093,Rejected,0
CLM04940,2025-08-04,SERV06823,SALE11406,CUST00097,DLR011,BK002,Engine & Transmission,23786,Rejected,0
CLM04941,2026-07-12,SERV09965,SALE00124,CUST03163,DLR167,BK003,Suspension & Brakes,10816,Approved,10607
CLM04942,2026-05-23,SERV11141,SALE08172,CUST04553,DLR109,BK014,Suspension & Brakes,6922,Approved,6471
CLM04943,2024-02-16,SERV01248,SALE06525,CUST00589,DLR026,BK004,Suspension & Brakes,6407,Approved,5848
CLM04944,2021-12-07,SERV00401,SALE14161,CUST01836,DLR171,BK005,Suspension & Brakes,7032,Approved,6457
CLM04945,2024-02-29,SERV10015,SALE13938,CUST00666,DLR200,BK001,Fuel System & EFI,15089,Rejected,0
CLM04946,2023-06-08,SERV08808,SALE14618,CUST01756,DLR130,BK001,Exhaust System,2704,Approved,2465
CLM04947,2024-07-08,SERV12886,SALE01400,CUST02789,DLR152,BK003,Fuel System & EFI,9692,Approved,9394
CLM04948,2024-12-30,SERV00982,SALE14448,CUST01528,DLR088,BK001,Frame & Chassis,8085,Rejected,0
CLM04949,2021-04-09,SERV10760,SALE16414,CUST01228,DLR086,BK001,Fuel System & EFI,7632,Approved,7576
CLM04950,2023-06-15,SERV12818,SALE05028,CUST04959,DLR187,BK003,Frame & Chassis,5088,Rejected,0
CLM04951,2024-02-09,SERV04746,SALE05601,CUST03984,DLR057,BK001,Electrical System,9292,Approved,8763
CLM04952,2025-06-13,SERV05846,SALE06826,CUST01446,DLR113,BK003,Exhaust System,5213,Approved,4793
CLM04953,2023-01-02,SERV10241,SALE10225,CUST01241,DLR170,BK010,Fuel System & EFI,8311,Rejected,0
CLM04954,2026-07-18,SERV00069,SALE10560,CUST01748,DLR056,BK003,Suspension & Brakes,3882,Rejected,0
CLM04955,2023-01-04,SERV05043,SALE15257,CUST02951,DLR061,BK002,Electrical System,15696,Partially Approved,7342
CLM04956,2026-07-07,SERV14764,SALE15494,CUST01812,DLR164,BK004,Frame & Chassis,3254,Approved,3204
CLM04957,2025-02-19,SERV11447,SALE10553,CUST03330,DLR158,BK001,Fuel System & EFI,8737,Rejected,0
CLM04958,2023-09-11,SERV13724,SALE01700,CUST02329,DLR121,BK008,Electrical System,6663,Approved,6159
CLM04959,2026-02-17,SERV00844,SALE15700,CUST02688,DLR038,BK001,Frame & Chassis,4768,Approved,4702
CLM04960,2023-07-29,SERV08555,SALE10084,CUST01210,DLR158,BK001,Suspension & Brakes,8475,Approved,8285
CLM04961,2025-02-27,SERV09400,SALE02151,CUST00023,DLR067,BK002,Fuel System & EFI,6913,Rejected,0
CLM04962,2022-11-22,SERV11893,SALE14027,CUST01009,DLR044,BK005,Exhaust System,1715,Approved,1629
CLM04963,2025-04-22,SERV10172,SALE16729,CUST00683,DLR069,BK006,Suspension & Brakes,3752,Approved,3512
CLM04964,2022-08-08,SERV12780,SALE11440,CUST04515,DLR190,BK001,Frame & Chassis,8023,Rejected,0
CLM04965,2022-03-19,SERV12210,SALE02915,CUST02263,DLR108,BK005,Exhaust System,2382,Pending Verification,0
CLM04966,2026-06-29,SERV02054,SALE13154,CUST03490,DLR132,BK003,Electrical System,11476,Approved,10454
CLM04967,2026-07-09,SERV02667,SALE19338,CUST04386,DLR088,BK002,Suspension & Brakes,3540,Approved,3230
CLM04968,2025-05-01,SERV02697,SALE18729,CUST04513,DLR026,BK002,Electrical System,14587,Approved,14370
CLM04969,2025-10-12,SERV12800,SALE05646,CUST02806,DLR169,BK004,Exhaust System,7383,Rejected,0
CLM04970,2025-04-13,SERV00880,SALE01022,CUST01311,DLR008,BK003,Engine & Transmission,24252,Rejected,0
CLM04971,2026-07-26,SERV10188,SALE01260,CUST00745,DLR098,BK003,Fuel System & EFI,9788,Approved,9497
CLM04972,2020-12-19,SERV02911,SALE04813,CUST03913,DLR041,BK003,Electrical System,13043,Approved,11859
CLM04973,2026-02-06,SERV06617,SALE08891,CUST00898,DLR096,BK003,Exhaust System,5348,Approved,5063
CLM04974,2026-07-02,SERV01514,SALE04616,CUST01958,DLR196,BK001,Exhaust System,7952,Rejected,0
CLM04975,2023-07-20,SERV07091,SALE02181,CUST03911,DLR007,BK001,Exhaust System,3148,Approved,2909
CLM04976,2022-01-25,SERV11742,SALE00202,CUST01208,DLR024,BK006,Electrical System,6081,Approved,5828
CLM04977,2026-06-26,SERV12854,SALE07806,CUST00685,DLR164,BK014,Fuel System & EFI,10485,Approved,10407
CLM04978,2022-01-10,SERV05751,SALE16115,CUST01698,DLR079,BK012,Fuel System & EFI,5481,Approved,5294
CLM04979,2026-07-11,SERV14517,SALE16846,CUST01852,DLR014,BK001,Suspension & Brakes,10058,Approved,9586
CLM04980,2022-05-16,SERV04867,SALE16093,CUST03392,DLR120,BK001,Suspension & Brakes,6970,Approved,6612
CLM04981,2026-07-25,SERV03617,SALE04335,CUST04243,DLR174,BK001,Fuel System & EFI,14628,Approved,13763
CLM04982,2023-07-21,SERV10674,SALE05114,CUST03261,DLR039,BK007,Exhaust System,7305,Partially Approved,2935
CLM04983,2023-03-18,SERV05568,SALE14994,CUST02313,DLR138,BK001,Exhaust System,2677,Approved,2646
CLM04984,2022-03-27,SERV14974,SALE12798,CUST00972,DLR009,BK007,Suspension & Brakes,4236,Approved,3979
CLM04985,2023-04-11,SERV06380,SALE00392,CUST03560,DLR117,BK004,Exhaust System,4412,Approved,4127
CLM04986,2022-04-14,SERV04250,SALE16769,CUST04504,DLR049,BK010,Exhaust System,4893,Rejected,0
CLM04987,2026-07-19,SERV12932,SALE18559,CUST03138,DLR199,BK001,Fuel System & EFI,7221,Approved,6727
CLM04988,2024-06-25,SERV00389,SALE02424,CUST01881,DLR185,BK003,Frame & Chassis,3190,Approved,3016
CLM04989,2022-05-19,SERV00478,SALE08482,CUST02211,DLR007,BK001,Electrical System,6742,Rejected,0
CLM04990,2020-09-10,SERV01491,SALE00094,CUST02585,DLR191,BK010,Frame & Chassis,7269,Approved,7238
CLM04991,2024-07-17,SERV06057,SALE08765,CUST03564,DLR115,BK001,Frame & Chassis,6351,Approved,6012
CLM04992,2025-04-15,SERV10074,SALE02327,CUST00222,DLR020,BK005,Suspension & Brakes,8376,Rejected,0
CLM04993,2026-07-20,SERV13739,SALE05288,CUST00516,DLR023,BK006,Frame & Chassis,2698,Approved,2461
CLM04994,2026-07-18,SERV06527,SALE15320,CUST02845,DLR089,BK002,Electrical System,4536,Approved,4468
CLM04995,2021-11-19,SERV12664,SALE09749,CUST00812,DLR105,BK003,Fuel System & EFI,15694,Approved,14487
CLM04996,2025-04-19,SERV00116,SALE12465,CUST04997,DLR164,BK002,Fuel System & EFI,5671,Approved,5164
CLM04997,2021-05-15,SERV10483,SALE19256,CUST03944,DLR090,BK002,Fuel System & EFI,11722,Approved,11254
CLM04998,2021-01-17,SERV02931,SALE13522,CUST03103,DLR126,BK006,Engine & Transmission,29258,Approved,26542
CLM04999,2024-09-04,SERV08825,SALE10818,CUST04045,DLR057,BK003,Frame & Chassis,7429,Partially Approved,5417
CLM05000,2026-07-01,SERV09307,SALE11721,CUST03591,DLR166,BK008,Exhaust System,6943,Rejected,0
